EmployeeId,TransDateTime,Transdate,Transtime,Type
38741,2022-03-09 12:37:00,2022-03-09,12:37:00,Leave
38741,2022-03-14 14:16:00,2022-03-14,14:16:00,Leave
38744,2022-03-06 16:58:00,2022-03-06,16:58:00,Leave
38744,2022-03-13 17:34:00,2022-03-13,17:34:00,Leave
38744,2022-03-15 14:13:00,2022-03-15,14:13:00,Leave
38744,2022-09-29 09:01:00,2022-09-29,09:01:00,Attend
38744,2023-04-11 18:42:00,2023-04-11,18:42:00,Attend
38744,2023-06-01 14:13:00,2023-06-01,14:13:00,Leave
38744,2023-06-21 15:09:00,2023-06-21,15:09:00,Leave
38744,2024-01-28 08:14:00,2024-01-28,08:14:00,Attend
38746,2022-04-23 06:41:00,2022-04-23,06:41:00,Attend
38746,2022-04-29 19:48:00,2022-04-29,19:48:00,Leave
38746,2022-05-02 02:00:00,2022-05-02,02:00:00,Attend
38746,2022-05-06 07:55:00,2022-05-06,07:55:00,Attend
38746,2022-05-07 06:01:00,2022-05-07,06:01:00,Attend
38746,2022-06-03 06:17:00,2022-06-03,06:17:00,Attend
38746,2022-06-04 06:07:00,2022-06-04,06:07:00,Attend
38746,2022-06-10 01:56:00,2022-06-10,01:56:00,Attend
38746,2022-06-11 04:56:00,2022-06-11,04:56:00,Attend
38746,2022-06-17 06:14:00,2022-06-17,06:14:00,Attend
38746,2022-06-18 06:13:00,2022-06-18,06:13:00,Attend
38746,2022-07-13 08:10:00,2022-07-13,08:10:00,Attend
38746,2022-07-16 14:57:00,2022-07-16,14:57:00,Leave
38746,2022-08-17 04:56:00,2022-08-17,04:56:00,Attend
38746,2022-08-25 05:00:00,2022-08-25,05:00:00,Attend
38746,2022-09-06 05:04:00,2022-09-06,05:04:00,Attend
38746,2022-09-12 05:06:00,2022-09-12,05:06:00,Attend
38746,2022-09-14 05:26:00,2022-09-14,05:26:00,Attend
38746,2022-09-19 20:02:00,2022-09-19,20:02:00,Attend
38746,2022-09-20 05:28:00,2022-09-20,05:28:00,Attend
38746,2022-09-23 20:38:00,2022-09-23,20:38:00,Attend
38746,2022-09-24 05:09:00,2022-09-24,05:09:00,Attend
38746,2022-09-27 04:55:00,2022-09-27,04:55:00,Attend
38746,2022-10-06 04:56:00,2022-10-06,04:56:00,Attend
38746,2022-10-10 05:10:00,2022-10-10,05:10:00,Attend
38746,2022-10-13 05:05:00,2022-10-13,05:05:00,Attend
38746,2022-10-15 05:18:00,2022-10-15,05:18:00,Attend
38746,2022-11-05 05:22:00,2022-11-05,05:22:00,Attend
38746,2022-11-20 05:25:00,2022-11-20,05:25:00,Attend
38746,2023-01-06 18:27:00,2023-01-06,18:27:00,Attend
38746,2023-01-16 06:59:00,2023-01-16,06:59:00,Leave
38746,2023-01-17 05:03:00,2023-01-17,05:03:00,Attend
38746,2023-01-20 05:56:00,2023-01-20,05:56:00,Attend
38746,2023-01-27 05:14:00,2023-01-27,05:14:00,Attend
38746,2023-02-03 06:04:00,2023-02-03,06:04:00,Attend
38746,2023-02-08 05:05:00,2023-02-08,05:05:00,Attend
38746,2023-02-10 05:05:00,2023-02-10,05:05:00,Attend
38746,2023-02-17 05:17:00,2023-02-17,05:17:00,Attend
38746,2023-02-23 05:03:00,2023-02-23,05:03:00,Attend
38746,2023-03-10 05:11:00,2023-03-10,05:11:00,Attend
38746,2023-03-17 06:13:00,2023-03-17,06:13:00,Attend
38746,2023-03-24 06:02:00,2023-03-24,06:02:00,Attend
38746,2023-03-31 06:01:00,2023-03-31,06:01:00,Attend
38746,2023-10-23 05:53:00,2023-10-23,05:53:00,Attend
38746,2023-12-13 14:46:00,2023-12-13,14:46:00,Attend
38746,2023-12-15 00:03:00,2023-12-15,00:03:00,Leave
38746,2023-12-17 14:44:00,2023-12-17,14:44:00,Attend
38746,2023-12-27 14:53:00,2023-12-27,14:53:00,Attend
38746,2023-12-31 14:45:00,2023-12-31,14:45:00,Attend
38746,2024-01-02 14:49:00,2024-01-02,14:49:00,Attend
38746,2024-01-04 14:45:00,2024-01-04,14:45:00,Attend
38746,2024-01-11 14:50:00,2024-01-11,14:50:00,Attend
38746,2024-01-13 14:46:00,2024-01-13,14:46:00,Attend
38746,2024-01-27 16:34:00,2024-01-27,16:34:00,Attend
38746,2024-01-30 14:47:00,2024-01-30,14:47:00,Attend
38746,2024-02-03 14:54:00,2024-02-03,14:54:00,Attend
38746,2024-02-06 14:48:00,2024-02-06,14:48:00,Attend
38746,2024-02-09 14:41:00,2024-02-09,14:41:00,Attend
38746,2024-02-18 14:46:00,2024-02-18,14:46:00,Attend
38746,2024-02-22 14:46:00,2024-02-22,14:46:00,Attend
38746,2024-03-03 14:45:00,2024-03-03,14:45:00,Attend
38746,2024-03-14 17:01:00,2024-03-14,17:01:00,Leave
38746,2024-03-15 04:48:00,2024-03-15,04:48:00,Attend
38746,2024-03-16 15:18:00,2024-03-16,15:18:00,Attend
38746,2024-03-18 15:34:00,2024-03-18,15:34:00,Attend
38746,2024-03-24 07:21:00,2024-03-24,07:21:00,Attend
38746,2024-03-28 07:18:00,2024-03-28,07:18:00,Attend
38746,2024-03-30 07:08:00,2024-03-30,07:08:00,Attend
38746,2024-04-05 00:32:00,2024-04-05,00:32:00,Leave
38746,2024-04-08 07:18:00,2024-04-08,07:18:00,Attend
38746,2024-04-09 03:07:00,2024-04-09,03:07:00,Leave
38746,2024-04-13 18:36:00,2024-04-13,18:36:00,Attend
38746,2024-04-14 18:17:00,2024-04-14,18:17:00,Attend
38746,2024-04-28 18:22:00,2024-04-28,18:22:00,Attend
38746,2024-05-03 03:09:00,2024-05-03,03:09:00,Leave
38746,2024-05-07 18:23:00,2024-05-07,18:23:00,Attend
38746,2024-05-11 14:50:00,2024-05-11,14:50:00,Attend
38746,2024-05-15 00:08:00,2024-05-15,00:08:00,Leave
38747,2022-05-18 18:03:00,2022-05-18,18:03:00,Attend
38747,2022-05-22 02:31:00,2022-05-22,02:31:00,Leave
38747,2022-05-29 17:59:00,2022-05-29,17:59:00,Attend
38747,2022-05-30 03:05:00,2022-05-30,03:05:00,Leave
38747,2022-06-03 02:56:00,2022-06-03,02:56:00,Leave
38747,2022-06-04 14:26:00,2022-06-04,14:26:00,Attend
38747,2022-06-06 14:27:00,2022-06-06,14:27:00,Attend
38747,2022-06-09 14:29:00,2022-06-09,14:29:00,Attend
38747,2022-06-11 14:25:00,2022-06-11,14:25:00,Attend
38747,2022-06-12 18:00:00,2022-06-12,18:00:00,Attend
38747,2022-06-18 17:58:00,2022-06-18,17:58:00,Attend
38747,2022-06-19 17:57:00,2022-06-19,17:57:00,Attend
38747,2022-10-17 15:56:00,2022-10-17,15:56:00,Attend
38747,2022-10-23 17:58:00,2022-10-23,17:58:00,Attend
38747,2022-11-05 11:13:00,2022-11-05,11:13:00,Attend
38747,2022-11-18 03:01:00,2022-11-18,03:01:00,Attend
38747,2022-11-19 17:57:00,2022-11-19,17:57:00,Attend
38747,2022-12-03 04:59:00,2022-12-03,04:59:00,Leave
38747,2022-12-09 03:46:00,2022-12-09,03:46:00,Leave
38747,2022-12-11 17:55:00,2022-12-11,17:55:00,Attend
38747,2022-12-23 13:31:00,2022-12-23,13:31:00,Attend
38747,2022-12-25 17:56:00,2022-12-25,17:56:00,Attend
38747,2023-01-01 17:56:00,2023-01-01,17:56:00,Attend
38747,2023-01-20 03:34:00,2023-01-20,03:34:00,Leave
38747,2023-01-22 18:00:00,2023-01-22,18:00:00,Attend
38747,2023-01-25 04:04:00,2023-01-25,04:04:00,Leave
38747,2023-01-28 04:59:00,2023-01-28,04:59:00,Leave
38747,2023-02-06 17:50:00,2023-02-06,17:50:00,Attend
38747,2023-02-09 17:46:00,2023-02-09,17:46:00,Attend
38747,2023-02-12 17:48:00,2023-02-12,17:48:00,Attend
38747,2023-02-19 17:46:00,2023-02-19,17:46:00,Attend
38747,2023-02-23 17:45:00,2023-02-23,17:45:00,Attend
38747,2023-02-24 02:09:00,2023-02-24,02:09:00,Leave
38747,2023-02-25 17:49:00,2023-02-25,17:49:00,Attend
38747,2023-03-03 03:11:00,2023-03-03,03:11:00,Leave
38747,2023-03-04 14:52:00,2023-03-04,14:52:00,Attend
38747,2023-03-08 14:52:00,2023-03-08,14:52:00,Attend
38747,2023-03-10 02:55:00,2023-03-10,02:55:00,Attend
38747,2023-03-17 06:25:00,2023-03-17,06:25:00,Attend
38747,2023-03-19 14:44:00,2023-03-19,14:44:00,Attend
38747,2023-03-22 04:09:00,2023-03-22,04:09:00,Leave
38747,2023-10-18 15:03:00,2023-10-18,15:03:00,Attend
38747,2023-10-21 14:53:00,2023-10-21,14:53:00,Attend
38747,2023-10-27 00:00:00,2023-10-27,00:00:00,Leave
38747,2023-10-30 14:44:00,2023-10-30,14:44:00,Attend
38747,2023-11-04 15:57:00,2023-11-04,15:57:00,Attend
38747,2023-11-08 14:49:00,2023-11-08,14:49:00,Attend
38747,2023-11-11 16:54:00,2023-11-11,16:54:00,Attend
38747,2023-11-17 00:08:00,2023-11-17,00:08:00,Leave
38747,2023-11-18 16:24:00,2023-11-18,16:24:00,Attend
38747,2023-11-24 00:08:00,2023-11-24,00:08:00,Leave
38747,2023-11-25 16:25:00,2023-11-25,16:25:00,Attend
38747,2023-11-27 14:46:00,2023-11-27,14:46:00,Attend
38747,2023-12-04 14:36:00,2023-12-04,14:36:00,Attend
38747,2023-12-08 00:04:00,2023-12-08,00:04:00,Leave
38747,2023-12-12 14:58:00,2023-12-12,14:58:00,Attend
38747,2023-12-13 00:09:00,2023-12-13,00:09:00,Leave
38747,2024-01-27 07:21:00,2024-01-27,07:21:00,Attend
38747,2024-02-04 18:18:00,2024-02-04,18:18:00,Attend
38747,2024-02-05 18:20:00,2024-02-05,18:20:00,Attend
38747,2024-03-08 10:57:00,2024-03-08,10:57:00,Attend
38747,2024-04-06 15:13:00,2024-04-06,15:13:00,Attend
38747,2024-04-12 18:31:00,2024-04-12,18:31:00,Attend
38747,2024-04-21 18:24:00,2024-04-21,18:24:00,Attend
38747,2024-04-24 18:23:00,2024-04-24,18:23:00,Attend
38748,2022-04-21 09:23:00,2022-04-21,09:23:00,Attend
38748,2022-04-28 19:39:00,2022-04-28,19:39:00,Leave
38748,2022-05-02 03:11:00,2022-05-02,03:11:00,Attend
38748,2022-05-06 07:55:00,2022-05-06,07:55:00,Attend
38748,2022-05-15 14:31:00,2022-05-15,14:31:00,Leave
38748,2022-05-27 05:09:00,2022-05-27,05:09:00,Attend
38748,2022-06-02 18:33:00,2022-06-02,18:33:00,Attend
38748,2022-06-04 17:54:00,2022-06-04,17:54:00,Attend
38748,2022-06-19 14:25:00,2022-06-19,14:25:00,Attend
38748,2022-06-21 14:27:00,2022-06-21,14:27:00,Attend
38748,2022-06-23 14:22:00,2022-06-23,14:22:00,Attend
38748,2022-06-25 14:30:00,2022-06-25,14:30:00,Attend
38748,2022-07-01 04:51:00,2022-07-01,04:51:00,Attend
38748,2022-08-04 07:25:00,2022-08-04,07:25:00,Attend
38748,2022-08-06 18:03:00,2022-08-06,18:03:00,Attend
38748,2022-08-19 03:01:00,2022-08-19,03:01:00,Leave
38748,2022-08-20 17:58:00,2022-08-20,17:58:00,Attend
38748,2022-09-02 16:48:00,2022-09-02,16:48:00,Leave
38748,2022-09-24 14:55:00,2022-09-24,14:55:00,Attend
38748,2022-09-25 04:34:00,2022-09-25,04:34:00,Leave
38748,2022-10-08 09:30:00,2022-10-08,09:30:00,Attend
38748,2022-10-11 09:27:00,2022-10-11,09:27:00,Attend
38748,2022-10-14 00:35:00,2022-10-14,00:35:00,Leave
38748,2022-10-16 09:25:00,2022-10-16,09:25:00,Attend
38748,2022-11-25 14:06:00,2022-11-25,14:06:00,Attend
38748,2023-10-16 11:57:00,2023-10-16,11:57:00,Attend
38748,2023-10-17 05:44:00,2023-10-17,05:44:00,Attend
38748,2024-01-06 05:51:00,2024-01-06,05:51:00,Attend
38748,2024-01-16 16:32:00,2024-01-16,16:32:00,Attend
38748,2024-03-24 05:47:00,2024-03-24,05:47:00,Attend
38748,2024-03-29 05:59:00,2024-03-29,05:59:00,Attend
38748,2024-04-13 05:48:00,2024-04-13,05:48:00,Attend
38749,2022-05-06 07:55:00,2022-05-06,07:55:00,Attend
38749,2022-05-15 15:07:00,2022-05-15,15:07:00,Leave
38749,2022-05-27 05:59:00,2022-05-27,05:59:00,Attend
38749,2022-06-01 14:32:00,2022-06-01,14:32:00,Attend
38749,2022-06-08 05:56:00,2022-06-08,05:56:00,Attend
38749,2022-06-10 05:56:00,2022-06-10,05:56:00,Attend
38749,2022-06-12 18:00:00,2022-06-12,18:00:00,Attend
38749,2022-06-17 06:14:00,2022-06-17,06:14:00,Attend
38749,2022-06-18 16:51:00,2022-06-18,16:51:00,Leave
38749,2022-06-25 05:55:00,2022-06-25,05:55:00,Attend
38749,2022-07-15 13:23:00,2022-07-15,13:23:00,Leave
38749,2022-07-30 17:58:00,2022-07-30,17:58:00,Leave
38749,2022-08-02 18:01:00,2022-08-02,18:01:00,Attend
38749,2022-08-05 07:58:00,2022-08-05,07:58:00,Attend
38749,2022-09-03 18:00:00,2022-09-03,18:00:00,Attend
38749,2022-09-16 11:07:00,2022-09-16,11:07:00,Attend
38749,2022-09-17 18:41:00,2022-09-17,18:41:00,Attend
38749,2022-09-19 09:28:00,2022-09-19,09:28:00,Attend
38749,2022-09-22 17:57:00,2022-09-22,17:57:00,Attend
38749,2022-09-23 02:02:00,2022-09-23,02:02:00,Leave
38749,2022-10-02 07:34:00,2022-10-02,07:34:00,Attend
38749,2022-10-03 07:29:00,2022-10-03,07:29:00,Attend
38749,2022-10-05 18:24:00,2022-10-05,18:24:00,Attend
38749,2022-10-06 07:31:00,2022-10-06,07:31:00,Attend
38749,2022-10-25 07:31:00,2022-10-25,07:31:00,Attend
38749,2022-10-26 18:54:00,2022-10-26,18:54:00,Attend
38749,2022-11-25 13:24:00,2022-11-25,13:24:00,Attend
38749,2023-01-04 07:29:00,2023-01-04,07:29:00,Attend
38749,2023-01-05 06:00:00,2023-01-05,06:00:00,Leave
38749,2023-01-13 18:27:00,2023-01-13,18:27:00,Attend
38749,2023-02-07 07:24:00,2023-02-07,07:24:00,Leave
38749,2023-02-23 18:24:00,2023-02-23,18:24:00,Attend
38749,2023-03-02 06:59:00,2023-03-02,06:59:00,Leave
38749,2023-03-03 06:57:00,2023-03-03,06:57:00,Attend
38749,2023-03-10 13:45:00,2023-03-10,13:45:00,Attend
38749,2023-12-28 09:19:00,2023-12-28,09:19:00,Attend
38749,2023-12-29 05:55:00,2023-12-29,05:55:00,Leave
38749,2024-01-21 18:24:00,2024-01-21,18:24:00,Attend
38749,2024-01-22 09:22:00,2024-01-22,09:22:00,Attend
38749,2024-01-23 09:25:00,2024-01-23,09:25:00,Attend
38749,2024-01-28 18:30:00,2024-01-28,18:30:00,Attend
38749,2024-01-30 09:21:00,2024-01-30,09:21:00,Attend
38749,2024-02-05 18:31:00,2024-02-05,18:31:00,Attend
38749,2024-02-06 18:37:00,2024-02-06,18:37:00,Attend
38749,2024-02-07 09:21:00,2024-02-07,09:21:00,Attend
38749,2024-02-08 09:16:00,2024-02-08,09:16:00,Attend
38749,2024-02-11 18:29:00,2024-02-11,18:29:00,Attend
38749,2024-02-15 09:20:00,2024-02-15,09:20:00,Attend
38751,2022-04-07 05:52:00,2022-04-07,05:52:00,Attend
38751,2022-06-25 05:56:00,2022-06-25,05:56:00,Attend
38751,2023-04-08 05:54:00,2023-04-08,05:54:00,Attend
38751,2023-04-29 06:01:00,2023-04-29,06:01:00,Attend
38751,2023-05-18 15:01:00,2023-05-18,15:01:00,Attend
38751,2023-05-19 00:00:00,2023-05-19,00:00:00,Leave
38751,2023-09-02 05:58:00,2023-09-02,05:58:00,Attend
38751,2023-10-14 05:54:00,2023-10-14,05:54:00,Attend
38751,2023-11-15 15:06:00,2023-11-15,15:06:00,Leave
38751,2023-11-21 05:59:00,2023-11-21,05:59:00,Attend
38751,2023-12-03 05:58:00,2023-12-03,05:58:00,Attend
38751,2023-12-22 06:00:00,2023-12-22,06:00:00,Attend
38751,2024-01-12 07:27:00,2024-01-12,07:27:00,Attend
38751,2024-01-17 06:03:00,2024-01-17,06:03:00,Attend
38751,2024-03-08 06:01:00,2024-03-08,06:01:00,Attend
38751,2024-03-13 05:57:00,2024-03-13,05:57:00,Attend
38751,2024-03-14 05:58:00,2024-03-14,05:58:00,Attend
38751,2024-03-15 06:04:00,2024-03-15,06:04:00,Attend
38751,2024-03-16 06:03:00,2024-03-16,06:03:00,Attend
38751,2024-03-19 06:13:00,2024-03-19,06:13:00,Attend
38751,2024-03-22 06:04:00,2024-03-22,06:04:00,Attend
38751,2024-03-30 06:19:00,2024-03-30,06:19:00,Attend
38751,2024-04-09 06:03:00,2024-04-09,06:03:00,Attend
38751,2024-04-20 05:59:00,2024-04-20,05:59:00,Attend
38751,2024-05-04 06:02:00,2024-05-04,06:02:00,Attend
38751,2024-05-10 05:54:00,2024-05-10,05:54:00,Attend
38751,2024-05-11 05:58:00,2024-05-11,05:58:00,Attend
38755,2022-01-28 13:28:00,2022-01-28,13:28:00,Leave
38755,2022-01-29 01:19:00,2022-01-29,01:19:00,Attend
38755,2022-03-02 15:00:00,2022-03-02,15:00:00,Leave
38755,2022-03-10 15:03:00,2022-03-10,15:03:00,Leave
38755,2022-06-07 17:56:00,2022-06-07,17:56:00,Attend
38755,2022-06-10 04:32:00,2022-06-10,04:32:00,Leave
38755,2022-06-11 18:00:00,2022-06-11,18:00:00,Attend
38755,2022-06-17 04:02:00,2022-06-17,04:02:00,Leave
38755,2022-06-18 17:58:00,2022-06-18,17:58:00,Attend
38755,2022-07-02 18:03:00,2022-07-02,18:03:00,Attend
38755,2022-07-08 03:00:00,2022-07-08,03:00:00,Leave
38755,2022-07-17 17:58:00,2022-07-17,17:58:00,Attend
38755,2022-07-30 17:58:00,2022-07-30,17:58:00,Attend
38755,2022-08-05 06:31:00,2022-08-05,06:31:00,Leave
38755,2022-08-06 18:02:00,2022-08-06,18:02:00,Attend
38755,2022-08-19 03:01:00,2022-08-19,03:01:00,Leave
38755,2022-08-20 18:00:00,2022-08-20,18:00:00,Attend
38755,2022-09-02 02:41:00,2022-09-02,02:41:00,Leave
38755,2022-09-03 18:00:00,2022-09-03,18:00:00,Attend
38755,2022-09-17 18:43:00,2022-09-17,18:43:00,Attend
38755,2022-09-24 17:57:00,2022-09-24,17:57:00,Attend
38755,2022-09-30 03:00:00,2022-09-30,03:00:00,Leave
38755,2022-10-01 17:59:00,2022-10-01,17:59:00,Attend
38755,2022-10-05 17:55:00,2022-10-05,17:55:00,Attend
38755,2022-10-07 03:07:00,2022-10-07,03:07:00,Leave
38755,2022-10-08 17:57:00,2022-10-08,17:57:00,Attend
38755,2022-10-14 04:00:00,2022-10-14,04:00:00,Attend
38755,2022-10-16 17:57:00,2022-10-16,17:57:00,Attend
38755,2022-11-04 02:58:00,2022-11-04,02:58:00,Leave
38755,2022-11-05 18:02:00,2022-11-05,18:02:00,Attend
38755,2022-11-18 05:01:00,2022-11-18,05:01:00,Leave
38755,2022-11-19 17:59:00,2022-11-19,17:59:00,Attend
38755,2022-12-02 01:01:00,2022-12-02,01:01:00,Leave
38755,2022-12-04 17:59:00,2022-12-04,17:59:00,Attend
38755,2022-12-09 03:34:00,2022-12-09,03:34:00,Leave
38755,2022-12-11 17:56:00,2022-12-11,17:56:00,Attend
38755,2022-12-16 02:59:00,2022-12-16,02:59:00,Leave
38755,2022-12-18 17:57:00,2022-12-18,17:57:00,Attend
38755,2022-12-25 17:56:00,2022-12-25,17:56:00,Attend
38755,2022-12-30 03:00:00,2022-12-30,03:00:00,Leave
38755,2023-01-01 17:56:00,2023-01-01,17:56:00,Attend
38755,2023-01-06 06:00:00,2023-01-06,06:00:00,Leave
38755,2023-01-07 17:59:00,2023-01-07,17:59:00,Attend
38755,2023-01-22 18:00:00,2023-01-22,18:00:00,Attend
38755,2023-01-27 03:00:00,2023-01-27,03:00:00,Leave
38755,2023-03-10 05:46:00,2023-03-10,05:46:00,Attend
38755,2023-03-23 21:29:00,2023-03-23,21:29:00,Attend
38755,2023-03-24 03:29:00,2023-03-24,03:29:00,Leave
38755,2023-03-26 22:10:00,2023-03-26,22:10:00,Attend
38755,2023-03-31 03:37:00,2023-03-31,03:37:00,Leave
38755,2023-04-01 21:58:00,2023-04-01,21:58:00,Attend
38755,2023-04-07 03:47:00,2023-04-07,03:47:00,Leave
38755,2023-04-09 22:07:00,2023-04-09,22:07:00,Attend
38755,2023-04-27 17:55:00,2023-04-27,17:55:00,Attend
38755,2023-04-30 17:53:00,2023-04-30,17:53:00,Attend
38755,2023-05-05 03:00:00,2023-05-05,03:00:00,Leave
38755,2023-06-14 05:58:00,2023-06-14,05:58:00,Attend
38755,2023-07-14 06:06:00,2023-07-14,06:06:00,Leave
38755,2023-07-16 17:52:00,2023-07-16,17:52:00,Attend
38755,2023-07-22 04:56:00,2023-07-22,04:56:00,Leave
38755,2023-07-23 17:55:00,2023-07-23,17:55:00,Attend
38755,2023-07-28 02:28:00,2023-07-28,02:28:00,Leave
38755,2023-08-01 17:51:00,2023-08-01,17:51:00,Attend
38755,2023-08-03 17:55:00,2023-08-03,17:55:00,Attend
38755,2023-08-04 01:58:00,2023-08-04,01:58:00,Leave
38755,2023-09-02 17:51:00,2023-09-02,17:51:00,Attend
38755,2023-09-28 18:23:00,2023-09-28,18:23:00,Attend
38755,2023-09-29 02:42:00,2023-09-29,02:42:00,Leave
38755,2023-09-30 07:29:00,2023-09-30,07:29:00,Attend
38755,2023-10-07 09:28:00,2023-10-07,09:28:00,Attend
38755,2023-10-29 18:18:00,2023-10-29,18:18:00,Attend
38755,2023-11-03 02:28:00,2023-11-03,02:28:00,Leave
38755,2023-11-04 16:04:00,2023-11-04,16:04:00,Attend
38755,2023-11-10 04:30:00,2023-11-10,04:30:00,Leave
38755,2023-11-11 18:23:00,2023-11-11,18:23:00,Attend
38755,2023-11-17 05:00:00,2023-11-17,05:00:00,Leave
38755,2023-11-18 18:27:00,2023-11-18,18:27:00,Attend
38755,2023-11-25 18:22:00,2023-11-25,18:22:00,Attend
38755,2023-12-02 18:26:00,2023-12-02,18:26:00,Attend
38755,2023-12-04 06:59:00,2023-12-04,06:59:00,Leave
38755,2024-01-12 07:25:00,2024-01-12,07:25:00,Attend
38755,2024-01-13 18:22:00,2024-01-13,18:22:00,Attend
38755,2024-01-16 18:26:00,2024-01-16,18:26:00,Attend
38755,2024-01-21 04:39:00,2024-01-21,04:39:00,Leave
38755,2024-01-22 04:57:00,2024-01-22,04:57:00,Attend
38755,2024-02-02 04:00:00,2024-02-02,04:00:00,Leave
38755,2024-02-03 18:32:00,2024-02-03,18:32:00,Attend
38755,2024-02-08 18:24:00,2024-02-08,18:24:00,Attend
38755,2024-02-09 04:59:00,2024-02-09,04:59:00,Leave
38755,2024-02-10 18:28:00,2024-02-10,18:28:00,Attend
38755,2024-02-13 03:31:00,2024-02-13,03:31:00,Leave
38755,2024-02-15 18:26:00,2024-02-15,18:26:00,Attend
38755,2024-02-23 03:02:00,2024-02-23,03:02:00,Leave
38755,2024-02-24 18:26:00,2024-02-24,18:26:00,Attend
38755,2024-03-01 02:57:00,2024-03-01,02:57:00,Leave
38755,2024-03-03 18:24:00,2024-03-03,18:24:00,Attend
38755,2024-03-08 03:27:00,2024-03-08,03:27:00,Leave
38756,2023-06-13 05:59:00,2023-06-13,05:59:00,Attend
38756,2023-06-17 08:15:00,2023-06-17,08:15:00,Attend
38756,2023-06-19 06:01:00,2023-06-19,06:01:00,Attend
38756,2023-06-22 05:50:00,2023-06-22,05:50:00,Attend
38756,2023-06-24 05:55:00,2023-06-24,05:55:00,Attend
38756,2023-07-01 07:23:00,2023-07-01,07:23:00,Attend
38756,2023-07-21 06:01:00,2023-07-21,06:01:00,Attend
38756,2023-08-18 06:04:00,2023-08-18,06:04:00,Attend
38756,2024-01-13 15:06:00,2024-01-13,15:06:00,Attend
38756,2024-01-23 18:36:00,2024-01-23,18:36:00,Attend
38756,2024-02-06 18:34:00,2024-02-06,18:34:00,Attend
38758,2022-04-25 09:25:00,2022-04-25,09:25:00,Attend
38758,2022-04-28 19:39:00,2022-04-28,19:39:00,Leave
38758,2022-04-29 00:48:00,2022-04-29,00:48:00,Attend
38758,2022-06-28 14:25:00,2022-06-28,14:25:00,Attend
38758,2022-09-16 03:03:00,2022-09-16,03:03:00,Attend
38758,2022-09-17 18:41:00,2022-09-17,18:41:00,Attend
38758,2022-09-23 03:04:00,2022-09-23,03:04:00,Leave
38758,2023-01-29 17:55:00,2023-01-29,17:55:00,Attend
38758,2023-02-03 02:59:00,2023-02-03,02:59:00,Leave
38758,2023-02-08 04:59:00,2023-02-08,04:59:00,Leave
38758,2023-02-12 17:47:00,2023-02-12,17:47:00,Attend
38758,2023-02-19 17:46:00,2023-02-19,17:46:00,Attend
38758,2023-02-23 17:46:00,2023-02-23,17:46:00,Attend
38758,2023-02-24 02:03:00,2023-02-24,02:03:00,Leave
38758,2023-02-26 17:46:00,2023-02-26,17:46:00,Attend
38758,2023-03-03 03:02:00,2023-03-03,03:02:00,Leave
38758,2023-03-04 17:48:00,2023-03-04,17:48:00,Attend
38758,2023-03-11 17:49:00,2023-03-11,17:49:00,Attend
38758,2023-03-17 02:58:00,2023-03-17,02:58:00,Leave
38758,2023-03-18 17:54:00,2023-03-18,17:54:00,Attend
38758,2023-04-27 17:52:00,2023-04-27,17:52:00,Attend
38758,2023-04-30 17:54:00,2023-04-30,17:54:00,Attend
38758,2023-05-05 02:58:00,2023-05-05,02:58:00,Leave
38758,2023-05-06 17:58:00,2023-05-06,17:58:00,Attend
38758,2023-05-11 17:56:00,2023-05-11,17:56:00,Attend
38758,2023-05-13 17:57:00,2023-05-13,17:57:00,Attend
38758,2023-05-16 02:59:00,2023-05-16,02:59:00,Attend
38758,2023-05-18 17:56:00,2023-05-18,17:56:00,Attend
38758,2023-05-19 04:28:00,2023-05-19,04:28:00,Leave
38758,2023-05-21 17:57:00,2023-05-21,17:57:00,Attend
38758,2023-05-24 02:59:00,2023-05-24,02:59:00,Leave
38758,2023-05-28 17:59:00,2023-05-28,17:59:00,Attend
38758,2023-06-02 02:01:00,2023-06-02,02:01:00,Leave
38758,2023-06-03 15:14:00,2023-06-03,15:14:00,Attend
38758,2023-06-12 09:51:00,2023-06-12,09:51:00,Attend
38758,2023-06-25 18:22:00,2023-06-25,18:22:00,Attend
38758,2023-07-02 18:04:00,2023-07-02,18:04:00,Attend
38758,2023-07-07 02:52:00,2023-07-07,02:52:00,Leave
38758,2023-07-08 18:00:00,2023-07-08,18:00:00,Attend
38758,2023-07-14 06:15:00,2023-07-14,06:15:00,Attend
38758,2023-07-16 18:00:00,2023-07-16,18:00:00,Attend
38758,2023-07-23 04:59:00,2023-07-23,04:59:00,Leave
38758,2023-07-25 17:54:00,2023-07-25,17:54:00,Attend
38758,2023-07-28 02:27:00,2023-07-28,02:27:00,Leave
38758,2023-08-01 17:55:00,2023-08-01,17:55:00,Attend
38758,2023-08-03 17:57:00,2023-08-03,17:57:00,Attend
38758,2023-08-04 01:43:00,2023-08-04,01:43:00,Leave
38758,2023-12-15 03:32:00,2023-12-15,03:32:00,Attend
38758,2023-12-16 18:30:00,2023-12-16,18:30:00,Attend
38758,2023-12-29 00:54:00,2023-12-29,00:54:00,Leave
38758,2023-12-30 18:42:00,2023-12-30,18:42:00,Attend
38758,2024-01-20 06:03:00,2024-01-20,06:03:00,Attend
38758,2024-01-29 15:13:00,2024-01-29,15:13:00,Attend
38758,2024-02-08 18:05:00,2024-02-08,18:05:00,Attend
38759,2022-01-04 14:20:00,2022-01-04,14:20:00,Attend
38759,2022-01-16 14:11:00,2022-01-16,14:11:00,Attend
38759,2022-01-29 01:19:00,2022-01-29,01:19:00,Attend
38759,2022-02-06 14:17:00,2022-02-06,14:17:00,Attend
38760,2022-01-03 14:30:00,2022-01-03,14:30:00,Attend
38760,2022-01-04 01:28:00,2022-01-04,01:28:00,Leave
38760,2022-01-07 18:35:00,2022-01-07,18:35:00,Leave
38760,2022-01-16 14:11:00,2022-01-16,14:11:00,Attend
38760,2022-01-21 13:23:00,2022-01-21,13:23:00,Leave
38760,2022-01-28 13:27:00,2022-01-28,13:27:00,Leave
38760,2022-01-29 01:19:00,2022-01-29,01:19:00,Attend
38760,2022-02-09 14:23:00,2022-02-09,14:23:00,Attend
38760,2022-02-15 14:27:00,2022-02-15,14:27:00,Attend
38760,2022-02-20 14:25:00,2022-02-20,14:25:00,Attend
38760,2022-02-26 14:23:00,2022-02-26,14:23:00,Attend
38760,2022-03-07 14:32:00,2022-03-07,14:32:00,Leave
38760,2022-03-09 14:27:00,2022-03-09,14:27:00,Leave
38760,2022-03-13 14:30:00,2022-03-13,14:30:00,Leave
38760,2022-03-15 14:32:00,2022-03-15,14:32:00,Leave
38760,2022-03-17 14:31:00,2022-03-17,14:31:00,Leave
38760,2022-03-18 00:37:00,2022-03-18,00:37:00,Attend
38760,2022-03-25 04:05:00,2022-03-25,04:05:00,Attend
38760,2022-05-13 13:23:00,2022-05-13,13:23:00,Leave
38760,2022-05-16 14:24:00,2022-05-16,14:24:00,Attend
38760,2022-06-04 14:26:00,2022-06-04,14:26:00,Attend
38760,2022-06-06 14:27:00,2022-06-06,14:27:00,Attend
38760,2022-06-13 14:37:00,2022-06-13,14:37:00,Attend
38760,2022-06-16 14:35:00,2022-06-16,14:35:00,Attend
38760,2022-06-17 01:29:00,2022-06-17,01:29:00,Leave
38760,2022-06-19 14:24:00,2022-06-19,14:24:00,Attend
38760,2022-06-23 14:22:00,2022-06-23,14:22:00,Attend
38760,2022-06-25 14:29:00,2022-06-25,14:29:00,Attend
38760,2022-07-01 04:43:00,2022-07-01,04:43:00,Leave
38760,2022-07-04 14:24:00,2022-07-04,14:24:00,Attend
38760,2022-07-17 14:27:00,2022-07-17,14:27:00,Attend
38760,2022-07-28 14:28:00,2022-07-28,14:28:00,Attend
38760,2022-08-01 14:32:00,2022-08-01,14:32:00,Attend
38760,2022-08-04 14:32:00,2022-08-04,14:32:00,Attend
38760,2022-08-05 03:36:00,2022-08-05,03:36:00,Leave
38760,2022-08-08 14:29:00,2022-08-08,14:29:00,Attend
38760,2022-08-10 15:58:00,2022-08-10,15:58:00,Attend
38760,2022-08-19 01:35:00,2022-08-19,01:35:00,Leave
38760,2022-08-20 15:55:00,2022-08-20,15:55:00,Attend
38760,2022-09-02 01:02:00,2022-09-02,01:02:00,Leave
38760,2022-09-03 15:55:00,2022-09-03,15:55:00,Attend
38760,2022-09-11 15:56:00,2022-09-11,15:56:00,Attend
38760,2022-09-16 04:05:00,2022-09-16,04:05:00,Leave
38760,2022-09-17 15:53:00,2022-09-17,15:53:00,Attend
38760,2022-09-24 15:53:00,2022-09-24,15:53:00,Attend
38760,2022-09-30 01:00:00,2022-09-30,01:00:00,Leave
38760,2022-10-01 15:58:00,2022-10-01,15:58:00,Attend
38760,2022-10-05 15:57:00,2022-10-05,15:57:00,Attend
38760,2022-10-08 15:58:00,2022-10-08,15:58:00,Attend
38760,2022-10-14 04:00:00,2022-10-14,04:00:00,Leave
38760,2022-10-16 15:55:00,2022-10-16,15:55:00,Attend
38760,2022-10-29 16:02:00,2022-10-29,16:02:00,Attend
38760,2022-11-04 01:06:00,2022-11-04,01:06:00,Leave
38760,2022-11-05 15:54:00,2022-11-05,15:54:00,Attend
38760,2022-11-11 04:43:00,2022-11-11,04:43:00,Attend
38760,2022-11-12 15:58:00,2022-11-12,15:58:00,Attend
38760,2022-11-18 01:01:00,2022-11-18,01:01:00,Leave
38760,2022-11-19 17:57:00,2022-11-19,17:57:00,Attend
38760,2022-11-26 15:54:00,2022-11-26,15:54:00,Attend
38760,2022-12-04 16:00:00,2022-12-04,16:00:00,Attend
38760,2022-12-09 03:35:00,2022-12-09,03:35:00,Leave
38760,2022-12-11 15:00:00,2022-12-11,15:00:00,Attend
38760,2022-12-16 00:30:00,2022-12-16,00:30:00,Leave
38760,2022-12-18 14:58:00,2022-12-18,14:58:00,Attend
38760,2022-12-21 14:58:00,2022-12-21,14:58:00,Attend
38760,2022-12-23 00:04:00,2022-12-23,00:04:00,Leave
38760,2022-12-25 14:57:00,2022-12-25,14:57:00,Attend
38760,2023-01-01 14:56:00,2023-01-01,14:56:00,Attend
38760,2023-01-06 06:00:00,2023-01-06,06:00:00,Attend
38760,2023-01-08 14:59:00,2023-01-08,14:59:00,Attend
38760,2023-01-13 04:00:00,2023-01-13,04:00:00,Leave
38760,2023-01-15 15:01:00,2023-01-15,15:01:00,Attend
38760,2023-01-20 03:30:00,2023-01-20,03:30:00,Leave
38760,2023-01-22 14:58:00,2023-01-22,14:58:00,Attend
38760,2023-01-24 14:53:00,2023-01-24,14:53:00,Attend
38760,2023-01-27 06:32:00,2023-01-27,06:32:00,Leave
38760,2023-01-29 15:02:00,2023-01-29,15:02:00,Attend
38760,2023-02-03 03:00:00,2023-02-03,03:00:00,Leave
38760,2023-02-05 14:46:00,2023-02-05,14:46:00,Attend
38760,2023-02-12 14:45:00,2023-02-12,14:45:00,Attend
38760,2023-02-19 14:48:00,2023-02-19,14:48:00,Attend
38760,2023-02-24 02:03:00,2023-02-24,02:03:00,Leave
38760,2023-02-25 17:49:00,2023-02-25,17:49:00,Attend
38760,2023-03-03 03:00:00,2023-03-03,03:00:00,Leave
38760,2023-03-05 14:50:00,2023-03-05,14:50:00,Attend
38760,2023-03-12 14:50:00,2023-03-12,14:50:00,Attend
38760,2023-03-17 00:36:00,2023-03-17,00:36:00,Leave
38760,2023-03-27 15:21:00,2023-03-27,15:21:00,Attend
38760,2023-04-01 15:26:00,2023-04-01,15:26:00,Attend
38760,2023-04-10 15:24:00,2023-04-10,15:24:00,Attend
38760,2023-04-12 15:22:00,2023-04-12,15:22:00,Attend
38760,2023-04-17 15:24:00,2023-04-17,15:24:00,Attend
38760,2023-04-27 13:27:00,2023-04-27,13:27:00,Attend
38760,2023-04-30 14:48:00,2023-04-30,14:48:00,Attend
38760,2023-05-05 00:27:00,2023-05-05,00:27:00,Leave
38760,2023-05-14 15:12:00,2023-05-14,15:12:00,Attend
38760,2023-05-16 01:38:00,2023-05-16,01:38:00,Leave
38760,2023-07-16 14:56:00,2023-07-16,14:56:00,Attend
38760,2023-07-23 14:59:00,2023-07-23,14:59:00,Attend
38760,2023-07-28 00:00:00,2023-07-28,00:00:00,Leave
38760,2023-08-01 14:53:00,2023-08-01,14:53:00,Attend
38760,2023-08-03 14:55:00,2023-08-03,14:55:00,Attend
38760,2023-08-04 00:04:00,2023-08-04,00:04:00,Leave
38760,2023-08-08 14:59:00,2023-08-08,14:59:00,Attend
38760,2023-08-11 19:57:00,2023-08-11,19:57:00,Attend
38760,2023-08-19 14:56:00,2023-08-19,14:56:00,Attend
38760,2023-08-25 00:02:00,2023-08-25,00:02:00,Leave
38760,2023-08-27 14:53:00,2023-08-27,14:53:00,Attend
38760,2023-09-01 02:05:00,2023-09-01,02:05:00,Attend
38760,2023-09-02 14:56:00,2023-09-02,14:56:00,Attend
38760,2023-09-10 14:59:00,2023-09-10,14:59:00,Attend
38760,2023-09-16 14:54:00,2023-09-16,14:54:00,Attend
38760,2023-09-23 15:03:00,2023-09-23,15:03:00,Attend
38760,2023-09-25 14:54:00,2023-09-25,14:54:00,Attend
38760,2023-09-29 02:42:00,2023-09-29,02:42:00,Leave
38760,2023-10-01 15:01:00,2023-10-01,15:01:00,Attend
38760,2023-10-04 14:59:00,2023-10-04,14:59:00,Attend
38760,2023-10-06 00:05:00,2023-10-06,00:05:00,Leave
38760,2023-10-07 14:58:00,2023-10-07,14:58:00,Attend
38760,2023-10-10 14:55:00,2023-10-10,14:55:00,Attend
38760,2023-10-13 00:05:00,2023-10-13,00:05:00,Leave
38760,2023-10-14 14:55:00,2023-10-14,14:55:00,Attend
38760,2023-10-20 00:00:00,2023-10-20,00:00:00,Leave
38760,2023-10-22 14:56:00,2023-10-22,14:56:00,Attend
38760,2023-10-29 14:56:00,2023-10-29,14:56:00,Attend
38760,2023-10-31 14:56:00,2023-10-31,14:56:00,Attend
38760,2023-11-02 14:58:00,2023-11-02,14:58:00,Attend
38760,2023-11-03 00:02:00,2023-11-03,00:02:00,Leave
38760,2023-11-05 14:56:00,2023-11-05,14:56:00,Attend
38760,2023-11-07 14:55:00,2023-11-07,14:55:00,Attend
38760,2023-11-10 00:01:00,2023-11-10,00:01:00,Leave
38760,2023-11-12 14:54:00,2023-11-12,14:54:00,Attend
38760,2023-11-16 14:56:00,2023-11-16,14:56:00,Attend
38760,2023-11-17 00:04:00,2023-11-17,00:04:00,Leave
38760,2023-11-19 14:54:00,2023-11-19,14:54:00,Attend
38760,2023-11-24 00:05:00,2023-11-24,00:05:00,Leave
38760,2023-12-08 00:00:00,2023-12-08,00:00:00,Leave
38760,2023-12-15 03:25:00,2023-12-15,03:25:00,Leave
38760,2023-12-17 14:54:00,2023-12-17,14:54:00,Attend
38760,2023-12-24 14:57:00,2023-12-24,14:57:00,Attend
38760,2023-12-31 14:54:00,2023-12-31,14:54:00,Attend
38760,2024-01-08 12:31:00,2024-01-08,12:31:00,Attend
38760,2024-01-10 14:56:00,2024-01-10,14:56:00,Attend
38760,2024-01-14 14:58:00,2024-01-14,14:58:00,Attend
38760,2024-01-21 14:58:00,2024-01-21,14:58:00,Attend
38760,2024-02-02 00:05:00,2024-02-02,00:05:00,Leave
38760,2024-02-18 14:58:00,2024-02-18,14:58:00,Attend
38760,2024-02-25 14:54:00,2024-02-25,14:54:00,Attend
38760,2024-03-01 00:00:00,2024-03-01,00:00:00,Leave
38760,2024-03-03 14:55:00,2024-03-03,14:55:00,Attend
38760,2024-03-19 12:38:00,2024-03-19,12:38:00,Attend
38760,2024-03-26 13:19:00,2024-03-26,13:19:00,Attend
38760,2024-03-29 13:53:00,2024-03-29,13:53:00,Attend
38760,2024-04-01 12:24:00,2024-04-01,12:24:00,Attend
38760,2024-04-05 00:32:00,2024-04-05,00:32:00,Leave
38760,2024-04-07 13:03:00,2024-04-07,13:03:00,Attend
38760,2024-04-14 14:58:00,2024-04-14,14:58:00,Attend
38760,2024-04-21 14:56:00,2024-04-21,14:56:00,Attend
38760,2024-04-29 15:02:00,2024-04-29,15:02:00,Attend
38760,2024-05-05 14:50:00,2024-05-05,14:50:00,Attend
38760,2024-05-08 14:53:00,2024-05-08,14:53:00,Attend
38760,2024-05-12 14:57:00,2024-05-12,14:57:00,Attend
38760,2024-05-15 00:01:00,2024-05-15,00:01:00,Leave
38762,2022-03-08 07:30:00,2022-03-08,07:30:00,Attend
38762,2022-11-17 15:58:00,2022-11-17,15:58:00,Attend
38762,2022-11-18 01:02:00,2022-11-18,01:02:00,Leave
38762,2022-11-19 17:58:00,2022-11-19,17:58:00,Attend
38762,2022-11-26 15:55:00,2022-11-26,15:55:00,Attend
38762,2022-12-02 01:01:00,2022-12-02,01:01:00,Leave
38762,2022-12-04 16:06:00,2022-12-04,16:06:00,Attend
38762,2022-12-09 03:34:00,2022-12-09,03:34:00,Leave
38762,2022-12-11 15:01:00,2022-12-11,15:01:00,Attend
38762,2022-12-16 00:32:00,2022-12-16,00:32:00,Leave
38762,2022-12-18 14:57:00,2022-12-18,14:57:00,Attend
38762,2022-12-23 00:04:00,2022-12-23,00:04:00,Leave
38762,2022-12-25 14:57:00,2022-12-25,14:57:00,Attend
38762,2022-12-30 00:00:00,2022-12-30,00:00:00,Leave
38762,2023-01-01 14:56:00,2023-01-01,14:56:00,Attend
38762,2023-01-06 06:00:00,2023-01-06,06:00:00,Attend
38762,2023-01-08 15:00:00,2023-01-08,15:00:00,Attend
38762,2023-01-15 15:02:00,2023-01-15,15:02:00,Attend
38762,2023-01-22 14:58:00,2023-01-22,14:58:00,Attend
38762,2023-01-24 14:53:00,2023-01-24,14:53:00,Attend
38762,2023-01-27 00:04:00,2023-01-27,00:04:00,Leave
38762,2023-01-28 15:00:00,2023-01-28,15:00:00,Attend
38762,2023-02-03 00:02:00,2023-02-03,00:02:00,Leave
38762,2023-03-04 17:48:00,2023-03-04,17:48:00,Attend
38762,2023-03-17 03:00:00,2023-03-17,03:00:00,Leave
38762,2023-03-18 17:53:00,2023-03-18,17:53:00,Attend
38762,2023-03-24 13:31:00,2023-03-24,13:31:00,Attend
38762,2023-03-26 15:30:00,2023-03-26,15:30:00,Attend
38762,2023-03-28 15:27:00,2023-03-28,15:27:00,Attend
38762,2023-04-01 15:27:00,2023-04-01,15:27:00,Attend
38762,2023-04-10 15:27:00,2023-04-10,15:27:00,Attend
38762,2023-04-15 15:22:00,2023-04-15,15:22:00,Attend
38762,2023-04-27 13:25:00,2023-04-27,13:25:00,Attend
38762,2023-05-01 14:47:00,2023-05-01,14:47:00,Attend
38762,2023-05-03 14:58:00,2023-05-03,14:58:00,Attend
38762,2023-05-05 00:28:00,2023-05-05,00:28:00,Leave
38762,2023-05-14 14:55:00,2023-05-14,14:55:00,Attend
38762,2023-05-17 15:00:00,2023-05-17,15:00:00,Attend
38762,2023-05-19 04:29:00,2023-05-19,04:29:00,Leave
38762,2023-05-21 15:00:00,2023-05-21,15:00:00,Attend
38762,2023-05-24 15:00:00,2023-05-24,15:00:00,Attend
38762,2023-05-29 14:54:00,2023-05-29,14:54:00,Attend
38762,2023-07-13 14:54:00,2023-07-13,14:54:00,Attend
38762,2023-07-16 14:57:00,2023-07-16,14:57:00,Attend
38762,2023-07-23 15:00:00,2023-07-23,15:00:00,Attend
38762,2023-07-28 00:02:00,2023-07-28,00:02:00,Leave
38762,2023-08-01 14:55:00,2023-08-01,14:55:00,Attend
38762,2023-08-03 14:58:00,2023-08-03,14:58:00,Attend
38762,2023-08-04 00:00:00,2023-08-04,00:00:00,Leave
38762,2023-08-08 15:00:00,2023-08-08,15:00:00,Attend
38762,2023-08-19 14:59:00,2023-08-19,14:59:00,Attend
38762,2023-08-25 03:00:00,2023-08-25,03:00:00,Leave
38762,2023-08-27 14:53:00,2023-08-27,14:53:00,Attend
38762,2023-09-01 00:01:00,2023-09-01,00:01:00,Leave
38762,2023-09-02 14:57:00,2023-09-02,14:57:00,Attend
38762,2023-09-16 14:54:00,2023-09-16,14:54:00,Attend
38762,2023-09-23 15:05:00,2023-09-23,15:05:00,Attend
38762,2023-09-25 14:58:00,2023-09-25,14:58:00,Attend
38762,2023-09-29 00:03:00,2023-09-29,00:03:00,Leave
38762,2023-10-01 15:00:00,2023-10-01,15:00:00,Attend
38762,2023-10-04 15:01:00,2023-10-04,15:01:00,Attend
38762,2023-10-06 00:04:00,2023-10-06,00:04:00,Leave
38762,2023-10-07 15:00:00,2023-10-07,15:00:00,Attend
38762,2023-10-13 00:04:00,2023-10-13,00:04:00,Leave
38762,2023-10-14 14:58:00,2023-10-14,14:58:00,Attend
38762,2023-10-20 00:00:00,2023-10-20,00:00:00,Leave
38762,2023-10-22 14:58:00,2023-10-22,14:58:00,Attend
38762,2023-10-29 14:59:00,2023-10-29,14:59:00,Attend
38762,2023-11-02 15:00:00,2023-11-02,15:00:00,Attend
38762,2023-11-03 00:01:00,2023-11-03,00:01:00,Leave
38762,2023-11-05 14:58:00,2023-11-05,14:58:00,Attend
38762,2023-11-10 00:02:00,2023-11-10,00:02:00,Leave
38762,2023-11-12 14:55:00,2023-11-12,14:55:00,Attend
38762,2023-11-14 15:02:00,2023-11-14,15:02:00,Attend
38762,2023-11-17 00:02:00,2023-11-17,00:02:00,Leave
38762,2023-11-19 14:54:00,2023-11-19,14:54:00,Attend
38762,2023-12-08 00:01:00,2023-12-08,00:01:00,Leave
38762,2023-12-09 18:39:00,2023-12-09,18:39:00,Attend
38762,2023-12-15 00:00:00,2023-12-15,00:00:00,Leave
38762,2023-12-16 18:27:00,2023-12-16,18:27:00,Attend
38762,2023-12-23 14:55:00,2023-12-23,14:55:00,Attend
38762,2023-12-31 14:58:00,2023-12-31,14:58:00,Attend
38762,2024-01-03 14:57:00,2024-01-03,14:57:00,Attend
38762,2024-01-08 12:34:00,2024-01-08,12:34:00,Attend
38762,2024-01-15 14:58:00,2024-01-15,14:58:00,Attend
38762,2024-01-21 15:00:00,2024-01-21,15:00:00,Attend
38762,2024-02-02 00:04:00,2024-02-02,00:04:00,Leave
38762,2024-02-03 15:06:00,2024-02-03,15:06:00,Attend
38762,2024-02-18 14:58:00,2024-02-18,14:58:00,Attend
38762,2024-02-25 14:57:00,2024-02-25,14:57:00,Attend
38762,2024-03-01 01:06:00,2024-03-01,01:06:00,Attend
38762,2024-03-03 14:56:00,2024-03-03,14:56:00,Attend
38762,2024-03-09 15:12:00,2024-03-09,15:12:00,Attend
38762,2024-03-17 15:29:00,2024-03-17,15:29:00,Attend
38762,2024-03-24 15:31:00,2024-03-24,15:31:00,Attend
38762,2024-03-26 00:31:00,2024-03-26,00:31:00,Attend
38762,2024-05-08 15:00:00,2024-05-08,15:00:00,Attend
38762,2024-05-12 14:59:00,2024-05-12,14:59:00,Attend
38762,2024-05-15 00:01:00,2024-05-15,00:01:00,Leave
38763,2022-01-07 13:23:00,2022-01-07,13:23:00,Leave
38763,2022-01-28 13:27:00,2022-01-28,13:27:00,Leave
38763,2022-03-01 07:31:00,2022-03-01,07:31:00,Attend
38763,2022-03-06 07:30:00,2022-03-06,07:30:00,Attend
38763,2022-03-08 07:30:00,2022-03-08,07:30:00,Attend
38763,2022-03-13 16:33:00,2022-03-13,16:33:00,Leave
38763,2022-05-06 09:29:00,2022-05-06,09:29:00,Attend
38763,2022-06-17 14:56:00,2022-06-17,14:56:00,Leave
38763,2022-06-24 09:26:00,2022-06-24,09:26:00,Attend
38763,2022-07-02 07:23:00,2022-07-02,07:23:00,Attend
38763,2022-09-21 07:29:00,2022-09-21,07:29:00,Attend
38763,2022-10-19 07:31:00,2022-10-19,07:31:00,Attend
38763,2023-01-13 07:42:00,2023-01-13,07:42:00,Attend
38763,2023-01-27 07:36:00,2023-01-27,07:36:00,Attend
38763,2024-01-28 05:53:00,2024-01-28,05:53:00,Attend
38763,2024-03-24 05:48:00,2024-03-24,05:48:00,Attend
38763,2024-05-05 15:11:00,2024-05-05,15:11:00,Leave
38764,2022-01-01 18:20:00,2022-01-01,18:20:00,Attend
38764,2022-01-12 03:10:00,2022-01-12,03:10:00,Leave
38764,2022-01-13 18:00:00,2022-01-13,18:00:00,Attend
38764,2022-01-14 03:00:00,2022-01-14,03:00:00,Leave
38764,2022-01-15 17:57:00,2022-01-15,17:57:00,Attend
38764,2022-01-21 02:56:00,2022-01-21,02:56:00,Leave
38764,2022-01-23 17:53:00,2022-01-23,17:53:00,Attend
38764,2022-01-28 06:20:00,2022-01-28,06:20:00,Attend
38764,2022-01-30 17:56:00,2022-01-30,17:56:00,Attend
38764,2022-02-06 17:56:00,2022-02-06,17:56:00,Attend
38764,2022-02-11 03:54:00,2022-02-11,03:54:00,Leave
38764,2022-02-13 17:59:00,2022-02-13,17:59:00,Attend
38764,2022-02-18 02:55:00,2022-02-18,02:55:00,Leave
38764,2022-02-20 17:58:00,2022-02-20,17:58:00,Attend
38764,2022-04-29 00:49:00,2022-04-29,00:49:00,Attend
38764,2022-05-16 14:24:00,2022-05-16,14:24:00,Attend
38764,2022-07-16 07:23:00,2022-07-16,07:23:00,Attend
38764,2022-08-13 17:57:00,2022-08-13,17:57:00,Attend
38764,2022-08-19 03:02:00,2022-08-19,03:02:00,Leave
38764,2022-08-20 18:01:00,2022-08-20,18:01:00,Attend
38764,2022-09-02 02:43:00,2022-09-02,02:43:00,Leave
38764,2022-09-03 18:01:00,2022-09-03,18:01:00,Attend
38764,2022-09-16 04:05:00,2022-09-16,04:05:00,Leave
38764,2022-09-17 18:42:00,2022-09-17,18:42:00,Attend
38764,2022-09-23 02:01:00,2022-09-23,02:01:00,Leave
38764,2022-09-24 17:55:00,2022-09-24,17:55:00,Attend
38764,2022-09-30 03:01:00,2022-09-30,03:01:00,Leave
38764,2022-10-01 18:00:00,2022-10-01,18:00:00,Attend
38764,2022-10-05 17:56:00,2022-10-05,17:56:00,Attend
38764,2022-10-07 03:08:00,2022-10-07,03:08:00,Leave
38764,2022-10-08 17:56:00,2022-10-08,17:56:00,Attend
38764,2022-10-14 04:00:00,2022-10-14,04:00:00,Leave
38764,2022-10-16 17:57:00,2022-10-16,17:57:00,Attend
38764,2022-11-04 07:53:00,2022-11-04,07:53:00,Attend
38764,2022-11-05 21:32:00,2022-11-05,21:32:00,Attend
38764,2022-12-02 05:31:00,2022-12-02,05:31:00,Attend
38764,2022-12-09 09:34:00,2022-12-09,09:34:00,Attend
38764,2022-12-10 18:58:00,2022-12-10,18:58:00,Attend
38764,2022-12-23 06:00:00,2022-12-23,06:00:00,Attend
38764,2022-12-24 21:07:00,2022-12-24,21:07:00,Attend
38764,2022-12-31 01:19:00,2022-12-31,01:19:00,Attend
38764,2023-02-03 08:04:00,2023-02-03,08:04:00,Attend
38764,2023-02-04 20:59:00,2023-02-04,20:59:00,Attend
38764,2023-02-24 06:33:00,2023-02-24,06:33:00,Attend
38764,2023-02-25 17:49:00,2023-02-25,17:49:00,Attend
38764,2023-03-03 08:29:00,2023-03-03,08:29:00,Attend
38764,2023-05-21 17:56:00,2023-05-21,17:56:00,Attend
38764,2023-05-26 02:00:00,2023-05-26,02:00:00,Leave
38764,2023-05-27 17:56:00,2023-05-27,17:56:00,Attend
38764,2023-07-14 06:12:00,2023-07-14,06:12:00,Attend
38764,2023-07-16 17:59:00,2023-07-16,17:59:00,Attend
38764,2023-07-22 07:26:00,2023-07-22,07:26:00,Attend
38764,2023-07-23 17:59:00,2023-07-23,17:59:00,Attend
38764,2023-07-28 02:29:00,2023-07-28,02:29:00,Leave
38764,2023-08-01 17:57:00,2023-08-01,17:57:00,Attend
38764,2023-08-03 17:56:00,2023-08-03,17:56:00,Attend
38764,2023-08-04 02:00:00,2023-08-04,02:00:00,Leave
38764,2023-09-02 18:00:00,2023-09-02,18:00:00,Attend
38764,2023-09-07 04:12:00,2023-09-07,04:12:00,Leave
38764,2023-09-15 04:14:00,2023-09-15,04:14:00,Leave
38764,2023-09-16 18:30:00,2023-09-16,18:30:00,Attend
38764,2023-09-22 03:27:00,2023-09-22,03:27:00,Leave
38764,2023-09-23 18:33:00,2023-09-23,18:33:00,Attend
38764,2023-09-29 02:40:00,2023-09-29,02:40:00,Leave
38764,2023-10-29 18:22:00,2023-10-29,18:22:00,Attend
38764,2023-11-03 02:30:00,2023-11-03,02:30:00,Leave
38764,2023-11-05 18:30:00,2023-11-05,18:30:00,Attend
38764,2023-11-10 07:15:00,2023-11-10,07:15:00,Attend
38764,2023-11-12 18:24:00,2023-11-12,18:24:00,Attend
38764,2023-11-17 05:07:00,2023-11-17,05:07:00,Attend
38764,2023-11-19 18:24:00,2023-11-19,18:24:00,Attend
38764,2023-11-24 03:15:00,2023-11-24,03:15:00,Leave
38764,2023-12-01 00:00:00,2023-12-01,00:00:00,Leave
38764,2023-12-08 02:32:00,2023-12-08,02:32:00,Leave
38764,2024-01-14 18:28:00,2024-01-14,18:28:00,Attend
38764,2024-01-19 03:33:00,2024-01-19,03:33:00,Leave
38764,2024-01-21 18:34:00,2024-01-21,18:34:00,Attend
38764,2024-01-25 00:05:00,2024-01-25,00:05:00,Leave
38764,2024-04-12 18:41:00,2024-04-12,18:41:00,Attend
38764,2024-05-03 03:05:00,2024-05-03,03:05:00,Leave
38764,2024-05-05 18:37:00,2024-05-05,18:37:00,Attend
38764,2024-05-10 03:26:00,2024-05-10,03:26:00,Leave
38764,2024-05-12 18:30:00,2024-05-12,18:30:00,Attend
38764,2024-05-15 03:27:00,2024-05-15,03:27:00,Leave
38765,2022-01-01 18:19:00,2022-01-01,18:19:00,Attend
38765,2022-01-08 17:59:00,2022-01-08,17:59:00,Attend
38765,2022-01-12 03:11:00,2022-01-12,03:11:00,Leave
38765,2022-01-13 17:59:00,2022-01-13,17:59:00,Attend
38765,2022-01-14 02:58:00,2022-01-14,02:58:00,Leave
38765,2022-01-15 17:56:00,2022-01-15,17:56:00,Attend
38765,2022-01-23 17:53:00,2022-01-23,17:53:00,Attend
38765,2022-01-29 04:08:00,2022-01-29,04:08:00,Leave
38765,2022-01-30 17:55:00,2022-01-30,17:55:00,Attend
38765,2022-02-04 02:49:00,2022-02-04,02:49:00,Leave
38765,2022-02-06 17:55:00,2022-02-06,17:55:00,Attend
38765,2022-02-09 20:08:00,2022-02-09,20:08:00,Attend
38765,2022-02-11 03:50:00,2022-02-11,03:50:00,Leave
38765,2022-02-13 17:57:00,2022-02-13,17:57:00,Attend
38765,2022-02-20 17:58:00,2022-02-20,17:58:00,Attend
38765,2022-03-04 02:51:00,2022-03-04,02:51:00,Attend
38765,2022-03-05 16:26:00,2022-03-05,16:26:00,Leave
38765,2022-03-11 03:19:00,2022-03-11,03:19:00,Attend
38765,2022-03-13 17:57:00,2022-03-13,17:57:00,Leave
38765,2022-03-18 03:06:00,2022-03-18,03:06:00,Attend
38765,2022-03-25 08:26:00,2022-03-25,08:26:00,Attend
38765,2022-03-26 14:34:00,2022-03-26,14:34:00,Leave
38765,2022-04-01 01:03:00,2022-04-01,01:03:00,Attend
38765,2022-05-15 17:57:00,2022-05-15,17:57:00,Leave
38765,2022-05-30 17:55:00,2022-05-30,17:55:00,Attend
38765,2022-06-03 02:57:00,2022-06-03,02:57:00,Leave
38765,2022-06-04 17:54:00,2022-06-04,17:54:00,Attend
38765,2022-06-17 04:03:00,2022-06-17,04:03:00,Leave
38765,2022-06-18 17:57:00,2022-06-18,17:57:00,Attend
38765,2022-07-01 07:41:00,2022-07-01,07:41:00,Attend
38765,2022-07-02 18:03:00,2022-07-02,18:03:00,Attend
38765,2022-07-08 03:06:00,2022-07-08,03:06:00,Leave
38765,2022-07-17 17:58:00,2022-07-17,17:58:00,Attend
38765,2022-07-30 17:58:00,2022-07-30,17:58:00,Attend
38765,2022-08-05 06:30:00,2022-08-05,06:30:00,Leave
38765,2022-08-06 18:02:00,2022-08-06,18:02:00,Attend
38765,2022-08-13 17:57:00,2022-08-13,17:57:00,Attend
38765,2022-08-19 03:13:00,2022-08-19,03:13:00,Leave
38765,2022-08-20 17:58:00,2022-08-20,17:58:00,Attend
38765,2022-09-02 02:41:00,2022-09-02,02:41:00,Leave
38765,2022-09-03 18:00:00,2022-09-03,18:00:00,Attend
38765,2022-09-16 06:19:00,2022-09-16,06:19:00,Leave
38765,2022-09-17 18:42:00,2022-09-17,18:42:00,Attend
38765,2022-09-23 02:02:00,2022-09-23,02:02:00,Leave
38765,2022-09-24 17:54:00,2022-09-24,17:54:00,Attend
38765,2022-09-30 03:02:00,2022-09-30,03:02:00,Leave
38765,2022-11-19 17:57:00,2022-11-19,17:57:00,Attend
38765,2022-12-02 01:11:00,2022-12-02,01:11:00,Leave
38765,2022-12-22 05:53:00,2022-12-22,05:53:00,Attend
38765,2023-01-06 21:29:00,2023-01-06,21:29:00,Attend
38765,2023-01-31 09:16:00,2023-01-31,09:16:00,Attend
38765,2023-02-04 09:15:00,2023-02-04,09:15:00,Attend
38765,2023-02-06 17:50:00,2023-02-06,17:50:00,Attend
38765,2023-02-12 17:47:00,2023-02-12,17:47:00,Attend
38765,2023-02-19 17:45:00,2023-02-19,17:45:00,Attend
38765,2023-02-24 02:15:00,2023-02-24,02:15:00,Leave
38765,2023-02-26 17:46:00,2023-02-26,17:46:00,Attend
38765,2023-03-03 03:04:00,2023-03-03,03:04:00,Leave
38765,2023-03-04 17:49:00,2023-03-04,17:49:00,Attend
38765,2023-03-17 03:00:00,2023-03-17,03:00:00,Leave
38765,2023-03-18 17:54:00,2023-03-18,17:54:00,Attend
38765,2023-03-24 13:29:00,2023-03-24,13:29:00,Attend
38765,2023-03-26 15:30:00,2023-03-26,15:30:00,Attend
38765,2023-03-28 15:22:00,2023-03-28,15:22:00,Attend
38765,2023-04-01 15:24:00,2023-04-01,15:24:00,Attend
38765,2023-04-09 15:22:00,2023-04-09,15:22:00,Attend
38765,2023-04-15 15:19:00,2023-04-15,15:19:00,Attend
38765,2023-04-18 15:28:00,2023-04-18,15:28:00,Attend
38765,2023-05-21 17:57:00,2023-05-21,17:57:00,Attend
38765,2023-05-26 02:00:00,2023-05-26,02:00:00,Leave
38765,2023-05-27 17:59:00,2023-05-27,17:59:00,Attend
38765,2023-06-01 18:02:00,2023-06-01,18:02:00,Attend
38765,2023-06-02 02:01:00,2023-06-02,02:01:00,Leave
38765,2023-06-08 18:29:00,2023-06-08,18:29:00,Attend
38765,2023-06-11 09:30:00,2023-06-11,09:30:00,Attend
38765,2023-06-14 07:42:00,2023-06-14,07:42:00,Attend
38765,2023-06-15 07:31:00,2023-06-15,07:31:00,Attend
38765,2023-09-02 17:54:00,2023-09-02,17:54:00,Attend
38765,2023-09-23 01:59:00,2023-09-23,01:59:00,Attend
38765,2023-09-29 02:32:00,2023-09-29,02:32:00,Leave
38765,2023-10-03 04:50:00,2023-10-03,04:50:00,Leave
38765,2023-10-08 16:30:00,2023-10-08,16:30:00,Attend
38765,2023-10-13 03:22:00,2023-10-13,03:22:00,Leave
38765,2023-10-14 16:45:00,2023-10-14,16:45:00,Attend
38765,2023-10-20 01:56:00,2023-10-20,01:56:00,Leave
38765,2023-10-22 16:37:00,2023-10-22,16:37:00,Attend
38765,2023-10-27 00:56:00,2023-10-27,00:56:00,Leave
38765,2023-10-29 16:31:00,2023-10-29,16:31:00,Attend
38765,2023-11-03 02:28:00,2023-11-03,02:28:00,Leave
38765,2023-11-11 18:37:00,2023-11-11,18:37:00,Attend
38765,2023-12-10 18:20:00,2023-12-10,18:20:00,Attend
38765,2023-12-15 03:42:00,2023-12-15,03:42:00,Leave
38765,2023-12-16 18:24:00,2023-12-16,18:24:00,Attend
38765,2023-12-29 01:01:00,2023-12-29,01:01:00,Leave
38765,2023-12-31 18:37:00,2023-12-31,18:37:00,Attend
38765,2024-01-17 09:29:00,2024-01-17,09:29:00,Attend
38765,2024-02-06 09:45:00,2024-02-06,09:45:00,Attend
38765,2024-03-30 15:25:00,2024-03-30,15:25:00,Attend
38765,2024-04-05 05:32:00,2024-04-05,05:32:00,Leave
38765,2024-04-06 15:25:00,2024-04-06,15:25:00,Attend
38765,2024-04-11 15:07:00,2024-04-11,15:07:00,Attend
38765,2024-04-26 18:32:00,2024-04-26,18:32:00,Attend
38765,2024-04-27 09:27:00,2024-04-27,09:27:00,Attend
38765,2024-05-04 09:28:00,2024-05-04,09:28:00,Attend
38766,2022-01-28 13:28:00,2022-01-28,13:28:00,Leave
38766,2022-02-11 13:22:00,2022-02-11,13:22:00,Leave
38766,2022-02-25 05:57:00,2022-02-25,05:57:00,Attend
38766,2022-03-14 09:24:00,2022-03-14,09:24:00,Attend
38766,2022-03-19 07:33:00,2022-03-19,07:33:00,Attend
38766,2022-04-05 09:24:00,2022-04-05,09:24:00,Attend
38766,2022-05-05 08:08:00,2022-05-05,08:08:00,Attend
38766,2022-05-18 14:48:00,2022-05-18,14:48:00,Leave
38766,2022-05-21 07:34:00,2022-05-21,07:34:00,Attend
38766,2022-05-26 16:59:00,2022-05-26,16:59:00,Leave
38766,2022-06-01 18:25:00,2022-06-01,18:25:00,Leave
38766,2022-07-01 23:35:00,2022-07-01,23:35:00,Leave
38766,2022-07-15 09:24:00,2022-07-15,09:24:00,Attend
38766,2022-08-20 09:25:00,2022-08-20,09:25:00,Attend
38767,2022-01-04 14:29:00,2022-01-04,14:29:00,Attend
38767,2022-01-16 14:11:00,2022-01-16,14:11:00,Attend
38767,2022-01-21 18:53:00,2022-01-21,18:53:00,Leave
38767,2022-01-28 19:04:00,2022-01-28,19:04:00,Leave
38767,2022-01-29 04:03:00,2022-01-29,04:03:00,Leave
38767,2022-02-06 14:17:00,2022-02-06,14:17:00,Attend
38767,2022-02-09 14:23:00,2022-02-09,14:23:00,Attend
38767,2022-02-15 14:27:00,2022-02-15,14:27:00,Attend
38767,2022-02-18 18:25:00,2022-02-18,18:25:00,Leave
38767,2022-02-20 14:25:00,2022-02-20,14:25:00,Attend
38767,2022-03-02 14:36:00,2022-03-02,14:36:00,Leave
38767,2022-03-07 14:31:00,2022-03-07,14:31:00,Leave
38767,2022-03-12 16:28:00,2022-03-12,16:28:00,Leave
38767,2022-03-18 17:51:00,2022-03-18,17:51:00,Leave
38767,2022-03-25 01:48:00,2022-03-25,01:48:00,Attend
38767,2022-05-16 14:24:00,2022-05-16,14:24:00,Attend
38767,2022-05-20 17:59:00,2022-05-20,17:59:00,Attend
38767,2022-05-22 17:59:00,2022-05-22,17:59:00,Attend
38767,2022-05-29 17:59:00,2022-05-29,17:59:00,Attend
38767,2022-06-03 02:58:00,2022-06-03,02:58:00,Leave
38767,2022-06-04 17:54:00,2022-06-04,17:54:00,Attend
38767,2022-09-04 17:57:00,2022-09-04,17:57:00,Attend
38767,2022-09-16 00:28:00,2022-09-16,00:28:00,Leave
38767,2022-11-26 05:52:00,2022-11-26,05:52:00,Attend
38767,2022-12-10 05:57:00,2022-12-10,05:57:00,Attend
38767,2023-01-14 06:02:00,2023-01-14,06:02:00,Attend
38767,2023-05-27 05:54:00,2023-05-27,05:54:00,Attend
38767,2023-06-18 12:18:00,2023-06-18,12:18:00,Leave
38767,2024-01-21 18:41:00,2024-01-21,18:41:00,Attend
38767,2024-01-24 06:10:00,2024-01-24,06:10:00,Attend
38767,2024-02-07 06:02:00,2024-02-07,06:02:00,Attend
38767,2024-02-14 05:56:00,2024-02-14,05:56:00,Attend
38767,2024-03-16 05:59:00,2024-03-16,05:59:00,Attend
38767,2024-03-29 06:07:00,2024-03-29,06:07:00,Attend
38767,2024-04-09 07:25:00,2024-04-09,07:25:00,Attend
38767,2024-05-06 04:57:00,2024-05-06,04:57:00,Attend
38768,2022-03-01 06:41:00,2022-03-01,06:41:00,Attend
38768,2022-03-07 06:40:00,2022-03-07,06:40:00,Attend
38768,2022-03-16 06:41:00,2022-03-16,06:41:00,Attend
38768,2022-05-16 16:01:00,2022-05-16,16:01:00,Leave
38768,2022-05-18 13:50:00,2022-05-18,13:50:00,Leave
38768,2022-05-22 15:50:00,2022-05-22,15:50:00,Leave
38768,2022-05-25 16:00:00,2022-05-25,16:00:00,Leave
38768,2022-05-26 16:02:00,2022-05-26,16:02:00,Leave
38768,2022-05-30 16:08:00,2022-05-30,16:08:00,Leave
38769,2022-05-16 16:22:00,2022-05-16,16:22:00,Leave
38769,2022-05-17 16:13:00,2022-05-17,16:13:00,Leave
38769,2022-05-18 16:10:00,2022-05-18,16:10:00,Leave
38769,2022-05-23 16:10:00,2022-05-23,16:10:00,Leave
38769,2022-05-29 15:07:00,2022-05-29,15:07:00,Leave
38769,2022-06-01 16:01:00,2022-06-01,16:01:00,Leave
38769,2022-08-15 16:17:00,2022-08-15,16:17:00,Leave
38769,2022-08-16 16:07:00,2022-08-16,16:07:00,Leave
38769,2022-08-17 16:13:00,2022-08-17,16:13:00,Leave
38769,2022-08-18 16:07:00,2022-08-18,16:07:00,Leave
38770,2022-06-06 11:04:00,2022-06-06,11:04:00,Attend
38770,2022-06-07 08:14:00,2022-06-07,08:14:00,Attend
38770,2022-06-15 16:02:00,2022-06-15,16:02:00,Leave
38770,2022-10-13 06:36:00,2022-10-13,06:36:00,Attend
38770,2022-10-17 15:59:00,2022-10-17,15:59:00,Leave
38770,2023-01-02 06:44:00,2023-01-02,06:44:00,Attend
38770,2023-01-05 16:29:00,2023-01-05,16:29:00,Attend
38770,2023-03-25 15:39:00,2023-03-25,15:39:00,Attend
38770,2023-05-16 16:00:00,2023-05-16,16:00:00,Attend
38770,2023-05-31 05:01:00,2023-05-31,05:01:00,Attend
38770,2024-02-01 15:59:00,2024-02-01,15:59:00,Attend
38770,2024-02-05 16:01:00,2024-02-05,16:01:00,Attend
38770,2024-02-06 16:05:00,2024-02-06,16:05:00,Attend
38770,2024-02-07 16:04:00,2024-02-07,16:04:00,Attend
38770,2024-02-08 16:10:00,2024-02-08,16:10:00,Attend
38770,2024-03-14 06:26:00,2024-03-14,06:26:00,Attend
38770,2024-03-17 06:22:00,2024-03-17,06:22:00,Attend
38770,2024-03-18 06:22:00,2024-03-18,06:22:00,Attend
38771,2022-10-03 06:48:00,2022-10-03,06:48:00,Attend
38771,2022-10-13 06:49:00,2022-10-13,06:49:00,Attend
38771,2022-10-17 15:59:00,2022-10-17,15:59:00,Leave
38771,2023-01-02 06:57:00,2023-01-02,06:57:00,Attend
38771,2023-01-05 16:02:00,2023-01-05,16:02:00,Attend
38771,2024-02-07 07:07:00,2024-02-07,07:07:00,Attend
38772,2022-03-02 06:40:00,2022-03-02,06:40:00,Attend
38772,2022-10-13 06:53:00,2022-10-13,06:53:00,Attend
38772,2022-10-17 15:59:00,2022-10-17,15:59:00,Leave
38772,2023-01-02 06:46:00,2023-01-02,06:46:00,Attend
38772,2023-06-08 12:00:00,2023-06-08,12:00:00,Leave
38772,2024-03-12 06:26:00,2024-03-12,06:26:00,Attend
38773,2022-06-15 16:03:00,2022-06-15,16:03:00,Leave
38773,2022-09-28 06:38:00,2022-09-28,06:38:00,Attend
38773,2022-10-13 06:36:00,2022-10-13,06:36:00,Attend
38773,2022-10-17 16:14:00,2022-10-17,16:14:00,Leave
38773,2022-10-24 06:34:00,2022-10-24,06:34:00,Attend
38773,2023-01-02 06:45:00,2023-01-02,06:45:00,Attend
38773,2023-01-05 16:26:00,2023-01-05,16:26:00,Attend
38773,2023-11-15 16:09:00,2023-11-15,16:09:00,Leave
38774,2022-03-02 06:55:00,2022-03-02,06:55:00,Attend
38774,2022-09-20 06:47:00,2022-09-20,06:47:00,Attend
38774,2022-10-13 06:49:00,2022-10-13,06:49:00,Attend
38774,2022-10-17 16:10:00,2022-10-17,16:10:00,Leave
38774,2023-01-02 06:57:00,2023-01-02,06:57:00,Attend
38774,2023-01-05 16:05:00,2023-01-05,16:05:00,Attend
38776,2022-08-13 09:28:00,2022-08-13,09:28:00,Attend
38776,2022-10-13 06:49:00,2022-10-13,06:49:00,Attend
38776,2022-10-17 16:00:00,2022-10-17,16:00:00,Leave
38776,2023-04-02 06:28:00,2023-04-02,06:28:00,Attend
38776,2023-04-03 06:28:00,2023-04-03,06:28:00,Attend
38776,2023-04-10 06:28:00,2023-04-10,06:28:00,Attend
38776,2023-04-11 06:28:00,2023-04-11,06:28:00,Attend
38776,2023-10-07 15:37:00,2023-10-07,15:37:00,Attend
38776,2024-01-18 07:01:00,2024-01-18,07:01:00,Attend
38776,2024-01-30 07:02:00,2024-01-30,07:02:00,Attend
38776,2024-02-04 07:02:00,2024-02-04,07:02:00,Attend
38776,2024-02-08 07:05:00,2024-02-08,07:05:00,Attend
38776,2024-02-11 07:05:00,2024-02-11,07:05:00,Attend
38776,2024-02-12 07:01:00,2024-02-12,07:01:00,Attend
38776,2024-02-14 07:00:00,2024-02-14,07:00:00,Attend
38776,2024-02-15 06:59:00,2024-02-15,06:59:00,Attend
38776,2024-02-24 08:02:00,2024-02-24,08:02:00,Attend
38776,2024-03-12 06:27:00,2024-03-12,06:27:00,Attend
38776,2024-03-14 06:31:00,2024-03-14,06:31:00,Attend
38776,2024-04-14 07:59:00,2024-04-14,07:59:00,Attend
38776,2024-04-20 07:02:00,2024-04-20,07:02:00,Attend
38776,2024-04-26 07:33:00,2024-04-26,07:33:00,Attend
38776,2024-04-27 06:57:00,2024-04-27,06:57:00,Attend
38776,2024-05-10 08:03:00,2024-05-10,08:03:00,Attend
38777,2022-10-13 06:48:00,2022-10-13,06:48:00,Attend
38777,2022-10-17 16:06:00,2022-10-17,16:06:00,Leave
38779,2022-07-02 09:41:00,2022-07-02,09:41:00,Attend
38779,2022-09-29 09:34:00,2022-09-29,09:34:00,Attend
38779,2022-10-04 19:27:00,2022-10-04,19:27:00,Attend
38779,2022-10-23 09:27:00,2022-10-23,09:27:00,Attend
38780,2022-04-29 00:48:00,2022-04-29,00:48:00,Attend
38780,2022-05-26 09:28:00,2022-05-26,09:28:00,Attend
38780,2022-06-09 09:27:00,2022-06-09,09:27:00,Attend
38780,2023-01-28 17:54:00,2023-01-28,17:54:00,Attend
38780,2023-02-04 16:34:00,2023-02-04,16:34:00,Attend
38780,2023-02-12 17:47:00,2023-02-12,17:47:00,Attend
38780,2023-02-19 17:45:00,2023-02-19,17:45:00,Attend
38780,2023-02-23 17:46:00,2023-02-23,17:46:00,Attend
38780,2023-02-24 02:01:00,2023-02-24,02:01:00,Leave
38780,2023-02-26 17:46:00,2023-02-26,17:46:00,Attend
38780,2023-03-03 03:02:00,2023-03-03,03:02:00,Leave
38780,2023-03-04 14:52:00,2023-03-04,14:52:00,Attend
38780,2023-03-06 14:48:00,2023-03-06,14:48:00,Attend
38780,2023-03-12 14:50:00,2023-03-12,14:50:00,Attend
38780,2023-03-17 00:36:00,2023-03-17,00:36:00,Leave
38780,2023-03-18 14:48:00,2023-03-18,14:48:00,Attend
38780,2023-03-19 00:02:00,2023-03-19,00:02:00,Leave
38780,2023-03-20 14:50:00,2023-03-20,14:50:00,Attend
38780,2023-06-04 17:55:00,2023-06-04,17:55:00,Attend
38780,2023-06-16 00:47:00,2023-06-16,00:47:00,Leave
38780,2023-06-17 18:10:00,2023-06-17,18:10:00,Attend
38780,2023-06-20 04:01:00,2023-06-20,04:01:00,Leave
38780,2023-06-21 17:53:00,2023-06-21,17:53:00,Attend
38780,2023-06-24 18:06:00,2023-06-24,18:06:00,Attend
38780,2023-08-08 18:01:00,2023-08-08,18:01:00,Attend
38780,2023-08-18 02:55:00,2023-08-18,02:55:00,Leave
38780,2023-08-19 17:52:00,2023-08-19,17:52:00,Attend
38780,2023-08-25 02:59:00,2023-08-25,02:59:00,Leave
38780,2023-08-27 17:57:00,2023-08-27,17:57:00,Attend
38780,2023-08-31 17:53:00,2023-08-31,17:53:00,Attend
38780,2023-09-01 03:00:00,2023-09-01,03:00:00,Leave
38780,2023-09-30 18:25:00,2023-09-30,18:25:00,Attend
38780,2023-10-03 04:57:00,2023-10-03,04:57:00,Leave
38780,2023-10-08 04:59:00,2023-10-08,04:59:00,Leave
38780,2023-10-13 03:21:00,2023-10-13,03:21:00,Leave
38780,2023-10-14 18:24:00,2023-10-14,18:24:00,Attend
38780,2023-10-20 01:56:00,2023-10-20,01:56:00,Leave
38780,2023-10-22 18:28:00,2023-10-22,18:28:00,Attend
38780,2023-10-27 01:00:00,2023-10-27,01:00:00,Leave
38780,2023-11-16 18:26:00,2023-11-16,18:26:00,Attend
38780,2023-11-17 03:29:00,2023-11-17,03:29:00,Leave
38780,2023-11-18 18:27:00,2023-11-18,18:27:00,Attend
38780,2023-11-24 03:13:00,2023-11-24,03:13:00,Leave
38780,2023-11-25 18:23:00,2023-11-25,18:23:00,Attend
38780,2023-12-01 00:01:00,2023-12-01,00:01:00,Leave
38780,2023-12-03 18:29:00,2023-12-03,18:29:00,Attend
38780,2023-12-08 02:29:00,2023-12-08,02:29:00,Leave
38780,2024-01-13 18:27:00,2024-01-13,18:27:00,Attend
38780,2024-01-30 04:02:00,2024-01-30,04:02:00,Leave
38780,2024-01-31 18:31:00,2024-01-31,18:31:00,Attend
38780,2024-02-02 06:00:00,2024-02-02,06:00:00,Attend
38780,2024-02-03 18:33:00,2024-02-03,18:33:00,Attend
38780,2024-03-01 03:00:00,2024-03-01,03:00:00,Leave
38780,2024-03-03 18:26:00,2024-03-03,18:26:00,Attend
38780,2024-03-08 03:30:00,2024-03-08,03:30:00,Leave
38780,2024-04-19 18:33:00,2024-04-19,18:33:00,Attend
38781,2022-01-01 18:19:00,2022-01-01,18:19:00,Attend
38781,2022-01-08 17:59:00,2022-01-08,17:59:00,Attend
38781,2022-01-12 03:11:00,2022-01-12,03:11:00,Leave
38781,2022-01-13 17:59:00,2022-01-13,17:59:00,Attend
38781,2022-01-14 02:59:00,2022-01-14,02:59:00,Leave
38781,2022-01-15 17:57:00,2022-01-15,17:57:00,Attend
38781,2022-01-23 17:53:00,2022-01-23,17:53:00,Attend
38781,2022-01-29 04:08:00,2022-01-29,04:08:00,Leave
38781,2022-01-30 17:56:00,2022-01-30,17:56:00,Attend
38781,2022-02-04 02:49:00,2022-02-04,02:49:00,Leave
38781,2022-02-06 17:56:00,2022-02-06,17:56:00,Attend
38781,2022-02-13 17:58:00,2022-02-13,17:58:00,Attend
38781,2022-02-20 17:58:00,2022-02-20,17:58:00,Attend
38781,2022-03-04 02:51:00,2022-03-04,02:51:00,Attend
38781,2022-03-05 16:26:00,2022-03-05,16:26:00,Leave
38781,2022-03-11 03:14:00,2022-03-11,03:14:00,Attend
38781,2022-03-18 03:04:00,2022-03-18,03:04:00,Attend
38781,2022-03-25 08:26:00,2022-03-25,08:26:00,Attend
38781,2022-04-01 01:02:00,2022-04-01,01:02:00,Attend
38781,2022-04-25 15:01:00,2022-04-25,15:01:00,Leave
38781,2022-05-30 17:56:00,2022-05-30,17:56:00,Attend
38781,2022-06-03 03:00:00,2022-06-03,03:00:00,Leave
38781,2022-06-04 17:54:00,2022-06-04,17:54:00,Attend
38781,2022-06-14 18:04:00,2022-06-14,18:04:00,Attend
38781,2022-06-15 03:12:00,2022-06-15,03:12:00,Leave
38781,2022-09-04 17:57:00,2022-09-04,17:57:00,Attend
38781,2022-09-16 06:16:00,2022-09-16,06:16:00,Leave
38781,2022-09-17 18:42:00,2022-09-17,18:42:00,Attend
38781,2022-09-24 17:57:00,2022-09-24,17:57:00,Attend
38781,2022-09-30 03:02:00,2022-09-30,03:02:00,Leave
38781,2022-10-01 18:00:00,2022-10-01,18:00:00,Attend
38781,2022-10-05 17:54:00,2022-10-05,17:54:00,Attend
38781,2022-10-07 03:14:00,2022-10-07,03:14:00,Leave
38781,2022-10-08 17:56:00,2022-10-08,17:56:00,Attend
38781,2022-10-14 04:01:00,2022-10-14,04:01:00,Leave
38781,2022-10-16 17:59:00,2022-10-16,17:59:00,Attend
38781,2022-11-04 03:00:00,2022-11-04,03:00:00,Attend
38781,2022-11-19 17:57:00,2022-11-19,17:57:00,Attend
38781,2022-12-02 01:03:00,2022-12-02,01:03:00,Leave
38781,2023-01-06 21:29:00,2023-01-06,21:29:00,Attend
38781,2023-01-28 17:55:00,2023-01-28,17:55:00,Attend
38781,2023-02-03 03:00:00,2023-02-03,03:00:00,Leave
38781,2023-02-04 16:34:00,2023-02-04,16:34:00,Attend
38781,2023-02-12 17:47:00,2023-02-12,17:47:00,Attend
38781,2023-02-19 17:45:00,2023-02-19,17:45:00,Attend
38781,2023-02-24 02:09:00,2023-02-24,02:09:00,Leave
38781,2023-02-26 17:45:00,2023-02-26,17:45:00,Attend
38781,2023-03-03 03:03:00,2023-03-03,03:03:00,Leave
38781,2023-03-04 17:48:00,2023-03-04,17:48:00,Attend
38781,2023-03-17 02:58:00,2023-03-17,02:58:00,Leave
38781,2023-03-18 17:54:00,2023-03-18,17:54:00,Attend
38781,2023-03-24 13:31:00,2023-03-24,13:31:00,Attend
38781,2023-03-26 15:30:00,2023-03-26,15:30:00,Attend
38781,2023-03-28 15:27:00,2023-03-28,15:27:00,Attend
38781,2023-04-01 15:26:00,2023-04-01,15:26:00,Attend
38781,2023-04-09 15:27:00,2023-04-09,15:27:00,Attend
38781,2023-04-15 15:26:00,2023-04-15,15:26:00,Attend
38781,2023-06-04 17:53:00,2023-06-04,17:53:00,Attend
38781,2023-06-16 00:45:00,2023-06-16,00:45:00,Leave
38781,2023-06-17 18:05:00,2023-06-17,18:05:00,Attend
38781,2023-06-24 18:04:00,2023-06-24,18:04:00,Attend
38781,2023-09-10 05:00:00,2023-09-10,05:00:00,Leave
38781,2023-09-29 02:34:00,2023-09-29,02:34:00,Leave
38781,2023-10-29 18:21:00,2023-10-29,18:21:00,Attend
38781,2023-11-03 02:28:00,2023-11-03,02:28:00,Leave
38781,2023-11-05 18:24:00,2023-11-05,18:24:00,Attend
38781,2023-11-06 00:00:00,2023-11-06,00:00:00,Leave
38781,2023-11-07 18:24:00,2023-11-07,18:24:00,Attend
38781,2023-11-10 07:11:00,2023-11-10,07:11:00,Attend
38781,2023-11-17 05:15:00,2023-11-17,05:15:00,Leave
38781,2023-11-18 18:28:00,2023-11-18,18:28:00,Attend
38781,2023-11-24 03:13:00,2023-11-24,03:13:00,Leave
38781,2023-11-25 18:25:00,2023-11-25,18:25:00,Attend
38781,2023-12-03 18:25:00,2023-12-03,18:25:00,Attend
38781,2023-12-08 02:29:00,2023-12-08,02:29:00,Leave
38781,2024-01-13 18:26:00,2024-01-13,18:26:00,Attend
38781,2024-02-02 06:00:00,2024-02-02,06:00:00,Attend
38781,2024-02-03 18:34:00,2024-02-03,18:34:00,Attend
38781,2024-02-05 04:55:00,2024-02-05,04:55:00,Leave
38781,2024-02-06 18:34:00,2024-02-06,18:34:00,Attend
38781,2024-02-07 04:10:00,2024-02-07,04:10:00,Leave
38781,2024-02-08 18:28:00,2024-02-08,18:28:00,Attend
38781,2024-03-01 03:00:00,2024-03-01,03:00:00,Leave
38782,2022-01-28 13:27:00,2022-01-28,13:27:00,Leave
38782,2022-01-29 01:22:00,2022-01-29,01:22:00,Attend
38782,2022-06-18 17:57:00,2022-06-18,17:57:00,Attend
38782,2022-07-01 07:42:00,2022-07-01,07:42:00,Leave
38782,2022-07-02 18:03:00,2022-07-02,18:03:00,Attend
38782,2022-07-08 03:05:00,2022-07-08,03:05:00,Leave
38782,2022-07-17 17:58:00,2022-07-17,17:58:00,Attend
38782,2022-07-30 17:59:00,2022-07-30,17:59:00,Attend
38782,2022-08-05 06:31:00,2022-08-05,06:31:00,Leave
38782,2022-08-06 18:04:00,2022-08-06,18:04:00,Attend
38782,2022-08-19 03:14:00,2022-08-19,03:14:00,Leave
38782,2022-08-20 17:59:00,2022-08-20,17:59:00,Attend
38782,2022-09-02 02:42:00,2022-09-02,02:42:00,Leave
38782,2022-09-03 18:00:00,2022-09-03,18:00:00,Attend
38782,2022-11-17 17:58:00,2022-11-17,17:58:00,Attend
38782,2022-12-09 03:35:00,2022-12-09,03:35:00,Leave
38782,2022-12-11 17:56:00,2022-12-11,17:56:00,Attend
38782,2022-12-23 03:19:00,2022-12-23,03:19:00,Leave
38782,2022-12-25 17:56:00,2022-12-25,17:56:00,Attend
38782,2023-01-01 17:56:00,2023-01-01,17:56:00,Attend
38782,2023-01-22 18:01:00,2023-01-22,18:01:00,Attend
38782,2023-02-24 06:59:00,2023-02-24,06:59:00,Leave
38782,2023-03-03 06:59:00,2023-03-03,06:59:00,Leave
38782,2023-03-17 06:59:00,2023-03-17,06:59:00,Leave
38782,2023-04-07 06:59:00,2023-04-07,06:59:00,Leave
38782,2023-06-04 17:56:00,2023-06-04,17:56:00,Attend
38782,2023-06-16 00:47:00,2023-06-16,00:47:00,Leave
38782,2023-06-17 18:12:00,2023-06-17,18:12:00,Attend
38782,2023-06-24 18:07:00,2023-06-24,18:07:00,Attend
38782,2023-08-08 18:05:00,2023-08-08,18:05:00,Attend
38782,2023-08-11 02:50:00,2023-08-11,02:50:00,Leave
38782,2023-08-12 06:59:00,2023-08-12,06:59:00,Leave
38782,2023-08-19 17:55:00,2023-08-19,17:55:00,Attend
38782,2023-08-25 02:57:00,2023-08-25,02:57:00,Leave
38782,2023-08-27 18:00:00,2023-08-27,18:00:00,Attend
38782,2023-09-01 03:00:00,2023-09-01,03:00:00,Leave
38782,2023-10-03 04:56:00,2023-10-03,04:56:00,Leave
38782,2023-10-08 18:30:00,2023-10-08,18:30:00,Attend
38782,2023-10-13 03:23:00,2023-10-13,03:23:00,Leave
38782,2023-10-14 18:29:00,2023-10-14,18:29:00,Attend
38782,2023-10-20 01:57:00,2023-10-20,01:57:00,Leave
38782,2023-10-22 18:27:00,2023-10-22,18:27:00,Attend
38782,2023-10-27 01:00:00,2023-10-27,01:00:00,Leave
38782,2023-12-10 18:24:00,2023-12-10,18:24:00,Attend
38782,2023-12-15 03:30:00,2023-12-15,03:30:00,Leave
38782,2023-12-16 18:28:00,2023-12-16,18:28:00,Attend
38782,2023-12-29 01:01:00,2023-12-29,01:01:00,Leave
38782,2023-12-30 18:42:00,2023-12-30,18:42:00,Attend
38782,2024-03-01 06:40:00,2024-03-01,06:40:00,Attend
38782,2024-03-08 16:29:00,2024-03-08,16:29:00,Attend
38782,2024-03-29 13:56:00,2024-03-29,13:56:00,Attend
38782,2024-03-31 15:36:00,2024-03-31,15:36:00,Attend
38782,2024-04-05 05:30:00,2024-04-05,05:30:00,Leave
38782,2024-04-06 15:26:00,2024-04-06,15:26:00,Attend
38782,2024-04-27 09:31:00,2024-04-27,09:31:00,Attend
38785,2022-01-08 06:05:00,2022-01-08,06:05:00,Attend
38785,2022-09-21 07:54:00,2022-09-21,07:54:00,Attend
38785,2022-10-16 07:53:00,2022-10-16,07:53:00,Attend
38785,2022-10-17 17:51:00,2022-10-17,17:51:00,Leave
38785,2022-10-18 08:54:00,2022-10-18,08:54:00,Attend
38785,2022-10-24 17:53:00,2022-10-24,17:53:00,Leave
38785,2023-01-01 08:44:00,2023-01-01,08:44:00,Attend
38785,2023-01-10 08:39:00,2023-01-10,08:39:00,Attend
38785,2023-01-11 08:38:00,2023-01-11,08:38:00,Attend
38785,2023-01-16 17:37:00,2023-01-16,17:37:00,Attend
38785,2023-01-24 08:47:00,2023-01-24,08:47:00,Attend
38785,2023-01-30 08:43:00,2023-01-30,08:43:00,Attend
38785,2023-02-02 08:43:00,2023-02-02,08:43:00,Attend
38785,2023-02-09 08:37:00,2023-02-09,08:37:00,Attend
38785,2023-02-14 17:39:00,2023-02-14,17:39:00,Attend
38785,2024-02-01 08:54:00,2024-02-01,08:54:00,Attend
38785,2024-02-05 17:41:00,2024-02-05,17:41:00,Attend
38785,2024-03-05 08:52:00,2024-03-05,08:52:00,Attend
38785,2024-03-13 15:43:00,2024-03-13,15:43:00,Attend
38786,2022-09-21 06:45:00,2022-09-21,06:45:00,Attend
38786,2022-10-13 06:41:00,2022-10-13,06:41:00,Attend
38786,2022-10-17 16:14:00,2022-10-17,16:14:00,Leave
38786,2023-01-02 06:39:00,2023-01-02,06:39:00,Attend
38786,2024-01-29 07:05:00,2024-01-29,07:05:00,Attend
38787,2022-05-18 18:04:00,2022-05-18,18:04:00,Attend
38787,2022-05-21 18:00:00,2022-05-21,18:00:00,Attend
38787,2022-05-27 00:17:00,2022-05-27,00:17:00,Leave
38787,2022-05-29 14:48:00,2022-05-29,14:48:00,Attend
38787,2022-06-03 02:58:00,2022-06-03,02:58:00,Leave
38787,2022-06-04 17:53:00,2022-06-04,17:53:00,Attend
38787,2022-06-14 04:57:00,2022-06-14,04:57:00,Leave
38787,2022-06-17 04:04:00,2022-06-17,04:04:00,Leave
38787,2022-06-18 17:58:00,2022-06-18,17:58:00,Attend
38787,2022-07-08 03:00:00,2022-07-08,03:00:00,Leave
38787,2022-07-15 09:24:00,2022-07-15,09:24:00,Attend
38787,2022-07-18 05:56:00,2022-07-18,05:56:00,Leave
38787,2022-07-19 16:32:00,2022-07-19,16:32:00,Attend
38787,2022-07-27 18:00:00,2022-07-27,18:00:00,Attend
38787,2022-07-29 03:23:00,2022-07-29,03:23:00,Leave
38787,2022-08-01 03:01:00,2022-08-01,03:01:00,Leave
38787,2022-08-02 18:01:00,2022-08-02,18:01:00,Attend
38787,2022-08-05 06:27:00,2022-08-05,06:27:00,Leave
38787,2022-08-06 18:02:00,2022-08-06,18:02:00,Attend
38787,2022-08-11 04:42:00,2022-08-11,04:42:00,Leave
38787,2022-08-18 03:00:00,2022-08-18,03:00:00,Leave
38787,2022-08-19 03:07:00,2022-08-19,03:07:00,Attend
38787,2022-08-20 17:58:00,2022-08-20,17:58:00,Attend
38787,2022-08-26 04:34:00,2022-08-26,04:34:00,Attend
38787,2022-09-02 02:42:00,2022-09-02,02:42:00,Leave
38787,2022-09-03 18:00:00,2022-09-03,18:00:00,Attend
38787,2022-09-16 04:07:00,2022-09-16,04:07:00,Leave
38787,2022-09-17 18:42:00,2022-09-17,18:42:00,Attend
38787,2022-09-24 17:55:00,2022-09-24,17:55:00,Attend
38787,2022-09-30 05:00:00,2022-09-30,05:00:00,Attend
38787,2022-10-01 17:58:00,2022-10-01,17:58:00,Attend
38787,2022-10-07 03:08:00,2022-10-07,03:08:00,Leave
38787,2022-10-08 17:56:00,2022-10-08,17:56:00,Attend
38787,2022-10-09 03:26:00,2022-10-09,03:26:00,Leave
38787,2022-10-15 23:15:00,2022-10-15,23:15:00,Attend
38787,2022-10-16 17:58:00,2022-10-16,17:58:00,Attend
38787,2022-10-31 05:01:00,2022-10-31,05:01:00,Attend
38787,2022-11-04 03:00:00,2022-11-04,03:00:00,Leave
38787,2022-11-05 18:01:00,2022-11-05,18:01:00,Attend
38787,2022-11-25 05:57:00,2022-11-25,05:57:00,Attend
38787,2023-01-02 05:59:00,2023-01-02,05:59:00,Attend
38789,2022-01-04 08:14:00,2022-01-04,08:14:00,Leave
38789,2022-01-05 23:35:00,2022-01-05,23:35:00,Attend
38789,2022-01-14 08:50:00,2022-01-14,08:50:00,Leave
38789,2022-01-21 08:22:00,2022-01-21,08:22:00,Leave
38789,2022-01-22 07:30:00,2022-01-22,07:30:00,Leave
38789,2022-01-26 07:52:00,2022-01-26,07:52:00,Leave
38789,2022-01-29 23:12:00,2022-01-29,23:12:00,Attend
38789,2022-01-31 08:04:00,2022-01-31,08:04:00,Leave
38789,2022-02-04 08:11:00,2022-02-04,08:11:00,Leave
38789,2022-02-06 23:20:00,2022-02-06,23:20:00,Attend
38789,2022-02-11 08:27:00,2022-02-11,08:27:00,Leave
38789,2022-02-12 22:54:00,2022-02-12,22:54:00,Attend
38789,2022-02-15 08:37:00,2022-02-15,08:37:00,Leave
38789,2022-02-18 16:07:00,2022-02-18,16:07:00,Leave
38789,2022-02-19 23:45:00,2022-02-19,23:45:00,Attend
38789,2022-02-23 08:22:00,2022-02-23,08:22:00,Leave
38789,2022-02-25 10:42:00,2022-02-25,10:42:00,Leave
38790,2022-01-02 07:46:00,2022-01-02,07:46:00,Attend
38790,2022-03-02 17:02:00,2022-03-02,17:02:00,Leave
38790,2022-10-11 08:28:00,2022-10-11,08:28:00,Attend
38790,2022-10-24 08:00:00,2022-10-24,08:00:00,Attend
38790,2023-06-05 08:11:00,2023-06-05,08:11:00,Attend
38790,2023-06-06 08:00:00,2023-06-06,08:00:00,Attend
38790,2023-06-13 08:30:00,2023-06-13,08:30:00,Attend
38790,2023-06-15 09:01:00,2023-06-15,09:01:00,Attend
38790,2023-06-19 08:26:00,2023-06-19,08:26:00,Attend
38790,2023-06-25 08:55:00,2023-06-25,08:55:00,Attend
38790,2023-07-03 08:00:00,2023-07-03,08:00:00,Attend
38790,2023-07-04 08:17:00,2023-07-04,08:17:00,Attend
38790,2023-07-06 08:30:00,2023-07-06,08:30:00,Attend
38790,2023-10-02 06:59:00,2023-10-02,06:59:00,Leave
38790,2023-10-04 06:59:00,2023-10-04,06:59:00,Leave
38790,2023-10-05 06:59:00,2023-10-05,06:59:00,Leave
38790,2023-10-31 11:04:00,2023-10-31,11:04:00,Attend
38790,2024-01-18 21:51:00,2024-01-18,21:51:00,Leave
38790,2024-01-21 21:31:00,2024-01-21,21:31:00,Leave
38790,2024-01-28 17:12:00,2024-01-28,17:12:00,Leave
38790,2024-02-13 17:06:00,2024-02-13,17:06:00,Leave
38790,2024-02-15 16:44:00,2024-02-15,16:44:00,Attend
38790,2024-03-19 21:58:00,2024-03-19,21:58:00,Leave
38794,2022-03-02 15:01:00,2022-03-02,15:01:00,Leave
38794,2022-03-08 15:00:00,2022-03-08,15:00:00,Leave
38794,2022-03-09 05:55:00,2022-03-09,05:55:00,Attend
38794,2022-04-29 00:48:00,2022-04-29,00:48:00,Attend
38794,2022-08-13 17:57:00,2022-08-13,17:57:00,Attend
38794,2022-08-19 03:01:00,2022-08-19,03:01:00,Leave
38794,2022-08-20 17:59:00,2022-08-20,17:59:00,Attend
38794,2022-09-03 18:01:00,2022-09-03,18:01:00,Attend
38794,2022-09-16 03:04:00,2022-09-16,03:04:00,Leave
38794,2022-09-17 18:44:00,2022-09-17,18:44:00,Attend
38794,2022-09-23 02:00:00,2022-09-23,02:00:00,Leave
38794,2022-09-24 17:55:00,2022-09-24,17:55:00,Attend
38794,2022-09-30 03:00:00,2022-09-30,03:00:00,Leave
38794,2022-10-01 17:58:00,2022-10-01,17:58:00,Attend
38794,2022-10-05 17:55:00,2022-10-05,17:55:00,Attend
38794,2022-10-07 03:08:00,2022-10-07,03:08:00,Leave
38794,2022-10-08 17:56:00,2022-10-08,17:56:00,Attend
38794,2022-10-14 04:00:00,2022-10-14,04:00:00,Leave
38794,2022-10-16 17:57:00,2022-10-16,17:57:00,Attend
38794,2022-10-21 03:03:00,2022-10-21,03:03:00,Leave
38794,2023-01-21 16:17:00,2023-01-21,16:17:00,Attend
38794,2023-02-10 05:48:00,2023-02-10,05:48:00,Attend
38794,2023-06-12 06:07:00,2023-06-12,06:07:00,Attend
38794,2023-06-14 16:31:00,2023-06-14,16:31:00,Attend
38794,2023-06-22 05:58:00,2023-06-22,05:58:00,Attend
38794,2023-07-08 05:58:00,2023-07-08,05:58:00,Attend
38794,2023-08-08 04:59:00,2023-08-08,04:59:00,Leave
38794,2023-08-11 02:50:00,2023-08-11,02:50:00,Leave
38794,2023-08-12 20:09:00,2023-08-12,20:09:00,Attend
38794,2023-08-18 02:57:00,2023-08-18,02:57:00,Attend
38794,2023-08-19 18:00:00,2023-08-19,18:00:00,Attend
38794,2023-08-25 02:57:00,2023-08-25,02:57:00,Leave
38794,2023-08-27 17:58:00,2023-08-27,17:58:00,Attend
38794,2023-08-31 17:57:00,2023-08-31,17:57:00,Attend
38794,2023-09-01 02:59:00,2023-09-01,02:59:00,Leave
38794,2023-09-15 19:39:00,2023-09-15,19:39:00,Attend
38794,2023-09-24 18:31:00,2023-09-24,18:31:00,Attend
38794,2023-09-30 18:32:00,2023-09-30,18:32:00,Attend
38794,2023-10-03 04:58:00,2023-10-03,04:58:00,Attend
38794,2023-10-08 04:59:00,2023-10-08,04:59:00,Leave
38794,2023-10-13 03:22:00,2023-10-13,03:22:00,Leave
38794,2023-10-14 18:25:00,2023-10-14,18:25:00,Attend
38794,2023-10-20 01:56:00,2023-10-20,01:56:00,Leave
38794,2023-10-22 18:26:00,2023-10-22,18:26:00,Attend
38794,2023-10-27 01:00:00,2023-10-27,01:00:00,Leave
38794,2023-11-25 18:30:00,2023-11-25,18:30:00,Attend
38794,2023-12-10 18:20:00,2023-12-10,18:20:00,Attend
38794,2023-12-15 03:36:00,2023-12-15,03:36:00,Leave
38794,2023-12-16 18:28:00,2023-12-16,18:28:00,Attend
38794,2023-12-29 01:00:00,2023-12-29,01:00:00,Leave
38794,2023-12-31 18:38:00,2023-12-31,18:38:00,Attend
38794,2024-02-17 09:26:00,2024-02-17,09:26:00,Attend
38794,2024-02-18 09:31:00,2024-02-18,09:31:00,Attend
38794,2024-02-19 09:30:00,2024-02-19,09:30:00,Attend
38794,2024-03-16 07:31:00,2024-03-16,07:31:00,Attend
38794,2024-03-19 07:42:00,2024-03-19,07:42:00,Attend
38794,2024-03-30 15:36:00,2024-03-30,15:36:00,Attend
38794,2024-04-20 04:59:00,2024-04-20,04:59:00,Leave
38794,2024-05-02 04:59:00,2024-05-02,04:59:00,Leave
38794,2024-05-03 02:58:00,2024-05-03,02:58:00,Attend
38794,2024-05-05 18:34:00,2024-05-05,18:34:00,Attend
38794,2024-05-07 18:35:00,2024-05-07,18:35:00,Attend
38794,2024-05-11 18:32:00,2024-05-11,18:32:00,Attend
38794,2024-05-15 03:27:00,2024-05-15,03:27:00,Leave
38795,2022-03-01 07:31:00,2022-03-01,07:31:00,Attend
38795,2022-03-02 07:36:00,2022-03-02,07:36:00,Attend
38795,2022-03-03 07:30:00,2022-03-03,07:30:00,Attend
38795,2022-03-06 07:30:00,2022-03-06,07:30:00,Attend
38795,2022-03-07 07:29:00,2022-03-07,07:29:00,Attend
38795,2022-03-08 07:30:00,2022-03-08,07:30:00,Attend
38795,2022-03-09 07:32:00,2022-03-09,07:32:00,Attend
38795,2022-03-10 07:28:00,2022-03-10,07:28:00,Attend
38795,2022-03-12 06:30:00,2022-03-12,06:30:00,Attend
38795,2022-03-14 07:29:00,2022-03-14,07:29:00,Attend
38795,2022-04-02 05:49:00,2022-04-02,05:49:00,Attend
38796,2022-01-03 14:21:00,2022-01-03,14:21:00,Attend
38796,2022-01-16 14:11:00,2022-01-16,14:11:00,Attend
38796,2022-01-28 13:30:00,2022-01-28,13:30:00,Leave
38796,2022-01-29 01:19:00,2022-01-29,01:19:00,Attend
38796,2022-04-23 06:03:00,2022-04-23,06:03:00,Attend
38796,2022-04-29 00:47:00,2022-04-29,00:47:00,Attend
38796,2022-06-04 14:26:00,2022-06-04,14:26:00,Attend
38796,2022-06-06 14:27:00,2022-06-06,14:27:00,Attend
38796,2022-06-17 04:02:00,2022-06-17,04:02:00,Leave
38796,2022-06-18 17:57:00,2022-06-18,17:57:00,Attend
38796,2022-07-01 04:43:00,2022-07-01,04:43:00,Leave
38796,2022-08-13 17:57:00,2022-08-13,17:57:00,Attend
38796,2022-08-19 03:02:00,2022-08-19,03:02:00,Leave
38796,2022-08-20 18:00:00,2022-08-20,18:00:00,Attend
38796,2022-09-02 02:41:00,2022-09-02,02:41:00,Leave
38796,2022-09-03 18:01:00,2022-09-03,18:01:00,Attend
38796,2022-09-18 09:26:00,2022-09-18,09:26:00,Attend
38796,2022-10-12 18:34:00,2022-10-12,18:34:00,Attend
38796,2022-10-20 09:28:00,2022-10-20,09:28:00,Attend
38796,2022-11-19 17:57:00,2022-11-19,17:57:00,Attend
38796,2022-12-02 01:01:00,2022-12-02,01:01:00,Leave
38796,2023-01-28 17:54:00,2023-01-28,17:54:00,Attend
38796,2023-02-03 03:00:00,2023-02-03,03:00:00,Leave
38796,2023-02-04 16:34:00,2023-02-04,16:34:00,Attend
38796,2023-02-09 17:47:00,2023-02-09,17:47:00,Attend
38796,2023-02-12 17:47:00,2023-02-12,17:47:00,Attend
38796,2023-02-19 17:46:00,2023-02-19,17:46:00,Attend
38796,2023-02-23 17:45:00,2023-02-23,17:45:00,Attend
38796,2023-02-24 02:01:00,2023-02-24,02:01:00,Leave
38796,2023-02-26 17:46:00,2023-02-26,17:46:00,Attend
38796,2023-03-03 03:02:00,2023-03-03,03:02:00,Leave
38796,2023-03-04 17:48:00,2023-03-04,17:48:00,Attend
38796,2023-03-17 02:58:00,2023-03-17,02:58:00,Leave
38796,2023-03-18 17:54:00,2023-03-18,17:54:00,Attend
38796,2023-03-22 03:59:00,2023-03-22,03:59:00,Leave
38796,2023-04-15 07:29:00,2023-04-15,07:29:00,Attend
38796,2023-04-27 17:52:00,2023-04-27,17:52:00,Attend
38796,2023-04-30 17:53:00,2023-04-30,17:53:00,Attend
38796,2023-05-05 02:58:00,2023-05-05,02:58:00,Leave
38796,2023-05-06 18:00:00,2023-05-06,18:00:00,Attend
38796,2023-05-11 17:56:00,2023-05-11,17:56:00,Attend
38796,2023-05-13 18:00:00,2023-05-13,18:00:00,Attend
38796,2023-05-19 04:28:00,2023-05-19,04:28:00,Attend
38796,2023-05-21 17:57:00,2023-05-21,17:57:00,Attend
38796,2023-05-26 02:00:00,2023-05-26,02:00:00,Leave
38796,2023-05-27 17:57:00,2023-05-27,17:57:00,Attend
38796,2023-06-02 02:02:00,2023-06-02,02:02:00,Leave
38796,2023-06-18 09:26:00,2023-06-18,09:26:00,Attend
38796,2023-07-02 18:04:00,2023-07-02,18:04:00,Attend
38796,2023-07-08 17:59:00,2023-07-08,17:59:00,Attend
38796,2023-07-14 06:16:00,2023-07-14,06:16:00,Leave
38796,2023-07-16 17:57:00,2023-07-16,17:57:00,Attend
38796,2023-09-05 17:58:00,2023-09-05,17:58:00,Attend
38796,2023-09-09 02:59:00,2023-09-09,02:59:00,Leave
38796,2023-09-16 01:31:00,2023-09-16,01:31:00,Leave
38796,2023-09-17 03:02:00,2023-09-17,03:02:00,Attend
38796,2023-09-18 18:26:00,2023-09-18,18:26:00,Attend
38796,2023-09-29 02:34:00,2023-09-29,02:34:00,Leave
38796,2023-10-29 18:23:00,2023-10-29,18:23:00,Attend
38796,2023-11-01 16:34:00,2023-11-01,16:34:00,Attend
38796,2023-11-03 02:28:00,2023-11-03,02:28:00,Leave
38796,2023-11-05 18:27:00,2023-11-05,18:27:00,Attend
38796,2023-11-10 03:28:00,2023-11-10,03:28:00,Leave
38796,2023-11-11 18:27:00,2023-11-11,18:27:00,Attend
38796,2023-11-16 18:27:00,2023-11-16,18:27:00,Attend
38796,2023-11-17 03:29:00,2023-11-17,03:29:00,Leave
38796,2023-11-18 18:27:00,2023-11-18,18:27:00,Attend
38796,2023-11-19 18:27:00,2023-11-19,18:27:00,Attend
38796,2023-11-24 04:25:00,2023-11-24,04:25:00,Leave
38796,2023-11-25 18:27:00,2023-11-25,18:27:00,Attend
38796,2023-11-30 02:50:00,2023-11-30,02:50:00,Leave
38796,2023-12-03 18:27:00,2023-12-03,18:27:00,Attend
38796,2023-12-08 02:29:00,2023-12-08,02:29:00,Leave
38796,2023-12-09 06:01:00,2023-12-09,06:01:00,Attend
38796,2023-12-31 15:09:00,2023-12-31,15:09:00,Attend
38796,2024-01-13 18:28:00,2024-01-13,18:28:00,Attend
38796,2024-02-02 04:00:00,2024-02-02,04:00:00,Leave
38796,2024-02-03 18:36:00,2024-02-03,18:36:00,Attend
38796,2024-03-01 03:15:00,2024-03-01,03:15:00,Leave
38796,2024-03-03 18:30:00,2024-03-03,18:30:00,Attend
38796,2024-03-08 03:26:00,2024-03-08,03:26:00,Leave
38796,2024-04-19 03:52:00,2024-04-19,03:52:00,Leave
38796,2024-04-20 18:36:00,2024-04-20,18:36:00,Attend
38796,2024-05-03 02:55:00,2024-05-03,02:55:00,Leave
38796,2024-05-05 18:35:00,2024-05-05,18:35:00,Attend
38796,2024-05-11 18:35:00,2024-05-11,18:35:00,Attend
38796,2024-05-15 03:24:00,2024-05-15,03:24:00,Leave
38798,2022-01-28 13:27:00,2022-01-28,13:27:00,Leave
38798,2022-01-29 01:19:00,2022-01-29,01:19:00,Attend
38798,2022-03-05 16:26:00,2022-03-05,16:26:00,Leave
38798,2022-03-11 03:15:00,2022-03-11,03:15:00,Attend
38798,2022-03-13 17:57:00,2022-03-13,17:57:00,Leave
38798,2022-03-18 03:03:00,2022-03-18,03:03:00,Attend
38798,2022-03-25 04:10:00,2022-03-25,04:10:00,Attend
38798,2022-04-01 01:01:00,2022-04-01,01:01:00,Attend
38798,2022-04-25 15:01:00,2022-04-25,15:01:00,Leave
38798,2022-04-28 19:39:00,2022-04-28,19:39:00,Leave
38798,2022-04-29 00:47:00,2022-04-29,00:47:00,Attend
38798,2022-05-26 17:55:00,2022-05-26,17:55:00,Attend
38798,2022-05-29 17:59:00,2022-05-29,17:59:00,Attend
38798,2022-06-03 02:57:00,2022-06-03,02:57:00,Leave
38798,2022-06-04 17:54:00,2022-06-04,17:54:00,Attend
38798,2022-06-10 03:02:00,2022-06-10,03:02:00,Leave
38798,2022-06-13 17:56:00,2022-06-13,17:56:00,Attend
38798,2022-06-18 17:57:00,2022-06-18,17:57:00,Attend
38798,2022-07-28 14:28:00,2022-07-28,14:28:00,Attend
38798,2022-08-01 14:32:00,2022-08-01,14:32:00,Attend
38798,2022-08-10 15:59:00,2022-08-10,15:59:00,Attend
38798,2022-08-12 02:10:00,2022-08-12,02:10:00,Attend
38798,2022-10-22 17:54:00,2022-10-22,17:54:00,Attend
38798,2022-11-04 02:59:00,2022-11-04,02:59:00,Leave
38798,2022-11-05 18:02:00,2022-11-05,18:02:00,Attend
38798,2022-11-12 03:30:00,2022-11-12,03:30:00,Leave
38798,2022-11-14 17:56:00,2022-11-14,17:56:00,Attend
38798,2022-11-18 05:01:00,2022-11-18,05:01:00,Leave
38798,2022-11-19 17:59:00,2022-11-19,17:59:00,Attend
38798,2022-12-02 01:01:00,2022-12-02,01:01:00,Leave
38798,2023-01-29 15:03:00,2023-01-29,15:03:00,Attend
38798,2023-02-03 00:03:00,2023-02-03,00:03:00,Leave
38798,2023-02-05 14:46:00,2023-02-05,14:46:00,Attend
38798,2023-02-12 14:46:00,2023-02-12,14:46:00,Attend
38798,2023-02-19 14:49:00,2023-02-19,14:49:00,Attend
38798,2023-02-23 14:46:00,2023-02-23,14:46:00,Attend
38798,2023-02-24 00:03:00,2023-02-24,00:03:00,Leave
38798,2023-02-26 14:48:00,2023-02-26,14:48:00,Attend
38798,2023-03-24 13:32:00,2023-03-24,13:32:00,Attend
38798,2023-03-27 15:24:00,2023-03-27,15:24:00,Attend
38798,2023-04-01 15:26:00,2023-04-01,15:26:00,Attend
38798,2023-04-10 15:27:00,2023-04-10,15:27:00,Attend
38798,2023-04-17 15:27:00,2023-04-17,15:27:00,Attend
38798,2023-05-01 14:46:00,2023-05-01,14:46:00,Attend
38798,2023-05-04 14:56:00,2023-05-04,14:56:00,Attend
38798,2023-05-05 00:26:00,2023-05-05,00:26:00,Leave
38798,2023-05-15 14:50:00,2023-05-15,14:50:00,Attend
38798,2023-05-18 15:04:00,2023-05-18,15:04:00,Attend
38798,2023-05-19 00:00:00,2023-05-19,00:00:00,Leave
38798,2023-05-24 15:00:00,2023-05-24,15:00:00,Attend
38798,2023-08-08 18:01:00,2023-08-08,18:01:00,Attend
38798,2023-08-11 20:00:00,2023-08-11,20:00:00,Attend
38798,2023-08-25 02:58:00,2023-08-25,02:58:00,Leave
38798,2023-08-26 18:35:00,2023-08-26,18:35:00,Attend
38798,2023-09-01 04:36:00,2023-09-01,04:36:00,Leave
38798,2023-09-16 09:33:00,2023-09-16,09:33:00,Attend
38798,2023-09-25 06:59:00,2023-09-25,06:59:00,Leave
38798,2023-09-30 18:28:00,2023-09-30,18:28:00,Attend
38798,2023-10-04 18:31:00,2023-10-04,18:31:00,Attend
38798,2023-10-06 03:35:00,2023-10-06,03:35:00,Leave
38798,2023-10-07 18:32:00,2023-10-07,18:32:00,Attend
38798,2023-10-13 03:23:00,2023-10-13,03:23:00,Leave
38798,2023-10-14 18:27:00,2023-10-14,18:27:00,Attend
38798,2023-10-20 01:54:00,2023-10-20,01:54:00,Leave
38798,2023-10-21 18:25:00,2023-10-21,18:25:00,Attend
38798,2023-10-27 00:58:00,2023-10-27,00:58:00,Leave
38798,2023-11-01 05:59:00,2023-11-01,05:59:00,Attend
38798,2023-12-10 18:24:00,2023-12-10,18:24:00,Attend
38798,2023-12-15 03:25:00,2023-12-15,03:25:00,Leave
38798,2023-12-16 18:28:00,2023-12-16,18:28:00,Attend
38798,2023-12-29 00:56:00,2023-12-29,00:56:00,Leave
38798,2023-12-31 14:57:00,2023-12-31,14:57:00,Attend
38798,2024-01-04 03:32:00,2024-01-04,03:32:00,Leave
38798,2024-01-07 18:33:00,2024-01-07,18:33:00,Attend
38798,2024-01-28 06:11:00,2024-01-28,06:11:00,Attend
38798,2024-02-07 06:13:00,2024-02-07,06:13:00,Attend
38798,2024-03-01 06:38:00,2024-03-01,06:38:00,Attend
38798,2024-04-12 18:46:00,2024-04-12,18:46:00,Attend
38798,2024-04-26 01:22:00,2024-04-26,01:22:00,Leave
38798,2024-04-27 18:36:00,2024-04-27,18:36:00,Attend
38798,2024-04-28 04:40:00,2024-04-28,04:40:00,Leave
38798,2024-04-29 18:31:00,2024-04-29,18:31:00,Attend
38798,2024-05-03 03:00:00,2024-05-03,03:00:00,Leave
38798,2024-05-04 18:27:00,2024-05-04,18:27:00,Attend
38799,2022-03-12 11:30:00,2022-03-12,11:30:00,Leave
38799,2022-03-16 15:31:00,2022-03-16,15:31:00,Leave
38799,2022-04-06 17:32:00,2022-04-06,17:32:00,Leave
38799,2022-04-27 17:30:00,2022-04-27,17:30:00,Leave
38799,2022-10-23 17:58:00,2022-10-23,17:58:00,Attend
38799,2022-11-04 03:00:00,2022-11-04,03:00:00,Attend
38799,2022-12-04 17:57:00,2022-12-04,17:57:00,Attend
38799,2022-12-11 17:57:00,2022-12-11,17:57:00,Attend
38799,2022-12-16 02:59:00,2022-12-16,02:59:00,Leave
38799,2022-12-18 18:00:00,2022-12-18,18:00:00,Attend
38799,2022-12-28 17:55:00,2022-12-28,17:55:00,Attend
38799,2023-01-01 17:56:00,2023-01-01,17:56:00,Attend
38799,2023-01-06 02:59:00,2023-01-06,02:59:00,Attend
38799,2023-01-07 17:57:00,2023-01-07,17:57:00,Attend
38799,2023-01-10 17:57:00,2023-01-10,17:57:00,Attend
38799,2023-01-22 18:00:00,2023-01-22,18:00:00,Attend
38799,2023-04-27 17:49:00,2023-04-27,17:49:00,Attend
38799,2023-04-30 17:49:00,2023-04-30,17:49:00,Attend
38799,2023-05-05 03:00:00,2023-05-05,03:00:00,Leave
38799,2023-05-06 17:56:00,2023-05-06,17:56:00,Attend
38799,2023-05-11 17:53:00,2023-05-11,17:53:00,Attend
38799,2023-05-13 17:57:00,2023-05-13,17:57:00,Attend
38799,2023-05-16 18:00:00,2023-05-16,18:00:00,Attend
38799,2023-05-19 04:28:00,2023-05-19,04:28:00,Attend
38799,2023-05-23 17:57:00,2023-05-23,17:57:00,Attend
38799,2023-05-24 00:25:00,2023-05-24,00:25:00,Leave
38799,2023-05-27 17:53:00,2023-05-27,17:53:00,Attend
38799,2023-07-12 17:53:00,2023-07-12,17:53:00,Attend
38799,2023-07-14 06:16:00,2023-07-14,06:16:00,Attend
38799,2023-07-16 17:55:00,2023-07-16,17:55:00,Attend
38799,2023-07-22 06:08:00,2023-07-22,06:08:00,Attend
38799,2023-07-23 17:56:00,2023-07-23,17:56:00,Attend
38799,2023-07-28 02:29:00,2023-07-28,02:29:00,Leave
38799,2023-08-01 17:54:00,2023-08-01,17:54:00,Attend
38799,2023-08-03 17:54:00,2023-08-03,17:54:00,Attend
38799,2023-08-04 01:58:00,2023-08-04,01:58:00,Leave
38799,2023-09-02 17:52:00,2023-09-02,17:52:00,Attend
38799,2023-09-11 02:10:00,2023-09-11,02:10:00,Leave
38799,2023-09-12 18:28:00,2023-09-12,18:28:00,Attend
38799,2023-09-29 02:40:00,2023-09-29,02:40:00,Leave
38799,2023-10-29 18:22:00,2023-10-29,18:22:00,Attend
38799,2023-10-30 02:30:00,2023-10-30,02:30:00,Leave
38799,2023-10-31 18:20:00,2023-10-31,18:20:00,Attend
38799,2023-11-03 02:29:00,2023-11-03,02:29:00,Attend
38799,2023-11-05 18:26:00,2023-11-05,18:26:00,Attend
38799,2023-11-10 03:31:00,2023-11-10,03:31:00,Leave
38799,2023-11-11 18:24:00,2023-11-11,18:24:00,Attend
38800,2022-01-28 13:27:00,2022-01-28,13:27:00,Leave
38800,2022-01-29 01:19:00,2022-01-29,01:19:00,Attend
38800,2022-10-23 09:28:00,2022-10-23,09:28:00,Attend
38800,2023-03-24 13:32:00,2023-03-24,13:32:00,Attend
38800,2023-03-26 15:31:00,2023-03-26,15:31:00,Attend
38800,2023-03-28 15:26:00,2023-03-28,15:26:00,Attend
38800,2023-04-01 15:26:00,2023-04-01,15:26:00,Attend
38800,2023-04-10 15:26:00,2023-04-10,15:26:00,Attend
38800,2023-04-16 15:23:00,2023-04-16,15:23:00,Attend
38800,2023-04-19 01:59:00,2023-04-19,01:59:00,Leave
38800,2023-05-13 06:01:00,2023-05-13,06:01:00,Attend
38800,2023-05-27 17:55:00,2023-05-27,17:55:00,Attend
38800,2023-06-02 01:54:00,2023-06-02,01:54:00,Leave
38800,2023-07-02 18:04:00,2023-07-02,18:04:00,Attend
38800,2023-07-07 03:01:00,2023-07-07,03:01:00,Leave
38800,2023-07-08 17:59:00,2023-07-08,17:59:00,Attend
38800,2023-07-09 01:24:00,2023-07-09,01:24:00,Leave
38800,2023-07-10 17:57:00,2023-07-10,17:57:00,Attend
38800,2023-07-14 06:08:00,2023-07-14,06:08:00,Attend
38800,2023-07-16 17:58:00,2023-07-16,17:58:00,Attend
38800,2023-07-23 17:58:00,2023-07-23,17:58:00,Attend
38800,2023-07-28 02:26:00,2023-07-28,02:26:00,Leave
38800,2023-08-01 17:55:00,2023-08-01,17:55:00,Attend
38800,2023-08-03 17:55:00,2023-08-03,17:55:00,Attend
38800,2023-08-04 01:57:00,2023-08-04,01:57:00,Leave
38800,2023-09-02 17:54:00,2023-09-02,17:54:00,Attend
38800,2023-09-09 18:24:00,2023-09-09,18:24:00,Attend
38800,2023-09-11 18:26:00,2023-09-11,18:26:00,Attend
38800,2023-09-23 18:31:00,2023-09-23,18:31:00,Attend
38800,2023-09-27 18:26:00,2023-09-27,18:26:00,Attend
38800,2023-09-29 02:39:00,2023-09-29,02:39:00,Leave
38800,2023-10-29 18:23:00,2023-10-29,18:23:00,Attend
38800,2023-11-02 18:24:00,2023-11-02,18:24:00,Attend
38800,2023-11-03 02:28:00,2023-11-03,02:28:00,Leave
38800,2023-11-06 18:24:00,2023-11-06,18:24:00,Attend
38800,2023-11-10 07:16:00,2023-11-10,07:16:00,Attend
38800,2023-11-11 18:26:00,2023-11-11,18:26:00,Attend
38800,2023-11-12 18:23:00,2023-11-12,18:23:00,Attend
38801,2022-01-03 14:21:00,2022-01-03,14:21:00,Attend
38801,2022-01-16 14:11:00,2022-01-16,14:11:00,Attend
38801,2022-01-28 13:28:00,2022-01-28,13:28:00,Leave
38801,2022-01-29 01:22:00,2022-01-29,01:22:00,Attend
38801,2022-07-02 18:03:00,2022-07-02,18:03:00,Attend
38801,2022-07-08 03:05:00,2022-07-08,03:05:00,Leave
38801,2022-07-17 17:59:00,2022-07-17,17:59:00,Attend
38801,2022-07-30 17:59:00,2022-07-30,17:59:00,Attend
38801,2022-08-05 06:31:00,2022-08-05,06:31:00,Leave
38801,2022-08-06 18:02:00,2022-08-06,18:02:00,Attend
38801,2022-09-04 17:57:00,2022-09-04,17:57:00,Attend
38801,2022-09-16 06:20:00,2022-09-16,06:20:00,Leave
38801,2022-09-17 18:43:00,2022-09-17,18:43:00,Attend
38801,2022-09-23 02:01:00,2022-09-23,02:01:00,Leave
38801,2022-11-19 17:58:00,2022-11-19,17:58:00,Attend
38801,2022-12-02 01:09:00,2022-12-02,01:09:00,Leave
38801,2023-01-06 21:29:00,2023-01-06,21:29:00,Attend
38801,2023-01-28 17:55:00,2023-01-28,17:55:00,Attend
38801,2023-02-04 16:34:00,2023-02-04,16:34:00,Attend
38801,2023-02-12 17:47:00,2023-02-12,17:47:00,Attend
38801,2023-02-19 17:45:00,2023-02-19,17:45:00,Attend
38801,2023-02-23 17:46:00,2023-02-23,17:46:00,Attend
38801,2023-02-24 02:11:00,2023-02-24,02:11:00,Leave
38801,2023-02-26 17:46:00,2023-02-26,17:46:00,Attend
38801,2023-03-03 03:04:00,2023-03-03,03:04:00,Leave
38801,2023-03-04 17:48:00,2023-03-04,17:48:00,Attend
38801,2023-03-17 03:00:00,2023-03-17,03:00:00,Leave
38801,2023-03-18 17:54:00,2023-03-18,17:54:00,Attend
38801,2023-03-24 13:33:00,2023-03-24,13:33:00,Attend
38801,2023-03-26 15:33:00,2023-03-26,15:33:00,Attend
38801,2023-03-28 15:30:00,2023-03-28,15:30:00,Attend
38801,2023-04-01 15:29:00,2023-04-01,15:29:00,Attend
38801,2023-04-09 15:27:00,2023-04-09,15:27:00,Attend
38801,2023-04-15 15:26:00,2023-04-15,15:26:00,Attend
38801,2023-06-04 17:56:00,2023-06-04,17:56:00,Attend
38801,2023-06-16 00:48:00,2023-06-16,00:48:00,Leave
38801,2023-06-17 18:12:00,2023-06-17,18:12:00,Attend
38801,2023-06-24 18:06:00,2023-06-24,18:06:00,Attend
38801,2023-08-08 18:03:00,2023-08-08,18:03:00,Attend
38801,2023-08-11 02:50:00,2023-08-11,02:50:00,Leave
38801,2023-08-12 20:03:00,2023-08-12,20:03:00,Attend
38801,2023-08-19 17:55:00,2023-08-19,17:55:00,Attend
38801,2023-08-25 02:58:00,2023-08-25,02:58:00,Leave
38801,2023-08-27 18:00:00,2023-08-27,18:00:00,Attend
38801,2023-09-01 03:00:00,2023-09-01,03:00:00,Leave
38801,2023-09-30 18:28:00,2023-09-30,18:28:00,Attend
38801,2023-10-03 04:56:00,2023-10-03,04:56:00,Leave
38801,2023-10-08 18:30:00,2023-10-08,18:30:00,Attend
38801,2023-10-13 03:24:00,2023-10-13,03:24:00,Leave
38801,2023-10-14 18:27:00,2023-10-14,18:27:00,Attend
38801,2023-10-20 01:57:00,2023-10-20,01:57:00,Leave
38801,2023-10-22 18:27:00,2023-10-22,18:27:00,Attend
38801,2023-10-27 01:00:00,2023-10-27,01:00:00,Leave
38802,2022-01-14 02:59:00,2022-01-14,02:59:00,Attend
38802,2022-01-29 01:22:00,2022-01-29,01:22:00,Attend
38802,2022-02-04 03:31:00,2022-02-04,03:31:00,Attend
38802,2022-02-18 02:53:00,2022-02-18,02:53:00,Attend
38802,2022-02-25 07:04:00,2022-02-25,07:04:00,Attend
38802,2022-03-04 02:51:00,2022-03-04,02:51:00,Attend
38802,2022-03-05 16:26:00,2022-03-05,16:26:00,Leave
38802,2022-03-11 03:15:00,2022-03-11,03:15:00,Attend
38802,2022-03-13 17:57:00,2022-03-13,17:57:00,Leave
38802,2022-03-18 03:02:00,2022-03-18,03:02:00,Attend
38802,2022-03-25 08:27:00,2022-03-25,08:27:00,Attend
38802,2022-04-01 01:02:00,2022-04-01,01:02:00,Attend
38802,2022-04-24 14:53:00,2022-04-24,14:53:00,Leave
38802,2022-05-14 17:56:00,2022-05-14,17:56:00,Leave
38802,2022-06-03 02:57:00,2022-06-03,02:57:00,Leave
38802,2022-06-04 17:54:00,2022-06-04,17:54:00,Attend
38802,2022-06-07 17:55:00,2022-06-07,17:55:00,Attend
38802,2022-06-13 03:02:00,2022-06-13,03:02:00,Leave
38802,2022-06-15 17:59:00,2022-06-15,17:59:00,Attend
38802,2022-06-17 04:01:00,2022-06-17,04:01:00,Leave
38802,2022-06-18 17:57:00,2022-06-18,17:57:00,Attend
38802,2022-07-01 07:35:00,2022-07-01,07:35:00,Leave
38802,2022-07-02 18:03:00,2022-07-02,18:03:00,Attend
38802,2022-07-08 03:01:00,2022-07-08,03:01:00,Leave
38802,2022-07-17 17:58:00,2022-07-17,17:58:00,Attend
38802,2022-07-30 17:58:00,2022-07-30,17:58:00,Attend
38802,2022-08-05 06:30:00,2022-08-05,06:30:00,Leave
38802,2022-08-07 17:58:00,2022-08-07,17:58:00,Attend
38802,2022-09-19 06:00:00,2022-09-19,06:00:00,Leave
38802,2022-11-05 18:01:00,2022-11-05,18:01:00,Attend
38802,2022-11-12 03:30:00,2022-11-12,03:30:00,Leave
38802,2022-11-14 17:57:00,2022-11-14,17:57:00,Attend
38802,2022-11-15 01:13:00,2022-11-15,01:13:00,Leave
38802,2022-11-16 17:58:00,2022-11-16,17:58:00,Attend
38802,2022-11-18 02:59:00,2022-11-18,02:59:00,Leave
38802,2022-11-19 18:00:00,2022-11-19,18:00:00,Attend
38802,2022-12-02 01:01:00,2022-12-02,01:01:00,Leave
38802,2023-01-28 17:54:00,2023-01-28,17:54:00,Attend
38802,2023-02-03 02:59:00,2023-02-03,02:59:00,Leave
38802,2023-02-04 16:34:00,2023-02-04,16:34:00,Attend
38802,2023-02-12 17:47:00,2023-02-12,17:47:00,Attend
38802,2023-02-19 17:45:00,2023-02-19,17:45:00,Attend
38802,2023-02-23 17:45:00,2023-02-23,17:45:00,Attend
38802,2023-02-24 02:01:00,2023-02-24,02:01:00,Leave
38802,2023-02-26 17:46:00,2023-02-26,17:46:00,Attend
38802,2023-03-03 03:03:00,2023-03-03,03:03:00,Leave
38802,2023-03-04 17:47:00,2023-03-04,17:47:00,Attend
38802,2023-03-17 02:58:00,2023-03-17,02:58:00,Leave
38802,2023-03-18 17:54:00,2023-03-18,17:54:00,Attend
38802,2023-03-24 13:30:00,2023-03-24,13:30:00,Attend
38802,2023-03-26 15:30:00,2023-03-26,15:30:00,Attend
38802,2023-03-28 15:26:00,2023-03-28,15:26:00,Attend
38802,2023-04-02 15:29:00,2023-04-02,15:29:00,Attend
38802,2023-04-09 15:26:00,2023-04-09,15:26:00,Attend
38802,2023-04-15 15:23:00,2023-04-15,15:23:00,Attend
38802,2023-06-04 17:53:00,2023-06-04,17:53:00,Attend
38802,2023-06-14 05:56:00,2023-06-14,05:56:00,Leave
38802,2023-06-15 17:57:00,2023-06-15,17:57:00,Attend
38802,2023-06-16 00:47:00,2023-06-16,00:47:00,Leave
38802,2023-06-18 17:54:00,2023-06-18,17:54:00,Attend
38802,2023-06-24 18:05:00,2023-06-24,18:05:00,Attend
38802,2023-08-08 18:00:00,2023-08-08,18:00:00,Attend
38802,2023-08-11 02:48:00,2023-08-11,02:48:00,Leave
38802,2023-08-12 20:01:00,2023-08-12,20:01:00,Attend
38802,2023-08-17 02:56:00,2023-08-17,02:56:00,Attend
38802,2023-08-19 17:54:00,2023-08-19,17:54:00,Attend
38802,2023-08-25 02:55:00,2023-08-25,02:55:00,Leave
38802,2023-08-27 17:54:00,2023-08-27,17:54:00,Attend
38802,2023-08-31 17:54:00,2023-08-31,17:54:00,Attend
38802,2023-09-01 04:35:00,2023-09-01,04:35:00,Leave
38802,2023-11-05 18:24:00,2023-11-05,18:24:00,Attend
38802,2023-11-10 03:28:00,2023-11-10,03:28:00,Attend
38802,2023-11-11 18:41:00,2023-11-11,18:41:00,Attend
38802,2023-11-25 18:23:00,2023-11-25,18:23:00,Attend
38802,2023-12-03 18:24:00,2023-12-03,18:24:00,Attend
38802,2023-12-08 02:30:00,2023-12-08,02:30:00,Leave
38802,2024-01-13 18:25:00,2024-01-13,18:25:00,Attend
38802,2024-01-18 03:57:00,2024-01-18,03:57:00,Leave
38802,2024-01-20 00:53:00,2024-01-20,00:53:00,Leave
38802,2024-02-02 06:00:00,2024-02-02,06:00:00,Leave
38802,2024-02-07 04:09:00,2024-02-07,04:09:00,Leave
38802,2024-03-01 03:04:00,2024-03-01,03:04:00,Leave
38802,2024-03-03 18:25:00,2024-03-03,18:25:00,Attend
38802,2024-03-09 23:55:00,2024-03-09,23:55:00,Attend
38802,2024-03-10 18:26:00,2024-03-10,18:26:00,Attend
38802,2024-03-16 15:30:00,2024-03-16,15:30:00,Attend
38802,2024-03-29 13:54:00,2024-03-29,13:54:00,Attend
38802,2024-04-01 12:25:00,2024-04-01,12:25:00,Attend
38802,2024-04-12 14:49:00,2024-04-12,14:49:00,Attend
38802,2024-04-21 14:59:00,2024-04-21,14:59:00,Attend
38802,2024-04-26 01:17:00,2024-04-26,01:17:00,Leave
38802,2024-04-27 18:32:00,2024-04-27,18:32:00,Attend
38802,2024-05-01 02:57:00,2024-05-01,02:57:00,Leave
38802,2024-05-02 18:30:00,2024-05-02,18:30:00,Attend
38802,2024-05-03 02:58:00,2024-05-03,02:58:00,Leave
38802,2024-05-05 18:32:00,2024-05-05,18:32:00,Attend
38802,2024-05-15 04:52:00,2024-05-15,04:52:00,Leave
38803,2022-01-12 05:11:00,2022-01-12,05:11:00,Leave
38803,2022-01-29 18:00:00,2022-01-29,18:00:00,Attend
38803,2022-02-18 06:09:00,2022-02-18,06:09:00,Attend
38803,2022-04-06 05:21:00,2022-04-06,05:21:00,Attend
38803,2022-06-07 04:47:00,2022-06-07,04:47:00,Leave
38803,2022-06-27 04:48:00,2022-06-27,04:48:00,Attend
38803,2022-12-16 06:18:00,2022-12-16,06:18:00,Attend
38803,2023-03-23 21:33:00,2023-03-23,21:33:00,Attend
38803,2023-04-07 05:30:00,2023-04-07,05:30:00,Attend
38803,2023-04-08 21:59:00,2023-04-08,21:59:00,Attend
38803,2023-06-16 06:06:00,2023-06-16,06:06:00,Attend
38803,2023-09-14 04:55:00,2023-09-14,04:55:00,Leave
38803,2023-09-18 04:56:00,2023-09-18,04:56:00,Attend
38803,2023-10-04 15:05:00,2023-10-04,15:05:00,Attend
38804,2022-08-13 17:57:00,2022-08-13,17:57:00,Attend
38804,2022-08-19 03:08:00,2022-08-19,03:08:00,Leave
38804,2022-08-20 17:59:00,2022-08-20,17:59:00,Attend
38804,2022-09-02 02:41:00,2022-09-02,02:41:00,Leave
38804,2022-09-03 18:01:00,2022-09-03,18:01:00,Attend
38804,2022-09-16 06:17:00,2022-09-16,06:17:00,Leave
38804,2022-09-17 18:43:00,2022-09-17,18:43:00,Attend
38804,2022-10-16 17:57:00,2022-10-16,17:57:00,Attend
38804,2022-11-04 03:00:00,2022-11-04,03:00:00,Attend
38804,2022-11-05 18:03:00,2022-11-05,18:03:00,Attend
38804,2022-11-12 17:57:00,2022-11-12,17:57:00,Attend
38804,2022-11-18 03:00:00,2022-11-18,03:00:00,Attend
38804,2023-04-27 17:49:00,2023-04-27,17:49:00,Attend
38804,2023-04-30 17:46:00,2023-04-30,17:46:00,Attend
38804,2023-05-05 02:56:00,2023-05-05,02:56:00,Leave
38804,2023-05-06 17:56:00,2023-05-06,17:56:00,Attend
38804,2023-05-11 17:49:00,2023-05-11,17:49:00,Attend
38804,2023-05-13 17:54:00,2023-05-13,17:54:00,Attend
38804,2023-05-19 04:27:00,2023-05-19,04:27:00,Attend
38804,2023-05-21 17:53:00,2023-05-21,17:53:00,Attend
38804,2023-05-25 02:59:00,2023-05-25,02:59:00,Leave
38804,2023-08-09 17:53:00,2023-08-09,17:53:00,Attend
38804,2023-08-12 16:34:00,2023-08-12,16:34:00,Attend
38804,2023-08-14 14:56:00,2023-08-14,14:56:00,Attend
38804,2023-08-19 14:58:00,2023-08-19,14:58:00,Attend
38804,2023-08-23 14:56:00,2023-08-23,14:56:00,Attend
38804,2023-08-25 00:01:00,2023-08-25,00:01:00,Leave
38804,2023-08-27 14:53:00,2023-08-27,14:53:00,Attend
38804,2023-09-01 00:01:00,2023-09-01,00:01:00,Leave
38804,2023-10-04 18:27:00,2023-10-04,18:27:00,Attend
38804,2023-10-06 03:42:00,2023-10-06,03:42:00,Leave
38804,2023-10-07 18:29:00,2023-10-07,18:29:00,Attend
38804,2023-10-13 03:20:00,2023-10-13,03:20:00,Leave
38804,2023-10-14 14:56:00,2023-10-14,14:56:00,Attend
38804,2023-10-20 01:54:00,2023-10-20,01:54:00,Leave
38804,2023-10-22 18:23:00,2023-10-22,18:23:00,Attend
38804,2023-10-24 03:00:00,2023-10-24,03:00:00,Leave
38804,2023-10-27 01:00:00,2023-10-27,01:00:00,Leave
38804,2023-10-29 18:20:00,2023-10-29,18:20:00,Attend
38804,2023-11-03 02:30:00,2023-11-03,02:30:00,Leave
38804,2023-11-05 18:27:00,2023-11-05,18:27:00,Attend
38804,2023-11-10 03:30:00,2023-11-10,03:30:00,Leave
38804,2023-11-11 18:25:00,2023-11-11,18:25:00,Attend
38804,2023-11-17 03:36:00,2023-11-17,03:36:00,Leave
38804,2023-11-18 18:24:00,2023-11-18,18:24:00,Attend
38804,2023-11-24 04:24:00,2023-11-24,04:24:00,Leave
38804,2023-12-01 00:01:00,2023-12-01,00:01:00,Leave
38804,2023-12-08 02:30:00,2023-12-08,02:30:00,Leave
38804,2024-01-13 18:24:00,2024-01-13,18:24:00,Attend
38804,2024-01-18 04:00:00,2024-01-18,04:00:00,Leave
38804,2024-01-20 01:02:00,2024-01-20,01:02:00,Attend
38804,2024-01-25 05:02:00,2024-01-25,05:02:00,Attend
38804,2024-02-02 04:00:00,2024-02-02,04:00:00,Leave
38804,2024-02-03 18:36:00,2024-02-03,18:36:00,Attend
38804,2024-02-04 03:59:00,2024-02-04,03:59:00,Leave
38804,2024-02-05 05:35:00,2024-02-05,05:35:00,Attend
38804,2024-02-08 18:28:00,2024-02-08,18:28:00,Attend
38804,2024-03-01 02:57:00,2024-03-01,02:57:00,Leave
38804,2024-03-03 18:23:00,2024-03-03,18:23:00,Attend
38804,2024-03-09 01:32:00,2024-03-09,01:32:00,Attend
38804,2024-04-28 18:33:00,2024-04-28,18:33:00,Attend
38804,2024-05-03 03:00:00,2024-05-03,03:00:00,Leave
38804,2024-05-04 18:24:00,2024-05-04,18:24:00,Attend
38805,2022-01-28 13:28:00,2022-01-28,13:28:00,Leave
38805,2022-01-29 01:22:00,2022-01-29,01:22:00,Attend
38805,2022-10-01 18:00:00,2022-10-01,18:00:00,Attend
38805,2022-10-05 17:55:00,2022-10-05,17:55:00,Attend
38805,2022-10-07 03:17:00,2022-10-07,03:17:00,Leave
38805,2022-10-08 17:57:00,2022-10-08,17:57:00,Attend
38805,2022-10-14 04:01:00,2022-10-14,04:01:00,Leave
38805,2022-10-16 17:59:00,2022-10-16,17:59:00,Attend
38805,2022-11-04 03:00:00,2022-11-04,03:00:00,Attend
38805,2022-11-05 18:02:00,2022-11-05,18:02:00,Attend
38805,2022-11-18 02:59:00,2022-11-18,02:59:00,Attend
38805,2022-12-04 17:57:00,2022-12-04,17:57:00,Attend
38805,2022-12-09 03:36:00,2022-12-09,03:36:00,Leave
38805,2022-12-11 17:56:00,2022-12-11,17:56:00,Attend
38805,2022-12-23 03:20:00,2022-12-23,03:20:00,Leave
38805,2022-12-25 17:57:00,2022-12-25,17:57:00,Attend
38805,2023-01-01 17:57:00,2023-01-01,17:57:00,Attend
38805,2023-01-06 08:00:00,2023-01-06,08:00:00,Attend
38805,2023-01-07 17:58:00,2023-01-07,17:58:00,Attend
38805,2023-01-22 18:01:00,2023-01-22,18:01:00,Attend
38805,2023-01-28 17:55:00,2023-01-28,17:55:00,Attend
38805,2023-04-08 15:37:00,2023-04-08,15:37:00,Attend
38805,2023-04-27 17:54:00,2023-04-27,17:54:00,Attend
38805,2023-04-30 17:51:00,2023-04-30,17:51:00,Attend
38805,2023-05-05 02:58:00,2023-05-05,02:58:00,Leave
38805,2023-05-11 17:54:00,2023-05-11,17:54:00,Attend
38805,2023-05-13 17:57:00,2023-05-13,17:57:00,Attend
38805,2023-05-19 04:29:00,2023-05-19,04:29:00,Attend
38805,2023-06-04 17:55:00,2023-06-04,17:55:00,Attend
38805,2023-06-10 01:35:00,2023-06-10,01:35:00,Attend
38805,2023-06-17 18:11:00,2023-06-17,18:11:00,Attend
38805,2023-06-18 03:43:00,2023-06-18,03:43:00,Leave
38805,2023-06-24 16:37:00,2023-06-24,16:37:00,Attend
38805,2023-06-25 03:03:00,2023-06-25,03:03:00,Leave
38805,2023-07-02 16:32:00,2023-07-02,16:32:00,Attend
38805,2023-07-07 02:49:00,2023-07-07,02:49:00,Leave
38805,2023-07-08 17:57:00,2023-07-08,17:57:00,Attend
38805,2023-07-14 06:15:00,2023-07-14,06:15:00,Attend
38805,2023-07-15 20:43:00,2023-07-15,20:43:00,Attend
38805,2023-07-16 18:04:00,2023-07-16,18:04:00,Attend
38805,2023-07-22 07:17:00,2023-07-22,07:17:00,Attend
38805,2023-07-23 17:56:00,2023-07-23,17:56:00,Attend
38805,2023-07-28 02:26:00,2023-07-28,02:26:00,Leave
38805,2023-08-01 17:50:00,2023-08-01,17:50:00,Attend
38805,2023-08-03 17:52:00,2023-08-03,17:52:00,Attend
38805,2023-08-04 01:50:00,2023-08-04,01:50:00,Leave
38805,2023-08-08 18:02:00,2023-08-08,18:02:00,Attend
38805,2023-08-11 02:47:00,2023-08-11,02:47:00,Leave
38805,2023-08-12 20:03:00,2023-08-12,20:03:00,Attend
38805,2023-08-25 02:57:00,2023-08-25,02:57:00,Leave
38805,2023-08-27 04:59:00,2023-08-27,04:59:00,Leave
38805,2023-08-29 02:57:00,2023-08-29,02:57:00,Leave
38805,2023-09-02 09:32:00,2023-09-02,09:32:00,Attend
38805,2023-11-05 18:27:00,2023-11-05,18:27:00,Attend
38805,2023-11-10 07:15:00,2023-11-10,07:15:00,Attend
38805,2023-11-11 18:41:00,2023-11-11,18:41:00,Attend
38805,2023-11-17 05:16:00,2023-11-17,05:16:00,Attend
38805,2023-11-24 03:13:00,2023-11-24,03:13:00,Leave
38805,2023-11-25 18:26:00,2023-11-25,18:26:00,Attend
38805,2023-12-01 00:02:00,2023-12-01,00:02:00,Leave
38805,2023-12-03 18:23:00,2023-12-03,18:23:00,Attend
38805,2023-12-08 02:34:00,2023-12-08,02:34:00,Leave
38805,2024-01-30 04:05:00,2024-01-30,04:05:00,Leave
38805,2024-02-02 06:06:00,2024-02-02,06:06:00,Attend
38805,2024-02-03 18:35:00,2024-02-03,18:35:00,Attend
38805,2024-02-06 06:19:00,2024-02-06,06:19:00,Attend
38805,2024-02-08 05:03:00,2024-02-08,05:03:00,Attend
38805,2024-03-01 03:15:00,2024-03-01,03:15:00,Attend
38805,2024-03-03 18:32:00,2024-03-03,18:32:00,Attend
38805,2024-03-08 03:36:00,2024-03-08,03:36:00,Leave
38805,2024-03-19 07:46:00,2024-03-19,07:46:00,Attend
38805,2024-03-29 13:56:00,2024-03-29,13:56:00,Attend
38805,2024-04-12 18:42:00,2024-04-12,18:42:00,Attend
38805,2024-04-14 18:28:00,2024-04-14,18:28:00,Attend
38805,2024-05-03 03:12:00,2024-05-03,03:12:00,Leave
38805,2024-05-04 18:25:00,2024-05-04,18:25:00,Attend
38805,2024-05-11 18:33:00,2024-05-11,18:33:00,Attend
38805,2024-05-15 03:27:00,2024-05-15,03:27:00,Leave
38806,2022-03-02 18:02:00,2022-03-02,18:02:00,Leave
38806,2022-03-04 02:51:00,2022-03-04,02:51:00,Attend
38806,2022-03-05 16:26:00,2022-03-05,16:26:00,Leave
38806,2022-03-11 03:15:00,2022-03-11,03:15:00,Attend
38806,2022-03-13 17:57:00,2022-03-13,17:57:00,Leave
38806,2022-03-18 03:01:00,2022-03-18,03:01:00,Attend
38806,2022-03-25 04:05:00,2022-03-25,04:05:00,Attend
38806,2022-04-01 01:03:00,2022-04-01,01:03:00,Attend
38806,2022-04-25 15:01:00,2022-04-25,15:01:00,Leave
38806,2022-04-27 15:02:00,2022-04-27,15:02:00,Leave
38806,2022-05-30 17:56:00,2022-05-30,17:56:00,Attend
38806,2022-06-03 02:58:00,2022-06-03,02:58:00,Leave
38806,2022-06-04 17:54:00,2022-06-04,17:54:00,Attend
38806,2022-06-17 04:03:00,2022-06-17,04:03:00,Leave
38806,2022-06-18 17:57:00,2022-06-18,17:57:00,Attend
38806,2022-07-01 07:42:00,2022-07-01,07:42:00,Attend
38806,2022-07-02 18:03:00,2022-07-02,18:03:00,Attend
38806,2022-07-08 03:01:00,2022-07-08,03:01:00,Leave
38806,2022-07-17 17:58:00,2022-07-17,17:58:00,Attend
38806,2022-07-30 17:59:00,2022-07-30,17:59:00,Attend
38806,2022-08-05 06:31:00,2022-08-05,06:31:00,Leave
38806,2022-08-06 18:04:00,2022-08-06,18:04:00,Attend
38806,2022-11-05 18:01:00,2022-11-05,18:01:00,Attend
38806,2022-11-18 03:00:00,2022-11-18,03:00:00,Leave
38806,2022-11-19 17:58:00,2022-11-19,17:58:00,Attend
38806,2022-12-02 01:00:00,2022-12-02,01:00:00,Leave
38806,2023-01-28 17:55:00,2023-01-28,17:55:00,Attend
38806,2023-02-03 02:59:00,2023-02-03,02:59:00,Leave
38806,2023-02-04 16:34:00,2023-02-04,16:34:00,Attend
38806,2023-02-13 17:54:00,2023-02-13,17:54:00,Attend
38806,2023-02-19 17:45:00,2023-02-19,17:45:00,Attend
38806,2023-02-23 17:46:00,2023-02-23,17:46:00,Attend
38806,2023-02-24 02:00:00,2023-02-24,02:00:00,Leave
38806,2023-02-26 17:46:00,2023-02-26,17:46:00,Attend
38806,2023-03-03 03:00:00,2023-03-03,03:00:00,Leave
38806,2023-03-04 17:48:00,2023-03-04,17:48:00,Attend
38806,2023-03-13 17:50:00,2023-03-13,17:50:00,Attend
38806,2023-03-17 02:59:00,2023-03-17,02:59:00,Leave
38806,2023-03-18 17:54:00,2023-03-18,17:54:00,Attend
38806,2023-03-24 13:30:00,2023-03-24,13:30:00,Attend
38806,2023-03-26 15:31:00,2023-03-26,15:31:00,Attend
38806,2023-03-28 15:24:00,2023-03-28,15:24:00,Attend
38806,2023-04-01 15:26:00,2023-04-01,15:26:00,Attend
38806,2023-04-09 15:25:00,2023-04-09,15:25:00,Attend
38806,2023-04-15 15:22:00,2023-04-15,15:22:00,Attend
38806,2023-04-24 06:59:00,2023-04-24,06:59:00,Leave
38806,2023-05-09 06:04:00,2023-05-09,06:04:00,Leave
38806,2023-06-24 06:00:00,2023-06-24,06:00:00,Attend
38806,2023-06-25 07:43:00,2023-06-25,07:43:00,Attend
38806,2023-08-08 17:59:00,2023-08-08,17:59:00,Attend
38806,2023-08-19 17:54:00,2023-08-19,17:54:00,Attend
38806,2023-08-25 02:55:00,2023-08-25,02:55:00,Leave
38806,2023-08-27 17:58:00,2023-08-27,17:58:00,Attend
38806,2023-08-31 17:57:00,2023-08-31,17:57:00,Attend
38806,2023-09-01 03:00:00,2023-09-01,03:00:00,Leave
38806,2023-09-30 18:24:00,2023-09-30,18:24:00,Attend
38806,2023-10-03 04:56:00,2023-10-03,04:56:00,Leave
38806,2023-10-08 18:25:00,2023-10-08,18:25:00,Attend
38806,2023-10-13 03:23:00,2023-10-13,03:23:00,Leave
38806,2023-10-14 18:25:00,2023-10-14,18:25:00,Attend
38806,2023-10-16 18:26:00,2023-10-16,18:26:00,Attend
38806,2023-10-20 01:56:00,2023-10-20,01:56:00,Attend
38806,2023-10-22 18:26:00,2023-10-22,18:26:00,Attend
38806,2023-10-26 02:58:00,2023-10-26,02:58:00,Leave
38806,2023-10-27 01:00:00,2023-10-27,01:00:00,Attend
38807,2022-01-28 13:27:00,2022-01-28,13:27:00,Leave
38807,2022-01-29 01:22:00,2022-01-29,01:22:00,Attend
38807,2022-05-13 13:23:00,2022-05-13,13:23:00,Leave
38807,2022-08-13 17:57:00,2022-08-13,17:57:00,Attend
38807,2022-08-19 03:14:00,2022-08-19,03:14:00,Leave
38807,2022-08-20 17:58:00,2022-08-20,17:58:00,Attend
38807,2022-09-02 02:42:00,2022-09-02,02:42:00,Leave
38807,2022-09-03 18:00:00,2022-09-03,18:00:00,Attend
38807,2022-09-16 04:04:00,2022-09-16,04:04:00,Leave
38807,2022-09-17 18:42:00,2022-09-17,18:42:00,Attend
38807,2022-09-23 02:00:00,2022-09-23,02:00:00,Leave
38807,2022-09-24 17:57:00,2022-09-24,17:57:00,Attend
38807,2022-09-30 03:01:00,2022-09-30,03:01:00,Leave
38807,2022-10-01 17:58:00,2022-10-01,17:58:00,Attend
38807,2022-10-05 17:54:00,2022-10-05,17:54:00,Attend
38807,2022-10-06 03:01:00,2022-10-06,03:01:00,Leave
38807,2022-10-07 03:10:00,2022-10-07,03:10:00,Attend
38807,2022-10-08 17:58:00,2022-10-08,17:58:00,Attend
38807,2022-10-14 04:00:00,2022-10-14,04:00:00,Leave
38807,2022-10-16 17:57:00,2022-10-16,17:57:00,Attend
38807,2022-11-04 03:00:00,2022-11-04,03:00:00,Leave
38807,2022-11-05 15:56:00,2022-11-05,15:56:00,Attend
38807,2022-11-18 01:05:00,2022-11-18,01:05:00,Leave
38807,2022-11-19 17:57:00,2022-11-19,17:57:00,Attend
38807,2022-11-26 15:54:00,2022-11-26,15:54:00,Attend
38807,2022-12-02 01:00:00,2022-12-02,01:00:00,Leave
38807,2022-12-04 16:00:00,2022-12-04,16:00:00,Attend
38807,2022-12-09 00:04:00,2022-12-09,00:04:00,Leave
38807,2022-12-11 15:00:00,2022-12-11,15:00:00,Attend
38807,2022-12-16 00:31:00,2022-12-16,00:31:00,Leave
38807,2022-12-18 14:58:00,2022-12-18,14:58:00,Attend
38807,2022-12-23 00:02:00,2022-12-23,00:02:00,Leave
38807,2022-12-25 14:58:00,2022-12-25,14:58:00,Attend
38807,2022-12-30 00:00:00,2022-12-30,00:00:00,Leave
38807,2023-01-01 14:56:00,2023-01-01,14:56:00,Attend
38807,2023-01-04 15:03:00,2023-01-04,15:03:00,Attend
38807,2023-01-06 06:00:00,2023-01-06,06:00:00,Leave
38807,2023-01-08 15:00:00,2023-01-08,15:00:00,Attend
38807,2023-01-22 14:58:00,2023-01-22,14:58:00,Attend
38807,2023-01-24 14:53:00,2023-01-24,14:53:00,Attend
38807,2023-01-27 00:04:00,2023-01-27,00:04:00,Leave
38807,2023-01-29 15:03:00,2023-01-29,15:03:00,Attend
38807,2023-02-03 00:02:00,2023-02-03,00:02:00,Leave
38807,2023-02-05 14:47:00,2023-02-05,14:47:00,Attend
38807,2023-02-12 14:46:00,2023-02-12,14:46:00,Attend
38807,2023-02-19 14:49:00,2023-02-19,14:49:00,Attend
38807,2023-02-23 14:46:00,2023-02-23,14:46:00,Attend
38807,2023-02-24 00:03:00,2023-02-24,00:03:00,Leave
38807,2023-02-26 14:48:00,2023-02-26,14:48:00,Attend
38807,2023-03-04 14:52:00,2023-03-04,14:52:00,Attend
38807,2023-03-06 14:48:00,2023-03-06,14:48:00,Attend
38807,2023-03-10 17:49:00,2023-03-10,17:49:00,Attend
38807,2023-03-12 14:50:00,2023-03-12,14:50:00,Attend
38807,2023-03-17 00:34:00,2023-03-17,00:34:00,Leave
38807,2023-03-18 14:48:00,2023-03-18,14:48:00,Attend
38807,2023-03-24 13:31:00,2023-03-24,13:31:00,Attend
38807,2023-03-28 15:26:00,2023-03-28,15:26:00,Attend
38807,2023-04-01 15:26:00,2023-04-01,15:26:00,Attend
38807,2023-04-10 15:26:00,2023-04-10,15:26:00,Attend
38807,2023-04-17 15:26:00,2023-04-17,15:26:00,Attend
38807,2023-04-26 08:29:00,2023-04-26,08:29:00,Leave
38807,2023-05-12 07:26:00,2023-05-12,07:26:00,Attend
38807,2023-06-04 17:55:00,2023-06-04,17:55:00,Attend
38807,2023-06-16 00:48:00,2023-06-16,00:48:00,Leave
38807,2023-06-17 18:07:00,2023-06-17,18:07:00,Attend
38807,2023-06-24 18:04:00,2023-06-24,18:04:00,Attend
38807,2023-08-08 18:03:00,2023-08-08,18:03:00,Attend
38807,2023-08-11 02:51:00,2023-08-11,02:51:00,Leave
38807,2023-08-12 20:00:00,2023-08-12,20:00:00,Attend
38807,2023-08-19 17:53:00,2023-08-19,17:53:00,Attend
38807,2023-08-25 02:58:00,2023-08-25,02:58:00,Leave
38807,2023-08-27 18:00:00,2023-08-27,18:00:00,Attend
38807,2023-08-31 17:58:00,2023-08-31,17:58:00,Attend
38807,2023-09-01 03:00:00,2023-09-01,03:00:00,Leave
38807,2023-09-30 18:27:00,2023-09-30,18:27:00,Attend
38807,2023-10-03 04:58:00,2023-10-03,04:58:00,Leave
38807,2023-10-08 18:25:00,2023-10-08,18:25:00,Attend
38807,2023-10-13 03:23:00,2023-10-13,03:23:00,Leave
38807,2023-10-14 18:26:00,2023-10-14,18:26:00,Attend
38807,2023-10-20 01:57:00,2023-10-20,01:57:00,Leave
38807,2023-10-22 18:26:00,2023-10-22,18:26:00,Attend
38807,2023-10-27 01:00:00,2023-10-27,01:00:00,Leave
38807,2023-12-22 18:24:00,2023-12-22,18:24:00,Attend
38807,2023-12-29 01:01:00,2023-12-29,01:01:00,Leave
38807,2023-12-31 18:38:00,2023-12-31,18:38:00,Attend
38807,2024-03-03 15:04:00,2024-03-03,15:04:00,Attend
38807,2024-03-12 15:31:00,2024-03-12,15:31:00,Attend
38807,2024-04-14 05:59:00,2024-04-14,05:59:00,Leave
38807,2024-05-15 06:07:00,2024-05-15,06:07:00,Leave
38808,2022-01-01 18:21:00,2022-01-01,18:21:00,Attend
38808,2022-01-07 02:57:00,2022-01-07,02:57:00,Leave
38808,2022-01-08 17:59:00,2022-01-08,17:59:00,Attend
38808,2022-01-12 03:09:00,2022-01-12,03:09:00,Leave
38808,2022-01-13 17:59:00,2022-01-13,17:59:00,Attend
38808,2022-01-14 02:58:00,2022-01-14,02:58:00,Leave
38808,2022-01-15 17:57:00,2022-01-15,17:57:00,Attend
38808,2022-01-23 17:53:00,2022-01-23,17:53:00,Attend
38808,2022-01-29 01:19:00,2022-01-29,01:19:00,Attend
38808,2022-01-30 17:56:00,2022-01-30,17:56:00,Attend
38808,2022-02-04 02:51:00,2022-02-04,02:51:00,Leave
38808,2022-02-06 17:56:00,2022-02-06,17:56:00,Attend
38808,2022-02-13 17:58:00,2022-02-13,17:58:00,Attend
38808,2022-02-20 17:58:00,2022-02-20,17:58:00,Attend
38808,2022-03-04 02:51:00,2022-03-04,02:51:00,Attend
38808,2022-03-05 16:26:00,2022-03-05,16:26:00,Leave
38808,2022-03-11 03:19:00,2022-03-11,03:19:00,Attend
38808,2022-03-13 17:57:00,2022-03-13,17:57:00,Leave
38808,2022-03-18 03:06:00,2022-03-18,03:06:00,Attend
38808,2022-03-25 08:26:00,2022-03-25,08:26:00,Attend
38808,2022-04-01 01:03:00,2022-04-01,01:03:00,Attend
38808,2022-04-25 15:01:00,2022-04-25,15:01:00,Leave
38808,2022-05-30 17:56:00,2022-05-30,17:56:00,Attend
38808,2022-06-03 02:59:00,2022-06-03,02:59:00,Leave
38808,2022-06-04 17:54:00,2022-06-04,17:54:00,Attend
38808,2022-06-14 05:08:00,2022-06-14,05:08:00,Leave
38808,2022-06-15 18:00:00,2022-06-15,18:00:00,Attend
38808,2022-06-18 17:57:00,2022-06-18,17:57:00,Attend
38808,2022-07-01 07:41:00,2022-07-01,07:41:00,Leave
38808,2022-07-02 18:03:00,2022-07-02,18:03:00,Attend
38808,2022-07-08 03:06:00,2022-07-08,03:06:00,Leave
38808,2022-07-17 17:58:00,2022-07-17,17:58:00,Attend
38808,2022-07-30 17:59:00,2022-07-30,17:59:00,Attend
38808,2022-08-04 17:57:00,2022-08-04,17:57:00,Attend
38808,2022-08-05 06:30:00,2022-08-05,06:30:00,Leave
38808,2022-08-06 18:02:00,2022-08-06,18:02:00,Attend
38808,2022-08-19 03:14:00,2022-08-19,03:14:00,Leave
38808,2022-08-20 17:59:00,2022-08-20,17:59:00,Attend
38808,2022-09-02 02:42:00,2022-09-02,02:42:00,Leave
38808,2022-09-03 17:59:00,2022-09-03,17:59:00,Attend
38808,2022-09-16 06:20:00,2022-09-16,06:20:00,Leave
38808,2022-09-17 18:43:00,2022-09-17,18:43:00,Attend
38808,2022-09-24 17:55:00,2022-09-24,17:55:00,Attend
38808,2022-09-30 03:03:00,2022-09-30,03:03:00,Leave
38808,2022-10-01 17:59:00,2022-10-01,17:59:00,Attend
38808,2022-10-05 17:54:00,2022-10-05,17:54:00,Attend
38808,2022-10-07 03:14:00,2022-10-07,03:14:00,Leave
38808,2022-10-08 17:57:00,2022-10-08,17:57:00,Attend
38808,2022-10-14 04:01:00,2022-10-14,04:01:00,Leave
38808,2022-10-16 17:58:00,2022-10-16,17:58:00,Attend
38808,2022-11-04 02:58:00,2022-11-04,02:58:00,Leave
38808,2022-11-05 18:03:00,2022-11-05,18:03:00,Attend
38808,2022-11-18 03:01:00,2022-11-18,03:01:00,Leave
38808,2022-11-19 18:00:00,2022-11-19,18:00:00,Attend
38808,2022-12-02 01:09:00,2022-12-02,01:09:00,Leave
38808,2022-12-04 17:59:00,2022-12-04,17:59:00,Attend
38808,2022-12-09 03:36:00,2022-12-09,03:36:00,Leave
38808,2022-12-11 17:56:00,2022-12-11,17:56:00,Attend
38808,2022-12-23 03:19:00,2022-12-23,03:19:00,Leave
38808,2022-12-25 17:57:00,2022-12-25,17:57:00,Attend
38808,2023-01-01 17:56:00,2023-01-01,17:56:00,Attend
38808,2023-01-06 08:00:00,2023-01-06,08:00:00,Attend
38808,2023-01-07 17:56:00,2023-01-07,17:56:00,Attend
38808,2023-01-22 18:01:00,2023-01-22,18:01:00,Attend
38808,2023-01-28 17:55:00,2023-01-28,17:55:00,Attend
38808,2023-02-03 03:00:00,2023-02-03,03:00:00,Leave
38808,2023-02-04 16:34:00,2023-02-04,16:34:00,Attend
38808,2023-02-12 17:47:00,2023-02-12,17:47:00,Attend
38808,2023-02-19 17:45:00,2023-02-19,17:45:00,Attend
38808,2023-02-24 02:16:00,2023-02-24,02:16:00,Leave
38808,2023-02-26 17:46:00,2023-02-26,17:46:00,Attend
38808,2023-03-03 03:06:00,2023-03-03,03:06:00,Leave
38808,2023-03-04 17:47:00,2023-03-04,17:47:00,Attend
38808,2023-03-17 03:00:00,2023-03-17,03:00:00,Leave
38808,2023-03-18 17:53:00,2023-03-18,17:53:00,Attend
38808,2023-03-24 13:29:00,2023-03-24,13:29:00,Attend
38808,2023-03-26 15:32:00,2023-03-26,15:32:00,Attend
38808,2023-03-28 15:27:00,2023-03-28,15:27:00,Attend
38808,2023-04-02 15:30:00,2023-04-02,15:30:00,Attend
38808,2023-04-09 15:25:00,2023-04-09,15:25:00,Attend
38808,2023-04-15 15:23:00,2023-04-15,15:23:00,Attend
38808,2023-04-27 17:52:00,2023-04-27,17:52:00,Attend
38808,2023-04-30 17:49:00,2023-04-30,17:49:00,Attend
38808,2023-05-05 02:59:00,2023-05-05,02:59:00,Leave
38808,2023-05-06 17:56:00,2023-05-06,17:56:00,Attend
38808,2023-05-11 17:52:00,2023-05-11,17:52:00,Attend
38808,2023-05-13 17:58:00,2023-05-13,17:58:00,Attend
38808,2023-05-19 04:30:00,2023-05-19,04:30:00,Attend
38808,2023-05-21 17:56:00,2023-05-21,17:56:00,Attend
38808,2023-05-26 02:00:00,2023-05-26,02:00:00,Leave
38808,2023-05-27 17:56:00,2023-05-27,17:56:00,Attend
38808,2023-05-30 02:58:00,2023-05-30,02:58:00,Leave
38808,2023-06-01 18:03:00,2023-06-01,18:03:00,Attend
38808,2023-06-02 02:02:00,2023-06-02,02:02:00,Leave
38808,2023-06-08 18:31:00,2023-06-08,18:31:00,Attend
38808,2023-08-08 18:01:00,2023-08-08,18:01:00,Attend
38808,2023-08-19 17:56:00,2023-08-19,17:56:00,Attend
38808,2023-08-25 02:58:00,2023-08-25,02:58:00,Leave
38808,2023-08-27 17:57:00,2023-08-27,17:57:00,Attend
38808,2023-09-01 03:00:00,2023-09-01,03:00:00,Leave
38808,2023-11-25 09:32:00,2023-11-25,09:32:00,Attend
38808,2023-12-10 18:20:00,2023-12-10,18:20:00,Attend
38808,2023-12-15 03:42:00,2023-12-15,03:42:00,Leave
38808,2023-12-16 18:26:00,2023-12-16,18:26:00,Attend
38808,2023-12-17 18:26:00,2023-12-17,18:26:00,Attend
38808,2023-12-22 03:55:00,2023-12-22,03:55:00,Leave
38808,2023-12-23 18:38:00,2023-12-23,18:38:00,Attend
38808,2024-01-06 18:23:00,2024-01-06,18:23:00,Attend
38808,2024-01-22 09:32:00,2024-01-22,09:32:00,Attend
38808,2024-02-03 09:30:00,2024-02-03,09:30:00,Attend
38808,2024-02-05 09:29:00,2024-02-05,09:29:00,Attend
38808,2024-02-29 03:49:00,2024-02-29,03:49:00,Leave
38808,2024-03-03 18:26:00,2024-03-03,18:26:00,Attend
38808,2024-03-16 15:32:00,2024-03-16,15:32:00,Attend
38808,2024-03-24 15:28:00,2024-03-24,15:28:00,Attend
38808,2024-03-29 13:56:00,2024-03-29,13:56:00,Attend
38808,2024-04-06 15:23:00,2024-04-06,15:23:00,Attend
38809,2022-01-28 13:28:00,2022-01-28,13:28:00,Leave
38809,2022-01-29 01:20:00,2022-01-29,01:20:00,Attend
38809,2022-03-08 09:25:00,2022-03-08,09:25:00,Attend
38809,2022-10-19 17:54:00,2022-10-19,17:54:00,Attend
38809,2022-11-05 18:01:00,2022-11-05,18:01:00,Attend
38809,2022-11-18 03:00:00,2022-11-18,03:00:00,Attend
38809,2022-12-05 18:00:00,2022-12-05,18:00:00,Attend
38809,2022-12-09 03:36:00,2022-12-09,03:36:00,Leave
38809,2022-12-11 17:55:00,2022-12-11,17:55:00,Attend
38809,2022-12-23 03:20:00,2022-12-23,03:20:00,Leave
38809,2022-12-25 17:56:00,2022-12-25,17:56:00,Attend
38809,2023-01-01 17:56:00,2023-01-01,17:56:00,Attend
38809,2023-01-22 18:00:00,2023-01-22,18:00:00,Attend
38809,2023-09-02 14:58:00,2023-09-02,14:58:00,Attend
38809,2023-09-09 14:56:00,2023-09-09,14:56:00,Attend
38809,2023-09-16 14:55:00,2023-09-16,14:55:00,Attend
38809,2023-09-19 14:54:00,2023-09-19,14:54:00,Attend
38809,2023-09-23 15:06:00,2023-09-23,15:06:00,Attend
38809,2023-09-29 00:01:00,2023-09-29,00:01:00,Leave
38809,2023-09-30 18:30:00,2023-09-30,18:30:00,Attend
38809,2023-10-04 18:30:00,2023-10-04,18:30:00,Attend
38809,2023-10-06 03:40:00,2023-10-06,03:40:00,Leave
38809,2023-10-07 18:32:00,2023-10-07,18:32:00,Attend
38809,2023-10-13 03:26:00,2023-10-13,03:26:00,Leave
38809,2023-10-14 18:28:00,2023-10-14,18:28:00,Attend
38809,2023-10-20 01:54:00,2023-10-20,01:54:00,Leave
38809,2023-10-22 18:26:00,2023-10-22,18:26:00,Attend
38809,2023-10-27 01:00:00,2023-10-27,01:00:00,Leave
38810,2022-01-07 02:58:00,2022-01-07,02:58:00,Attend
38810,2022-01-14 02:59:00,2022-01-14,02:59:00,Attend
38810,2022-01-23 17:55:00,2022-01-23,17:55:00,Leave
38810,2022-01-29 04:08:00,2022-01-29,04:08:00,Leave
38810,2022-02-04 03:01:00,2022-02-04,03:01:00,Attend
38810,2022-04-25 15:01:00,2022-04-25,15:01:00,Leave
38810,2022-05-20 03:00:00,2022-05-20,03:00:00,Leave
38810,2022-05-21 18:00:00,2022-05-21,18:00:00,Attend
38810,2022-05-27 00:17:00,2022-05-27,00:17:00,Leave
38810,2022-05-29 17:59:00,2022-05-29,17:59:00,Attend
38810,2022-06-03 02:59:00,2022-06-03,02:59:00,Leave
38810,2022-06-04 17:54:00,2022-06-04,17:54:00,Attend
38810,2022-06-11 01:56:00,2022-06-11,01:56:00,Leave
38810,2022-06-12 18:00:00,2022-06-12,18:00:00,Attend
38810,2022-06-15 04:32:00,2022-06-15,04:32:00,Leave
38810,2022-06-17 04:03:00,2022-06-17,04:03:00,Leave
38810,2022-06-18 17:57:00,2022-06-18,17:57:00,Attend
38810,2022-07-02 18:03:00,2022-07-02,18:03:00,Attend
38810,2022-07-08 03:01:00,2022-07-08,03:01:00,Leave
38810,2022-07-17 17:58:00,2022-07-17,17:58:00,Attend
38810,2022-07-30 17:58:00,2022-07-30,17:58:00,Attend
38810,2022-08-05 06:30:00,2022-08-05,06:30:00,Leave
38810,2022-08-07 17:58:00,2022-08-07,17:58:00,Attend
38810,2022-08-19 03:08:00,2022-08-19,03:08:00,Leave
38810,2022-08-20 17:59:00,2022-08-20,17:59:00,Attend
38810,2022-09-02 02:41:00,2022-09-02,02:41:00,Leave
38810,2022-09-03 18:01:00,2022-09-03,18:01:00,Attend
38810,2022-09-16 03:04:00,2022-09-16,03:04:00,Leave
38810,2022-09-17 18:43:00,2022-09-17,18:43:00,Attend
38810,2022-09-24 17:56:00,2022-09-24,17:56:00,Attend
38810,2022-09-30 03:00:00,2022-09-30,03:00:00,Leave
38810,2022-10-01 17:58:00,2022-10-01,17:58:00,Attend
38810,2022-10-05 17:54:00,2022-10-05,17:54:00,Attend
38810,2022-10-07 03:08:00,2022-10-07,03:08:00,Leave
38810,2022-10-08 17:57:00,2022-10-08,17:57:00,Attend
38810,2022-10-14 04:00:00,2022-10-14,04:00:00,Leave
38810,2022-10-16 17:57:00,2022-10-16,17:57:00,Attend
38810,2022-10-21 03:05:00,2022-10-21,03:05:00,Leave
38810,2022-12-04 17:57:00,2022-12-04,17:57:00,Attend
38810,2022-12-05 02:58:00,2022-12-05,02:58:00,Leave
38810,2022-12-06 17:57:00,2022-12-06,17:57:00,Attend
38810,2022-12-09 03:33:00,2022-12-09,03:33:00,Leave
38810,2022-12-11 17:56:00,2022-12-11,17:56:00,Attend
38810,2022-12-16 02:59:00,2022-12-16,02:59:00,Leave
38810,2022-12-18 18:00:00,2022-12-18,18:00:00,Attend
38810,2022-12-23 03:20:00,2022-12-23,03:20:00,Leave
38810,2022-12-25 17:57:00,2022-12-25,17:57:00,Attend
38810,2023-01-01 17:56:00,2023-01-01,17:56:00,Attend
38810,2023-01-06 08:00:00,2023-01-06,08:00:00,Attend
38810,2023-01-07 17:57:00,2023-01-07,17:57:00,Attend
38810,2023-01-22 18:01:00,2023-01-22,18:01:00,Attend
38810,2023-01-27 03:00:00,2023-01-27,03:00:00,Leave
38810,2023-02-05 14:47:00,2023-02-05,14:47:00,Attend
38810,2023-02-12 14:46:00,2023-02-12,14:46:00,Attend
38810,2023-02-19 14:49:00,2023-02-19,14:49:00,Attend
38810,2023-02-23 14:46:00,2023-02-23,14:46:00,Attend
38810,2023-02-24 00:01:00,2023-02-24,00:01:00,Leave
38810,2023-02-25 17:49:00,2023-02-25,17:49:00,Attend
38810,2023-03-04 14:52:00,2023-03-04,14:52:00,Attend
38810,2023-03-06 14:48:00,2023-03-06,14:48:00,Attend
38810,2023-03-10 17:49:00,2023-03-10,17:49:00,Attend
38810,2023-03-13 14:48:00,2023-03-13,14:48:00,Attend
38810,2023-03-17 00:33:00,2023-03-17,00:33:00,Leave
38810,2023-03-18 14:48:00,2023-03-18,14:48:00,Attend
38810,2023-03-24 13:31:00,2023-03-24,13:31:00,Attend
38810,2023-03-27 15:24:00,2023-03-27,15:24:00,Attend
38810,2023-04-01 15:26:00,2023-04-01,15:26:00,Attend
38810,2023-04-10 15:27:00,2023-04-10,15:27:00,Attend
38810,2023-04-17 15:27:00,2023-04-17,15:27:00,Attend
38810,2023-05-06 17:56:00,2023-05-06,17:56:00,Attend
38810,2023-05-11 17:49:00,2023-05-11,17:49:00,Attend
38810,2023-05-13 17:53:00,2023-05-13,17:53:00,Attend
38810,2023-05-19 04:27:00,2023-05-19,04:27:00,Leave
38810,2023-05-22 18:01:00,2023-05-22,18:01:00,Attend
38810,2023-05-26 03:20:00,2023-05-26,03:20:00,Leave
38810,2023-05-27 17:54:00,2023-05-27,17:54:00,Attend
38810,2023-06-02 04:47:00,2023-06-02,04:47:00,Leave
38810,2023-07-02 18:02:00,2023-07-02,18:02:00,Attend
38810,2023-07-09 18:00:00,2023-07-09,18:00:00,Attend
38810,2023-07-14 06:05:00,2023-07-14,06:05:00,Leave
38810,2023-07-16 17:56:00,2023-07-16,17:56:00,Attend
38810,2023-07-23 17:58:00,2023-07-23,17:58:00,Attend
38810,2023-07-28 02:26:00,2023-07-28,02:26:00,Leave
38810,2023-08-01 17:50:00,2023-08-01,17:50:00,Attend
38810,2023-08-03 17:51:00,2023-08-03,17:51:00,Attend
38810,2023-08-04 01:56:00,2023-08-04,01:56:00,Leave
38810,2023-09-02 17:54:00,2023-09-02,17:54:00,Attend
38810,2023-09-05 02:58:00,2023-09-05,02:58:00,Leave
38810,2023-09-11 18:22:00,2023-09-11,18:22:00,Attend
38810,2023-09-29 02:38:00,2023-09-29,02:38:00,Leave
38810,2023-10-03 06:00:00,2023-10-03,06:00:00,Attend
38810,2023-10-29 18:20:00,2023-10-29,18:20:00,Attend
38810,2023-10-31 03:25:00,2023-10-31,03:25:00,Leave
38810,2023-11-01 04:59:00,2023-11-01,04:59:00,Leave
38810,2023-11-03 02:28:00,2023-11-03,02:28:00,Leave
38810,2023-11-04 16:09:00,2023-11-04,16:09:00,Attend
38810,2023-11-10 04:27:00,2023-11-10,04:27:00,Attend
38810,2023-11-11 18:26:00,2023-11-11,18:26:00,Attend
38810,2023-11-17 03:31:00,2023-11-17,03:31:00,Leave
38810,2023-11-18 18:26:00,2023-11-18,18:26:00,Attend
38810,2023-11-24 04:25:00,2023-11-24,04:25:00,Leave
38810,2023-12-02 18:25:00,2023-12-02,18:25:00,Attend
38810,2023-12-08 00:00:00,2023-12-08,00:00:00,Attend
38810,2024-01-24 09:36:00,2024-01-24,09:36:00,Attend
38810,2024-03-01 06:39:00,2024-03-01,06:39:00,Attend
38810,2024-03-09 18:33:00,2024-03-09,18:33:00,Attend
38810,2024-03-23 15:36:00,2024-03-23,15:36:00,Attend
38810,2024-03-29 13:55:00,2024-03-29,13:55:00,Attend
38810,2024-04-05 00:33:00,2024-04-05,00:33:00,Leave
38810,2024-04-06 15:25:00,2024-04-06,15:25:00,Attend
38811,2022-01-01 18:20:00,2022-01-01,18:20:00,Attend
38811,2022-01-07 02:58:00,2022-01-07,02:58:00,Leave
38811,2022-01-08 17:59:00,2022-01-08,17:59:00,Attend
38811,2022-01-12 03:08:00,2022-01-12,03:08:00,Leave
38811,2022-01-13 17:59:00,2022-01-13,17:59:00,Attend
38811,2022-01-14 02:59:00,2022-01-14,02:59:00,Leave
38811,2022-01-15 17:57:00,2022-01-15,17:57:00,Attend
38811,2022-01-23 17:53:00,2022-01-23,17:53:00,Attend
38811,2022-01-29 04:08:00,2022-01-29,04:08:00,Leave
38811,2022-01-30 17:56:00,2022-01-30,17:56:00,Attend
38811,2022-02-06 17:56:00,2022-02-06,17:56:00,Attend
38811,2022-02-13 17:58:00,2022-02-13,17:58:00,Attend
38811,2022-02-20 17:58:00,2022-02-20,17:58:00,Attend
38811,2022-03-04 02:51:00,2022-03-04,02:51:00,Attend
38811,2022-03-05 16:26:00,2022-03-05,16:26:00,Leave
38811,2022-03-11 03:15:00,2022-03-11,03:15:00,Attend
38811,2022-03-13 17:57:00,2022-03-13,17:57:00,Leave
38811,2022-03-18 03:02:00,2022-03-18,03:02:00,Attend
38811,2022-03-25 04:07:00,2022-03-25,04:07:00,Attend
38811,2022-04-01 01:03:00,2022-04-01,01:03:00,Attend
38811,2022-04-25 15:01:00,2022-04-25,15:01:00,Leave
38811,2022-05-29 17:59:00,2022-05-29,17:59:00,Attend
38811,2022-06-03 03:00:00,2022-06-03,03:00:00,Leave
38811,2022-06-04 17:54:00,2022-06-04,17:54:00,Attend
38811,2022-06-12 03:27:00,2022-06-12,03:27:00,Leave
38811,2022-06-14 18:05:00,2022-06-14,18:05:00,Attend
38811,2022-06-18 17:58:00,2022-06-18,17:58:00,Attend
38811,2022-07-01 03:04:00,2022-07-01,03:04:00,Leave
38811,2022-08-14 04:59:00,2022-08-14,04:59:00,Leave
38811,2022-08-19 01:36:00,2022-08-19,01:36:00,Leave
38811,2022-08-20 15:56:00,2022-08-20,15:56:00,Attend
38811,2022-09-02 01:05:00,2022-09-02,01:05:00,Leave
38811,2022-09-03 15:55:00,2022-09-03,15:55:00,Attend
38811,2022-09-11 15:57:00,2022-09-11,15:57:00,Attend
38811,2022-09-16 06:20:00,2022-09-16,06:20:00,Leave
38811,2022-09-17 15:54:00,2022-09-17,15:54:00,Attend
38811,2022-09-23 02:00:00,2022-09-23,02:00:00,Leave
38811,2022-09-24 15:53:00,2022-09-24,15:53:00,Attend
38811,2022-09-30 03:00:00,2022-09-30,03:00:00,Leave
38811,2022-10-01 15:59:00,2022-10-01,15:59:00,Attend
38811,2022-10-05 15:57:00,2022-10-05,15:57:00,Attend
38811,2022-10-08 15:58:00,2022-10-08,15:58:00,Attend
38811,2022-10-14 04:01:00,2022-10-14,04:01:00,Leave
38811,2022-10-16 15:56:00,2022-10-16,15:56:00,Attend
38811,2022-10-29 16:02:00,2022-10-29,16:02:00,Attend
38811,2022-11-04 01:02:00,2022-11-04,01:02:00,Leave
38811,2022-12-04 17:57:00,2022-12-04,17:57:00,Attend
38811,2022-12-09 03:33:00,2022-12-09,03:33:00,Leave
38811,2022-12-11 17:56:00,2022-12-11,17:56:00,Attend
38811,2022-12-16 02:59:00,2022-12-16,02:59:00,Leave
38811,2022-12-17 17:55:00,2022-12-17,17:55:00,Attend
38811,2022-12-23 03:20:00,2022-12-23,03:20:00,Leave
38811,2022-12-25 17:57:00,2022-12-25,17:57:00,Attend
38811,2023-01-06 06:00:00,2023-01-06,06:00:00,Attend
38811,2023-01-07 17:57:00,2023-01-07,17:57:00,Attend
38811,2023-01-22 18:01:00,2023-01-22,18:01:00,Attend
38811,2023-03-24 13:31:00,2023-03-24,13:31:00,Attend
38811,2023-03-26 15:31:00,2023-03-26,15:31:00,Attend
38811,2023-03-28 15:27:00,2023-03-28,15:27:00,Attend
38811,2023-04-01 15:28:00,2023-04-01,15:28:00,Attend
38811,2023-04-09 15:26:00,2023-04-09,15:26:00,Attend
38811,2023-04-16 15:23:00,2023-04-16,15:23:00,Attend
38811,2023-05-19 06:05:00,2023-05-19,06:05:00,Attend
38811,2023-06-04 15:02:00,2023-06-04,15:02:00,Attend
38811,2023-06-07 14:55:00,2023-06-07,14:55:00,Attend
38811,2023-06-12 14:59:00,2023-06-12,14:59:00,Attend
38811,2023-06-15 14:57:00,2023-06-15,14:57:00,Attend
38811,2023-06-16 00:45:00,2023-06-16,00:45:00,Leave
38811,2023-06-18 14:59:00,2023-06-18,14:59:00,Attend
38811,2023-07-03 14:53:00,2023-07-03,14:53:00,Attend
38811,2023-07-06 14:52:00,2023-07-06,14:52:00,Attend
38811,2023-07-09 14:52:00,2023-07-09,14:52:00,Attend
38811,2023-07-13 14:53:00,2023-07-13,14:53:00,Attend
38811,2023-07-14 00:08:00,2023-07-14,00:08:00,Leave
38811,2023-07-17 14:59:00,2023-07-17,14:59:00,Attend
38811,2023-07-23 17:54:00,2023-07-23,17:54:00,Attend
38811,2023-07-28 02:27:00,2023-07-28,02:27:00,Leave
38811,2023-08-01 17:52:00,2023-08-01,17:52:00,Attend
38811,2023-08-03 17:51:00,2023-08-03,17:51:00,Attend
38811,2023-08-04 01:57:00,2023-08-04,01:57:00,Leave
38811,2023-10-01 15:00:00,2023-10-01,15:00:00,Attend
38811,2023-10-03 00:08:00,2023-10-03,00:08:00,Leave
38811,2023-10-10 14:55:00,2023-10-10,14:55:00,Attend
38811,2023-10-13 00:05:00,2023-10-13,00:05:00,Leave
38811,2023-10-15 14:57:00,2023-10-15,14:57:00,Attend
38811,2023-10-20 00:00:00,2023-10-20,00:00:00,Leave
38811,2023-10-22 14:58:00,2023-10-22,14:58:00,Attend
38811,2023-12-10 18:22:00,2023-12-10,18:22:00,Attend
38811,2023-12-15 03:30:00,2023-12-15,03:30:00,Leave
38811,2023-12-16 18:27:00,2023-12-16,18:27:00,Attend
38811,2023-12-29 01:01:00,2023-12-29,01:01:00,Attend
38811,2023-12-30 18:41:00,2023-12-30,18:41:00,Attend
38811,2024-02-18 14:55:00,2024-02-18,14:55:00,Attend
38811,2024-02-25 14:56:00,2024-02-25,14:56:00,Attend
38811,2024-03-01 00:00:00,2024-03-01,00:00:00,Leave
38811,2024-03-03 14:56:00,2024-03-03,14:56:00,Attend
38811,2024-03-24 15:33:00,2024-03-24,15:33:00,Attend
38811,2024-03-29 13:57:00,2024-03-29,13:57:00,Attend
38811,2024-04-05 05:29:00,2024-04-05,05:29:00,Leave
38811,2024-04-06 15:25:00,2024-04-06,15:25:00,Attend
38811,2024-04-27 09:31:00,2024-04-27,09:31:00,Attend
38812,2022-03-16 05:52:00,2022-03-16,05:52:00,Attend
38812,2022-04-10 21:08:00,2022-04-10,21:08:00,Leave
38812,2022-04-25 15:01:00,2022-04-25,15:01:00,Leave
38812,2022-08-15 15:00:00,2022-08-15,15:00:00,Attend
38812,2022-11-19 17:57:00,2022-11-19,17:57:00,Attend
38812,2022-11-26 15:55:00,2022-11-26,15:55:00,Attend
38812,2022-12-02 01:01:00,2022-12-02,01:01:00,Leave
38812,2022-12-04 16:06:00,2022-12-04,16:06:00,Attend
38812,2022-12-09 00:03:00,2022-12-09,00:03:00,Attend
38812,2022-12-11 15:00:00,2022-12-11,15:00:00,Attend
38812,2022-12-14 14:59:00,2022-12-14,14:59:00,Attend
38812,2022-12-17 03:00:00,2022-12-17,03:00:00,Leave
38812,2022-12-23 00:02:00,2022-12-23,00:02:00,Leave
38812,2022-12-25 04:59:00,2022-12-25,04:59:00,Leave
38812,2022-12-30 00:00:00,2022-12-30,00:00:00,Leave
38812,2023-01-02 14:56:00,2023-01-02,14:56:00,Attend
38812,2023-01-04 15:03:00,2023-01-04,15:03:00,Attend
38812,2023-01-06 06:00:00,2023-01-06,06:00:00,Attend
38812,2023-01-08 14:59:00,2023-01-08,14:59:00,Attend
38812,2023-01-15 15:01:00,2023-01-15,15:01:00,Attend
38812,2023-01-22 14:58:00,2023-01-22,14:58:00,Attend
38812,2023-01-24 14:53:00,2023-01-24,14:53:00,Attend
38812,2023-01-27 00:03:00,2023-01-27,00:03:00,Leave
38812,2023-01-28 17:54:00,2023-01-28,17:54:00,Attend
38812,2023-02-03 08:00:00,2023-02-03,08:00:00,Attend
38812,2023-02-04 16:34:00,2023-02-04,16:34:00,Attend
38812,2023-02-12 17:46:00,2023-02-12,17:46:00,Attend
38812,2023-02-19 17:46:00,2023-02-19,17:46:00,Attend
38812,2023-02-23 17:45:00,2023-02-23,17:45:00,Attend
38812,2023-02-24 02:02:00,2023-02-24,02:02:00,Leave
38812,2023-02-26 17:46:00,2023-02-26,17:46:00,Attend
38812,2023-03-03 03:03:00,2023-03-03,03:03:00,Leave
38812,2023-03-04 17:48:00,2023-03-04,17:48:00,Attend
38812,2023-03-17 02:58:00,2023-03-17,02:58:00,Leave
38812,2023-03-18 17:53:00,2023-03-18,17:53:00,Attend
38812,2023-03-24 13:30:00,2023-03-24,13:30:00,Attend
38812,2023-03-26 15:32:00,2023-03-26,15:32:00,Attend
38812,2023-03-28 15:27:00,2023-03-28,15:27:00,Attend
38812,2023-04-01 15:25:00,2023-04-01,15:25:00,Attend
38812,2023-04-09 15:24:00,2023-04-09,15:24:00,Attend
38812,2023-04-16 15:23:00,2023-04-16,15:23:00,Attend
38812,2023-04-19 15:25:00,2023-04-19,15:25:00,Attend
38812,2023-06-10 01:29:00,2023-06-10,01:29:00,Attend
38812,2023-06-26 23:19:00,2023-06-26,23:19:00,Attend
38812,2023-07-26 14:54:00,2023-07-26,14:54:00,Attend
38812,2023-07-28 00:00:00,2023-07-28,00:00:00,Leave
38812,2023-08-01 14:55:00,2023-08-01,14:55:00,Attend
38812,2023-08-03 14:58:00,2023-08-03,14:58:00,Attend
38812,2023-08-04 00:00:00,2023-08-04,00:00:00,Leave
38812,2023-09-02 14:58:00,2023-09-02,14:58:00,Attend
38812,2023-09-09 14:55:00,2023-09-09,14:55:00,Attend
38812,2023-09-12 14:59:00,2023-09-12,14:59:00,Attend
38812,2023-09-16 14:52:00,2023-09-16,14:52:00,Attend
38812,2023-09-29 00:03:00,2023-09-29,00:03:00,Leave
38812,2023-12-09 18:40:00,2023-12-09,18:40:00,Attend
38812,2023-12-15 03:25:00,2023-12-15,03:25:00,Leave
38812,2023-12-16 18:30:00,2023-12-16,18:30:00,Attend
38812,2023-12-29 00:54:00,2023-12-29,00:54:00,Leave
38812,2023-12-30 18:40:00,2023-12-30,18:40:00,Attend
38812,2024-01-31 05:56:00,2024-01-31,05:56:00,Attend
38812,2024-02-18 14:58:00,2024-02-18,14:58:00,Attend
38812,2024-03-01 06:38:00,2024-03-01,06:38:00,Attend
38812,2024-03-03 14:55:00,2024-03-03,14:55:00,Attend
38812,2024-03-09 15:11:00,2024-03-09,15:11:00,Attend
38812,2024-03-16 15:32:00,2024-03-16,15:32:00,Attend
38812,2024-03-19 12:40:00,2024-03-19,12:40:00,Attend
38812,2024-03-29 13:54:00,2024-03-29,13:54:00,Attend
38812,2024-04-01 12:23:00,2024-04-01,12:23:00,Attend
38812,2024-04-05 00:33:00,2024-04-05,00:33:00,Leave
38812,2024-04-12 14:51:00,2024-04-12,14:51:00,Attend
38812,2024-04-16 14:53:00,2024-04-16,14:53:00,Attend
38812,2024-04-22 15:14:00,2024-04-22,15:14:00,Attend
38812,2024-04-26 01:22:00,2024-04-26,01:22:00,Leave
38812,2024-04-27 18:31:00,2024-04-27,18:31:00,Attend
38812,2024-04-29 18:27:00,2024-04-29,18:27:00,Attend
38812,2024-05-03 03:00:00,2024-05-03,03:00:00,Leave
38812,2024-05-04 18:27:00,2024-05-04,18:27:00,Attend
38812,2024-05-10 03:25:00,2024-05-10,03:25:00,Leave
38813,2022-01-04 15:45:00,2022-01-04,15:45:00,Attend
38813,2022-01-05 01:39:00,2022-01-05,01:39:00,Leave
38813,2022-01-06 15:29:00,2022-01-06,15:29:00,Attend
38813,2022-01-07 00:11:00,2022-01-07,00:11:00,Leave
38813,2022-01-12 15:48:00,2022-01-12,15:48:00,Attend
38813,2022-01-27 15:35:00,2022-01-27,15:35:00,Attend
38813,2022-01-28 00:09:00,2022-01-28,00:09:00,Leave
38813,2022-02-05 15:21:00,2022-02-05,15:21:00,Attend
38813,2022-02-22 15:30:00,2022-02-22,15:30:00,Attend
38813,2022-03-01 07:49:00,2022-03-01,07:49:00,Leave
38814,2022-01-25 14:23:00,2022-01-25,14:23:00,Attend
38814,2022-01-29 01:22:00,2022-01-29,01:22:00,Attend
38814,2022-01-30 14:23:00,2022-01-30,14:23:00,Attend
38814,2022-02-06 14:17:00,2022-02-06,14:17:00,Attend
38814,2022-02-09 14:23:00,2022-02-09,14:23:00,Attend
38814,2022-02-15 14:27:00,2022-02-15,14:27:00,Attend
38814,2022-02-20 14:25:00,2022-02-20,14:25:00,Attend
38814,2022-02-25 04:30:00,2022-02-25,04:30:00,Attend
38814,2022-02-26 09:26:00,2022-02-26,09:26:00,Attend
38814,2022-03-02 14:36:00,2022-03-02,14:36:00,Leave
38814,2022-03-06 14:27:00,2022-03-06,14:27:00,Leave
38814,2022-03-09 14:27:00,2022-03-09,14:27:00,Leave
38814,2022-03-13 14:30:00,2022-03-13,14:30:00,Leave
38814,2022-03-16 14:31:00,2022-03-16,14:31:00,Leave
38814,2022-03-25 04:05:00,2022-03-25,04:05:00,Attend
38814,2022-06-04 09:27:00,2022-06-04,09:27:00,Attend
38814,2022-06-13 14:37:00,2022-06-13,14:37:00,Attend
38814,2022-06-16 14:37:00,2022-06-16,14:37:00,Attend
38814,2022-06-19 14:24:00,2022-06-19,14:24:00,Attend
38814,2022-06-21 14:26:00,2022-06-21,14:26:00,Attend
38814,2022-06-25 14:29:00,2022-06-25,14:29:00,Attend
38814,2022-07-01 04:32:00,2022-07-01,04:32:00,Leave
38814,2022-07-02 09:32:00,2022-07-02,09:32:00,Attend
38814,2022-07-04 14:24:00,2022-07-04,14:24:00,Attend
38814,2022-07-17 17:58:00,2022-07-17,17:58:00,Attend
38814,2022-07-19 17:58:00,2022-07-19,17:58:00,Attend
38814,2022-07-26 18:03:00,2022-07-26,18:03:00,Attend
38814,2022-07-31 17:58:00,2022-07-31,17:58:00,Attend
38814,2022-08-05 03:34:00,2022-08-05,03:34:00,Leave
38814,2022-08-07 17:57:00,2022-08-07,17:57:00,Attend
38814,2022-08-10 16:00:00,2022-08-10,16:00:00,Attend
38814,2022-08-14 15:53:00,2022-08-14,15:53:00,Attend
38814,2022-08-19 01:36:00,2022-08-19,01:36:00,Leave
38814,2022-08-21 15:59:00,2022-08-21,15:59:00,Attend
38814,2022-08-26 02:31:00,2022-08-26,02:31:00,Leave
38814,2022-08-27 09:25:00,2022-08-27,09:25:00,Attend
38814,2022-08-30 10:53:00,2022-08-30,10:53:00,Attend
38814,2022-09-02 01:02:00,2022-09-02,01:02:00,Leave
38814,2022-09-04 15:58:00,2022-09-04,15:58:00,Attend
38814,2022-09-11 15:56:00,2022-09-11,15:56:00,Attend
38814,2022-09-17 15:53:00,2022-09-17,15:53:00,Attend
38814,2022-09-24 09:27:00,2022-09-24,09:27:00,Attend
38814,2022-09-30 02:59:00,2022-09-30,02:59:00,Leave
38814,2022-10-01 16:00:00,2022-10-01,16:00:00,Attend
38814,2022-10-05 15:57:00,2022-10-05,15:57:00,Attend
38814,2022-10-07 02:11:00,2022-10-07,02:11:00,Leave
38814,2022-10-08 15:58:00,2022-10-08,15:58:00,Attend
38814,2022-10-14 00:33:00,2022-10-14,00:33:00,Leave
38814,2022-10-16 15:56:00,2022-10-16,15:56:00,Attend
38814,2022-11-04 01:04:00,2022-11-04,01:04:00,Attend
38814,2022-11-05 15:56:00,2022-11-05,15:56:00,Attend
38814,2022-11-11 00:03:00,2022-11-11,00:03:00,Attend
38814,2022-11-12 17:56:00,2022-11-12,17:56:00,Attend
38814,2022-11-19 17:57:00,2022-11-19,17:57:00,Attend
38814,2022-12-09 03:34:00,2022-12-09,03:34:00,Leave
38814,2022-12-11 15:01:00,2022-12-11,15:01:00,Attend
38814,2022-12-23 00:03:00,2022-12-23,00:03:00,Leave
38814,2022-12-25 17:57:00,2022-12-25,17:57:00,Attend
38814,2023-01-01 17:55:00,2023-01-01,17:55:00,Attend
38814,2023-01-06 08:00:00,2023-01-06,08:00:00,Attend
38814,2023-03-19 17:46:00,2023-03-19,17:46:00,Attend
38814,2023-03-26 15:30:00,2023-03-26,15:30:00,Attend
38814,2023-03-28 04:59:00,2023-03-28,04:59:00,Leave
38814,2023-04-14 07:21:00,2023-04-14,07:21:00,Attend
38814,2023-04-27 17:48:00,2023-04-27,17:48:00,Attend
38814,2023-04-30 17:49:00,2023-04-30,17:49:00,Attend
38814,2023-05-06 17:54:00,2023-05-06,17:54:00,Attend
38814,2023-05-11 17:51:00,2023-05-11,17:51:00,Attend
38814,2023-05-13 15:01:00,2023-05-13,15:01:00,Attend
38814,2023-05-19 04:30:00,2023-05-19,04:30:00,Attend
38814,2023-06-07 09:28:00,2023-06-07,09:28:00,Attend
38814,2023-06-10 09:27:00,2023-06-10,09:27:00,Attend
38814,2023-06-16 00:48:00,2023-06-16,00:48:00,Leave
38814,2023-06-17 21:01:00,2023-06-17,21:01:00,Attend
38814,2023-06-23 03:00:00,2023-06-23,03:00:00,Leave
38814,2023-06-24 18:05:00,2023-06-24,18:05:00,Attend
38814,2023-07-17 17:51:00,2023-07-17,17:51:00,Attend
38814,2023-07-23 17:56:00,2023-07-23,17:56:00,Attend
38814,2023-07-28 02:26:00,2023-07-28,02:26:00,Leave
38814,2023-08-01 17:53:00,2023-08-01,17:53:00,Attend
38814,2023-08-19 14:57:00,2023-08-19,14:57:00,Attend
38814,2023-08-25 02:56:00,2023-08-25,02:56:00,Leave
38814,2023-08-27 17:55:00,2023-08-27,17:55:00,Attend
38814,2023-08-31 17:53:00,2023-08-31,17:53:00,Attend
38814,2023-09-01 02:01:00,2023-09-01,02:01:00,Leave
38814,2023-09-02 04:59:00,2023-09-02,04:59:00,Leave
38814,2023-09-13 04:28:00,2023-09-13,04:28:00,Leave
38814,2023-09-14 05:00:00,2023-09-14,05:00:00,Attend
38814,2023-09-15 04:01:00,2023-09-15,04:01:00,Leave
38814,2023-09-29 02:28:00,2023-09-29,02:28:00,Leave
38814,2023-09-30 16:32:00,2023-09-30,16:32:00,Attend
38814,2023-10-03 04:53:00,2023-10-03,04:53:00,Leave
38814,2023-10-09 14:51:00,2023-10-09,14:51:00,Attend
38814,2023-10-13 03:31:00,2023-10-13,03:31:00,Leave
38814,2023-11-05 18:34:00,2023-11-05,18:34:00,Attend
38814,2023-11-10 07:10:00,2023-11-10,07:10:00,Attend
38814,2023-11-11 16:35:00,2023-11-11,16:35:00,Attend
38814,2023-11-17 04:53:00,2023-11-17,04:53:00,Leave
38814,2023-11-18 18:23:00,2023-11-18,18:23:00,Attend
38814,2023-11-24 03:16:00,2023-11-24,03:16:00,Leave
38814,2023-11-25 04:59:00,2023-11-25,04:59:00,Leave
38814,2024-01-13 16:27:00,2024-01-13,16:27:00,Attend
38814,2024-01-17 18:27:00,2024-01-17,18:27:00,Attend
38814,2024-02-02 05:58:00,2024-02-02,05:58:00,Leave
38814,2024-02-03 18:32:00,2024-02-03,18:32:00,Attend
38814,2024-03-01 03:03:00,2024-03-01,03:03:00,Leave
38814,2024-04-02 00:30:00,2024-04-02,00:30:00,Leave
38814,2024-04-03 00:34:00,2024-04-03,00:34:00,Leave
38814,2024-04-06 21:01:00,2024-04-06,21:01:00,Leave
38814,2024-04-07 20:29:00,2024-04-07,20:29:00,Leave
38814,2024-04-08 20:30:00,2024-04-08,20:30:00,Leave
38815,2022-05-21 05:55:00,2022-05-21,05:55:00,Attend
38815,2022-07-02 05:59:00,2022-07-02,05:59:00,Attend
38815,2022-07-16 20:36:00,2022-07-16,20:36:00,Leave
38815,2022-08-12 06:02:00,2022-08-12,06:02:00,Attend
38815,2022-11-12 17:57:00,2022-11-12,17:57:00,Attend
38815,2022-12-02 06:30:00,2022-12-02,06:30:00,Leave
38815,2022-12-03 19:04:00,2022-12-03,19:04:00,Attend
38815,2022-12-09 10:31:00,2022-12-09,10:31:00,Leave
38815,2022-12-10 09:36:00,2022-12-10,09:36:00,Attend
38815,2022-12-19 03:04:00,2022-12-19,03:04:00,Leave
38815,2023-02-05 05:00:00,2023-02-05,05:00:00,Attend
38815,2023-02-24 06:37:00,2023-02-24,06:37:00,Leave
38815,2023-02-25 17:49:00,2023-02-25,17:49:00,Attend
38815,2023-03-03 08:32:00,2023-03-03,08:32:00,Leave
38815,2023-03-17 06:28:00,2023-03-17,06:28:00,Leave
38815,2023-03-18 17:53:00,2023-03-18,17:53:00,Attend
38815,2023-04-07 08:57:00,2023-04-07,08:57:00,Leave
38815,2023-04-08 19:39:00,2023-04-08,19:39:00,Attend
38815,2023-04-14 14:18:00,2023-04-14,14:18:00,Leave
38815,2023-05-26 05:42:00,2023-05-26,05:42:00,Attend
38815,2023-06-01 05:51:00,2023-06-01,05:51:00,Attend
38815,2023-06-06 05:57:00,2023-06-06,05:57:00,Attend
38815,2023-06-16 09:53:00,2023-06-16,09:53:00,Attend
38815,2023-06-18 05:58:00,2023-06-18,05:58:00,Attend
38815,2023-06-30 07:44:00,2023-06-30,07:44:00,Attend
38815,2023-07-04 05:55:00,2023-07-04,05:55:00,Attend
38815,2023-10-29 16:40:00,2023-10-29,16:40:00,Leave
38815,2023-12-07 05:50:00,2023-12-07,05:50:00,Attend
38815,2023-12-08 00:06:00,2023-12-08,00:06:00,Leave
38815,2024-01-16 16:44:00,2024-01-16,16:44:00,Leave
38815,2024-01-18 18:49:00,2024-01-18,18:49:00,Leave
38815,2024-01-22 21:54:00,2024-01-22,21:54:00,Leave
38815,2024-01-23 16:42:00,2024-01-23,16:42:00,Leave
38815,2024-01-24 16:48:00,2024-01-24,16:48:00,Leave
38815,2024-01-30 04:58:00,2024-01-30,04:58:00,Leave
38815,2024-01-31 04:50:00,2024-01-31,04:50:00,Leave
38815,2024-02-04 16:56:00,2024-02-04,16:56:00,Leave
38815,2024-02-05 16:49:00,2024-02-05,16:49:00,Leave
38815,2024-02-07 16:53:00,2024-02-07,16:53:00,Leave
38815,2024-02-08 16:49:00,2024-02-08,16:49:00,Leave
38815,2024-02-11 17:36:00,2024-02-11,17:36:00,Leave
38815,2024-02-12 16:42:00,2024-02-12,16:42:00,Leave
38815,2024-02-14 16:51:00,2024-02-14,16:51:00,Leave
38815,2024-03-07 05:51:00,2024-03-07,05:51:00,Attend
38815,2024-03-19 21:27:00,2024-03-19,21:27:00,Leave
38815,2024-03-27 06:01:00,2024-03-27,06:01:00,Attend
38815,2024-04-03 05:58:00,2024-04-03,05:58:00,Attend
38815,2024-04-05 10:54:00,2024-04-05,10:54:00,Leave
38815,2024-04-06 06:07:00,2024-04-06,06:07:00,Attend
38815,2024-04-20 16:56:00,2024-04-20,16:56:00,Attend
38815,2024-05-24 06:01:00,2024-05-24,06:01:00,Attend
38815,2024-05-31 07:36:00,2024-05-31,07:36:00,Attend
38815,2024-07-19 05:54:00,2024-07-19,05:54:00,Attend
38815,2024-08-03 07:31:00,2024-08-03,07:31:00,Attend
38819,2022-10-04 07:56:00,2022-10-04,07:56:00,Attend
38819,2024-03-19 15:15:00,2024-03-19,15:15:00,Leave
38820,2022-01-04 14:20:00,2022-01-04,14:20:00,Attend
38820,2022-01-16 14:11:00,2022-01-16,14:11:00,Attend
38820,2022-02-06 14:17:00,2022-02-06,14:17:00,Attend
38820,2022-02-09 14:26:00,2022-02-09,14:26:00,Attend
38820,2022-02-16 14:21:00,2022-02-16,14:21:00,Attend
38820,2022-02-20 14:25:00,2022-02-20,14:25:00,Attend
38820,2022-02-25 07:12:00,2022-02-25,07:12:00,Attend
38820,2022-02-26 14:24:00,2022-02-26,14:24:00,Attend
38820,2022-03-01 18:33:00,2022-03-01,18:33:00,Leave
38820,2023-01-27 07:33:00,2023-01-27,07:33:00,Attend
38820,2024-03-24 05:47:00,2024-03-24,05:47:00,Attend
38840,2022-01-02 17:53:00,2022-01-02,17:53:00,Attend
38840,2022-01-07 02:58:00,2022-01-07,02:58:00,Leave
38840,2022-01-08 17:59:00,2022-01-08,17:59:00,Attend
38840,2022-01-12 03:08:00,2022-01-12,03:08:00,Leave
38840,2022-01-13 17:59:00,2022-01-13,17:59:00,Attend
38840,2022-01-14 02:59:00,2022-01-14,02:59:00,Leave
38840,2022-01-15 17:56:00,2022-01-15,17:56:00,Attend
38840,2022-01-21 02:56:00,2022-01-21,02:56:00,Leave
38840,2022-01-23 17:53:00,2022-01-23,17:53:00,Attend
38840,2022-01-28 06:17:00,2022-01-28,06:17:00,Attend
38840,2022-01-30 17:56:00,2022-01-30,17:56:00,Attend
38840,2022-02-04 03:31:00,2022-02-04,03:31:00,Leave
38840,2022-02-06 17:55:00,2022-02-06,17:55:00,Attend
38840,2022-02-11 03:54:00,2022-02-11,03:54:00,Leave
38840,2022-02-13 17:57:00,2022-02-13,17:57:00,Attend
38840,2022-02-15 17:58:00,2022-02-15,17:58:00,Attend
38840,2022-02-19 02:20:00,2022-02-19,02:20:00,Attend
38840,2022-02-20 17:58:00,2022-02-20,17:58:00,Attend
38840,2022-02-25 07:12:00,2022-02-25,07:12:00,Attend
38840,2022-02-26 18:00:00,2022-02-26,18:00:00,Attend
38840,2022-03-04 02:51:00,2022-03-04,02:51:00,Attend
38840,2022-03-05 16:26:00,2022-03-05,16:26:00,Leave
38840,2022-03-11 03:15:00,2022-03-11,03:15:00,Attend
38840,2022-03-13 17:56:00,2022-03-13,17:56:00,Leave
38840,2022-03-18 03:04:00,2022-03-18,03:04:00,Attend
38840,2022-03-25 04:06:00,2022-03-25,04:06:00,Attend
38840,2022-04-01 01:02:00,2022-04-01,01:02:00,Attend
38840,2022-04-29 00:48:00,2022-04-29,00:48:00,Attend
38840,2022-05-14 17:53:00,2022-05-14,17:53:00,Leave
38840,2022-05-21 18:00:00,2022-05-21,18:00:00,Attend
38840,2022-05-27 00:16:00,2022-05-27,00:16:00,Leave
38840,2022-05-30 17:56:00,2022-05-30,17:56:00,Attend
38840,2022-06-03 03:00:00,2022-06-03,03:00:00,Leave
38840,2022-06-04 17:54:00,2022-06-04,17:54:00,Attend
38840,2022-06-17 04:03:00,2022-06-17,04:03:00,Leave
38840,2022-06-18 17:57:00,2022-06-18,17:57:00,Attend
38840,2022-07-01 07:41:00,2022-07-01,07:41:00,Leave
38840,2022-07-02 18:03:00,2022-07-02,18:03:00,Attend
38840,2022-07-08 03:05:00,2022-07-08,03:05:00,Leave
38840,2022-07-17 17:58:00,2022-07-17,17:58:00,Attend
38840,2022-07-30 17:58:00,2022-07-30,17:58:00,Attend
38840,2022-08-05 06:31:00,2022-08-05,06:31:00,Leave
38840,2022-08-06 18:02:00,2022-08-06,18:02:00,Attend
38840,2022-08-15 09:23:00,2022-08-15,09:23:00,Attend
38840,2022-09-24 17:54:00,2022-09-24,17:54:00,Attend
38840,2022-09-30 03:00:00,2022-09-30,03:00:00,Leave
38840,2022-10-16 15:56:00,2022-10-16,15:56:00,Attend
38840,2022-11-04 03:00:00,2022-11-04,03:00:00,Leave
38840,2022-11-05 18:01:00,2022-11-05,18:01:00,Attend
38840,2022-11-18 03:00:00,2022-11-18,03:00:00,Leave
38840,2023-01-29 17:55:00,2023-01-29,17:55:00,Attend
38840,2023-02-04 16:34:00,2023-02-04,16:34:00,Attend
38840,2023-02-12 17:46:00,2023-02-12,17:46:00,Attend
38840,2023-02-19 17:45:00,2023-02-19,17:45:00,Attend
38840,2023-02-23 17:45:00,2023-02-23,17:45:00,Attend
38840,2023-02-24 02:00:00,2023-02-24,02:00:00,Leave
38840,2023-02-26 17:46:00,2023-02-26,17:46:00,Attend
38840,2023-03-03 03:00:00,2023-03-03,03:00:00,Leave
38840,2023-03-04 17:48:00,2023-03-04,17:48:00,Attend
38840,2023-03-17 02:59:00,2023-03-17,02:59:00,Leave
38840,2023-03-18 17:53:00,2023-03-18,17:53:00,Attend
38840,2023-03-22 04:00:00,2023-03-22,04:00:00,Leave
38840,2023-04-28 13:25:00,2023-04-28,13:25:00,Attend
38840,2023-04-30 17:51:00,2023-04-30,17:51:00,Attend
38840,2023-05-05 03:00:00,2023-05-05,03:00:00,Leave
38840,2023-05-06 17:59:00,2023-05-06,17:59:00,Attend
38840,2023-05-11 17:53:00,2023-05-11,17:53:00,Attend
38840,2023-05-13 17:59:00,2023-05-13,17:59:00,Attend
38840,2023-05-18 17:56:00,2023-05-18,17:56:00,Attend
38840,2023-05-19 04:28:00,2023-05-19,04:28:00,Leave
38840,2023-08-28 18:12:00,2023-08-28,18:12:00,Attend
38840,2023-08-31 17:57:00,2023-08-31,17:57:00,Attend
38840,2023-09-01 03:00:00,2023-09-01,03:00:00,Leave
38840,2023-10-01 15:00:00,2023-10-01,15:00:00,Attend
38840,2023-10-03 00:08:00,2023-10-03,00:08:00,Leave
38840,2023-10-08 18:26:00,2023-10-08,18:26:00,Attend
38840,2023-10-13 03:25:00,2023-10-13,03:25:00,Leave
38840,2023-10-14 14:55:00,2023-10-14,14:55:00,Attend
38840,2023-10-20 01:58:00,2023-10-20,01:58:00,Leave
38840,2023-10-22 18:25:00,2023-10-22,18:25:00,Attend
38840,2023-10-27 01:00:00,2023-10-27,01:00:00,Leave
38840,2023-10-29 14:58:00,2023-10-29,14:58:00,Attend
38840,2023-11-05 14:56:00,2023-11-05,14:56:00,Attend
38840,2023-11-10 00:01:00,2023-11-10,00:01:00,Leave
38840,2023-11-12 14:52:00,2023-11-12,14:52:00,Attend
38840,2023-11-17 00:04:00,2023-11-17,00:04:00,Leave
38840,2023-11-19 14:53:00,2023-11-19,14:53:00,Attend
38840,2023-11-24 00:02:00,2023-11-24,00:02:00,Leave
38840,2023-11-26 14:54:00,2023-11-26,14:54:00,Attend
38840,2023-12-04 14:47:00,2023-12-04,14:47:00,Attend
38840,2023-12-08 00:01:00,2023-12-08,00:01:00,Leave
38840,2024-01-13 18:25:00,2024-01-13,18:25:00,Attend
38840,2024-02-02 04:00:00,2024-02-02,04:00:00,Leave
38840,2024-02-03 18:36:00,2024-02-03,18:36:00,Attend
38840,2024-03-01 03:00:00,2024-03-01,03:00:00,Leave
38840,2024-03-03 18:26:00,2024-03-03,18:26:00,Attend
38840,2024-03-08 03:30:00,2024-03-08,03:30:00,Leave
38841,2022-01-04 14:30:00,2022-01-04,14:30:00,Attend
38841,2022-01-16 14:12:00,2022-01-16,14:12:00,Attend
38841,2022-01-28 03:08:00,2022-01-28,03:08:00,Attend
38841,2022-02-06 14:17:00,2022-02-06,14:17:00,Attend
38841,2022-02-09 14:23:00,2022-02-09,14:23:00,Attend
38841,2022-02-15 14:27:00,2022-02-15,14:27:00,Attend
38841,2022-02-20 14:25:00,2022-02-20,14:25:00,Attend
38841,2022-03-02 14:36:00,2022-03-02,14:36:00,Leave
38841,2022-03-07 14:32:00,2022-03-07,14:32:00,Leave
38841,2022-03-25 01:52:00,2022-03-25,01:52:00,Attend
38841,2022-04-10 05:55:00,2022-04-10,05:55:00,Attend
38841,2022-05-16 15:05:00,2022-05-16,15:05:00,Leave
38841,2022-05-17 16:45:00,2022-05-17,16:45:00,Leave
38841,2022-05-18 15:02:00,2022-05-18,15:02:00,Leave
38841,2022-05-22 15:06:00,2022-05-22,15:06:00,Leave
38841,2022-05-23 15:05:00,2022-05-23,15:05:00,Leave
38841,2022-05-24 15:13:00,2022-05-24,15:13:00,Leave
38841,2022-05-25 15:02:00,2022-05-25,15:02:00,Leave
38841,2022-05-26 15:02:00,2022-05-26,15:02:00,Leave
38841,2022-05-29 14:59:00,2022-05-29,14:59:00,Leave
38841,2022-05-30 15:02:00,2022-05-30,15:02:00,Leave
38841,2022-06-01 15:04:00,2022-06-01,15:04:00,Leave
38841,2022-07-02 18:04:00,2022-07-02,18:04:00,Attend
38841,2022-07-08 03:01:00,2022-07-08,03:01:00,Leave
38841,2022-07-17 17:59:00,2022-07-17,17:59:00,Attend
38841,2022-07-30 17:59:00,2022-07-30,17:59:00,Attend
38841,2022-08-05 06:31:00,2022-08-05,06:31:00,Leave
38841,2022-08-06 18:02:00,2022-08-06,18:02:00,Attend
38841,2022-08-14 15:54:00,2022-08-14,15:54:00,Attend
38841,2022-08-19 01:36:00,2022-08-19,01:36:00,Leave
38841,2022-08-20 15:56:00,2022-08-20,15:56:00,Attend
38841,2022-08-27 01:00:00,2022-08-27,01:00:00,Leave
38841,2022-09-02 01:05:00,2022-09-02,01:05:00,Leave
38841,2022-09-03 15:55:00,2022-09-03,15:55:00,Attend
38841,2022-09-11 16:04:00,2022-09-11,16:04:00,Attend
38841,2022-09-16 04:05:00,2022-09-16,04:05:00,Leave
38841,2022-09-17 15:54:00,2022-09-17,15:54:00,Attend
38841,2022-09-22 17:58:00,2022-09-22,17:58:00,Attend
38841,2022-09-24 15:54:00,2022-09-24,15:54:00,Attend
38841,2022-09-28 01:06:00,2022-09-28,01:06:00,Leave
38841,2022-09-29 15:54:00,2022-09-29,15:54:00,Attend
38841,2022-09-30 01:00:00,2022-09-30,01:00:00,Leave
38842,2022-01-12 09:24:00,2022-01-12,09:24:00,Leave
38842,2022-01-29 18:00:00,2022-01-29,18:00:00,Attend
38842,2022-02-05 18:00:00,2022-02-05,18:00:00,Attend
38842,2022-02-24 14:21:00,2022-02-24,14:21:00,Attend
38842,2022-02-26 18:00:00,2022-02-26,18:00:00,Attend
38842,2022-03-04 02:51:00,2022-03-04,02:51:00,Attend
38842,2022-03-05 16:26:00,2022-03-05,16:26:00,Leave
38842,2022-03-11 03:16:00,2022-03-11,03:16:00,Attend
38842,2022-03-13 17:57:00,2022-03-13,17:57:00,Leave
38842,2022-03-18 03:02:00,2022-03-18,03:02:00,Attend
38842,2022-03-25 04:06:00,2022-03-25,04:06:00,Attend
38842,2022-04-01 01:03:00,2022-04-01,01:03:00,Attend
38842,2022-04-25 15:01:00,2022-04-25,15:01:00,Leave
38842,2022-05-16 14:24:00,2022-05-16,14:24:00,Attend
38842,2022-05-20 18:00:00,2022-05-20,18:00:00,Attend
38842,2022-06-04 14:27:00,2022-06-04,14:27:00,Attend
38842,2022-06-06 14:27:00,2022-06-06,14:27:00,Attend
38842,2022-06-12 03:28:00,2022-06-12,03:28:00,Leave
38842,2022-06-13 17:57:00,2022-06-13,17:57:00,Attend
38842,2022-06-17 04:03:00,2022-06-17,04:03:00,Leave
38842,2022-06-18 17:57:00,2022-06-18,17:57:00,Attend
38842,2022-07-01 04:43:00,2022-07-01,04:43:00,Leave
38842,2022-10-29 17:56:00,2022-10-29,17:56:00,Attend
38842,2022-11-04 03:00:00,2022-11-04,03:00:00,Leave
38842,2022-11-19 17:59:00,2022-11-19,17:59:00,Attend
38842,2022-12-02 01:02:00,2022-12-02,01:02:00,Leave
38842,2023-04-27 17:52:00,2023-04-27,17:52:00,Attend
38842,2023-04-30 17:48:00,2023-04-30,17:48:00,Attend
38842,2023-05-05 03:00:00,2023-05-05,03:00:00,Leave
38842,2023-05-06 17:58:00,2023-05-06,17:58:00,Attend
38842,2023-05-11 17:53:00,2023-05-11,17:53:00,Attend
38842,2023-05-13 17:57:00,2023-05-13,17:57:00,Attend
38842,2023-05-19 04:28:00,2023-05-19,04:28:00,Attend
38842,2023-05-21 17:56:00,2023-05-21,17:56:00,Attend
38842,2023-05-26 02:00:00,2023-05-26,02:00:00,Leave
38842,2023-05-27 17:57:00,2023-05-27,17:57:00,Attend
38842,2023-06-02 02:00:00,2023-06-02,02:00:00,Leave
38842,2023-07-02 18:05:00,2023-07-02,18:05:00,Attend
38842,2023-07-07 02:49:00,2023-07-07,02:49:00,Leave
38842,2023-07-08 18:01:00,2023-07-08,18:01:00,Attend
38842,2023-07-14 06:20:00,2023-07-14,06:20:00,Leave
38842,2023-07-16 17:54:00,2023-07-16,17:54:00,Attend
38842,2023-07-23 17:56:00,2023-07-23,17:56:00,Attend
38842,2023-07-28 02:27:00,2023-07-28,02:27:00,Leave
38842,2023-08-01 17:53:00,2023-08-01,17:53:00,Attend
38842,2023-08-03 17:54:00,2023-08-03,17:54:00,Attend
38842,2023-08-04 01:57:00,2023-08-04,01:57:00,Leave
38842,2023-09-02 17:53:00,2023-09-02,17:53:00,Attend
38842,2023-09-29 02:39:00,2023-09-29,02:39:00,Leave
38842,2023-10-29 18:20:00,2023-10-29,18:20:00,Attend
38842,2023-11-03 02:29:00,2023-11-03,02:29:00,Leave
38842,2023-11-05 18:25:00,2023-11-05,18:25:00,Attend
38842,2023-11-10 07:11:00,2023-11-10,07:11:00,Attend
38842,2023-11-11 18:27:00,2023-11-11,18:27:00,Attend
38842,2023-11-17 05:09:00,2023-11-17,05:09:00,Leave
38842,2023-11-18 18:24:00,2023-11-18,18:24:00,Attend
38842,2023-11-24 03:13:00,2023-11-24,03:13:00,Leave
38842,2023-11-25 18:22:00,2023-11-25,18:22:00,Attend
38842,2023-12-03 18:23:00,2023-12-03,18:23:00,Attend
38842,2023-12-08 02:29:00,2023-12-08,02:29:00,Leave
38842,2024-01-25 18:27:00,2024-01-25,18:27:00,Attend
38842,2024-02-02 06:01:00,2024-02-02,06:01:00,Leave
38842,2024-02-06 09:30:00,2024-02-06,09:30:00,Attend
38842,2024-03-08 16:28:00,2024-03-08,16:28:00,Attend
38842,2024-03-24 15:27:00,2024-03-24,15:27:00,Attend
38842,2024-03-29 13:55:00,2024-03-29,13:55:00,Attend
38842,2024-04-05 05:29:00,2024-04-05,05:29:00,Leave
38842,2024-04-06 15:22:00,2024-04-06,15:22:00,Attend
38842,2024-04-19 09:37:00,2024-04-19,09:37:00,Attend
38842,2024-04-27 09:30:00,2024-04-27,09:30:00,Attend
38843,2022-01-04 17:55:00,2022-01-04,17:55:00,Attend
38843,2022-01-07 02:58:00,2022-01-07,02:58:00,Leave
38843,2022-01-08 17:59:00,2022-01-08,17:59:00,Attend
38843,2022-01-12 03:09:00,2022-01-12,03:09:00,Leave
38843,2022-01-13 17:59:00,2022-01-13,17:59:00,Attend
38843,2022-01-14 02:59:00,2022-01-14,02:59:00,Leave
38843,2022-01-15 17:56:00,2022-01-15,17:56:00,Attend
38843,2022-01-21 02:56:00,2022-01-21,02:56:00,Leave
38843,2022-01-28 06:17:00,2022-01-28,06:17:00,Attend
38843,2022-01-30 17:57:00,2022-01-30,17:57:00,Attend
38843,2022-02-04 03:32:00,2022-02-04,03:32:00,Leave
38843,2022-02-06 17:55:00,2022-02-06,17:55:00,Attend
38843,2022-02-11 03:54:00,2022-02-11,03:54:00,Leave
38843,2022-02-13 17:57:00,2022-02-13,17:57:00,Attend
38843,2022-02-20 17:58:00,2022-02-20,17:58:00,Attend
38843,2022-03-04 02:51:00,2022-03-04,02:51:00,Attend
38843,2022-03-05 16:26:00,2022-03-05,16:26:00,Leave
38843,2022-03-11 03:16:00,2022-03-11,03:16:00,Attend
38843,2022-03-13 17:57:00,2022-03-13,17:57:00,Leave
38843,2022-03-18 03:04:00,2022-03-18,03:04:00,Attend
38843,2022-03-25 08:27:00,2022-03-25,08:27:00,Attend
38843,2022-04-01 01:03:00,2022-04-01,01:03:00,Attend
38843,2022-04-29 00:47:00,2022-04-29,00:47:00,Attend
38843,2022-05-08 17:58:00,2022-05-08,17:58:00,Attend
38843,2022-05-10 18:02:00,2022-05-10,18:02:00,Attend
38843,2022-05-27 00:16:00,2022-05-27,00:16:00,Leave
38843,2022-05-30 17:56:00,2022-05-30,17:56:00,Attend
38843,2022-06-03 03:00:00,2022-06-03,03:00:00,Leave
38843,2022-06-04 17:54:00,2022-06-04,17:54:00,Attend
38843,2022-06-11 02:00:00,2022-06-11,02:00:00,Leave
38843,2022-06-12 03:27:00,2022-06-12,03:27:00,Attend
38843,2022-06-14 18:04:00,2022-06-14,18:04:00,Attend
38843,2022-06-17 04:03:00,2022-06-17,04:03:00,Leave
38843,2022-06-18 17:57:00,2022-06-18,17:57:00,Attend
38843,2022-07-01 07:41:00,2022-07-01,07:41:00,Leave
38843,2022-07-02 18:03:00,2022-07-02,18:03:00,Attend
38843,2022-07-08 03:05:00,2022-07-08,03:05:00,Leave
38843,2022-07-17 17:58:00,2022-07-17,17:58:00,Attend
38843,2022-07-29 03:23:00,2022-07-29,03:23:00,Leave
38843,2022-07-30 17:58:00,2022-07-30,17:58:00,Attend
38843,2022-08-05 06:30:00,2022-08-05,06:30:00,Leave
38843,2022-08-06 18:02:00,2022-08-06,18:02:00,Attend
38843,2022-10-01 17:58:00,2022-10-01,17:58:00,Attend
38843,2022-10-05 17:54:00,2022-10-05,17:54:00,Attend
38843,2022-10-07 03:14:00,2022-10-07,03:14:00,Leave
38843,2022-10-08 17:57:00,2022-10-08,17:57:00,Attend
38843,2022-10-14 04:01:00,2022-10-14,04:01:00,Leave
38843,2022-10-16 17:57:00,2022-10-16,17:57:00,Attend
38843,2022-11-04 03:00:00,2022-11-04,03:00:00,Leave
38843,2022-11-05 18:05:00,2022-11-05,18:05:00,Attend
38843,2022-11-14 03:09:00,2022-11-14,03:09:00,Leave
38843,2022-11-15 17:56:00,2022-11-15,17:56:00,Attend
38843,2022-11-18 03:01:00,2022-11-18,03:01:00,Leave
38843,2022-11-23 17:57:00,2022-11-23,17:57:00,Attend
38843,2022-12-02 01:02:00,2022-12-02,01:02:00,Leave
38843,2022-12-04 17:59:00,2022-12-04,17:59:00,Attend
38843,2022-12-09 03:37:00,2022-12-09,03:37:00,Leave
38843,2022-12-11 17:57:00,2022-12-11,17:57:00,Attend
38843,2022-12-23 03:19:00,2022-12-23,03:19:00,Leave
38843,2022-12-25 17:56:00,2022-12-25,17:56:00,Attend
38843,2023-01-01 06:59:00,2023-01-01,06:59:00,Leave
38843,2023-01-05 21:00:00,2023-01-05,21:00:00,Attend
38843,2023-01-22 18:01:00,2023-01-22,18:01:00,Attend
38843,2023-06-04 17:56:00,2023-06-04,17:56:00,Attend
38843,2023-06-16 00:45:00,2023-06-16,00:45:00,Leave
38843,2023-06-17 18:05:00,2023-06-17,18:05:00,Attend
38843,2023-06-24 18:04:00,2023-06-24,18:04:00,Attend
38843,2023-07-02 18:03:00,2023-07-02,18:03:00,Attend
38843,2023-07-08 18:00:00,2023-07-08,18:00:00,Attend
38843,2023-07-09 01:21:00,2023-07-09,01:21:00,Leave
38843,2023-07-14 06:06:00,2023-07-14,06:06:00,Leave
38843,2023-07-16 06:59:00,2023-07-16,06:59:00,Leave
38843,2023-07-23 17:56:00,2023-07-23,17:56:00,Attend
38843,2023-07-28 02:28:00,2023-07-28,02:28:00,Leave
38843,2023-08-01 17:50:00,2023-08-01,17:50:00,Attend
38843,2023-08-03 17:50:00,2023-08-03,17:50:00,Attend
38843,2023-08-04 01:57:00,2023-08-04,01:57:00,Leave
38843,2023-09-03 18:06:00,2023-09-03,18:06:00,Attend
38843,2023-09-19 04:05:00,2023-09-19,04:05:00,Leave
38843,2023-09-20 18:26:00,2023-09-20,18:26:00,Attend
38843,2023-09-29 02:34:00,2023-09-29,02:34:00,Leave
38843,2023-11-03 02:28:00,2023-11-03,02:28:00,Leave
38843,2023-11-05 18:23:00,2023-11-05,18:23:00,Attend
38843,2023-11-11 18:23:00,2023-11-11,18:23:00,Attend
38843,2023-11-17 05:00:00,2023-11-17,05:00:00,Leave
38843,2023-11-18 18:27:00,2023-11-18,18:27:00,Attend
38843,2023-11-24 03:13:00,2023-11-24,03:13:00,Leave
38843,2023-11-25 18:26:00,2023-11-25,18:26:00,Attend
38843,2023-12-03 18:22:00,2023-12-03,18:22:00,Attend
38843,2023-12-08 02:29:00,2023-12-08,02:29:00,Leave
38843,2024-01-13 18:22:00,2024-01-13,18:22:00,Attend
38843,2024-01-17 03:22:00,2024-01-17,03:22:00,Leave
38843,2024-02-02 06:03:00,2024-02-02,06:03:00,Leave
38843,2024-02-03 18:34:00,2024-02-03,18:34:00,Attend
38843,2024-02-15 03:30:00,2024-02-15,03:30:00,Leave
38843,2024-03-31 15:29:00,2024-03-31,15:29:00,Attend
38843,2024-04-05 05:34:00,2024-04-05,05:34:00,Leave
38843,2024-04-06 15:26:00,2024-04-06,15:26:00,Attend
38843,2024-04-08 15:25:00,2024-04-08,15:25:00,Attend
38843,2024-04-27 09:33:00,2024-04-27,09:33:00,Attend
38844,2022-04-29 00:48:00,2022-04-29,00:48:00,Attend
38844,2022-07-02 18:03:00,2022-07-02,18:03:00,Attend
38844,2022-07-08 03:05:00,2022-07-08,03:05:00,Leave
38844,2022-07-17 17:58:00,2022-07-17,17:58:00,Attend
38844,2022-07-30 17:58:00,2022-07-30,17:58:00,Attend
38844,2022-08-05 06:31:00,2022-08-05,06:31:00,Leave
38844,2022-08-06 18:02:00,2022-08-06,18:02:00,Attend
38844,2022-11-19 17:58:00,2022-11-19,17:58:00,Attend
38844,2022-12-02 01:02:00,2022-12-02,01:02:00,Leave
38844,2022-12-04 17:59:00,2022-12-04,17:59:00,Attend
38844,2022-12-09 03:35:00,2022-12-09,03:35:00,Leave
38844,2022-12-11 17:56:00,2022-12-11,17:56:00,Attend
38844,2022-12-23 03:20:00,2022-12-23,03:20:00,Leave
38844,2022-12-25 17:56:00,2022-12-25,17:56:00,Attend
38844,2023-01-01 17:57:00,2023-01-01,17:57:00,Attend
38844,2023-01-06 08:00:00,2023-01-06,08:00:00,Attend
38844,2023-01-07 17:57:00,2023-01-07,17:57:00,Attend
38844,2023-01-22 18:00:00,2023-01-22,18:00:00,Attend
38844,2023-06-04 17:53:00,2023-06-04,17:53:00,Attend
38844,2023-06-15 03:00:00,2023-06-15,03:00:00,Leave
38844,2023-06-17 18:08:00,2023-06-17,18:08:00,Attend
38844,2023-06-24 18:04:00,2023-06-24,18:04:00,Attend
38844,2023-08-08 17:58:00,2023-08-08,17:58:00,Attend
38844,2023-08-19 17:51:00,2023-08-19,17:51:00,Attend
38844,2023-08-25 02:58:00,2023-08-25,02:58:00,Leave
38844,2023-08-27 17:55:00,2023-08-27,17:55:00,Attend
38844,2023-09-02 17:51:00,2023-09-02,17:51:00,Attend
38844,2023-09-09 02:59:00,2023-09-09,02:59:00,Leave
38844,2023-09-29 02:38:00,2023-09-29,02:38:00,Leave
38844,2023-09-30 18:24:00,2023-09-30,18:24:00,Attend
38844,2023-10-03 04:55:00,2023-10-03,04:55:00,Leave
38844,2023-10-08 18:22:00,2023-10-08,18:22:00,Attend
38844,2023-10-13 03:25:00,2023-10-13,03:25:00,Leave
38844,2023-10-14 18:25:00,2023-10-14,18:25:00,Attend
38844,2023-10-20 01:57:00,2023-10-20,01:57:00,Leave
38844,2023-10-21 18:22:00,2023-10-21,18:22:00,Attend
38844,2023-10-22 18:26:00,2023-10-22,18:26:00,Attend
38844,2023-10-27 00:58:00,2023-10-27,00:58:00,Leave
38844,2023-10-29 18:19:00,2023-10-29,18:19:00,Attend
38844,2023-11-03 02:28:00,2023-11-03,02:28:00,Leave
38844,2023-12-02 09:26:00,2023-12-02,09:26:00,Attend
38844,2023-12-10 18:21:00,2023-12-10,18:21:00,Attend
38844,2023-12-15 03:30:00,2023-12-15,03:30:00,Leave
38844,2023-12-16 18:26:00,2023-12-16,18:26:00,Attend
38844,2023-12-29 01:01:00,2023-12-29,01:01:00,Leave
38844,2023-12-31 18:35:00,2023-12-31,18:35:00,Attend
38844,2024-02-11 09:27:00,2024-02-11,09:27:00,Attend
38844,2024-05-06 18:28:00,2024-05-06,18:28:00,Attend
38844,2024-05-15 03:26:00,2024-05-15,03:26:00,Leave
38845,2022-04-29 00:47:00,2022-04-29,00:47:00,Attend
38845,2022-06-28 14:26:00,2022-06-28,14:26:00,Attend
38845,2022-07-28 14:28:00,2022-07-28,14:28:00,Attend
38845,2022-08-01 14:32:00,2022-08-01,14:32:00,Attend
38845,2022-08-10 15:59:00,2022-08-10,15:59:00,Attend
38845,2022-08-19 03:14:00,2022-08-19,03:14:00,Leave
38845,2022-08-20 17:58:00,2022-08-20,17:58:00,Attend
38845,2022-09-02 02:50:00,2022-09-02,02:50:00,Leave
38845,2022-09-03 18:00:00,2022-09-03,18:00:00,Attend
38845,2022-09-16 03:06:00,2022-09-16,03:06:00,Leave
38845,2022-09-17 18:42:00,2022-09-17,18:42:00,Attend
38845,2022-09-23 02:01:00,2022-09-23,02:01:00,Leave
38845,2022-09-24 17:55:00,2022-09-24,17:55:00,Attend
38845,2022-09-30 03:02:00,2022-09-30,03:02:00,Leave
38845,2022-10-01 17:58:00,2022-10-01,17:58:00,Attend
38845,2022-10-05 17:55:00,2022-10-05,17:55:00,Attend
38845,2022-10-07 03:14:00,2022-10-07,03:14:00,Leave
38845,2022-10-08 17:56:00,2022-10-08,17:56:00,Attend
38845,2022-10-14 04:03:00,2022-10-14,04:03:00,Leave
38845,2022-10-16 17:57:00,2022-10-16,17:57:00,Attend
38845,2022-11-04 03:01:00,2022-11-04,03:01:00,Attend
38845,2022-11-05 18:01:00,2022-11-05,18:01:00,Attend
38845,2022-11-12 17:56:00,2022-11-12,17:56:00,Attend
38845,2022-11-18 03:01:00,2022-11-18,03:01:00,Attend
38845,2023-04-30 17:50:00,2023-04-30,17:50:00,Attend
38845,2023-05-05 03:00:00,2023-05-05,03:00:00,Leave
38845,2023-05-06 17:54:00,2023-05-06,17:54:00,Attend
38845,2023-05-11 17:48:00,2023-05-11,17:48:00,Attend
38845,2023-05-13 17:54:00,2023-05-13,17:54:00,Attend
38845,2023-05-19 04:29:00,2023-05-19,04:29:00,Attend
38845,2023-05-21 17:55:00,2023-05-21,17:55:00,Attend
38845,2023-05-26 02:00:00,2023-05-26,02:00:00,Leave
38845,2023-05-27 17:57:00,2023-05-27,17:57:00,Attend
38845,2023-06-02 02:01:00,2023-06-02,02:01:00,Leave
38845,2023-07-02 18:02:00,2023-07-02,18:02:00,Attend
38845,2023-07-07 02:53:00,2023-07-07,02:53:00,Leave
38845,2023-07-08 17:58:00,2023-07-08,17:58:00,Attend
38845,2023-07-14 06:20:00,2023-07-14,06:20:00,Attend
38845,2023-07-16 17:54:00,2023-07-16,17:54:00,Attend
38845,2023-07-22 06:05:00,2023-07-22,06:05:00,Attend
38845,2023-07-23 17:54:00,2023-07-23,17:54:00,Attend
38845,2023-07-28 02:28:00,2023-07-28,02:28:00,Leave
38845,2023-08-01 17:52:00,2023-08-01,17:52:00,Attend
38845,2023-08-03 17:53:00,2023-08-03,17:53:00,Attend
38845,2023-08-04 01:58:00,2023-08-04,01:58:00,Leave
38845,2023-09-02 17:50:00,2023-09-02,17:50:00,Attend
38845,2023-09-07 04:01:00,2023-09-07,04:01:00,Leave
38845,2023-09-11 18:24:00,2023-09-11,18:24:00,Attend
38845,2023-09-15 04:03:00,2023-09-15,04:03:00,Attend
38845,2023-09-17 18:30:00,2023-09-17,18:30:00,Attend
38845,2023-09-29 02:40:00,2023-09-29,02:40:00,Leave
38845,2023-10-08 04:59:00,2023-10-08,04:59:00,Leave
38845,2023-10-10 14:55:00,2023-10-10,14:55:00,Attend
38845,2023-10-12 00:05:00,2023-10-12,00:05:00,Leave
38845,2023-10-15 14:57:00,2023-10-15,14:57:00,Attend
38845,2023-10-20 00:01:00,2023-10-20,00:01:00,Leave
38845,2023-10-22 15:00:00,2023-10-22,15:00:00,Attend
38846,2022-02-26 14:24:00,2022-02-26,14:24:00,Leave
38846,2022-03-02 14:36:00,2022-03-02,14:36:00,Leave
38846,2022-03-07 14:32:00,2022-03-07,14:32:00,Leave
38846,2022-03-25 01:48:00,2022-03-25,01:48:00,Attend
38846,2022-04-29 00:47:00,2022-04-29,00:47:00,Attend
38846,2022-05-16 14:24:00,2022-05-16,14:24:00,Attend
38846,2022-06-04 14:26:00,2022-06-04,14:26:00,Attend
38846,2022-06-06 14:27:00,2022-06-06,14:27:00,Attend
38846,2022-06-10 03:02:00,2022-06-10,03:02:00,Leave
38846,2022-06-11 18:01:00,2022-06-11,18:01:00,Attend
38846,2022-06-17 04:03:00,2022-06-17,04:03:00,Leave
38846,2022-06-18 17:57:00,2022-06-18,17:57:00,Attend
38846,2022-07-01 04:43:00,2022-07-01,04:43:00,Leave
38846,2022-07-02 18:03:00,2022-07-02,18:03:00,Attend
38846,2022-07-08 03:05:00,2022-07-08,03:05:00,Leave
38846,2022-07-17 17:59:00,2022-07-17,17:59:00,Attend
38846,2022-07-25 18:00:00,2022-07-25,18:00:00,Attend
38846,2022-07-31 17:58:00,2022-07-31,17:58:00,Attend
38846,2022-08-05 06:31:00,2022-08-05,06:31:00,Leave
38846,2022-08-06 18:03:00,2022-08-06,18:03:00,Attend
38846,2022-08-19 03:14:00,2022-08-19,03:14:00,Leave
38846,2022-08-20 18:00:00,2022-08-20,18:00:00,Attend
38846,2022-09-02 02:42:00,2022-09-02,02:42:00,Leave
38846,2022-09-03 18:01:00,2022-09-03,18:01:00,Attend
38846,2022-09-16 03:03:00,2022-09-16,03:03:00,Leave
38846,2022-09-17 18:44:00,2022-09-17,18:44:00,Attend
38846,2022-09-23 02:00:00,2022-09-23,02:00:00,Leave
38846,2022-09-24 17:58:00,2022-09-24,17:58:00,Attend
38846,2022-09-30 03:02:00,2022-09-30,03:02:00,Leave
38846,2022-10-01 17:59:00,2022-10-01,17:59:00,Attend
38846,2022-10-05 17:54:00,2022-10-05,17:54:00,Attend
38846,2022-10-07 03:10:00,2022-10-07,03:10:00,Leave
38846,2022-10-10 17:57:00,2022-10-10,17:57:00,Attend
38846,2022-10-14 04:00:00,2022-10-14,04:00:00,Leave
38846,2022-10-16 17:57:00,2022-10-16,17:57:00,Attend
38846,2022-10-29 16:02:00,2022-10-29,16:02:00,Attend
38846,2022-11-05 15:55:00,2022-11-05,15:55:00,Attend
38846,2022-11-18 01:03:00,2022-11-18,01:03:00,Leave
38846,2023-01-29 17:56:00,2023-01-29,17:56:00,Attend
38846,2023-02-04 16:34:00,2023-02-04,16:34:00,Attend
38846,2023-02-11 03:54:00,2023-02-11,03:54:00,Leave
38846,2023-02-12 17:47:00,2023-02-12,17:47:00,Attend
38846,2023-02-19 17:45:00,2023-02-19,17:45:00,Attend
38846,2023-02-23 17:46:00,2023-02-23,17:46:00,Attend
38846,2023-02-24 02:00:00,2023-02-24,02:00:00,Leave
38846,2023-02-26 17:46:00,2023-02-26,17:46:00,Attend
38846,2023-03-03 03:03:00,2023-03-03,03:03:00,Leave
38846,2023-03-04 17:48:00,2023-03-04,17:48:00,Attend
38846,2023-03-17 02:59:00,2023-03-17,02:59:00,Leave
38846,2023-03-18 17:54:00,2023-03-18,17:54:00,Attend
38846,2023-03-23 21:34:00,2023-03-23,21:34:00,Attend
38846,2023-03-24 03:29:00,2023-03-24,03:29:00,Leave
38846,2023-03-26 22:12:00,2023-03-26,22:12:00,Attend
38846,2023-03-31 03:37:00,2023-03-31,03:37:00,Leave
38846,2023-04-27 17:53:00,2023-04-27,17:53:00,Attend
38846,2023-04-30 17:51:00,2023-04-30,17:51:00,Attend
38846,2023-05-02 02:58:00,2023-05-02,02:58:00,Leave
38846,2023-06-04 17:53:00,2023-06-04,17:53:00,Attend
38846,2023-06-16 00:45:00,2023-06-16,00:45:00,Leave
38846,2023-06-18 17:54:00,2023-06-18,17:54:00,Attend
38846,2023-06-24 18:05:00,2023-06-24,18:05:00,Attend
38846,2023-08-08 18:02:00,2023-08-08,18:02:00,Attend
38846,2023-08-11 02:50:00,2023-08-11,02:50:00,Leave
38846,2023-08-12 20:01:00,2023-08-12,20:01:00,Attend
38846,2023-08-25 02:57:00,2023-08-25,02:57:00,Leave
38846,2023-08-26 18:34:00,2023-08-26,18:34:00,Attend
38846,2023-08-31 00:00:00,2023-08-31,00:00:00,Leave
38846,2023-09-30 18:27:00,2023-09-30,18:27:00,Attend
38846,2023-10-03 04:56:00,2023-10-03,04:56:00,Leave
38846,2023-10-08 18:26:00,2023-10-08,18:26:00,Attend
38846,2023-10-13 03:23:00,2023-10-13,03:23:00,Leave
38846,2023-10-14 18:27:00,2023-10-14,18:27:00,Attend
38846,2023-10-20 01:56:00,2023-10-20,01:56:00,Leave
38846,2023-10-22 18:27:00,2023-10-22,18:27:00,Attend
38846,2023-10-27 01:00:00,2023-10-27,01:00:00,Leave
38846,2023-11-16 18:25:00,2023-11-16,18:25:00,Attend
38846,2023-11-17 03:30:00,2023-11-17,03:30:00,Leave
38846,2023-11-18 18:27:00,2023-11-18,18:27:00,Attend
38846,2023-11-24 04:25:00,2023-11-24,04:25:00,Leave
38846,2023-11-25 18:27:00,2023-11-25,18:27:00,Attend
38846,2023-12-01 00:01:00,2023-12-01,00:01:00,Leave
38846,2023-12-03 18:23:00,2023-12-03,18:23:00,Attend
38846,2023-12-08 02:29:00,2023-12-08,02:29:00,Leave
38846,2024-01-13 18:26:00,2024-01-13,18:26:00,Attend
38846,2024-01-16 03:26:00,2024-01-16,03:26:00,Leave
38846,2024-01-25 03:59:00,2024-01-25,03:59:00,Leave
38846,2024-02-02 03:59:00,2024-02-02,03:59:00,Leave
38846,2024-02-03 18:35:00,2024-02-03,18:35:00,Attend
38846,2024-03-01 03:00:00,2024-03-01,03:00:00,Leave
38846,2024-03-03 18:26:00,2024-03-03,18:26:00,Attend
38846,2024-03-08 03:26:00,2024-03-08,03:26:00,Leave
38846,2024-04-12 18:43:00,2024-04-12,18:43:00,Attend
38846,2024-04-14 02:01:00,2024-04-14,02:01:00,Leave
38846,2024-05-03 03:03:00,2024-05-03,03:03:00,Leave
38846,2024-05-04 18:25:00,2024-05-04,18:25:00,Attend
38846,2024-05-11 18:32:00,2024-05-11,18:32:00,Attend
38846,2024-05-15 03:26:00,2024-05-15,03:26:00,Leave
40371,2022-04-23 06:03:00,2022-04-23,06:03:00,Attend
40371,2022-05-02 02:00:00,2022-05-02,02:00:00,Attend
40371,2022-06-03 06:17:00,2022-06-03,06:17:00,Attend
40371,2022-06-25 07:33:00,2022-06-25,07:33:00,Attend
40371,2022-08-15 05:56:00,2022-08-15,05:56:00,Attend
40371,2022-12-30 06:01:00,2022-12-30,06:01:00,Attend
40371,2024-03-08 07:21:00,2024-03-08,07:21:00,Attend
40371,2024-04-12 15:02:00,2024-04-12,15:02:00,Attend
40371,2024-05-03 06:00:00,2024-05-03,06:00:00,Attend
40373,2022-04-08 00:18:00,2022-04-08,00:18:00,Attend
40373,2022-04-09 15:57:00,2022-04-09,15:57:00,Leave
40373,2022-05-03 23:30:00,2022-05-03,23:30:00,Leave
40373,2022-05-05 23:30:00,2022-05-05,23:30:00,Leave
40373,2022-05-14 23:30:00,2022-05-14,23:30:00,Attend
40373,2022-05-17 07:30:00,2022-05-17,07:30:00,Leave
40373,2022-05-18 23:36:00,2022-05-18,23:36:00,Attend
40373,2022-05-20 07:30:00,2022-05-20,07:30:00,Leave
40373,2022-05-28 23:34:00,2022-05-28,23:34:00,Attend
40373,2022-06-03 07:09:00,2022-06-03,07:09:00,Leave
40373,2022-06-04 23:39:00,2022-06-04,23:39:00,Attend
40373,2022-06-10 07:41:00,2022-06-10,07:41:00,Leave
40373,2022-06-25 23:24:00,2022-06-25,23:24:00,Attend
40373,2022-07-01 07:26:00,2022-07-01,07:26:00,Leave
40373,2022-07-03 23:32:00,2022-07-03,23:32:00,Attend
40373,2022-07-08 07:35:00,2022-07-08,07:35:00,Leave
40373,2022-07-13 23:31:00,2022-07-13,23:31:00,Attend
40373,2022-07-15 17:14:00,2022-07-15,17:14:00,Attend
40373,2022-07-16 23:22:00,2022-07-16,23:22:00,Attend
40373,2022-07-18 07:33:00,2022-07-18,07:33:00,Leave
40373,2022-08-04 08:29:00,2022-08-04,08:29:00,Leave
40373,2022-08-21 23:30:00,2022-08-21,23:30:00,Attend
40373,2022-08-29 23:28:00,2022-08-29,23:28:00,Attend
40373,2022-09-01 23:30:00,2022-09-01,23:30:00,Attend
40373,2022-09-02 07:30:00,2022-09-02,07:30:00,Leave
40373,2022-09-03 23:24:00,2022-09-03,23:24:00,Attend
40373,2022-09-09 17:17:00,2022-09-09,17:17:00,Leave
40373,2022-09-10 23:29:00,2022-09-10,23:29:00,Attend
40373,2022-09-13 23:25:00,2022-09-13,23:25:00,Attend
40373,2022-10-19 08:06:00,2022-10-19,08:06:00,Leave
40373,2022-10-29 16:40:00,2022-10-29,16:40:00,Attend
40373,2022-10-30 00:20:00,2022-10-30,00:20:00,Leave
40373,2022-11-01 08:02:00,2022-11-01,08:02:00,Leave
40373,2022-11-08 08:02:00,2022-11-08,08:02:00,Leave
40373,2022-11-11 08:07:00,2022-11-11,08:07:00,Leave
40373,2022-11-12 19:34:00,2022-11-12,19:34:00,Attend
40373,2022-11-13 08:08:00,2022-11-13,08:08:00,Leave
40373,2022-11-18 17:05:00,2022-11-18,17:05:00,Leave
40373,2022-11-19 23:53:00,2022-11-19,23:53:00,Attend
40373,2022-11-20 08:04:00,2022-11-20,08:04:00,Leave
40373,2022-11-22 07:59:00,2022-11-22,07:59:00,Leave
40373,2022-11-24 08:27:00,2022-11-24,08:27:00,Leave
40373,2022-11-26 16:01:00,2022-11-26,16:01:00,Attend
40373,2022-11-28 15:55:00,2022-11-28,15:55:00,Attend
40373,2022-12-01 08:03:00,2022-12-01,08:03:00,Leave
40373,2022-12-15 16:05:00,2022-12-15,16:05:00,Attend
40373,2022-12-17 20:07:00,2022-12-17,20:07:00,Attend
40373,2022-12-21 08:16:00,2022-12-21,08:16:00,Leave
40373,2022-12-28 07:57:00,2022-12-28,07:57:00,Leave
40373,2022-12-31 20:41:00,2022-12-31,20:41:00,Attend
40373,2023-01-08 16:42:00,2023-01-08,16:42:00,Attend
40373,2023-01-12 00:00:00,2023-01-12,00:00:00,Leave
40373,2023-01-15 16:04:00,2023-01-15,16:04:00,Attend
40373,2023-01-16 08:29:00,2023-01-16,08:29:00,Leave
40373,2023-01-19 15:59:00,2023-01-19,15:59:00,Attend
40373,2023-01-23 20:16:00,2023-01-23,20:16:00,Attend
40373,2023-02-10 17:11:00,2023-02-10,17:11:00,Leave
40373,2023-02-17 07:58:00,2023-02-17,07:58:00,Leave
40373,2023-02-18 23:50:00,2023-02-18,23:50:00,Attend
40373,2023-02-19 08:28:00,2023-02-19,08:28:00,Leave
40373,2023-03-01 16:01:00,2023-03-01,16:01:00,Leave
40373,2023-03-03 11:12:00,2023-03-03,11:12:00,Attend
40373,2023-04-01 23:57:00,2023-04-01,23:57:00,Attend
40373,2023-04-02 07:46:00,2023-04-02,07:46:00,Leave
40373,2023-04-07 08:51:00,2023-04-07,08:51:00,Leave
40373,2023-04-20 08:12:00,2023-04-20,08:12:00,Leave
40373,2023-05-01 16:02:00,2023-05-01,16:02:00,Leave
40373,2023-06-01 15:56:00,2023-06-01,15:56:00,Attend
40373,2023-06-02 00:06:00,2023-06-02,00:06:00,Leave
40373,2023-06-04 20:04:00,2023-06-04,20:04:00,Attend
40373,2023-06-09 07:51:00,2023-06-09,07:51:00,Leave
40373,2023-06-10 20:01:00,2023-06-10,20:01:00,Attend
40373,2023-06-16 17:10:00,2023-06-16,17:10:00,Leave
40373,2023-06-17 16:11:00,2023-06-17,16:11:00,Attend
40373,2023-06-20 00:02:00,2023-06-20,00:02:00,Leave
40373,2023-06-21 15:45:00,2023-06-21,15:45:00,Attend
40373,2023-06-23 00:05:00,2023-06-23,00:05:00,Leave
40373,2023-06-24 15:50:00,2023-06-24,15:50:00,Attend
40373,2023-06-27 00:10:00,2023-06-27,00:10:00,Leave
40373,2023-07-02 23:53:00,2023-07-02,23:53:00,Attend
40373,2023-07-03 08:11:00,2023-07-03,08:11:00,Leave
40373,2023-07-05 08:12:00,2023-07-05,08:12:00,Leave
40373,2023-07-07 17:19:00,2023-07-07,17:19:00,Leave
40373,2023-07-08 20:03:00,2023-07-08,20:03:00,Attend
40373,2023-07-14 08:09:00,2023-07-14,08:09:00,Leave
40373,2023-07-17 08:18:00,2023-07-17,08:18:00,Leave
40373,2023-07-21 07:58:00,2023-07-21,07:58:00,Leave
40373,2023-07-22 23:54:00,2023-07-22,23:54:00,Attend
40373,2023-07-26 07:49:00,2023-07-26,07:49:00,Leave
40373,2023-07-28 17:09:00,2023-07-28,17:09:00,Leave
40373,2023-07-29 23:59:00,2023-07-29,23:59:00,Attend
40373,2023-08-04 07:47:00,2023-08-04,07:47:00,Leave
40373,2023-08-05 23:59:00,2023-08-05,23:59:00,Attend
40373,2023-08-11 08:05:00,2023-08-11,08:05:00,Leave
40373,2023-08-19 23:44:00,2023-08-19,23:44:00,Attend
40373,2023-08-25 08:00:00,2023-08-25,08:00:00,Leave
40373,2023-08-26 23:53:00,2023-08-26,23:53:00,Attend
40373,2023-08-28 08:06:00,2023-08-28,08:06:00,Leave
40373,2023-08-30 08:06:00,2023-08-30,08:06:00,Leave
40373,2023-09-01 07:41:00,2023-09-01,07:41:00,Leave
40373,2023-09-09 23:56:00,2023-09-09,23:56:00,Attend
40373,2023-09-11 08:06:00,2023-09-11,08:06:00,Leave
40373,2023-09-14 08:11:00,2023-09-14,08:11:00,Leave
40373,2023-09-16 23:56:00,2023-09-16,23:56:00,Attend
40373,2023-09-18 08:13:00,2023-09-18,08:13:00,Leave
40373,2023-09-22 08:04:00,2023-09-22,08:04:00,Leave
40373,2023-09-23 20:09:00,2023-09-23,20:09:00,Attend
40373,2023-09-29 17:05:00,2023-09-29,17:05:00,Leave
40373,2023-09-30 23:57:00,2023-09-30,23:57:00,Attend
40373,2023-10-08 23:58:00,2023-10-08,23:58:00,Attend
40373,2023-10-09 08:18:00,2023-10-09,08:18:00,Leave
40373,2023-10-13 07:51:00,2023-10-13,07:51:00,Leave
40373,2023-10-22 23:54:00,2023-10-22,23:54:00,Attend
40373,2023-10-23 08:11:00,2023-10-23,08:11:00,Leave
40373,2023-10-27 08:02:00,2023-10-27,08:02:00,Leave
40373,2023-10-31 07:57:00,2023-10-31,07:57:00,Leave
40373,2023-11-03 07:57:00,2023-11-03,07:57:00,Leave
40373,2023-11-04 23:50:00,2023-11-04,23:50:00,Attend
40373,2023-11-05 08:03:00,2023-11-05,08:03:00,Leave
40373,2023-11-08 08:04:00,2023-11-08,08:04:00,Leave
40373,2023-11-15 08:00:00,2023-11-15,08:00:00,Leave
40373,2023-11-17 08:00:00,2023-11-17,08:00:00,Leave
40373,2023-11-26 23:58:00,2023-11-26,23:58:00,Attend
40373,2023-11-29 08:05:00,2023-11-29,08:05:00,Leave
40373,2023-12-01 17:05:00,2023-12-01,17:05:00,Leave
40373,2023-12-02 23:58:00,2023-12-02,23:58:00,Attend
40373,2023-12-08 07:57:00,2023-12-08,07:57:00,Leave
40373,2023-12-11 08:09:00,2023-12-11,08:09:00,Leave
40373,2023-12-13 07:36:00,2023-12-13,07:36:00,Leave
40373,2023-12-15 07:57:00,2023-12-15,07:57:00,Leave
40373,2023-12-18 08:00:00,2023-12-18,08:00:00,Leave
40373,2023-12-22 18:13:00,2023-12-22,18:13:00,Leave
40373,2023-12-29 07:58:00,2023-12-29,07:58:00,Leave
40373,2023-12-30 20:01:00,2023-12-30,20:01:00,Attend
40373,2024-01-01 08:00:00,2024-01-01,08:00:00,Leave
40373,2024-01-03 08:01:00,2024-01-03,08:01:00,Leave
40373,2024-01-09 07:57:00,2024-01-09,07:57:00,Leave
40373,2024-01-12 08:00:00,2024-01-12,08:00:00,Leave
40373,2024-01-13 23:58:00,2024-01-13,23:58:00,Attend
40373,2024-01-16 08:01:00,2024-01-16,08:01:00,Leave
40373,2024-01-17 08:02:00,2024-01-17,08:02:00,Leave
40373,2024-01-18 08:01:00,2024-01-18,08:01:00,Leave
40373,2024-02-19 08:03:00,2024-02-19,08:03:00,Leave
40373,2024-02-21 08:29:00,2024-02-21,08:29:00,Leave
40373,2024-03-02 23:49:00,2024-03-02,23:49:00,Attend
40373,2024-03-16 23:55:00,2024-03-16,23:55:00,Leave
40373,2024-03-17 08:31:00,2024-03-17,08:31:00,Attend
40373,2024-04-12 23:47:00,2024-04-12,23:47:00,Attend
40373,2024-04-13 07:57:00,2024-04-13,07:57:00,Leave
40373,2024-05-01 19:51:00,2024-05-01,19:51:00,Attend
40373,2024-05-06 08:18:00,2024-05-06,08:18:00,Attend
40373,2024-05-12 08:29:00,2024-05-12,08:29:00,Leave
40373,2024-05-15 08:01:00,2024-05-15,08:01:00,Leave
40375,2022-09-25 17:03:00,2022-09-25,17:03:00,Leave
40375,2022-09-29 16:22:00,2022-09-29,16:22:00,Leave
40375,2022-10-09 08:09:00,2022-10-09,08:09:00,Attend
40375,2023-06-01 08:52:00,2023-06-01,08:52:00,Attend
40375,2023-06-05 08:46:00,2023-06-05,08:46:00,Attend
40375,2023-06-06 08:47:00,2023-06-06,08:47:00,Attend
40375,2023-06-07 08:47:00,2023-06-07,08:47:00,Attend
40375,2023-06-11 08:55:00,2023-06-11,08:55:00,Attend
40375,2023-06-14 08:33:00,2023-06-14,08:33:00,Attend
40375,2023-06-15 08:25:00,2023-06-15,08:25:00,Attend
40375,2023-06-18 08:46:00,2023-06-18,08:46:00,Attend
40375,2023-07-03 09:15:00,2023-07-03,09:15:00,Attend
40375,2023-07-04 10:04:00,2023-07-04,10:04:00,Attend
40375,2023-07-05 08:31:00,2023-07-05,08:31:00,Attend
40375,2023-07-09 09:06:00,2023-07-09,09:06:00,Attend
40376,2022-09-19 06:49:00,2022-09-19,06:49:00,Attend
40376,2022-10-09 06:50:00,2022-10-09,06:50:00,Attend
40376,2022-10-13 06:53:00,2022-10-13,06:53:00,Attend
40376,2022-10-17 15:59:00,2022-10-17,15:59:00,Leave
40376,2023-01-02 06:59:00,2023-01-02,06:59:00,Attend
40376,2023-07-12 16:01:00,2023-07-12,16:01:00,Attend
40377,2022-03-24 15:33:00,2022-03-24,15:33:00,Leave
40377,2023-10-08 16:08:00,2023-10-08,16:08:00,Leave
40377,2024-01-16 16:45:00,2024-01-16,16:45:00,Leave
40377,2024-01-18 16:22:00,2024-01-18,16:22:00,Leave
40377,2024-01-21 16:51:00,2024-01-21,16:51:00,Leave
40377,2024-01-22 16:45:00,2024-01-22,16:45:00,Leave
40377,2024-01-23 09:35:00,2024-01-23,09:35:00,Leave
40377,2024-01-28 16:47:00,2024-01-28,16:47:00,Leave
40377,2024-01-29 16:33:00,2024-01-29,16:33:00,Leave
40377,2024-01-30 16:48:00,2024-01-30,16:48:00,Leave
40377,2024-01-31 14:46:00,2024-01-31,14:46:00,Leave
40377,2024-02-01 14:09:00,2024-02-01,14:09:00,Leave
40377,2024-02-04 17:05:00,2024-02-04,17:05:00,Leave
40377,2024-02-05 16:52:00,2024-02-05,16:52:00,Leave
40377,2024-02-06 14:42:00,2024-02-06,14:42:00,Leave
40377,2024-02-07 16:50:00,2024-02-07,16:50:00,Leave
40377,2024-02-11 16:44:00,2024-02-11,16:44:00,Leave
40377,2024-02-13 16:10:00,2024-02-13,16:10:00,Leave
40377,2024-03-19 15:00:00,2024-03-19,15:00:00,Leave
40378,2022-09-15 17:11:00,2022-09-15,17:11:00,Attend
40378,2022-09-21 08:32:00,2022-09-21,08:32:00,Attend
40378,2022-09-29 16:22:00,2022-09-29,16:22:00,Attend
40378,2022-10-03 17:04:00,2022-10-03,17:04:00,Attend
40378,2022-10-04 08:27:00,2022-10-04,08:27:00,Attend
40378,2022-10-09 17:06:00,2022-10-09,17:06:00,Attend
40378,2022-10-20 16:14:00,2022-10-20,16:14:00,Attend
40378,2022-10-23 16:59:00,2022-10-23,16:59:00,Attend
40378,2022-10-24 11:33:00,2022-10-24,11:33:00,Attend
40378,2022-10-25 17:14:00,2022-10-25,17:14:00,Attend
40378,2022-10-26 17:02:00,2022-10-26,17:02:00,Attend
40840,2022-05-14 05:57:00,2022-05-14,05:57:00,Attend
40840,2022-05-17 16:45:00,2022-05-17,16:45:00,Leave
40840,2022-05-18 16:28:00,2022-05-18,16:28:00,Leave
40840,2022-05-22 16:38:00,2022-05-22,16:38:00,Leave
40840,2022-05-23 16:26:00,2022-05-23,16:26:00,Leave
40840,2022-05-24 16:29:00,2022-05-24,16:29:00,Leave
40840,2022-05-25 16:29:00,2022-05-25,16:29:00,Leave
40840,2022-05-26 16:27:00,2022-05-26,16:27:00,Leave
40840,2022-05-31 17:00:00,2022-05-31,17:00:00,Leave
40912,2022-04-25 23:15:00,2022-04-25,23:15:00,Leave
40912,2022-04-29 07:30:00,2022-04-29,07:30:00,Attend
40912,2022-04-30 23:24:00,2022-04-30,23:24:00,Leave
40912,2022-05-02 04:00:00,2022-05-02,04:00:00,Leave
40912,2022-05-21 15:31:00,2022-05-21,15:31:00,Attend
40912,2022-06-11 13:30:00,2022-06-11,13:30:00,Attend
40912,2022-06-15 15:30:00,2022-06-15,15:30:00,Attend
40912,2022-06-16 15:43:00,2022-06-16,15:43:00,Attend
40912,2022-07-05 15:27:00,2022-07-05,15:27:00,Attend
40912,2022-07-18 15:29:00,2022-07-18,15:29:00,Attend
40912,2022-07-22 07:19:00,2022-07-22,07:19:00,Leave
40912,2022-07-23 23:35:00,2022-07-23,23:35:00,Attend
40912,2022-07-29 17:06:00,2022-07-29,17:06:00,Attend
40912,2022-07-31 23:27:00,2022-07-31,23:27:00,Attend
40912,2022-08-05 07:40:00,2022-08-05,07:40:00,Leave
40912,2022-08-06 23:25:00,2022-08-06,23:25:00,Attend
40912,2022-08-12 07:29:00,2022-08-12,07:29:00,Leave
40912,2022-08-13 23:22:00,2022-08-13,23:22:00,Attend
40912,2022-08-18 07:34:00,2022-08-18,07:34:00,Leave
40912,2022-08-19 16:44:00,2022-08-19,16:44:00,Leave
40912,2022-08-20 23:28:00,2022-08-20,23:28:00,Attend
40912,2022-08-22 23:29:00,2022-08-22,23:29:00,Attend
40912,2022-08-26 07:32:00,2022-08-26,07:32:00,Leave
40912,2022-09-23 07:19:00,2022-09-23,07:19:00,Attend
40912,2022-09-30 00:33:00,2022-09-30,00:33:00,Leave
40948,2022-05-17 09:22:00,2022-05-17,09:22:00,Attend
40948,2022-05-18 08:25:00,2022-05-18,08:25:00,Attend
40948,2022-05-19 16:30:00,2022-05-19,16:30:00,Leave
40948,2022-05-26 16:30:00,2022-05-26,16:30:00,Leave
40948,2022-05-29 16:30:00,2022-05-29,16:30:00,Leave
41082,2022-05-24 15:47:00,2022-05-24,15:47:00,Leave
41082,2022-05-25 16:01:00,2022-05-25,16:01:00,Leave
41082,2022-05-29 15:04:00,2022-05-29,15:04:00,Leave
41082,2022-05-31 16:03:00,2022-05-31,16:03:00,Leave
41083,2022-05-25 15:54:00,2022-05-25,15:54:00,Leave
41083,2022-05-29 15:04:00,2022-05-29,15:04:00,Leave
41083,2022-05-31 16:03:00,2022-05-31,16:03:00,Leave
41083,2022-08-16 16:05:00,2022-08-16,16:05:00,Leave
41083,2022-08-17 16:16:00,2022-08-17,16:16:00,Leave
41083,2022-08-18 16:33:00,2022-08-18,16:33:00,Leave
41083,2022-08-21 16:21:00,2022-08-21,16:21:00,Leave
41083,2022-08-22 16:07:00,2022-08-22,16:07:00,Leave
41083,2022-08-23 16:09:00,2022-08-23,16:09:00,Leave
41083,2022-08-24 16:06:00,2022-08-24,16:06:00,Leave
41083,2022-08-25 16:05:00,2022-08-25,16:05:00,Leave
41083,2022-08-28 16:02:00,2022-08-28,16:02:00,Leave
41083,2022-08-29 16:01:00,2022-08-29,16:01:00,Leave
41084,2022-05-24 15:46:00,2022-05-24,15:46:00,Leave
41084,2022-05-25 16:01:00,2022-05-25,16:01:00,Leave
41084,2022-05-31 16:01:00,2022-05-31,16:01:00,Leave
41086,2022-06-15 09:28:00,2022-06-15,09:28:00,Attend
41086,2022-07-01 05:58:00,2022-07-01,05:58:00,Attend
41086,2022-08-13 07:26:00,2022-08-13,07:26:00,Attend
41086,2022-08-26 07:34:00,2022-08-26,07:34:00,Attend
41086,2022-09-02 08:33:00,2022-09-02,08:33:00,Attend
41086,2022-10-02 07:49:00,2022-10-02,07:49:00,Attend
41086,2022-10-13 16:31:00,2022-10-13,16:31:00,Attend
41086,2022-12-30 10:00:00,2022-12-30,10:00:00,Attend
41086,2023-01-13 07:42:00,2023-01-13,07:42:00,Attend
41086,2023-01-27 07:36:00,2023-01-27,07:36:00,Attend
41086,2023-02-10 07:29:00,2023-02-10,07:29:00,Attend
41086,2023-02-17 07:32:00,2023-02-17,07:32:00,Attend
41086,2023-02-23 07:33:00,2023-02-23,07:33:00,Attend
41086,2023-03-10 07:50:00,2023-03-10,07:50:00,Attend
41086,2023-03-11 07:41:00,2023-03-11,07:41:00,Attend
41089,2022-10-10 06:36:00,2022-10-10,06:36:00,Attend
41089,2022-10-13 06:42:00,2022-10-13,06:42:00,Attend
41089,2022-10-17 16:07:00,2022-10-17,16:07:00,Leave
41155,2022-08-09 17:42:00,2022-08-09,17:42:00,Leave
41155,2022-08-12 02:40:00,2022-08-12,02:40:00,Attend
41155,2022-08-15 19:00:00,2022-08-15,19:00:00,Leave
41155,2022-08-16 21:09:00,2022-08-16,21:09:00,Leave
41155,2022-08-17 21:00:00,2022-08-17,21:00:00,Leave
41155,2022-08-18 21:00:00,2022-08-18,21:00:00,Leave
41155,2022-08-20 17:56:00,2022-08-20,17:56:00,Leave
41284,2022-08-15 16:06:00,2022-08-15,16:06:00,Leave
41284,2022-08-16 16:09:00,2022-08-16,16:09:00,Leave
41284,2022-08-17 16:13:00,2022-08-17,16:13:00,Leave
41284,2022-08-18 16:00:00,2022-08-18,16:00:00,Leave
41284,2022-08-21 16:18:00,2022-08-21,16:18:00,Leave
41284,2022-08-22 16:09:00,2022-08-22,16:09:00,Leave
41284,2022-08-23 16:08:00,2022-08-23,16:08:00,Leave
41284,2022-08-24 16:08:00,2022-08-24,16:08:00,Leave
41284,2022-08-25 16:08:00,2022-08-25,16:08:00,Leave
41284,2022-08-28 16:05:00,2022-08-28,16:05:00,Leave
41284,2022-08-29 16:11:00,2022-08-29,16:11:00,Leave
41387,2022-10-13 06:37:00,2022-10-13,06:37:00,Attend
41387,2022-10-17 15:59:00,2022-10-17,15:59:00,Leave
41387,2023-01-02 06:39:00,2023-01-02,06:39:00,Attend
41387,2023-01-05 16:00:00,2023-01-05,16:00:00,Attend
41387,2024-03-14 06:36:00,2024-03-14,06:36:00,Attend
41387,2024-03-18 06:31:00,2024-03-18,06:31:00,Attend
41388,2022-06-19 09:05:00,2022-06-19,09:05:00,Attend
41388,2022-08-15 16:06:00,2022-08-15,16:06:00,Leave
41388,2022-08-17 16:15:00,2022-08-17,16:15:00,Leave
41388,2022-08-18 16:11:00,2022-08-18,16:11:00,Leave
41388,2022-08-21 09:00:00,2022-08-21,09:00:00,Attend
41762,2022-07-17 08:00:00,2022-07-17,08:00:00,Attend
41762,2022-07-18 08:00:00,2022-07-18,08:00:00,Attend
41762,2022-07-19 08:00:00,2022-07-19,08:00:00,Attend
42259,2022-08-26 07:31:00,2022-08-26,07:31:00,Attend
42259,2022-09-12 17:56:00,2022-09-12,17:56:00,Attend
42259,2022-09-17 18:42:00,2022-09-17,18:42:00,Attend
42259,2022-09-24 17:54:00,2022-09-24,17:54:00,Attend
42259,2022-09-30 05:00:00,2022-09-30,05:00:00,Leave
42259,2022-10-01 17:58:00,2022-10-01,17:58:00,Attend
42259,2022-10-08 17:56:00,2022-10-08,17:56:00,Attend
42259,2022-10-14 08:33:00,2022-10-14,08:33:00,Attend
42259,2022-10-15 21:33:00,2022-10-15,21:33:00,Attend
42259,2022-11-04 07:52:00,2022-11-04,07:52:00,Attend
42259,2022-11-05 21:32:00,2022-11-05,21:32:00,Attend
42259,2022-12-02 05:31:00,2022-12-02,05:31:00,Attend
42259,2022-12-03 23:54:00,2022-12-03,23:54:00,Attend
42259,2022-12-09 09:34:00,2022-12-09,09:34:00,Attend
42259,2022-12-10 18:57:00,2022-12-10,18:57:00,Attend
42259,2022-12-17 17:55:00,2022-12-17,17:55:00,Attend
42259,2022-12-23 06:00:00,2022-12-23,06:00:00,Leave
42259,2022-12-24 21:06:00,2022-12-24,21:06:00,Attend
42259,2022-12-31 01:20:00,2022-12-31,01:20:00,Leave
42259,2023-01-01 20:55:00,2023-01-01,20:55:00,Attend
42259,2023-02-03 08:12:00,2023-02-03,08:12:00,Attend
42259,2023-02-24 06:34:00,2023-02-24,06:34:00,Leave
42259,2023-02-25 17:49:00,2023-02-25,17:49:00,Attend
42259,2023-03-03 08:25:00,2023-03-03,08:25:00,Attend
42259,2023-03-17 08:40:00,2023-03-17,08:40:00,Attend
42259,2023-03-18 21:28:00,2023-03-18,21:28:00,Attend
42259,2023-04-07 08:49:00,2023-04-07,08:49:00,Attend
42259,2023-04-08 22:00:00,2023-04-08,22:00:00,Attend
42259,2023-04-27 20:58:00,2023-04-27,20:58:00,Attend
42259,2023-05-05 05:35:00,2023-05-05,05:35:00,Leave
42259,2023-05-06 21:02:00,2023-05-06,21:02:00,Attend
42259,2023-05-19 07:57:00,2023-05-19,07:57:00,Attend
42259,2023-05-20 21:08:00,2023-05-20,21:08:00,Attend
42259,2023-05-26 05:47:00,2023-05-26,05:47:00,Leave
42259,2023-05-27 21:07:00,2023-05-27,21:07:00,Attend
42259,2023-06-02 05:59:00,2023-06-02,05:59:00,Leave
42259,2023-06-03 18:09:00,2023-06-03,18:09:00,Attend
42259,2023-06-16 04:55:00,2023-06-16,04:55:00,Leave
42259,2023-06-17 23:59:00,2023-06-17,23:59:00,Attend
42259,2023-06-25 05:55:00,2023-06-25,05:55:00,Leave
42259,2023-06-27 02:59:00,2023-06-27,02:59:00,Leave
42259,2023-07-02 18:02:00,2023-07-02,18:02:00,Attend
42259,2023-07-06 05:53:00,2023-07-06,05:53:00,Attend
42259,2023-07-15 20:03:00,2023-07-15,20:03:00,Attend
42259,2023-07-21 09:31:00,2023-07-21,09:31:00,Attend
42259,2023-07-28 04:54:00,2023-07-28,04:54:00,Leave
42259,2023-07-30 18:01:00,2023-07-30,18:01:00,Attend
42259,2023-08-04 04:33:00,2023-08-04,04:33:00,Attend
42259,2023-08-06 21:06:00,2023-08-06,21:06:00,Attend
42259,2023-08-26 21:04:00,2023-08-26,21:04:00,Attend
42259,2023-09-01 05:58:00,2023-09-01,05:58:00,Leave
42259,2023-09-02 21:07:00,2023-09-02,21:07:00,Attend
42259,2023-09-29 06:17:00,2023-09-29,06:17:00,Leave
42259,2023-09-30 21:13:00,2023-09-30,21:13:00,Attend
42259,2023-10-03 06:00:00,2023-10-03,06:00:00,Leave
42259,2023-10-08 21:02:00,2023-10-08,21:02:00,Attend
42259,2023-10-13 05:52:00,2023-10-13,05:52:00,Leave
42259,2023-10-14 21:02:00,2023-10-14,21:02:00,Attend
42259,2023-10-20 05:41:00,2023-10-20,05:41:00,Leave
42259,2023-10-21 21:10:00,2023-10-21,21:10:00,Attend
42259,2023-10-27 05:39:00,2023-10-27,05:39:00,Leave
42259,2023-10-29 21:01:00,2023-10-29,21:01:00,Attend
42259,2023-11-03 05:54:00,2023-11-03,05:54:00,Leave
42259,2023-11-04 16:08:00,2023-11-04,16:08:00,Attend
42259,2023-11-10 09:05:00,2023-11-10,09:05:00,Leave
42259,2023-11-11 21:06:00,2023-11-11,21:06:00,Attend
42259,2023-11-17 06:45:00,2023-11-17,06:45:00,Leave
42259,2023-11-18 20:58:00,2023-11-18,20:58:00,Attend
42259,2023-11-24 05:55:00,2023-11-24,05:55:00,Leave
42259,2023-11-25 20:54:00,2023-11-25,20:54:00,Attend
42259,2023-12-01 03:00:00,2023-12-01,03:00:00,Leave
42259,2023-12-02 20:56:00,2023-12-02,20:56:00,Attend
42259,2023-12-08 05:01:00,2023-12-08,05:01:00,Leave
42259,2023-12-09 13:33:00,2023-12-09,13:33:00,Attend
42259,2023-12-15 06:55:00,2023-12-15,06:55:00,Leave
42259,2023-12-16 21:01:00,2023-12-16,21:01:00,Attend
42259,2023-12-29 03:33:00,2023-12-29,03:33:00,Leave
42259,2024-01-01 21:04:00,2024-01-01,21:04:00,Attend
42259,2024-01-18 20:58:00,2024-01-18,20:58:00,Attend
42259,2024-02-03 20:57:00,2024-02-03,20:57:00,Attend
42259,2024-02-17 23:25:00,2024-02-17,23:25:00,Attend
42259,2024-03-01 07:53:00,2024-03-01,07:53:00,Attend
42259,2024-03-29 06:00:00,2024-03-29,06:00:00,Leave
42259,2024-04-05 07:53:00,2024-04-05,07:53:00,Attend
42259,2024-04-06 20:41:00,2024-04-06,20:41:00,Attend
42259,2024-04-10 00:11:00,2024-04-10,00:11:00,Leave
42259,2024-04-11 21:07:00,2024-04-11,21:07:00,Attend
42259,2024-04-29 21:19:00,2024-04-29,21:19:00,Attend
42259,2024-05-03 05:57:00,2024-05-03,05:57:00,Attend
42259,2024-05-04 21:07:00,2024-05-04,21:07:00,Attend
42259,2024-05-15 05:59:00,2024-05-15,05:59:00,Leave
42260,2022-08-26 07:31:00,2022-08-26,07:31:00,Attend
42260,2022-09-03 18:01:00,2022-09-03,18:01:00,Attend
42260,2022-09-17 18:42:00,2022-09-17,18:42:00,Attend
42260,2022-09-24 17:55:00,2022-09-24,17:55:00,Attend
42260,2022-09-30 05:00:00,2022-09-30,05:00:00,Leave
42260,2022-10-01 17:58:00,2022-10-01,17:58:00,Attend
42260,2022-10-08 17:56:00,2022-10-08,17:56:00,Attend
42260,2022-10-14 08:33:00,2022-10-14,08:33:00,Attend
42260,2022-10-15 21:33:00,2022-10-15,21:33:00,Attend
42260,2022-11-04 07:52:00,2022-11-04,07:52:00,Attend
42260,2022-11-05 21:32:00,2022-11-05,21:32:00,Attend
42260,2022-12-02 05:31:00,2022-12-02,05:31:00,Attend
42260,2022-12-03 23:55:00,2022-12-03,23:55:00,Attend
42260,2022-12-09 09:34:00,2022-12-09,09:34:00,Attend
42260,2022-12-10 18:57:00,2022-12-10,18:57:00,Attend
42260,2022-12-17 17:56:00,2022-12-17,17:56:00,Attend
42260,2022-12-23 06:00:00,2022-12-23,06:00:00,Leave
42260,2022-12-24 21:06:00,2022-12-24,21:06:00,Attend
42260,2022-12-31 01:20:00,2022-12-31,01:20:00,Leave
42260,2023-01-01 20:55:00,2023-01-01,20:55:00,Attend
42260,2023-01-14 06:05:00,2023-01-14,06:05:00,Attend
42260,2023-02-03 08:11:00,2023-02-03,08:11:00,Attend
42260,2023-02-24 06:29:00,2023-02-24,06:29:00,Leave
42260,2023-02-25 17:49:00,2023-02-25,17:49:00,Attend
42260,2023-03-03 08:25:00,2023-03-03,08:25:00,Attend
42260,2023-03-17 08:40:00,2023-03-17,08:40:00,Attend
42260,2023-03-18 21:28:00,2023-03-18,21:28:00,Attend
42260,2023-03-30 06:15:00,2023-03-30,06:15:00,Leave
42260,2023-04-01 22:01:00,2023-04-01,22:01:00,Attend
42260,2023-04-07 08:51:00,2023-04-07,08:51:00,Attend
42260,2023-04-08 22:01:00,2023-04-08,22:01:00,Attend
42260,2023-04-27 20:58:00,2023-04-27,20:58:00,Attend
42260,2023-05-05 05:36:00,2023-05-05,05:36:00,Leave
42260,2023-05-06 21:01:00,2023-05-06,21:01:00,Attend
42260,2023-05-19 07:57:00,2023-05-19,07:57:00,Attend
42260,2023-05-20 21:08:00,2023-05-20,21:08:00,Attend
42260,2023-05-26 05:48:00,2023-05-26,05:48:00,Leave
42260,2023-05-27 21:08:00,2023-05-27,21:08:00,Attend
42260,2023-06-02 05:56:00,2023-06-02,05:56:00,Leave
42260,2023-06-03 18:07:00,2023-06-03,18:07:00,Attend
42260,2023-06-27 02:56:00,2023-06-27,02:56:00,Leave
42260,2023-07-02 18:06:00,2023-07-02,18:06:00,Attend
42260,2023-07-07 05:56:00,2023-07-07,05:56:00,Leave
42260,2023-07-08 21:15:00,2023-07-08,21:15:00,Attend
42260,2023-07-15 20:03:00,2023-07-15,20:03:00,Attend
42260,2023-07-18 21:12:00,2023-07-18,21:12:00,Attend
42260,2023-07-21 09:31:00,2023-07-21,09:31:00,Attend
42260,2023-07-28 04:53:00,2023-07-28,04:53:00,Leave
42260,2023-07-31 21:07:00,2023-07-31,21:07:00,Attend
42260,2023-08-04 04:20:00,2023-08-04,04:20:00,Leave
42260,2023-08-06 21:11:00,2023-08-06,21:11:00,Attend
42260,2023-08-26 21:03:00,2023-08-26,21:03:00,Attend
42260,2023-09-01 05:58:00,2023-09-01,05:58:00,Leave
42260,2023-09-02 21:04:00,2023-09-02,21:04:00,Attend
42260,2023-09-29 06:17:00,2023-09-29,06:17:00,Leave
42260,2023-09-30 21:13:00,2023-09-30,21:13:00,Attend
42260,2023-10-03 06:09:00,2023-10-03,06:09:00,Leave
42260,2023-10-08 21:06:00,2023-10-08,21:06:00,Attend
42260,2023-10-13 05:53:00,2023-10-13,05:53:00,Leave
42260,2023-10-14 21:06:00,2023-10-14,21:06:00,Attend
42260,2023-10-20 05:40:00,2023-10-20,05:40:00,Leave
42260,2023-10-21 21:13:00,2023-10-21,21:13:00,Attend
42260,2023-10-27 05:39:00,2023-10-27,05:39:00,Leave
42260,2023-10-29 21:02:00,2023-10-29,21:02:00,Attend
42260,2023-11-05 21:06:00,2023-11-05,21:06:00,Attend
42260,2023-11-10 09:06:00,2023-11-10,09:06:00,Attend
42260,2023-11-11 21:05:00,2023-11-11,21:05:00,Attend
42260,2023-11-17 06:43:00,2023-11-17,06:43:00,Leave
42260,2023-11-18 20:59:00,2023-11-18,20:59:00,Attend
42260,2023-11-24 05:55:00,2023-11-24,05:55:00,Leave
42260,2023-11-25 21:01:00,2023-11-25,21:01:00,Attend
42260,2023-12-01 03:00:00,2023-12-01,03:00:00,Leave
42260,2023-12-02 20:57:00,2023-12-02,20:57:00,Attend
42260,2023-12-08 05:02:00,2023-12-08,05:02:00,Leave
42260,2023-12-09 13:38:00,2023-12-09,13:38:00,Attend
42260,2023-12-15 06:53:00,2023-12-15,06:53:00,Leave
42260,2023-12-17 20:57:00,2023-12-17,20:57:00,Attend
42260,2023-12-31 21:01:00,2023-12-31,21:01:00,Attend
42260,2024-02-03 20:59:00,2024-02-03,20:59:00,Attend
42260,2024-02-04 21:09:00,2024-02-04,21:09:00,Attend
42260,2024-03-01 07:49:00,2024-03-01,07:49:00,Attend
42260,2024-03-15 22:12:00,2024-03-15,22:12:00,Leave
42260,2024-04-06 20:40:00,2024-04-06,20:40:00,Leave
42260,2024-04-10 00:01:00,2024-04-10,00:01:00,Attend
42260,2024-04-11 21:06:00,2024-04-11,21:06:00,Attend
42260,2024-04-29 21:12:00,2024-04-29,21:12:00,Attend
42260,2024-05-03 05:57:00,2024-05-03,05:57:00,Leave
42260,2024-05-04 21:07:00,2024-05-04,21:07:00,Attend
42260,2024-05-15 05:55:00,2024-05-15,05:55:00,Leave
42261,2022-08-26 07:31:00,2022-08-26,07:31:00,Attend
42261,2022-09-12 17:57:00,2022-09-12,17:57:00,Attend
42261,2022-09-17 18:42:00,2022-09-17,18:42:00,Attend
42261,2022-09-24 17:55:00,2022-09-24,17:55:00,Attend
42261,2022-09-30 05:00:00,2022-09-30,05:00:00,Leave
42261,2022-10-01 17:58:00,2022-10-01,17:58:00,Attend
42261,2022-10-08 17:56:00,2022-10-08,17:56:00,Attend
42261,2022-10-14 08:33:00,2022-10-14,08:33:00,Attend
42261,2022-10-15 21:33:00,2022-10-15,21:33:00,Attend
42261,2022-10-24 06:30:00,2022-10-24,06:30:00,Leave
42261,2022-11-04 07:52:00,2022-11-04,07:52:00,Attend
42261,2022-11-05 21:32:00,2022-11-05,21:32:00,Attend
42261,2022-11-18 21:54:00,2022-11-18,21:54:00,Attend
42261,2022-12-02 05:31:00,2022-12-02,05:31:00,Attend
42261,2022-12-03 23:52:00,2022-12-03,23:52:00,Attend
42261,2022-12-09 09:30:00,2022-12-09,09:30:00,Attend
42261,2022-12-10 18:57:00,2022-12-10,18:57:00,Attend
42261,2022-12-17 17:55:00,2022-12-17,17:55:00,Attend
42261,2022-12-23 06:00:00,2022-12-23,06:00:00,Leave
42261,2022-12-24 21:06:00,2022-12-24,21:06:00,Attend
42261,2022-12-31 01:20:00,2022-12-31,01:20:00,Leave
42261,2023-01-01 20:55:00,2023-01-01,20:55:00,Attend
42261,2023-02-03 08:12:00,2023-02-03,08:12:00,Attend
42261,2023-02-24 06:34:00,2023-02-24,06:34:00,Leave
42261,2023-02-25 17:48:00,2023-02-25,17:48:00,Attend
42261,2023-03-03 08:25:00,2023-03-03,08:25:00,Attend
42261,2023-03-17 08:40:00,2023-03-17,08:40:00,Attend
42261,2023-03-18 21:28:00,2023-03-18,21:28:00,Attend
42261,2023-04-07 08:50:00,2023-04-07,08:50:00,Attend
42261,2023-04-08 22:06:00,2023-04-08,22:06:00,Attend
42261,2023-04-27 21:00:00,2023-04-27,21:00:00,Attend
42261,2023-05-05 05:36:00,2023-05-05,05:36:00,Leave
42261,2023-05-06 21:02:00,2023-05-06,21:02:00,Attend
42261,2023-05-19 07:57:00,2023-05-19,07:57:00,Attend
42261,2023-05-20 21:10:00,2023-05-20,21:10:00,Attend
42261,2023-05-23 05:50:00,2023-05-23,05:50:00,Leave
42261,2023-05-25 21:11:00,2023-05-25,21:11:00,Attend
42261,2023-05-26 05:47:00,2023-05-26,05:47:00,Leave
42261,2023-05-27 21:08:00,2023-05-27,21:08:00,Attend
42261,2023-06-03 18:06:00,2023-06-03,18:06:00,Attend
42261,2023-06-16 04:56:00,2023-06-16,04:56:00,Leave
42261,2023-06-27 02:56:00,2023-06-27,02:56:00,Leave
42261,2023-07-02 18:03:00,2023-07-02,18:03:00,Attend
42261,2023-07-15 20:03:00,2023-07-15,20:03:00,Attend
42261,2023-07-21 09:31:00,2023-07-21,09:31:00,Attend
42261,2023-07-28 04:53:00,2023-07-28,04:53:00,Leave
42261,2023-07-30 06:59:00,2023-07-30,06:59:00,Leave
42261,2023-08-04 04:20:00,2023-08-04,04:20:00,Leave
42261,2023-08-06 21:10:00,2023-08-06,21:10:00,Attend
42261,2023-08-26 21:05:00,2023-08-26,21:05:00,Attend
42261,2023-09-01 05:58:00,2023-09-01,05:58:00,Leave
42261,2023-09-02 21:08:00,2023-09-02,21:08:00,Attend
42261,2023-09-17 05:55:00,2023-09-17,05:55:00,Leave
42261,2023-09-21 06:17:00,2023-09-21,06:17:00,Leave
42261,2023-09-29 06:16:00,2023-09-29,06:16:00,Leave
42261,2023-09-30 21:14:00,2023-09-30,21:14:00,Attend
42261,2023-10-03 06:08:00,2023-10-03,06:08:00,Leave
42261,2023-10-08 21:04:00,2023-10-08,21:04:00,Attend
42261,2023-10-12 05:55:00,2023-10-12,05:55:00,Leave
42261,2023-10-13 05:53:00,2023-10-13,05:53:00,Attend
42261,2023-10-14 21:05:00,2023-10-14,21:05:00,Attend
42261,2023-10-15 04:54:00,2023-10-15,04:54:00,Leave
42261,2023-10-20 05:41:00,2023-10-20,05:41:00,Leave
42261,2023-10-21 21:13:00,2023-10-21,21:13:00,Attend
42261,2023-10-27 05:39:00,2023-10-27,05:39:00,Attend
42261,2023-10-29 21:02:00,2023-10-29,21:02:00,Attend
42261,2023-11-03 05:54:00,2023-11-03,05:54:00,Leave
42261,2023-11-04 16:12:00,2023-11-04,16:12:00,Attend
42261,2023-11-10 09:05:00,2023-11-10,09:05:00,Leave
42261,2023-11-11 21:04:00,2023-11-11,21:04:00,Attend
42261,2023-11-17 06:46:00,2023-11-17,06:46:00,Leave
42261,2023-11-18 20:58:00,2023-11-18,20:58:00,Attend
42261,2023-11-24 05:55:00,2023-11-24,05:55:00,Leave
42261,2023-11-25 21:00:00,2023-11-25,21:00:00,Attend
42261,2023-12-01 03:00:00,2023-12-01,03:00:00,Leave
42261,2023-12-02 20:56:00,2023-12-02,20:56:00,Attend
42261,2023-12-08 05:02:00,2023-12-08,05:02:00,Leave
42261,2023-12-15 06:56:00,2023-12-15,06:56:00,Leave
42261,2023-12-16 21:00:00,2023-12-16,21:00:00,Attend
42261,2023-12-29 03:34:00,2023-12-29,03:34:00,Leave
42261,2024-01-18 20:56:00,2024-01-18,20:56:00,Attend
42261,2024-02-01 05:55:00,2024-02-01,05:55:00,Leave
42261,2024-02-03 20:55:00,2024-02-03,20:55:00,Attend
42261,2024-02-17 23:24:00,2024-02-17,23:24:00,Attend
42261,2024-03-01 07:49:00,2024-03-01,07:49:00,Attend
42261,2024-03-08 15:05:00,2024-03-08,15:05:00,Attend
42261,2024-03-09 15:20:00,2024-03-09,15:20:00,Attend
42261,2024-03-22 06:00:00,2024-03-22,06:00:00,Attend
42261,2024-03-26 22:25:00,2024-03-26,22:25:00,Attend
42261,2024-04-06 20:37:00,2024-04-06,20:37:00,Attend
42261,2024-04-11 21:04:00,2024-04-11,21:04:00,Attend
42261,2024-04-17 05:56:00,2024-04-17,05:56:00,Leave
42262,2022-08-26 07:31:00,2022-08-26,07:31:00,Attend
42262,2022-09-03 18:00:00,2022-09-03,18:00:00,Attend
42262,2022-09-17 18:44:00,2022-09-17,18:44:00,Attend
42262,2022-09-24 17:55:00,2022-09-24,17:55:00,Attend
42262,2022-09-30 05:00:00,2022-09-30,05:00:00,Attend
42262,2022-10-01 17:58:00,2022-10-01,17:58:00,Attend
42262,2022-10-08 17:56:00,2022-10-08,17:56:00,Attend
42262,2022-10-14 08:33:00,2022-10-14,08:33:00,Attend
42262,2022-10-15 21:33:00,2022-10-15,21:33:00,Attend
42262,2022-11-04 07:52:00,2022-11-04,07:52:00,Attend
42262,2022-12-02 05:31:00,2022-12-02,05:31:00,Attend
42262,2022-12-09 09:34:00,2022-12-09,09:34:00,Attend
42262,2022-12-10 18:57:00,2022-12-10,18:57:00,Attend
42262,2022-12-23 06:00:00,2022-12-23,06:00:00,Attend
42262,2022-12-31 01:20:00,2022-12-31,01:20:00,Attend
42262,2023-02-03 08:12:00,2023-02-03,08:12:00,Attend
42262,2023-02-13 21:23:00,2023-02-13,21:23:00,Attend
42262,2023-02-24 06:34:00,2023-02-24,06:34:00,Attend
42262,2023-02-25 17:49:00,2023-02-25,17:49:00,Attend
42262,2023-03-03 08:25:00,2023-03-03,08:25:00,Attend
42262,2023-03-17 08:40:00,2023-03-17,08:40:00,Attend
42262,2023-04-07 08:51:00,2023-04-07,08:51:00,Attend
42262,2023-04-08 22:02:00,2023-04-08,22:02:00,Attend
42262,2023-04-27 20:58:00,2023-04-27,20:58:00,Attend
42262,2023-05-05 05:35:00,2023-05-05,05:35:00,Attend
42262,2023-05-19 07:57:00,2023-05-19,07:57:00,Attend
42262,2023-05-26 05:47:00,2023-05-26,05:47:00,Attend
42262,2023-06-02 06:05:00,2023-06-02,06:05:00,Attend
42262,2023-06-03 18:08:00,2023-06-03,18:08:00,Attend
42262,2023-06-16 04:55:00,2023-06-16,04:55:00,Attend
42262,2023-06-27 02:58:00,2023-06-27,02:58:00,Leave
42262,2023-07-02 18:06:00,2023-07-02,18:06:00,Attend
42262,2023-07-07 05:55:00,2023-07-07,05:55:00,Attend
42262,2023-07-13 05:55:00,2023-07-13,05:55:00,Attend
42262,2023-07-15 20:04:00,2023-07-15,20:04:00,Attend
42262,2023-07-21 09:32:00,2023-07-21,09:32:00,Attend
42262,2023-07-28 04:55:00,2023-07-28,04:55:00,Attend
42262,2023-07-30 18:05:00,2023-07-30,18:05:00,Attend
42262,2023-08-04 04:33:00,2023-08-04,04:33:00,Leave
42262,2023-08-06 21:09:00,2023-08-06,21:09:00,Attend
42262,2023-08-26 21:04:00,2023-08-26,21:04:00,Attend
42262,2023-09-01 05:58:00,2023-09-01,05:58:00,Attend
42262,2023-09-29 06:17:00,2023-09-29,06:17:00,Leave
42262,2023-10-03 06:08:00,2023-10-03,06:08:00,Leave
42262,2023-10-08 21:07:00,2023-10-08,21:07:00,Attend
42262,2023-10-13 05:53:00,2023-10-13,05:53:00,Leave
42262,2023-10-14 21:07:00,2023-10-14,21:07:00,Attend
42262,2023-10-20 05:41:00,2023-10-20,05:41:00,Leave
42262,2023-10-21 21:13:00,2023-10-21,21:13:00,Attend
42262,2023-10-23 21:15:00,2023-10-23,21:15:00,Attend
42262,2023-10-27 05:40:00,2023-10-27,05:40:00,Leave
42262,2023-10-29 21:05:00,2023-10-29,21:05:00,Attend
42262,2023-11-03 05:53:00,2023-11-03,05:53:00,Leave
42262,2023-11-05 21:10:00,2023-11-05,21:10:00,Attend
42262,2023-11-10 09:06:00,2023-11-10,09:06:00,Leave
42262,2023-11-11 21:07:00,2023-11-11,21:07:00,Attend
42262,2023-11-17 06:45:00,2023-11-17,06:45:00,Leave
42262,2023-11-18 21:00:00,2023-11-18,21:00:00,Attend
42262,2023-11-24 05:55:00,2023-11-24,05:55:00,Leave
42262,2023-11-25 21:01:00,2023-11-25,21:01:00,Attend
42262,2023-12-01 03:00:00,2023-12-01,03:00:00,Leave
42262,2023-12-02 20:59:00,2023-12-02,20:59:00,Attend
42262,2023-12-08 05:08:00,2023-12-08,05:08:00,Leave
42262,2023-12-09 13:39:00,2023-12-09,13:39:00,Attend
42262,2023-12-15 06:52:00,2023-12-15,06:52:00,Leave
42262,2023-12-16 21:05:00,2023-12-16,21:05:00,Attend
42262,2024-01-18 20:59:00,2024-01-18,20:59:00,Attend
42262,2024-02-03 21:00:00,2024-02-03,21:00:00,Attend
42262,2024-02-04 21:08:00,2024-02-04,21:08:00,Attend
42262,2024-02-08 08:25:00,2024-02-08,08:25:00,Attend
42262,2024-03-01 07:49:00,2024-03-01,07:49:00,Attend
42262,2024-04-05 07:55:00,2024-04-05,07:55:00,Attend
42262,2024-04-06 20:43:00,2024-04-06,20:43:00,Attend
42262,2024-04-11 21:06:00,2024-04-11,21:06:00,Attend
42262,2024-04-27 21:20:00,2024-04-27,21:20:00,Attend
42262,2024-05-03 05:57:00,2024-05-03,05:57:00,Leave
42262,2024-05-04 21:10:00,2024-05-04,21:10:00,Attend
42262,2024-05-15 06:00:00,2024-05-15,06:00:00,Leave
42263,2022-10-01 07:26:00,2022-10-01,07:26:00,Attend
42263,2022-11-03 16:01:00,2022-11-03,16:01:00,Attend
42263,2022-11-04 01:00:00,2022-11-04,01:00:00,Leave
42263,2022-11-05 18:02:00,2022-11-05,18:02:00,Attend
42263,2022-11-18 01:00:00,2022-11-18,01:00:00,Leave
42263,2022-12-30 13:35:00,2022-12-30,13:35:00,Attend
42263,2023-03-25 08:29:00,2023-03-25,08:29:00,Leave
42263,2023-03-27 08:29:00,2023-03-27,08:29:00,Leave
42263,2023-03-28 06:48:00,2023-03-28,06:48:00,Attend
42263,2023-04-04 08:29:00,2023-04-04,08:29:00,Leave
42263,2023-04-05 06:01:00,2023-04-05,06:01:00,Attend
42263,2023-04-12 07:24:00,2023-04-12,07:24:00,Attend
42263,2023-04-18 07:23:00,2023-04-18,07:23:00,Leave
42263,2023-04-19 15:30:00,2023-04-19,15:30:00,Attend
42263,2023-04-20 07:40:00,2023-04-20,07:40:00,Leave
42263,2023-05-10 08:29:00,2023-05-10,08:29:00,Leave
42263,2023-05-11 07:44:00,2023-05-11,07:44:00,Attend
42263,2023-06-06 09:24:00,2023-06-06,09:24:00,Attend
42263,2023-06-07 09:28:00,2023-06-07,09:28:00,Attend
42263,2023-06-09 09:41:00,2023-06-09,09:41:00,Attend
42263,2023-06-10 09:28:00,2023-06-10,09:28:00,Attend
42263,2023-06-11 09:25:00,2023-06-11,09:25:00,Attend
42263,2023-06-14 07:57:00,2023-06-14,07:57:00,Attend
42263,2023-06-15 07:29:00,2023-06-15,07:29:00,Attend
42263,2023-06-17 18:17:00,2023-06-17,18:17:00,Attend
42263,2023-06-18 09:23:00,2023-06-18,09:23:00,Attend
42263,2023-06-21 09:53:00,2023-06-21,09:53:00,Attend
42263,2023-07-05 09:26:00,2023-07-05,09:26:00,Attend
42263,2023-10-09 14:49:00,2023-10-09,14:49:00,Attend
42263,2023-11-12 18:21:00,2023-11-12,18:21:00,Attend
42263,2023-11-17 05:00:00,2023-11-17,05:00:00,Leave
42263,2023-11-19 18:24:00,2023-11-19,18:24:00,Attend
42263,2023-11-24 03:16:00,2023-11-24,03:16:00,Leave
42263,2023-11-26 18:20:00,2023-11-26,18:20:00,Attend
42263,2024-01-05 09:00:00,2024-01-05,09:00:00,Attend
42263,2024-01-16 09:29:00,2024-01-16,09:29:00,Attend
42263,2024-01-21 09:31:00,2024-01-21,09:31:00,Attend
42263,2024-01-23 09:34:00,2024-01-23,09:34:00,Attend
42263,2024-01-24 09:32:00,2024-01-24,09:32:00,Attend
42263,2024-01-29 09:42:00,2024-01-29,09:42:00,Attend
42263,2024-02-01 09:30:00,2024-02-01,09:30:00,Attend
42263,2024-02-03 09:40:00,2024-02-03,09:40:00,Attend
42263,2024-02-04 09:28:00,2024-02-04,09:28:00,Attend
42263,2024-02-05 09:27:00,2024-02-05,09:27:00,Attend
42263,2024-02-10 09:36:00,2024-02-10,09:36:00,Attend
42263,2024-02-14 09:28:00,2024-02-14,09:28:00,Attend
42263,2024-02-15 09:30:00,2024-02-15,09:30:00,Attend
42263,2024-02-16 09:52:00,2024-02-16,09:52:00,Attend
42263,2024-03-07 14:56:00,2024-03-07,14:56:00,Attend
42263,2024-03-09 01:52:00,2024-03-09,01:52:00,Leave
42263,2024-03-15 14:12:00,2024-03-15,14:12:00,Attend
42263,2024-03-23 15:45:00,2024-03-23,15:45:00,Attend
42263,2024-03-28 07:36:00,2024-03-28,07:36:00,Attend
42263,2024-04-04 07:35:00,2024-04-04,07:35:00,Attend
42263,2024-04-14 18:43:00,2024-04-14,18:43:00,Attend
42263,2024-04-19 09:34:00,2024-04-19,09:34:00,Attend
42263,2024-04-29 18:22:00,2024-04-29,18:22:00,Attend
42269,2022-10-12 07:54:00,2022-10-12,07:54:00,Attend
42676,2023-01-27 07:34:00,2023-01-27,07:34:00,Attend
42676,2024-03-24 05:48:00,2024-03-24,05:48:00,Attend
43111,2022-10-17 15:57:00,2022-10-17,15:57:00,Attend
43111,2022-10-18 07:02:00,2022-10-18,07:02:00,Attend
43113,2022-10-17 16:03:00,2022-10-17,16:03:00,Attend
43116,2022-10-11 16:23:00,2022-10-11,16:23:00,Attend
43116,2022-10-15 15:42:00,2022-10-15,15:42:00,Attend
43116,2022-10-19 15:46:00,2022-10-19,15:46:00,Attend
43116,2022-10-22 15:52:00,2022-10-22,15:52:00,Attend
43116,2022-10-26 15:58:00,2022-10-26,15:58:00,Attend
43116,2022-10-28 00:32:00,2022-10-28,00:32:00,Leave
43116,2022-11-04 17:04:00,2022-11-04,17:04:00,Leave
43116,2022-11-05 15:43:00,2022-11-05,15:43:00,Attend
43116,2022-11-07 00:01:00,2022-11-07,00:01:00,Leave
43116,2022-11-08 15:54:00,2022-11-08,15:54:00,Attend
43116,2022-11-10 00:04:00,2022-11-10,00:04:00,Leave
43116,2022-11-13 16:18:00,2022-11-13,16:18:00,Attend
43116,2022-11-18 00:00:00,2022-11-18,00:00:00,Leave
43116,2022-11-19 15:44:00,2022-11-19,15:44:00,Attend
43116,2022-11-22 15:50:00,2022-11-22,15:50:00,Attend
43116,2022-11-26 23:53:00,2022-11-26,23:53:00,Attend
43116,2022-11-28 08:00:00,2022-11-28,08:00:00,Leave
43116,2022-11-30 15:42:00,2022-11-30,15:42:00,Attend
43116,2022-12-02 00:47:00,2022-12-02,00:47:00,Leave
43116,2022-12-03 17:33:00,2022-12-03,17:33:00,Attend
43116,2022-12-10 21:00:00,2022-12-10,21:00:00,Attend
43116,2022-12-15 08:11:00,2022-12-15,08:11:00,Leave
43116,2022-12-20 15:19:00,2022-12-20,15:19:00,Attend
43116,2022-12-23 00:02:00,2022-12-23,00:02:00,Leave
43116,2022-12-24 15:49:00,2022-12-24,15:49:00,Attend
43116,2023-01-06 17:03:00,2023-01-06,17:03:00,Leave
43116,2023-01-07 23:51:00,2023-01-07,23:51:00,Attend
43116,2023-01-09 00:03:00,2023-01-09,00:03:00,Attend
43116,2023-01-13 08:05:00,2023-01-13,08:05:00,Leave
43116,2023-01-14 19:54:00,2023-01-14,19:54:00,Attend
43116,2023-02-05 15:58:00,2023-02-05,15:58:00,Attend
43116,2023-02-11 16:03:00,2023-02-11,16:03:00,Attend
43116,2023-02-14 00:07:00,2023-02-14,00:07:00,Leave
43116,2023-02-17 07:55:00,2023-02-17,07:55:00,Attend
43116,2023-02-19 15:42:00,2023-02-19,15:42:00,Attend
43116,2023-02-24 00:15:00,2023-02-24,00:15:00,Leave
43116,2023-02-25 15:44:00,2023-02-25,15:44:00,Attend
43116,2023-02-27 00:10:00,2023-02-27,00:10:00,Leave
43116,2023-03-03 08:43:00,2023-03-03,08:43:00,Leave
43116,2023-03-04 19:50:00,2023-03-04,19:50:00,Attend
43116,2023-03-06 08:03:00,2023-03-06,08:03:00,Leave
43116,2023-03-08 08:05:00,2023-03-08,08:05:00,Leave
43116,2023-03-11 23:58:00,2023-03-11,23:58:00,Attend
43116,2023-03-12 08:06:00,2023-03-12,08:06:00,Leave
43116,2023-03-16 08:37:00,2023-03-16,08:37:00,Leave
43116,2023-03-18 23:59:00,2023-03-18,23:59:00,Attend
43116,2023-03-21 08:03:00,2023-03-21,08:03:00,Leave
43116,2023-03-24 11:13:00,2023-03-24,11:13:00,Leave
43116,2023-03-25 23:56:00,2023-03-25,23:56:00,Attend
43116,2023-03-26 07:56:00,2023-03-26,07:56:00,Leave
43116,2023-03-31 00:00:00,2023-03-31,00:00:00,Attend
43116,2023-04-02 16:40:00,2023-04-02,16:40:00,Attend
43116,2023-04-08 16:01:00,2023-04-08,16:01:00,Attend
43116,2023-04-14 00:05:00,2023-04-14,00:05:00,Leave
43116,2023-04-15 15:59:00,2023-04-15,15:59:00,Attend
43116,2023-04-21 00:09:00,2023-04-21,00:09:00,Leave
43116,2023-04-23 08:09:00,2023-04-23,08:09:00,Attend
43116,2023-04-25 20:01:00,2023-04-25,20:01:00,Attend
43116,2023-04-28 00:04:00,2023-04-28,00:04:00,Leave
43116,2023-04-29 15:39:00,2023-04-29,15:39:00,Attend
43116,2023-05-02 08:00:00,2023-05-02,08:00:00,Leave
43116,2023-05-06 23:48:00,2023-05-06,23:48:00,Attend
43116,2023-05-08 23:59:00,2023-05-08,23:59:00,Attend
43116,2023-05-12 17:20:00,2023-05-12,17:20:00,Leave
43116,2023-05-13 23:49:00,2023-05-13,23:49:00,Attend
43116,2023-05-19 07:49:00,2023-05-19,07:49:00,Leave
43116,2023-05-20 23:56:00,2023-05-20,23:56:00,Attend
43116,2023-05-26 07:54:00,2023-05-26,07:54:00,Leave
43116,2023-05-27 23:51:00,2023-05-27,23:51:00,Attend
43116,2023-05-29 08:11:00,2023-05-29,08:11:00,Leave
43116,2023-06-01 09:07:00,2023-06-01,09:07:00,Leave
43116,2023-06-03 23:57:00,2023-06-03,23:57:00,Attend
43116,2023-06-21 07:57:00,2023-06-21,07:57:00,Leave
43116,2023-06-24 23:59:00,2023-06-24,23:59:00,Attend
43116,2023-06-27 08:03:00,2023-06-27,08:03:00,Leave
43116,2023-07-03 15:52:00,2023-07-03,15:52:00,Attend
43116,2023-07-15 16:00:00,2023-07-15,16:00:00,Attend
43116,2023-07-26 15:54:00,2023-07-26,15:54:00,Attend
43116,2023-08-05 15:56:00,2023-08-05,15:56:00,Attend
43116,2023-08-12 19:54:00,2023-08-12,19:54:00,Attend
43116,2023-08-18 08:12:00,2023-08-18,08:12:00,Leave
43116,2023-08-20 16:00:00,2023-08-20,16:00:00,Attend
43116,2023-08-22 15:48:00,2023-08-22,15:48:00,Attend
43116,2023-08-28 15:59:00,2023-08-28,15:59:00,Attend
43116,2023-08-30 15:52:00,2023-08-30,15:52:00,Attend
43116,2023-08-31 00:06:00,2023-08-31,00:06:00,Leave
43116,2023-09-02 15:56:00,2023-09-02,15:56:00,Attend
43116,2023-09-14 16:01:00,2023-09-14,16:01:00,Attend
43116,2023-09-18 15:55:00,2023-09-18,15:55:00,Attend
43116,2023-10-07 15:59:00,2023-10-07,15:59:00,Attend
43116,2023-10-09 15:46:00,2023-10-09,15:46:00,Attend
43116,2023-10-14 20:00:00,2023-10-14,20:00:00,Attend
43116,2023-10-20 08:06:00,2023-10-20,08:06:00,Leave
43116,2023-10-21 19:56:00,2023-10-21,19:56:00,Attend
43116,2023-10-28 15:59:00,2023-10-28,15:59:00,Attend
43116,2023-10-31 15:59:00,2023-10-31,15:59:00,Attend
43116,2023-11-05 16:00:00,2023-11-05,16:00:00,Attend
43116,2023-11-08 16:00:00,2023-11-08,16:00:00,Attend
43116,2023-11-10 00:07:00,2023-11-10,00:07:00,Leave
43116,2023-11-11 15:57:00,2023-11-11,15:57:00,Attend
43116,2023-11-15 16:00:00,2023-11-15,16:00:00,Attend
43116,2023-11-18 20:00:00,2023-11-18,20:00:00,Attend
43116,2023-11-24 08:07:00,2023-11-24,08:07:00,Leave
43116,2023-11-25 20:00:00,2023-11-25,20:00:00,Attend
43116,2023-11-28 15:59:00,2023-11-28,15:59:00,Attend
43116,2023-12-02 15:59:00,2023-12-02,15:59:00,Attend
43116,2023-12-09 15:58:00,2023-12-09,15:58:00,Attend
43116,2023-12-11 15:58:00,2023-12-11,15:58:00,Attend
43116,2023-12-13 15:56:00,2023-12-13,15:56:00,Attend
43116,2023-12-16 15:55:00,2023-12-16,15:55:00,Attend
43116,2023-12-18 15:52:00,2023-12-18,15:52:00,Attend
43116,2023-12-23 16:01:00,2023-12-23,16:01:00,Attend
43116,2023-12-24 00:04:00,2023-12-24,00:04:00,Leave
43116,2023-12-31 08:29:00,2023-12-31,08:29:00,Leave
43116,2024-01-22 07:55:00,2024-01-22,07:55:00,Leave
43116,2024-01-23 08:02:00,2024-01-23,08:02:00,Leave
43116,2024-01-24 07:59:00,2024-01-24,07:59:00,Leave
43116,2024-01-25 07:56:00,2024-01-25,07:56:00,Leave
43116,2024-01-29 08:04:00,2024-01-29,08:04:00,Leave
43116,2024-01-31 07:59:00,2024-01-31,07:59:00,Leave
43116,2024-02-01 08:00:00,2024-02-01,08:00:00,Leave
43116,2024-02-02 08:04:00,2024-02-02,08:04:00,Leave
43116,2024-02-05 08:01:00,2024-02-05,08:01:00,Leave
43116,2024-02-06 08:04:00,2024-02-06,08:04:00,Leave
43116,2024-02-07 08:04:00,2024-02-07,08:04:00,Leave
43116,2024-02-08 08:01:00,2024-02-08,08:01:00,Leave
43116,2024-02-12 08:00:00,2024-02-12,08:00:00,Leave
43116,2024-02-13 08:00:00,2024-02-13,08:00:00,Leave
43116,2024-02-14 08:01:00,2024-02-14,08:01:00,Leave
43116,2024-02-17 23:54:00,2024-02-17,23:54:00,Attend
43116,2024-02-28 23:59:00,2024-02-28,23:59:00,Attend
43116,2024-03-03 15:53:00,2024-03-03,15:53:00,Attend
43116,2024-03-05 16:04:00,2024-03-05,16:04:00,Attend
43116,2024-03-09 19:58:00,2024-03-09,19:58:00,Attend
43117,2022-10-17 16:06:00,2022-10-17,16:06:00,Attend
43118,2022-10-17 16:05:00,2022-10-17,16:05:00,Attend
43119,2022-10-17 16:04:00,2022-10-17,16:04:00,Attend
43603,2022-12-07 07:41:00,2022-12-07,07:41:00,Attend
43603,2022-12-09 04:55:00,2022-12-09,04:55:00,Leave
43603,2022-12-29 15:59:00,2022-12-29,15:59:00,Attend
43603,2022-12-30 00:10:00,2022-12-30,00:10:00,Leave
43603,2023-03-01 15:48:00,2023-03-01,15:48:00,Attend
43603,2023-03-06 15:54:00,2023-03-06,15:54:00,Attend
43603,2023-03-08 15:50:00,2023-03-08,15:50:00,Attend
43603,2023-03-10 00:01:00,2023-03-10,00:01:00,Leave
43603,2023-03-11 15:49:00,2023-03-11,15:49:00,Attend
43603,2023-03-14 16:06:00,2023-03-14,16:06:00,Attend
43603,2023-03-16 15:56:00,2023-03-16,15:56:00,Attend
43603,2023-03-18 15:59:00,2023-03-18,15:59:00,Attend
43603,2023-03-21 15:58:00,2023-03-21,15:58:00,Attend
43603,2023-03-26 15:59:00,2023-03-26,15:59:00,Attend
43603,2023-03-30 16:09:00,2023-03-30,16:09:00,Attend
43603,2023-03-31 00:00:00,2023-03-31,00:00:00,Leave
43603,2023-05-02 16:03:00,2023-05-02,16:03:00,Attend
43603,2023-05-05 00:00:00,2023-05-05,00:00:00,Leave
43603,2023-05-13 15:59:00,2023-05-13,15:59:00,Attend
43603,2023-05-15 16:01:00,2023-05-15,16:01:00,Attend
43603,2023-05-29 16:00:00,2023-05-29,16:00:00,Attend
43603,2023-07-05 16:00:00,2023-07-05,16:00:00,Leave
43603,2023-10-08 16:00:00,2023-10-08,16:00:00,Leave
43614,2024-01-29 07:04:00,2024-01-29,07:04:00,Attend
43614,2024-01-30 07:02:00,2024-01-30,07:02:00,Attend
43614,2024-01-31 07:05:00,2024-01-31,07:05:00,Attend
43614,2024-02-11 16:01:00,2024-02-11,16:01:00,Attend
43614,2024-03-12 09:03:00,2024-03-12,09:03:00,Attend
43614,2024-03-13 09:04:00,2024-03-13,09:04:00,Attend
43614,2024-03-14 09:02:00,2024-03-14,09:02:00,Attend
43614,2024-03-17 08:59:00,2024-03-17,08:59:00,Attend
43614,2024-03-18 09:00:00,2024-03-18,09:00:00,Attend
43614,2024-03-19 09:03:00,2024-03-19,09:03:00,Attend
43615,2022-11-01 12:32:00,2022-11-01,12:32:00,Attend
43615,2022-11-03 06:55:00,2022-11-03,06:55:00,Attend
43746,2022-11-27 17:01:00,2022-11-27,17:01:00,Attend
43746,2024-01-18 16:56:00,2024-01-18,16:56:00,Leave
43746,2024-01-21 17:08:00,2024-01-21,17:08:00,Leave
43746,2024-01-22 17:12:00,2024-01-22,17:12:00,Leave
43746,2024-01-23 17:27:00,2024-01-23,17:27:00,Leave
43746,2024-01-24 17:47:00,2024-01-24,17:47:00,Leave
43746,2024-01-28 17:29:00,2024-01-28,17:29:00,Leave
43746,2024-01-29 17:12:00,2024-01-29,17:12:00,Leave
43746,2024-01-31 17:30:00,2024-01-31,17:30:00,Leave
43746,2024-02-01 16:45:00,2024-02-01,16:45:00,Leave
43746,2024-02-04 18:13:00,2024-02-04,18:13:00,Leave
43746,2024-02-05 17:06:00,2024-02-05,17:06:00,Leave
43746,2024-02-06 17:06:00,2024-02-06,17:06:00,Leave
43746,2024-02-07 17:05:00,2024-02-07,17:05:00,Leave
43746,2024-02-08 16:39:00,2024-02-08,16:39:00,Leave
43746,2024-02-11 17:09:00,2024-02-11,17:09:00,Leave
43746,2024-02-12 17:10:00,2024-02-12,17:10:00,Leave
43746,2024-03-19 15:46:00,2024-03-19,15:46:00,Leave
44693,2022-12-16 00:30:00,2022-12-16,00:30:00,Attend
44693,2022-12-17 17:55:00,2022-12-17,17:55:00,Attend
44693,2023-01-06 21:30:00,2023-01-06,21:30:00,Attend
44693,2023-01-22 18:00:00,2023-01-22,18:00:00,Attend
44693,2023-01-28 17:54:00,2023-01-28,17:54:00,Attend
44693,2023-02-04 16:33:00,2023-02-04,16:33:00,Attend
44693,2023-02-12 17:46:00,2023-02-12,17:46:00,Attend
44693,2023-02-19 17:45:00,2023-02-19,17:45:00,Attend
44693,2023-02-23 14:46:00,2023-02-23,14:46:00,Attend
44693,2023-02-26 17:45:00,2023-02-26,17:45:00,Attend
44693,2023-03-03 03:04:00,2023-03-03,03:04:00,Leave
44693,2023-03-17 02:58:00,2023-03-17,02:58:00,Leave
44693,2023-03-24 13:29:00,2023-03-24,13:29:00,Attend
44693,2023-04-01 15:24:00,2023-04-01,15:24:00,Attend
44693,2023-04-09 15:24:00,2023-04-09,15:24:00,Attend
44693,2023-04-15 15:21:00,2023-04-15,15:21:00,Attend
44693,2023-05-21 17:54:00,2023-05-21,17:54:00,Attend
44693,2023-05-26 02:00:00,2023-05-26,02:00:00,Leave
44693,2023-05-27 17:53:00,2023-05-27,17:53:00,Attend
44693,2023-06-02 02:01:00,2023-06-02,02:01:00,Leave
44693,2023-06-04 17:51:00,2023-06-04,17:51:00,Attend
44693,2023-06-06 03:00:00,2023-06-06,03:00:00,Leave
44693,2023-06-10 01:30:00,2023-06-10,01:30:00,Leave
44693,2023-06-17 21:59:00,2023-06-17,21:59:00,Attend
44693,2023-06-25 18:30:00,2023-06-25,18:30:00,Attend
44693,2023-07-02 18:10:00,2023-07-02,18:10:00,Attend
44693,2023-07-07 02:59:00,2023-07-07,02:59:00,Leave
44693,2023-07-08 17:58:00,2023-07-08,17:58:00,Attend
44693,2023-08-08 17:56:00,2023-08-08,17:56:00,Attend
44693,2023-08-10 17:54:00,2023-08-10,17:54:00,Attend
44693,2023-08-13 18:02:00,2023-08-13,18:02:00,Attend
44693,2023-09-15 13:35:00,2023-09-15,13:35:00,Attend
44693,2023-10-14 16:53:00,2023-10-14,16:53:00,Attend
44693,2023-10-20 01:56:00,2023-10-20,01:56:00,Leave
44693,2023-10-22 18:24:00,2023-10-22,18:24:00,Attend
44693,2023-10-29 18:19:00,2023-10-29,18:19:00,Attend
44693,2023-11-02 18:22:00,2023-11-02,18:22:00,Attend
44693,2023-11-03 02:25:00,2023-11-03,02:25:00,Leave
44693,2023-12-10 18:19:00,2023-12-10,18:19:00,Attend
44693,2023-12-15 03:31:00,2023-12-15,03:31:00,Leave
44693,2023-12-16 14:44:00,2023-12-16,14:44:00,Attend
44693,2023-12-29 01:01:00,2023-12-29,01:01:00,Leave
44693,2024-03-03 18:25:00,2024-03-03,18:25:00,Attend
44693,2024-03-06 18:42:00,2024-03-06,18:42:00,Attend
44693,2024-03-15 13:43:00,2024-03-15,13:43:00,Attend
44693,2024-03-29 13:53:00,2024-03-29,13:53:00,Attend
44693,2024-04-05 05:23:00,2024-04-05,05:23:00,Leave
44693,2024-04-06 15:21:00,2024-04-06,15:21:00,Attend
44693,2024-04-12 14:50:00,2024-04-12,14:50:00,Attend
44693,2024-05-03 02:52:00,2024-05-03,02:52:00,Attend
44693,2024-05-04 15:01:00,2024-05-04,15:01:00,Attend
44693,2024-05-15 05:00:00,2024-05-15,05:00:00,Leave
45401,2023-05-08 11:09:00,2023-05-08,11:09:00,Attend
45401,2023-05-19 04:40:00,2023-05-19,04:40:00,Leave
45401,2023-05-21 17:50:00,2023-05-21,17:50:00,Attend
45401,2023-05-27 17:50:00,2023-05-27,17:50:00,Attend
45401,2023-10-27 05:39:00,2023-10-27,05:39:00,Attend
45401,2023-11-03 05:55:00,2023-11-03,05:55:00,Attend
45401,2023-11-04 15:56:00,2023-11-04,15:56:00,Attend
45401,2023-11-10 06:07:00,2023-11-10,06:07:00,Attend
45401,2023-11-11 20:54:00,2023-11-11,20:54:00,Attend
45401,2023-11-17 06:52:00,2023-11-17,06:52:00,Attend
45401,2023-11-18 20:47:00,2023-11-18,20:47:00,Attend
45401,2023-11-24 06:00:00,2023-11-24,06:00:00,Attend
45401,2023-11-25 20:41:00,2023-11-25,20:41:00,Attend
45401,2023-12-01 03:01:00,2023-12-01,03:01:00,Attend
45401,2023-12-02 20:44:00,2023-12-02,20:44:00,Attend
45401,2023-12-08 05:01:00,2023-12-08,05:01:00,Attend
45401,2023-12-09 18:29:00,2023-12-09,18:29:00,Attend
45401,2023-12-10 00:54:00,2023-12-10,00:54:00,Leave
45401,2023-12-15 06:52:00,2023-12-15,06:52:00,Attend
45401,2023-12-16 18:16:00,2023-12-16,18:16:00,Attend
45401,2023-12-29 03:28:00,2023-12-29,03:28:00,Attend
45401,2024-02-01 20:53:00,2024-02-01,20:53:00,Leave
45401,2024-04-05 07:56:00,2024-04-05,07:56:00,Attend
45401,2024-04-10 00:13:00,2024-04-10,00:13:00,Attend
45401,2024-04-11 20:53:00,2024-04-11,20:53:00,Attend
45401,2024-05-03 05:59:00,2024-05-03,05:59:00,Attend
45430,2023-05-24 14:58:00,2023-05-24,14:58:00,Attend
45430,2023-10-29 18:20:00,2023-10-29,18:20:00,Attend
45430,2023-11-03 02:29:00,2023-11-03,02:29:00,Leave
45430,2023-11-05 18:24:00,2023-11-05,18:24:00,Attend
45430,2023-11-11 18:24:00,2023-11-11,18:24:00,Attend
45430,2023-11-18 18:23:00,2023-11-18,18:23:00,Attend
45430,2023-11-24 03:14:00,2023-11-24,03:14:00,Leave
45430,2023-12-01 00:00:00,2023-12-01,00:00:00,Leave
45430,2023-12-08 02:29:00,2023-12-08,02:29:00,Leave
45430,2024-01-13 18:28:00,2024-01-13,18:28:00,Attend
45430,2024-01-18 04:03:00,2024-01-18,04:03:00,Leave
45430,2024-01-19 06:02:00,2024-01-19,06:02:00,Attend
45430,2024-01-20 01:03:00,2024-01-20,01:03:00,Leave
45430,2024-01-29 04:03:00,2024-01-29,04:03:00,Leave
45430,2024-02-02 06:03:00,2024-02-02,06:03:00,Attend
45430,2024-02-03 18:32:00,2024-02-03,18:32:00,Attend
45430,2024-02-08 04:04:00,2024-02-08,04:04:00,Leave
45430,2024-03-03 18:25:00,2024-03-03,18:25:00,Attend
45430,2024-03-08 03:25:00,2024-03-08,03:25:00,Leave
45430,2024-03-14 07:31:00,2024-03-14,07:31:00,Attend
45430,2024-04-12 18:41:00,2024-04-12,18:41:00,Attend
45430,2024-05-03 03:01:00,2024-05-03,03:01:00,Leave
45430,2024-05-04 18:25:00,2024-05-04,18:25:00,Attend
45430,2024-05-11 18:29:00,2024-05-11,18:29:00,Attend
45430,2024-05-15 03:22:00,2024-05-15,03:22:00,Leave
45431,2023-05-01 14:46:00,2023-05-01,14:46:00,Attend
45431,2023-05-03 14:57:00,2023-05-03,14:57:00,Attend
45431,2023-05-05 00:29:00,2023-05-05,00:29:00,Leave
45431,2023-05-07 14:48:00,2023-05-07,14:48:00,Attend
45431,2023-05-14 14:54:00,2023-05-14,14:54:00,Attend
45431,2023-05-17 14:59:00,2023-05-17,14:59:00,Attend
45431,2023-05-19 04:30:00,2023-05-19,04:30:00,Leave
45431,2023-09-02 17:51:00,2023-09-02,17:51:00,Attend
45431,2023-09-28 18:21:00,2023-09-28,18:21:00,Attend
45431,2023-09-29 02:37:00,2023-09-29,02:37:00,Leave
45431,2023-12-15 00:02:00,2023-12-15,00:02:00,Leave
45431,2023-12-17 14:56:00,2023-12-17,14:56:00,Attend
45431,2023-12-19 14:59:00,2023-12-19,14:59:00,Attend
45431,2023-12-31 15:00:00,2023-12-31,15:00:00,Attend
45431,2024-01-08 12:37:00,2024-01-08,12:37:00,Attend
45431,2024-01-15 14:58:00,2024-01-15,14:58:00,Attend
45431,2024-01-21 15:02:00,2024-01-21,15:02:00,Attend
45431,2024-01-27 15:02:00,2024-01-27,15:02:00,Attend
45431,2024-01-30 00:04:00,2024-01-30,00:04:00,Leave
45431,2024-02-03 15:05:00,2024-02-03,15:05:00,Attend
45431,2024-02-10 00:00:00,2024-02-10,00:00:00,Leave
45431,2024-03-08 13:29:00,2024-03-08,13:29:00,Attend
45431,2024-04-11 06:05:00,2024-04-11,06:05:00,Attend
45431,2024-04-12 14:54:00,2024-04-12,14:54:00,Attend
45431,2024-04-26 01:30:00,2024-04-26,01:30:00,Leave
45431,2024-04-27 18:34:00,2024-04-27,18:34:00,Attend
45431,2024-04-29 15:04:00,2024-04-29,15:04:00,Attend
45431,2024-05-01 15:02:00,2024-05-01,15:02:00,Attend
45431,2024-05-06 15:04:00,2024-05-06,15:04:00,Attend
45431,2024-05-12 15:01:00,2024-05-12,15:01:00,Attend
45431,2024-05-15 00:01:00,2024-05-15,00:01:00,Leave
45432,2023-04-30 17:52:00,2023-04-30,17:52:00,Attend
45432,2023-05-03 18:06:00,2023-05-03,18:06:00,Attend
45432,2023-05-05 03:00:00,2023-05-05,03:00:00,Leave
45432,2023-05-06 17:59:00,2023-05-06,17:59:00,Attend
45432,2023-05-11 17:52:00,2023-05-11,17:52:00,Attend
45432,2023-05-13 17:57:00,2023-05-13,17:57:00,Attend
45432,2023-05-16 18:01:00,2023-05-16,18:01:00,Attend
45432,2023-05-19 04:31:00,2023-05-19,04:31:00,Attend
45432,2023-05-21 17:59:00,2023-05-21,17:59:00,Attend
45432,2023-05-26 02:03:00,2023-05-26,02:03:00,Leave
45432,2023-05-27 17:56:00,2023-05-27,17:56:00,Attend
45432,2023-08-08 15:01:00,2023-08-08,15:01:00,Attend
45432,2023-08-19 15:00:00,2023-08-19,15:00:00,Attend
45432,2023-08-25 00:03:00,2023-08-25,00:03:00,Leave
45432,2023-08-27 14:53:00,2023-08-27,14:53:00,Attend
45432,2023-09-01 00:02:00,2023-09-01,00:02:00,Leave
45432,2023-10-04 18:32:00,2023-10-04,18:32:00,Attend
45432,2023-10-07 18:32:00,2023-10-07,18:32:00,Attend
45432,2023-10-13 03:26:00,2023-10-13,03:26:00,Leave
45432,2023-10-14 14:58:00,2023-10-14,14:58:00,Attend
45432,2023-10-16 18:30:00,2023-10-16,18:30:00,Attend
45432,2023-10-20 01:55:00,2023-10-20,01:55:00,Leave
45432,2023-10-21 18:26:00,2023-10-21,18:26:00,Attend
45432,2023-10-27 01:00:00,2023-10-27,01:00:00,Leave
45432,2023-12-15 03:30:00,2023-12-15,03:30:00,Leave
45432,2023-12-16 18:31:00,2023-12-16,18:31:00,Attend
45432,2023-12-29 01:01:00,2023-12-29,01:01:00,Leave
45432,2023-12-30 18:43:00,2023-12-30,18:43:00,Attend
45432,2024-01-03 18:27:00,2024-01-03,18:27:00,Attend
45432,2024-01-31 06:01:00,2024-01-31,06:01:00,Attend
45432,2024-02-21 15:00:00,2024-02-21,15:00:00,Attend
45432,2024-02-25 14:56:00,2024-02-25,14:56:00,Attend
45432,2024-03-01 00:02:00,2024-03-01,00:02:00,Leave
45432,2024-03-03 14:56:00,2024-03-03,14:56:00,Attend
45432,2024-03-14 06:02:00,2024-03-14,06:02:00,Attend
45434,2023-08-23 18:06:00,2023-08-23,18:06:00,Attend
45434,2023-08-25 02:59:00,2023-08-25,02:59:00,Leave
45434,2023-08-27 18:01:00,2023-08-27,18:01:00,Attend
45434,2023-08-28 01:58:00,2023-08-28,01:58:00,Leave
45434,2023-08-31 18:01:00,2023-08-31,18:01:00,Attend
45434,2023-09-01 03:00:00,2023-09-01,03:00:00,Leave
45434,2023-10-07 18:31:00,2023-10-07,18:31:00,Attend
45434,2023-10-13 03:23:00,2023-10-13,03:23:00,Leave
45434,2023-10-14 18:27:00,2023-10-14,18:27:00,Attend
45434,2023-10-20 01:55:00,2023-10-20,01:55:00,Leave
45434,2023-10-22 18:26:00,2023-10-22,18:26:00,Attend
45434,2023-10-27 01:00:00,2023-10-27,01:00:00,Leave
45434,2023-12-10 18:23:00,2023-12-10,18:23:00,Attend
45434,2023-12-15 03:30:00,2023-12-15,03:30:00,Leave
45434,2023-12-16 18:27:00,2023-12-16,18:27:00,Attend
45434,2023-12-29 01:01:00,2023-12-29,01:01:00,Leave
45434,2023-12-31 18:37:00,2023-12-31,18:37:00,Attend
45434,2024-01-08 04:02:00,2024-01-08,04:02:00,Leave
45434,2024-01-10 18:27:00,2024-01-10,18:27:00,Attend
45434,2024-01-25 09:36:00,2024-01-25,09:36:00,Attend
45434,2024-04-12 18:42:00,2024-04-12,18:42:00,Attend
45434,2024-04-30 02:52:00,2024-04-30,02:52:00,Attend
45434,2024-05-01 18:34:00,2024-05-01,18:34:00,Attend
45434,2024-05-03 03:04:00,2024-05-03,03:04:00,Attend
45434,2024-05-05 18:35:00,2024-05-05,18:35:00,Attend
45434,2024-05-11 18:34:00,2024-05-11,18:34:00,Attend
45434,2024-05-15 03:26:00,2024-05-15,03:26:00,Leave
45435,2023-09-02 17:54:00,2023-09-02,17:54:00,Attend
45435,2023-09-17 03:04:00,2023-09-17,03:04:00,Leave
45435,2023-09-19 18:30:00,2023-09-19,18:30:00,Attend
45435,2023-09-28 18:25:00,2023-09-28,18:25:00,Attend
45435,2023-09-29 02:37:00,2023-09-29,02:37:00,Leave
45435,2023-10-29 18:22:00,2023-10-29,18:22:00,Attend
45435,2023-11-03 02:30:00,2023-11-03,02:30:00,Leave
45435,2023-11-05 18:29:00,2023-11-05,18:29:00,Attend
45435,2023-11-11 18:26:00,2023-11-11,18:26:00,Attend
45435,2023-11-18 18:28:00,2023-11-18,18:28:00,Attend
45435,2023-11-24 03:13:00,2023-11-24,03:13:00,Leave
45435,2023-12-01 00:00:00,2023-12-01,00:00:00,Leave
45435,2023-12-08 02:34:00,2023-12-08,02:34:00,Leave
45435,2024-01-13 18:28:00,2024-01-13,18:28:00,Attend
45435,2024-02-02 06:00:00,2024-02-02,06:00:00,Attend
45435,2024-02-03 18:36:00,2024-02-03,18:36:00,Attend
45435,2024-03-01 03:16:00,2024-03-01,03:16:00,Leave
45435,2024-03-03 18:28:00,2024-03-03,18:28:00,Attend
45435,2024-03-08 03:27:00,2024-03-08,03:27:00,Leave
45435,2024-04-12 18:42:00,2024-04-12,18:42:00,Attend
45435,2024-05-03 03:13:00,2024-05-03,03:13:00,Leave
45435,2024-05-05 18:36:00,2024-05-05,18:36:00,Attend
45435,2024-05-11 18:37:00,2024-05-11,18:37:00,Attend
45435,2024-05-14 03:32:00,2024-05-14,03:32:00,Leave
45436,2023-05-06 17:55:00,2023-05-06,17:55:00,Attend
45436,2023-05-08 00:00:00,2023-05-08,00:00:00,Leave
45436,2023-05-11 17:45:00,2023-05-11,17:45:00,Attend
45436,2023-05-13 17:54:00,2023-05-13,17:54:00,Attend
45436,2023-05-16 17:59:00,2023-05-16,17:59:00,Attend
45436,2023-05-19 04:30:00,2023-05-19,04:30:00,Attend
45436,2023-05-21 17:52:00,2023-05-21,17:52:00,Attend
45436,2023-05-26 03:18:00,2023-05-26,03:18:00,Leave
45436,2023-05-27 17:54:00,2023-05-27,17:54:00,Attend
45436,2023-07-16 17:53:00,2023-07-16,17:53:00,Attend
45436,2023-07-21 02:58:00,2023-07-21,02:58:00,Attend
45436,2023-07-28 02:30:00,2023-07-28,02:30:00,Leave
45436,2023-08-01 17:54:00,2023-08-01,17:54:00,Attend
45436,2023-08-03 17:53:00,2023-08-03,17:53:00,Attend
45436,2023-08-04 01:58:00,2023-08-04,01:58:00,Leave
45436,2023-09-02 14:57:00,2023-09-02,14:57:00,Attend
45436,2023-09-16 14:53:00,2023-09-16,14:53:00,Attend
45436,2023-09-23 15:03:00,2023-09-23,15:03:00,Attend
45436,2023-09-28 14:57:00,2023-09-28,14:57:00,Attend
45436,2023-09-29 00:01:00,2023-09-29,00:01:00,Leave
45436,2023-10-01 15:00:00,2023-10-01,15:00:00,Attend
45436,2023-10-04 15:00:00,2023-10-04,15:00:00,Attend
45436,2023-10-06 00:06:00,2023-10-06,00:06:00,Leave
45436,2023-10-09 14:53:00,2023-10-09,14:53:00,Attend
45436,2023-10-13 00:04:00,2023-10-13,00:04:00,Leave
45436,2023-10-14 14:56:00,2023-10-14,14:56:00,Attend
45436,2023-10-19 14:56:00,2023-10-19,14:56:00,Attend
45436,2023-10-20 00:00:00,2023-10-20,00:00:00,Leave
45436,2023-10-22 14:57:00,2023-10-22,14:57:00,Attend
45436,2023-10-29 15:00:00,2023-10-29,15:00:00,Attend
45436,2023-11-05 14:56:00,2023-11-05,14:56:00,Attend
45436,2023-11-12 14:52:00,2023-11-12,14:52:00,Attend
45436,2023-11-17 00:02:00,2023-11-17,00:02:00,Leave
45436,2023-11-19 14:56:00,2023-11-19,14:56:00,Attend
45436,2023-11-24 00:02:00,2023-11-24,00:02:00,Leave
45436,2023-12-08 00:02:00,2023-12-08,00:02:00,Leave
45436,2024-02-03 18:33:00,2024-02-03,18:33:00,Attend
45436,2024-02-09 04:57:00,2024-02-09,04:57:00,Leave
45436,2024-02-17 03:39:00,2024-02-17,03:39:00,Leave
45436,2024-02-18 18:25:00,2024-02-18,18:25:00,Attend
45436,2024-03-01 03:02:00,2024-03-01,03:02:00,Leave
45436,2024-03-03 18:25:00,2024-03-03,18:25:00,Attend
45436,2024-03-05 18:32:00,2024-03-05,18:32:00,Attend
45436,2024-03-08 03:27:00,2024-03-08,03:27:00,Leave
45436,2024-03-13 07:35:00,2024-03-13,07:35:00,Attend
45436,2024-04-12 06:06:00,2024-04-12,06:06:00,Attend
45436,2024-05-09 04:56:00,2024-05-09,04:56:00,Attend
45437,2023-07-13 14:55:00,2023-07-13,14:55:00,Attend
45437,2023-07-14 00:08:00,2023-07-14,00:08:00,Leave
45437,2023-07-16 14:58:00,2023-07-16,14:58:00,Attend
45437,2023-07-21 00:02:00,2023-07-21,00:02:00,Leave
45437,2023-07-23 15:01:00,2023-07-23,15:01:00,Attend
45437,2023-07-27 14:57:00,2023-07-27,14:57:00,Attend
45437,2023-07-28 00:02:00,2023-07-28,00:02:00,Leave
45437,2023-08-01 14:55:00,2023-08-01,14:55:00,Attend
45437,2023-08-03 14:58:00,2023-08-03,14:58:00,Attend
45437,2023-08-04 00:00:00,2023-08-04,00:00:00,Leave
45437,2023-09-02 14:57:00,2023-09-02,14:57:00,Attend
45437,2023-09-09 14:54:00,2023-09-09,14:54:00,Attend
45437,2023-09-16 14:54:00,2023-09-16,14:54:00,Attend
45437,2023-09-17 00:57:00,2023-09-17,00:57:00,Leave
45437,2023-09-19 14:55:00,2023-09-19,14:55:00,Attend
45437,2023-09-23 15:06:00,2023-09-23,15:06:00,Attend
45437,2023-09-28 15:00:00,2023-09-28,15:00:00,Attend
45437,2023-09-29 00:01:00,2023-09-29,00:01:00,Leave
45437,2023-10-29 18:22:00,2023-10-29,18:22:00,Attend
45437,2023-11-03 02:30:00,2023-11-03,02:30:00,Leave
45437,2023-11-05 18:27:00,2023-11-05,18:27:00,Attend
45437,2023-11-10 04:30:00,2023-11-10,04:30:00,Leave
45437,2023-11-11 18:24:00,2023-11-11,18:24:00,Attend
45437,2023-11-17 03:30:00,2023-11-17,03:30:00,Leave
45437,2023-11-18 18:28:00,2023-11-18,18:28:00,Attend
45437,2023-11-24 04:24:00,2023-11-24,04:24:00,Leave
45437,2023-12-01 00:00:00,2023-12-01,00:00:00,Leave
45437,2023-12-08 02:31:00,2023-12-08,02:31:00,Leave
45437,2024-01-13 18:28:00,2024-01-13,18:28:00,Attend
45437,2024-01-16 03:38:00,2024-01-16,03:38:00,Leave
45437,2024-01-24 04:58:00,2024-01-24,04:58:00,Attend
45437,2024-01-25 05:02:00,2024-01-25,05:02:00,Attend
45437,2024-01-28 02:39:00,2024-01-28,02:39:00,Leave
45437,2024-02-02 03:59:00,2024-02-02,03:59:00,Leave
45437,2024-02-03 18:35:00,2024-02-03,18:35:00,Attend
45437,2024-03-01 03:16:00,2024-03-01,03:16:00,Leave
45437,2024-03-08 13:32:00,2024-03-08,13:32:00,Attend
45437,2024-03-24 15:33:00,2024-03-24,15:33:00,Attend
45437,2024-03-29 13:56:00,2024-03-29,13:56:00,Attend
45437,2024-04-01 12:26:00,2024-04-01,12:26:00,Attend
45437,2024-04-05 01:55:00,2024-04-05,01:55:00,Attend
45437,2024-04-12 14:51:00,2024-04-12,14:51:00,Attend
45437,2024-05-03 03:00:00,2024-05-03,03:00:00,Leave
45437,2024-05-04 18:29:00,2024-05-04,18:29:00,Attend
45437,2024-05-07 18:36:00,2024-05-07,18:36:00,Attend
45437,2024-05-15 03:22:00,2024-05-15,03:22:00,Leave
45671,2023-02-26 16:08:00,2023-02-26,16:08:00,Attend
45901,2023-08-27 21:05:00,2023-08-27,21:05:00,Attend
45901,2023-09-01 05:59:00,2023-09-01,05:59:00,Leave
45901,2023-09-28 21:13:00,2023-09-28,21:13:00,Attend
45901,2023-09-29 06:17:00,2023-09-29,06:17:00,Leave
45901,2023-10-01 21:05:00,2023-10-01,21:05:00,Attend
45901,2023-10-03 21:02:00,2023-10-03,21:02:00,Attend
45901,2023-10-04 21:11:00,2023-10-04,21:11:00,Attend
45901,2023-10-06 06:48:00,2023-10-06,06:48:00,Leave
45901,2023-10-07 21:07:00,2023-10-07,21:07:00,Attend
45901,2023-10-08 21:03:00,2023-10-08,21:03:00,Attend
45901,2023-10-10 21:00:00,2023-10-10,21:00:00,Attend
45901,2023-10-13 05:51:00,2023-10-13,05:51:00,Leave
45901,2023-10-14 21:07:00,2023-10-14,21:07:00,Attend
45901,2023-10-20 05:42:00,2023-10-20,05:42:00,Leave
45901,2023-10-21 21:09:00,2023-10-21,21:09:00,Attend
45901,2023-10-27 05:40:00,2023-10-27,05:40:00,Leave
45901,2023-10-29 21:03:00,2023-10-29,21:03:00,Attend
45901,2023-11-03 05:54:00,2023-11-03,05:54:00,Leave
45901,2023-11-05 21:07:00,2023-11-05,21:07:00,Attend
45901,2023-11-10 05:55:00,2023-11-10,05:55:00,Leave
45901,2023-11-11 21:05:00,2023-11-11,21:05:00,Attend
45901,2023-11-17 06:42:00,2023-11-17,06:42:00,Leave
45901,2023-11-24 05:55:00,2023-11-24,05:55:00,Leave
45901,2023-11-25 20:55:00,2023-11-25,20:55:00,Attend
45901,2023-12-01 03:02:00,2023-12-01,03:02:00,Leave
45901,2023-12-02 20:54:00,2023-12-02,20:54:00,Attend
45901,2023-12-08 05:00:00,2023-12-08,05:00:00,Leave
45901,2023-12-15 06:52:00,2023-12-15,06:52:00,Leave
45901,2023-12-17 20:57:00,2023-12-17,20:57:00,Attend
45901,2023-12-31 04:05:00,2023-12-31,04:05:00,Attend
45901,2024-01-02 21:05:00,2024-01-02,21:05:00,Attend
45901,2024-01-12 21:00:00,2024-01-12,21:00:00,Attend
45901,2024-01-21 06:11:00,2024-01-21,06:11:00,Leave
45901,2024-01-23 20:55:00,2024-01-23,20:55:00,Attend
45901,2024-01-28 20:56:00,2024-01-28,20:56:00,Attend
45901,2024-02-03 20:57:00,2024-02-03,20:57:00,Attend
45901,2024-02-04 21:02:00,2024-02-04,21:02:00,Attend
45901,2024-02-05 21:14:00,2024-02-05,21:14:00,Attend
45901,2024-02-17 23:22:00,2024-02-17,23:22:00,Attend
45901,2024-03-01 07:53:00,2024-03-01,07:53:00,Attend
45901,2024-03-11 22:08:00,2024-03-11,22:08:00,Leave
45901,2024-03-19 22:12:00,2024-03-19,22:12:00,Leave
45901,2024-03-22 22:06:00,2024-03-22,22:06:00,Leave
45901,2024-04-06 22:04:00,2024-04-06,22:04:00,Leave
45901,2024-04-12 22:03:00,2024-04-12,22:03:00,Attend
45901,2024-04-20 21:02:00,2024-04-20,21:02:00,Attend
45901,2024-04-26 21:11:00,2024-04-26,21:11:00,Attend
45901,2024-04-27 21:16:00,2024-04-27,21:16:00,Attend
45901,2024-05-01 21:06:00,2024-05-01,21:06:00,Attend
45901,2024-05-03 05:57:00,2024-05-03,05:57:00,Leave
45901,2024-05-04 21:07:00,2024-05-04,21:07:00,Attend
45901,2024-05-05 21:04:00,2024-05-05,21:04:00,Attend
45901,2024-05-09 15:14:00,2024-05-09,15:14:00,Attend
47583,2023-07-27 16:00:00,2023-07-27,16:00:00,Attend
47585,2023-08-23 17:57:00,2023-08-23,17:57:00,Attend
47585,2023-08-24 03:11:00,2023-08-24,03:11:00,Leave
47585,2023-08-26 18:42:00,2023-08-26,18:42:00,Attend
47585,2023-08-29 09:39:00,2023-08-29,09:39:00,Attend
47585,2023-09-01 06:06:00,2023-09-01,06:06:00,Leave
47585,2023-09-02 18:08:00,2023-09-02,18:08:00,Attend
47585,2023-09-15 04:18:00,2023-09-15,04:18:00,Attend
47585,2023-09-21 05:53:00,2023-09-21,05:53:00,Attend
47585,2023-09-22 19:28:00,2023-09-22,19:28:00,Attend
47585,2023-09-29 02:52:00,2023-09-29,02:52:00,Leave
47585,2023-09-30 18:18:00,2023-09-30,18:18:00,Attend
47585,2023-10-06 05:11:00,2023-10-06,05:11:00,Leave
47585,2023-10-14 18:18:00,2023-10-14,18:18:00,Attend
47585,2023-10-27 05:45:00,2023-10-27,05:45:00,Leave
47585,2023-11-03 06:02:00,2023-11-03,06:02:00,Leave
47585,2023-11-04 18:40:00,2023-11-04,18:40:00,Attend
47585,2023-11-10 06:13:00,2023-11-10,06:13:00,Leave
47585,2023-11-13 18:17:00,2023-11-13,18:17:00,Attend
47585,2023-11-17 07:00:00,2023-11-17,07:00:00,Leave
47585,2023-11-18 18:18:00,2023-11-18,18:18:00,Attend
47585,2023-11-25 18:18:00,2023-11-25,18:18:00,Attend
47585,2023-12-01 03:07:00,2023-12-01,03:07:00,Leave
47585,2023-12-02 18:19:00,2023-12-02,18:19:00,Attend
47585,2023-12-08 05:07:00,2023-12-08,05:07:00,Leave
47585,2023-12-09 18:33:00,2023-12-09,18:33:00,Attend
47585,2023-12-15 07:01:00,2023-12-15,07:01:00,Leave
47585,2023-12-25 18:20:00,2023-12-25,18:20:00,Attend
47585,2023-12-29 03:39:00,2023-12-29,03:39:00,Leave
47585,2024-01-16 04:55:00,2024-01-16,04:55:00,Leave
47585,2024-01-19 05:08:00,2024-01-19,05:08:00,Leave
47585,2024-01-22 16:48:00,2024-01-22,16:48:00,Attend
47585,2024-02-03 18:23:00,2024-02-03,18:23:00,Attend
47585,2024-03-06 04:59:00,2024-03-06,04:59:00,Leave
47585,2024-04-04 15:37:00,2024-04-04,15:37:00,Attend
47585,2024-04-10 00:13:00,2024-04-10,00:13:00,Attend
47585,2024-04-11 20:53:00,2024-04-11,20:53:00,Attend
47585,2024-04-20 18:20:00,2024-04-20,18:20:00,Attend
47585,2024-05-03 03:13:00,2024-05-03,03:13:00,Attend
49195,2024-02-12 06:09:00,2024-02-12,06:09:00,Attend
49195,2024-02-19 06:00:00,2024-02-19,06:00:00,Attend
49195,2024-02-20 06:11:00,2024-02-20,06:11:00,Attend
49195,2024-03-12 12:39:00,2024-03-12,12:39:00,Attend
49195,2024-03-15 15:24:00,2024-03-15,15:24:00,Attend
49195,2024-03-16 15:29:00,2024-03-16,15:29:00,Attend
49195,2024-03-19 12:36:00,2024-03-19,12:36:00,Attend
49195,2024-03-24 15:27:00,2024-03-24,15:27:00,Attend
49195,2024-03-31 12:24:00,2024-03-31,12:24:00,Attend
49195,2024-04-09 13:35:00,2024-04-09,13:35:00,Attend
49195,2024-04-12 14:50:00,2024-04-12,14:50:00,Attend
49195,2024-04-13 02:16:00,2024-04-13,02:16:00,Leave
49195,2024-04-15 14:58:00,2024-04-15,14:58:00,Attend
49195,2024-04-18 14:59:00,2024-04-18,14:59:00,Attend
49195,2024-04-21 14:59:00,2024-04-21,14:59:00,Attend
49195,2024-04-25 03:27:00,2024-04-25,03:27:00,Leave
49195,2024-04-29 15:03:00,2024-04-29,15:03:00,Attend
49195,2024-05-01 15:00:00,2024-05-01,15:00:00,Attend
49195,2024-05-04 18:27:00,2024-05-04,18:27:00,Attend
49195,2024-05-08 18:31:00,2024-05-08,18:31:00,Attend
49195,2024-05-10 03:29:00,2024-05-10,03:29:00,Leave
49195,2024-05-12 18:29:00,2024-05-12,18:29:00,Attend
49199,2024-01-17 07:06:00,2024-01-17,07:06:00,Attend
49199,2024-02-07 07:04:00,2024-02-07,07:04:00,Attend
49199,2024-02-15 07:07:00,2024-02-15,07:07:00,Attend
49199,2024-03-13 06:39:00,2024-03-13,06:39:00,Attend
49200,2024-03-17 06:31:00,2024-03-17,06:31:00,Attend
50033,2023-11-30 07:03:00,2023-11-30,07:03:00,Attend
50040,2023-12-11 18:36:00,2023-12-11,18:36:00,Attend
50040,2024-01-13 18:26:00,2024-01-13,18:26:00,Attend
50040,2024-01-25 03:58:00,2024-01-25,03:58:00,Leave
50040,2024-02-02 06:00:00,2024-02-02,06:00:00,Attend
50040,2024-02-03 18:33:00,2024-02-03,18:33:00,Attend
50040,2024-02-07 18:42:00,2024-02-07,18:42:00,Attend
50040,2024-03-01 03:04:00,2024-03-01,03:04:00,Leave
50040,2024-03-08 03:29:00,2024-03-08,03:29:00,Leave
50040,2024-03-09 15:11:00,2024-03-09,15:11:00,Attend
50040,2024-03-16 15:29:00,2024-03-16,15:29:00,Attend
50040,2024-03-19 12:38:00,2024-03-19,12:38:00,Attend
50040,2024-03-29 13:57:00,2024-03-29,13:57:00,Attend
50040,2024-04-01 12:25:00,2024-04-01,12:25:00,Attend
50040,2024-04-05 00:32:00,2024-04-05,00:32:00,Leave
50041,2023-12-11 15:00:00,2023-12-11,15:00:00,Attend
50041,2024-01-14 15:00:00,2024-01-14,15:00:00,Attend
50041,2024-01-19 15:04:00,2024-01-19,15:04:00,Attend
50041,2024-01-27 15:00:00,2024-01-27,15:00:00,Attend
50041,2024-02-02 00:03:00,2024-02-02,00:03:00,Leave
50041,2024-03-08 13:34:00,2024-03-08,13:34:00,Attend
50041,2024-03-29 13:55:00,2024-03-29,13:55:00,Attend
50041,2024-04-05 05:30:00,2024-04-05,05:30:00,Attend
50041,2024-04-06 15:28:00,2024-04-06,15:28:00,Attend
50041,2024-04-27 09:29:00,2024-04-27,09:29:00,Attend
50042,2023-12-11 14:50:00,2023-12-11,14:50:00,Attend
50042,2023-12-15 00:00:00,2023-12-15,00:00:00,Leave
50042,2023-12-17 14:54:00,2023-12-17,14:54:00,Attend
50042,2023-12-23 14:53:00,2023-12-23,14:53:00,Attend
50042,2023-12-31 14:54:00,2023-12-31,14:54:00,Attend
50042,2024-01-04 14:54:00,2024-01-04,14:54:00,Attend
50042,2024-01-08 12:31:00,2024-01-08,12:31:00,Attend
50042,2024-01-13 18:24:00,2024-01-13,18:24:00,Attend
50042,2024-02-02 04:00:00,2024-02-02,04:00:00,Attend
50042,2024-02-03 18:32:00,2024-02-03,18:32:00,Attend
50042,2024-03-01 03:04:00,2024-03-01,03:04:00,Leave
50042,2024-03-03 18:24:00,2024-03-03,18:24:00,Attend
50042,2024-03-29 13:55:00,2024-03-29,13:55:00,Attend
50042,2024-04-05 05:29:00,2024-04-05,05:29:00,Attend
50042,2024-04-06 15:21:00,2024-04-06,15:21:00,Attend
50042,2024-04-27 09:29:00,2024-04-27,09:29:00,Attend
50043,2023-12-11 18:24:00,2023-12-11,18:24:00,Attend
50043,2023-12-15 03:30:00,2023-12-15,03:30:00,Leave
50043,2023-12-16 18:26:00,2023-12-16,18:26:00,Attend
50043,2023-12-29 01:01:00,2023-12-29,01:01:00,Leave
50043,2023-12-31 18:36:00,2023-12-31,18:36:00,Attend
50043,2024-03-08 13:32:00,2024-03-08,13:32:00,Attend
50043,2024-03-24 15:29:00,2024-03-24,15:29:00,Attend
50043,2024-03-29 13:56:00,2024-03-29,13:56:00,Attend
50043,2024-04-05 05:27:00,2024-04-05,05:27:00,Attend
50043,2024-04-06 15:26:00,2024-04-06,15:26:00,Attend
50043,2024-04-27 09:31:00,2024-04-27,09:31:00,Attend
50044,2024-03-24 05:48:00,2024-03-24,05:48:00,Attend
50045,2024-03-24 05:48:00,2024-03-24,05:48:00,Attend
50046,2023-12-11 18:26:00,2023-12-11,18:26:00,Attend
50046,2023-12-15 03:33:00,2023-12-15,03:33:00,Leave
50046,2023-12-16 18:30:00,2023-12-16,18:30:00,Attend
50046,2023-12-29 01:01:00,2023-12-29,01:01:00,Leave
50046,2023-12-31 18:39:00,2023-12-31,18:39:00,Attend
50046,2024-02-24 09:28:00,2024-02-24,09:28:00,Attend
50046,2024-03-08 13:35:00,2024-03-08,13:35:00,Attend
50046,2024-03-22 02:55:00,2024-03-22,02:55:00,Leave
50046,2024-03-23 15:35:00,2024-03-23,15:35:00,Attend
50046,2024-03-29 13:58:00,2024-03-29,13:58:00,Attend
50046,2024-04-05 05:31:00,2024-04-05,05:31:00,Attend
50046,2024-04-06 15:29:00,2024-04-06,15:29:00,Attend
50046,2024-04-27 09:33:00,2024-04-27,09:33:00,Attend
50047,2023-12-15 03:30:00,2023-12-15,03:30:00,Leave
50047,2023-12-16 18:26:00,2023-12-16,18:26:00,Attend
50047,2023-12-29 01:01:00,2023-12-29,01:01:00,Leave
50047,2024-01-26 09:30:00,2024-01-26,09:30:00,Attend
50047,2024-02-03 15:04:00,2024-02-03,15:04:00,Attend
50047,2024-04-12 18:41:00,2024-04-12,18:41:00,Attend
50047,2024-04-14 02:01:00,2024-04-14,02:01:00,Attend
50047,2024-05-03 03:02:00,2024-05-03,03:02:00,Attend
50047,2024-05-11 18:34:00,2024-05-11,18:34:00,Attend
50048,2023-12-11 18:24:00,2023-12-11,18:24:00,Attend
50048,2023-12-15 03:30:00,2023-12-15,03:30:00,Leave
50048,2023-12-16 18:25:00,2023-12-16,18:25:00,Attend
50048,2023-12-29 01:01:00,2023-12-29,01:01:00,Leave
50048,2023-12-31 18:38:00,2023-12-31,18:38:00,Attend
50048,2024-03-01 06:38:00,2024-03-01,06:38:00,Attend
50048,2024-03-08 13:32:00,2024-03-08,13:32:00,Attend
50048,2024-03-17 15:30:00,2024-03-17,15:30:00,Attend
50048,2024-03-24 15:31:00,2024-03-24,15:31:00,Attend
50048,2024-03-29 13:57:00,2024-03-29,13:57:00,Attend
50048,2024-04-05 05:29:00,2024-04-05,05:29:00,Attend
50048,2024-04-06 15:27:00,2024-04-06,15:27:00,Attend
50048,2024-04-27 09:34:00,2024-04-27,09:34:00,Attend
50634,2024-02-05 08:56:00,2024-02-05,08:56:00,Attend
50640,2024-03-18 11:55:00,2024-03-18,11:55:00,Attend
50640,2024-04-04 17:55:00,2024-04-04,17:55:00,Leave
51215,2024-04-26 05:50:00,2024-04-26,05:50:00,Attend
51498,2024-03-27 09:12:00,2024-03-27,09:12:00,Attend
51498,2024-04-04 09:31:00,2024-04-04,09:31:00,Attend
51604,2024-04-24 19:46:00,2024-04-24,19:46:00,Attend
51604,2024-04-26 07:23:00,2024-04-26,07:23:00,Attend
51604,2024-05-11 19:53:00,2024-05-11,19:53:00,Attend
