EmployeeId,TransDateTime,Transdate,Transtime,Type
47835,2023-09-30 05:59:00,2023-09-30,05:59:00,Leave
47835,2023-10-01 04:59:00,2023-10-01,04:59:00,Attend
48102,2024-02-26 11:00:00,2024-02-26,11:00:00,Attend
48103,2023-10-18 07:54:00,2023-10-18,07:54:00,Attend
48103,2023-10-28 07:47:00,2023-10-28,07:47:00,Attend
48103,2023-11-08 07:57:00,2023-11-08,07:57:00,Attend
48103,2023-11-09 08:00:00,2023-11-09,08:00:00,Attend
48103,2023-11-23 08:05:00,2023-11-23,08:05:00,Attend
48103,2023-11-25 08:00:00,2023-11-25,08:00:00,Attend
48103,2023-12-16 08:03:00,2023-12-16,08:03:00,Attend
48103,2023-12-23 08:08:00,2023-12-23,08:08:00,Attend
48103,2023-12-24 08:13:00,2023-12-24,08:13:00,Attend
48103,2023-12-25 09:07:00,2023-12-25,09:07:00,Attend
48106,2023-10-29 14:02:00,2023-10-29,14:02:00,Leave
48106,2023-10-31 14:05:00,2023-10-31,14:05:00,Leave
48106,2023-11-01 08:08:00,2023-11-01,08:08:00,Attend
48106,2023-11-12 13:15:00,2023-11-12,13:15:00,Leave
48106,2023-11-14 08:05:00,2023-11-14,08:05:00,Attend
48106,2023-11-16 08:10:00,2023-11-16,08:10:00,Attend
48106,2023-12-18 08:12:00,2023-12-18,08:12:00,Attend
48106,2024-01-21 08:19:00,2024-01-21,08:19:00,Attend
48106,2024-01-29 14:33:00,2024-01-29,14:33:00,Leave
48106,2024-02-10 14:29:00,2024-02-10,14:29:00,Attend
48106,2024-03-23 08:06:00,2024-03-23,08:06:00,Attend
48106,2024-04-06 09:20:00,2024-04-06,09:20:00,Attend
48107,2023-11-05 10:12:00,2023-11-05,10:12:00,Attend
48107,2023-11-07 08:00:00,2023-11-07,08:00:00,Attend
48107,2023-12-03 07:59:00,2023-12-03,07:59:00,Attend
48107,2024-01-03 12:44:00,2024-01-03,12:44:00,Leave
48107,2024-01-07 13:06:00,2024-01-07,13:06:00,Leave
48107,2024-01-14 14:13:00,2024-01-14,14:13:00,Leave
48107,2024-01-16 09:03:00,2024-01-16,09:03:00,Attend
48107,2024-04-21 14:04:00,2024-04-21,14:04:00,Leave
48109,2024-01-10 09:01:00,2024-01-10,09:01:00,Attend
48111,2023-10-18 08:57:00,2023-10-18,08:57:00,Attend
48111,2023-10-28 08:57:00,2023-10-28,08:57:00,Attend
48111,2023-11-01 09:06:00,2023-11-01,09:06:00,Attend
48111,2023-11-15 08:01:00,2023-11-15,08:01:00,Attend
48111,2023-11-19 08:07:00,2023-11-19,08:07:00,Attend
48111,2023-11-20 14:16:00,2023-11-20,14:16:00,Leave
48111,2023-11-27 09:05:00,2023-11-27,09:05:00,Attend
48111,2023-12-06 08:11:00,2023-12-06,08:11:00,Attend
48113,2023-10-18 14:28:00,2023-10-18,14:28:00,Leave
48115,2023-10-12 09:22:00,2023-10-12,09:22:00,Attend
48115,2023-10-24 08:05:00,2023-10-24,08:05:00,Attend
48116,2023-10-23 08:01:00,2023-10-23,08:01:00,Attend
48116,2023-10-30 09:23:00,2023-10-30,09:23:00,Attend
48116,2023-11-09 07:56:00,2023-11-09,07:56:00,Attend
48116,2023-11-13 08:39:00,2023-11-13,08:39:00,Attend
48116,2023-11-22 09:07:00,2023-11-22,09:07:00,Attend
48116,2023-12-04 09:12:00,2023-12-04,09:12:00,Attend
48116,2023-12-06 08:18:00,2023-12-06,08:18:00,Attend
48116,2023-12-18 16:16:00,2023-12-18,16:16:00,Leave
48116,2023-12-25 09:17:00,2023-12-25,09:17:00,Attend
48116,2024-01-07 15:17:00,2024-01-07,15:17:00,Leave
48116,2024-01-08 10:04:00,2024-01-08,10:04:00,Attend
48116,2024-01-14 09:11:00,2024-01-14,09:11:00,Attend
48116,2024-01-15 09:05:00,2024-01-15,09:05:00,Attend
48116,2024-01-29 08:13:00,2024-01-29,08:13:00,Attend
48116,2024-01-31 08:16:00,2024-01-31,08:16:00,Attend
48116,2024-02-03 09:08:00,2024-02-03,09:08:00,Attend
48116,2024-02-05 09:11:00,2024-02-05,09:11:00,Attend
48116,2024-02-13 08:18:00,2024-02-13,08:18:00,Attend
48116,2024-02-18 09:13:00,2024-02-18,09:13:00,Attend
48116,2024-02-19 14:31:00,2024-02-19,14:31:00,Attend
48116,2024-02-26 14:35:00,2024-02-26,14:35:00,Leave
48116,2024-02-28 08:11:00,2024-02-28,08:11:00,Attend
48116,2024-03-02 08:11:00,2024-03-02,08:11:00,Attend
48116,2024-03-03 08:02:00,2024-03-03,08:02:00,Attend
48116,2024-03-04 08:13:00,2024-03-04,08:13:00,Attend
48116,2024-03-11 08:08:00,2024-03-11,08:08:00,Attend
48116,2024-03-19 08:20:00,2024-03-19,08:20:00,Attend
48116,2024-03-26 08:03:00,2024-03-26,08:03:00,Attend
48116,2024-04-20 08:11:00,2024-04-20,08:11:00,Attend
48116,2024-04-24 08:16:00,2024-04-24,08:16:00,Attend
48117,2023-12-20 09:34:00,2023-12-20,09:34:00,Attend
48117,2024-01-25 11:40:00,2024-01-25,11:40:00,Attend
48117,2024-01-31 14:13:00,2024-01-31,14:13:00,Attend
48117,2024-02-15 14:28:00,2024-02-15,14:28:00,Attend
48118,2023-10-28 08:18:00,2023-10-28,08:18:00,Attend
48118,2023-10-31 07:53:00,2023-10-31,07:53:00,Attend
48118,2023-11-25 08:46:00,2023-11-25,08:46:00,Attend
48118,2024-01-03 09:03:00,2024-01-03,09:03:00,Attend
48119,2023-10-28 07:48:00,2023-10-28,07:48:00,Attend
48119,2024-01-08 08:09:00,2024-01-08,08:09:00,Attend
48121,2023-11-10 09:56:00,2023-11-10,09:56:00,Attend
48121,2024-05-24 09:45:00,2024-05-24,09:45:00,Attend
48124,2023-11-05 08:13:00,2023-11-05,08:13:00,Attend
48124,2023-11-07 08:20:00,2023-11-07,08:20:00,Attend
48124,2023-11-12 08:04:00,2023-11-12,08:04:00,Attend
48124,2023-11-16 08:10:00,2023-11-16,08:10:00,Attend
48124,2023-11-19 08:13:00,2023-11-19,08:13:00,Attend
48124,2023-11-28 08:17:00,2023-11-28,08:17:00,Attend
48124,2023-12-11 09:14:00,2023-12-11,09:14:00,Attend
48124,2023-12-12 08:20:00,2023-12-12,08:20:00,Attend
48124,2023-12-16 09:43:00,2023-12-16,09:43:00,Attend
48124,2023-12-17 08:41:00,2023-12-17,08:41:00,Attend
48124,2023-12-24 08:24:00,2023-12-24,08:24:00,Attend
48124,2023-12-28 08:27:00,2023-12-28,08:27:00,Attend
48124,2024-01-02 08:19:00,2024-01-02,08:19:00,Attend
48124,2024-01-04 08:25:00,2024-01-04,08:25:00,Attend
48124,2024-01-08 09:42:00,2024-01-08,09:42:00,Attend
48124,2024-01-11 08:17:00,2024-01-11,08:17:00,Attend
48124,2024-01-28 09:21:00,2024-01-28,09:21:00,Attend
48124,2024-02-08 08:18:00,2024-02-08,08:18:00,Attend
48124,2024-02-25 09:21:00,2024-02-25,09:21:00,Attend
48124,2024-03-27 08:19:00,2024-03-27,08:19:00,Attend
48124,2024-04-21 08:18:00,2024-04-21,08:18:00,Attend
48124,2024-04-25 09:17:00,2024-04-25,09:17:00,Attend
48125,2023-11-15 15:02:00,2023-11-15,15:02:00,Leave
48125,2023-11-25 10:25:00,2023-11-25,10:25:00,Attend
48125,2023-12-13 15:34:00,2023-12-13,15:34:00,Attend
48125,2023-12-16 11:51:00,2023-12-16,11:51:00,Attend
48125,2023-12-30 11:34:00,2023-12-30,11:34:00,Attend
48125,2024-04-03 14:28:00,2024-04-03,14:28:00,Leave
48126,2023-10-31 12:40:00,2023-10-31,12:40:00,Leave
48126,2023-12-05 09:50:00,2023-12-05,09:50:00,Attend
48129,2024-03-26 09:06:00,2024-03-26,09:06:00,Attend
48129,2024-04-02 10:31:00,2024-04-02,10:31:00,Attend
48129,2024-04-21 10:48:00,2024-04-21,10:48:00,Attend
48130,2024-02-28 08:56:00,2024-02-28,08:56:00,Attend
48130,2024-03-02 10:06:00,2024-03-02,10:06:00,Attend
48130,2024-03-06 09:20:00,2024-03-06,09:20:00,Attend
48130,2024-03-13 15:08:00,2024-03-13,15:08:00,Leave
48130,2024-03-16 15:07:00,2024-03-16,15:07:00,Leave
48130,2024-03-27 10:59:00,2024-03-27,10:59:00,Attend
48130,2024-04-03 09:18:00,2024-04-03,09:18:00,Attend
48130,2024-04-24 13:26:00,2024-04-24,13:26:00,Leave
48132,2024-03-12 08:56:00,2024-03-12,08:56:00,Attend
48132,2024-03-24 08:58:00,2024-03-24,08:58:00,Attend
48135,2024-02-26 09:02:00,2024-02-26,09:02:00,Attend
48135,2024-03-02 09:58:00,2024-03-02,09:58:00,Attend
48136,2024-02-08 09:06:00,2024-02-08,09:06:00,Attend
48136,2024-02-13 09:10:00,2024-02-13,09:10:00,Attend
48136,2024-03-24 09:07:00,2024-03-24,09:07:00,Attend
48136,2024-04-16 09:11:00,2024-04-16,09:11:00,Attend
48137,2024-02-05 09:36:00,2024-02-05,09:36:00,Attend
48137,2024-02-28 09:28:00,2024-02-28,09:28:00,Attend
48140,2024-02-08 12:39:00,2024-02-08,12:39:00,Attend
48140,2024-03-24 09:28:00,2024-03-24,09:28:00,Attend
48140,2024-04-07 09:14:00,2024-04-07,09:14:00,Attend
48141,2024-02-15 08:37:00,2024-02-15,08:37:00,Attend
48141,2024-03-07 09:58:00,2024-03-07,09:58:00,Attend
48141,2024-03-12 08:58:00,2024-03-12,08:58:00,Attend
48143,2024-02-08 09:04:00,2024-02-08,09:04:00,Attend
48143,2024-02-25 09:06:00,2024-02-25,09:06:00,Attend
48143,2024-02-27 09:03:00,2024-02-27,09:03:00,Attend
48143,2024-03-24 09:00:00,2024-03-24,09:00:00,Attend
48143,2024-03-26 08:12:00,2024-03-26,08:12:00,Attend
48147,2024-02-03 10:13:00,2024-02-03,10:13:00,Attend
48147,2024-02-19 10:23:00,2024-02-19,10:23:00,Attend
48147,2024-02-21 09:15:00,2024-02-21,09:15:00,Attend
48147,2024-03-02 09:20:00,2024-03-02,09:20:00,Attend
48147,2024-03-20 10:04:00,2024-03-20,10:04:00,Attend
48147,2024-03-25 15:08:00,2024-03-25,15:08:00,Leave
48147,2024-04-08 09:55:00,2024-04-08,09:55:00,Attend
48147,2024-04-17 09:35:00,2024-04-17,09:35:00,Attend
48147,2024-04-20 10:22:00,2024-04-20,10:22:00,Attend
48150,2024-04-24 10:10:00,2024-04-24,10:10:00,Attend
48151,2024-02-17 09:52:00,2024-02-17,09:52:00,Attend
48151,2024-02-28 11:39:00,2024-02-28,11:39:00,Attend
48151,2024-04-20 10:05:00,2024-04-20,10:05:00,Attend
48152,2024-02-27 09:05:00,2024-02-27,09:05:00,Attend
48152,2024-03-12 14:42:00,2024-03-12,14:42:00,Leave
48152,2024-03-17 11:37:00,2024-03-17,11:37:00,Attend
48152,2024-03-24 09:10:00,2024-03-24,09:10:00,Attend
48152,2024-04-04 10:04:00,2024-04-04,10:04:00,Attend
48158,2024-03-06 09:42:00,2024-03-06,09:42:00,Attend
48160,2023-11-18 16:45:00,2023-11-18,16:45:00,Leave
48160,2023-11-21 18:03:00,2023-11-21,18:03:00,Leave
48160,2023-12-06 10:36:00,2023-12-06,10:36:00,Attend
48160,2024-01-01 17:31:00,2024-01-01,17:31:00,Leave
48160,2024-04-15 14:37:00,2024-04-15,14:37:00,Leave
48161,2024-04-15 17:30:00,2024-04-15,17:30:00,Leave
48161,2024-04-20 17:47:00,2024-04-20,17:47:00,Leave
48161,2024-04-22 17:55:00,2024-04-22,17:55:00,Leave
48161,2024-04-24 17:58:00,2024-04-24,17:58:00,Leave
48162,2024-02-08 16:27:00,2024-02-08,16:27:00,Leave
48162,2024-02-13 16:22:00,2024-02-13,16:22:00,Leave
48163,2024-02-03 11:01:00,2024-02-03,11:01:00,Attend
48163,2024-02-19 11:06:00,2024-02-19,11:06:00,Attend
48164,2024-02-13 16:26:00,2024-02-13,16:26:00,Leave
48164,2024-02-20 10:59:00,2024-02-20,10:59:00,Attend
48164,2024-02-27 17:04:00,2024-02-27,17:04:00,Leave
48164,2024-03-10 11:12:00,2024-03-10,11:12:00,Attend
48164,2024-03-14 15:59:00,2024-03-14,15:59:00,Leave
48164,2024-03-31 09:51:00,2024-03-31,09:51:00,Attend
48164,2024-04-04 10:09:00,2024-04-04,10:09:00,Attend
48167,2024-02-08 09:59:00,2024-02-08,09:59:00,Attend
48167,2024-04-04 10:02:00,2024-04-04,10:02:00,Attend
48169,2024-02-05 16:23:00,2024-02-05,16:23:00,Leave
48169,2024-03-13 10:15:00,2024-03-13,10:15:00,Attend
48169,2024-04-17 11:05:00,2024-04-17,11:05:00,Attend
48170,2024-02-07 16:01:00,2024-02-07,16:01:00,Leave
48170,2024-02-11 11:07:00,2024-02-11,11:07:00,Attend
48170,2024-03-02 16:31:00,2024-03-02,16:31:00,Leave
48170,2024-04-16 16:08:00,2024-04-16,16:08:00,Leave
48172,2024-03-06 09:40:00,2024-03-06,09:40:00,Attend
48172,2024-04-15 16:25:00,2024-04-15,16:25:00,Attend
48173,2024-02-29 10:05:00,2024-02-29,10:05:00,Attend
48174,2024-02-04 17:11:00,2024-02-04,17:11:00,Leave
48174,2024-02-13 11:02:00,2024-02-13,11:02:00,Attend
48174,2024-02-18 12:15:00,2024-02-18,12:15:00,Attend
48175,2024-04-15 16:50:00,2024-04-15,16:50:00,Leave
48176,2023-10-10 16:10:00,2023-10-10,16:10:00,Leave
48176,2024-01-09 16:22:00,2024-01-09,16:22:00,Leave
48176,2024-01-11 16:18:00,2024-01-11,16:18:00,Leave
48176,2024-01-22 15:59:00,2024-01-22,15:59:00,Leave
48176,2024-04-15 17:12:00,2024-04-15,17:12:00,Leave
48177,2023-10-22 18:07:00,2023-10-22,18:07:00,Leave
48177,2023-11-09 11:59:00,2023-11-09,11:59:00,Attend
48177,2023-12-07 12:02:00,2023-12-07,12:02:00,Attend
48177,2023-12-24 12:00:00,2023-12-24,12:00:00,Attend
48177,2023-12-31 12:00:00,2023-12-31,12:00:00,Attend
48177,2024-01-07 12:05:00,2024-01-07,12:05:00,Attend
48177,2024-01-16 11:59:00,2024-01-16,11:59:00,Attend
48177,2024-01-21 11:59:00,2024-01-21,11:59:00,Attend
48177,2024-01-25 12:05:00,2024-01-25,12:05:00,Attend
48177,2024-01-28 12:05:00,2024-01-28,12:05:00,Attend
48177,2024-01-30 13:39:00,2024-01-30,13:39:00,Attend
48177,2024-02-13 14:04:00,2024-02-13,14:04:00,Attend
48177,2024-02-27 17:04:00,2024-02-27,17:04:00,Leave
48177,2024-03-03 18:00:00,2024-03-03,18:00:00,Leave
48177,2024-03-05 17:07:00,2024-03-05,17:07:00,Leave
48177,2024-03-10 18:03:00,2024-03-10,18:03:00,Leave
48179,2024-03-25 11:02:00,2024-03-25,11:02:00,Attend
48180,2023-11-11 16:37:00,2023-11-11,16:37:00,Leave
48180,2023-11-14 10:26:00,2023-11-14,10:26:00,Attend
48180,2023-12-11 16:32:00,2023-12-11,16:32:00,Leave
48180,2023-12-14 16:28:00,2023-12-14,16:28:00,Leave
48180,2023-12-18 16:26:00,2023-12-18,16:26:00,Leave
48180,2023-12-26 17:14:00,2023-12-26,17:14:00,Leave
48180,2023-12-28 10:56:00,2023-12-28,10:56:00,Attend
48180,2024-01-04 16:18:00,2024-01-04,16:18:00,Leave
48180,2024-01-23 10:59:00,2024-01-23,10:59:00,Attend
48180,2024-01-25 15:42:00,2024-01-25,15:42:00,Leave
48180,2024-04-01 10:47:00,2024-04-01,10:47:00,Attend
48180,2024-04-16 16:11:00,2024-04-16,16:11:00,Leave
48180,2024-04-17 10:01:00,2024-04-17,10:01:00,Attend
48182,2023-10-22 17:40:00,2023-10-22,17:40:00,Leave
48182,2023-11-18 17:43:00,2023-11-18,17:43:00,Leave
48182,2023-11-23 13:49:00,2023-11-23,13:49:00,Attend
48182,2023-12-12 11:56:00,2023-12-12,11:56:00,Attend
48183,2024-03-05 17:30:00,2024-03-05,17:30:00,Leave
48183,2024-04-18 16:58:00,2024-04-18,16:58:00,Leave
48184,2023-10-11 17:31:00,2023-10-11,17:31:00,Leave
48184,2023-10-19 12:33:00,2023-10-19,12:33:00,Attend
48184,2023-11-28 18:06:00,2023-11-28,18:06:00,Leave
48184,2023-12-11 14:20:00,2023-12-11,14:20:00,Attend
48184,2023-12-12 14:16:00,2023-12-12,14:16:00,Attend
48184,2024-04-15 17:13:00,2024-04-15,17:13:00,Leave
48185,2024-03-01 18:17:00,2024-03-01,18:17:00,Leave
48188,2023-11-14 10:55:00,2023-11-14,10:55:00,Attend
48188,2023-11-15 11:23:00,2023-11-15,11:23:00,Attend
48188,2023-11-16 11:10:00,2023-11-16,11:10:00,Attend
48188,2023-11-18 10:58:00,2023-11-18,10:58:00,Attend
48188,2023-11-19 11:08:00,2023-11-19,11:08:00,Attend
48188,2023-11-23 11:01:00,2023-11-23,11:01:00,Attend
48188,2023-11-25 11:12:00,2023-11-25,11:12:00,Attend
48188,2023-12-07 11:00:00,2023-12-07,11:00:00,Attend
48188,2023-12-13 11:10:00,2023-12-13,11:10:00,Attend
48188,2023-12-16 11:11:00,2023-12-16,11:11:00,Attend
48188,2023-12-18 11:16:00,2023-12-18,11:16:00,Attend
48188,2023-12-31 11:28:00,2023-12-31,11:28:00,Attend
48188,2024-01-21 11:17:00,2024-01-21,11:17:00,Attend
48188,2024-01-22 11:10:00,2024-01-22,11:10:00,Attend
48188,2024-01-27 10:59:00,2024-01-27,10:59:00,Attend
48188,2024-02-04 11:16:00,2024-02-04,11:16:00,Attend
48188,2024-02-08 11:23:00,2024-02-08,11:23:00,Attend
48188,2024-02-20 11:02:00,2024-02-20,11:02:00,Attend
48188,2024-02-22 11:19:00,2024-02-22,11:19:00,Attend
48188,2024-03-28 10:07:00,2024-03-28,10:07:00,Attend
48188,2024-04-03 11:01:00,2024-04-03,11:01:00,Attend
48188,2024-04-06 11:02:00,2024-04-06,11:02:00,Attend
48188,2024-04-12 11:21:00,2024-04-12,11:21:00,Attend
48188,2024-04-13 13:41:00,2024-04-13,13:41:00,Attend
48188,2024-04-14 01:21:00,2024-04-14,01:21:00,Leave
48188,2024-04-16 11:51:00,2024-04-16,11:51:00,Attend
48188,2024-04-20 11:00:00,2024-04-20,11:00:00,Attend
48188,2024-04-22 03:22:00,2024-04-22,03:22:00,Leave
48188,2024-04-23 11:27:00,2024-04-23,11:27:00,Attend
48188,2024-04-25 13:51:00,2024-04-25,13:51:00,Attend
48193,2023-12-27 10:47:00,2023-12-27,10:47:00,Attend
48195,2024-02-10 09:57:00,2024-02-10,09:57:00,Attend
48195,2024-04-22 09:53:00,2024-04-22,09:53:00,Attend
48195,2024-08-05 10:58:00,2024-08-05,10:58:00,Attend
48196,2024-03-05 17:02:00,2024-03-05,17:02:00,Leave
48196,2024-03-19 09:55:00,2024-03-19,09:55:00,Attend
48196,2024-04-16 09:54:00,2024-04-16,09:54:00,Attend
48196,2024-04-23 10:58:00,2024-04-23,10:58:00,Attend
48197,2023-12-22 17:09:00,2023-12-22,17:09:00,Leave
48199,2023-12-03 10:29:00,2023-12-03,10:29:00,Attend
48200,2024-01-11 08:54:00,2024-01-11,08:54:00,Attend
48200,2024-02-13 08:50:00,2024-02-13,08:50:00,Attend
48200,2024-02-20 08:52:00,2024-02-20,08:52:00,Attend
48200,2024-03-07 08:53:00,2024-03-07,08:53:00,Attend
48200,2024-03-26 08:57:00,2024-03-26,08:57:00,Attend
48200,2024-03-28 08:51:00,2024-03-28,08:51:00,Attend
48200,2024-08-05 16:50:00,2024-08-05,16:50:00,Attend
48202,2023-11-20 08:48:00,2023-11-20,08:48:00,Attend
48202,2024-02-08 08:49:00,2024-02-08,08:49:00,Attend
48202,2024-03-10 15:03:00,2024-03-10,15:03:00,Attend
48202,2024-08-05 16:39:00,2024-08-05,16:39:00,Attend
48204,2023-11-09 12:45:00,2023-11-09,12:45:00,Attend
48204,2024-02-06 08:39:00,2024-02-06,08:39:00,Attend
48204,2024-02-13 09:03:00,2024-02-13,09:03:00,Attend
48204,2024-02-26 14:54:00,2024-02-26,14:54:00,Leave
48204,2024-03-04 14:56:00,2024-03-04,14:56:00,Leave
48204,2024-03-06 08:57:00,2024-03-06,08:57:00,Attend
48204,2024-03-11 08:53:00,2024-03-11,08:53:00,Attend
48204,2024-03-18 15:00:00,2024-03-18,15:00:00,Leave
48204,2024-03-20 08:58:00,2024-03-20,08:58:00,Attend
48204,2024-03-24 19:51:00,2024-03-24,19:51:00,Attend
48204,2024-04-02 14:55:00,2024-04-02,14:55:00,Leave
48204,2024-04-15 15:58:00,2024-04-15,15:58:00,Leave
48204,2024-04-17 18:07:00,2024-04-17,18:07:00,Leave
48204,2024-04-25 20:05:00,2024-04-25,20:05:00,Leave
48206,2024-02-15 15:12:00,2024-02-15,15:12:00,Leave
48206,2024-02-18 15:05:00,2024-02-18,15:05:00,Leave
48206,2024-02-20 09:01:00,2024-02-20,09:01:00,Attend
48206,2024-03-05 08:55:00,2024-03-05,08:55:00,Attend
48206,2024-03-24 11:01:00,2024-03-24,11:01:00,Attend
48206,2024-04-07 08:53:00,2024-04-07,08:53:00,Attend
48208,2024-02-17 16:44:00,2024-02-17,16:44:00,Leave
48210,2024-08-05 08:50:00,2024-08-05,08:50:00,Attend
48214,2024-07-12 00:08:00,2024-07-12,00:08:00,Leave
48217,2024-03-23 11:17:00,2024-03-23,11:17:00,Attend
48219,2024-02-03 19:13:00,2024-02-03,19:13:00,Leave
48219,2024-08-05 12:05:00,2024-08-05,12:05:00,Attend
48220,2024-08-05 09:39:00,2024-08-05,09:39:00,Attend
48222,2023-12-17 14:01:00,2023-12-17,14:01:00,Attend
48228,2023-10-18 08:50:00,2023-10-18,08:50:00,Attend
48228,2024-02-22 17:33:00,2024-02-22,17:33:00,Leave
48228,2024-03-03 13:39:00,2024-03-03,13:39:00,Attend
48228,2024-04-23 14:05:00,2024-04-23,14:05:00,Attend
48229,2024-08-05 14:52:00,2024-08-05,14:52:00,Attend
48230,2024-02-03 19:51:00,2024-02-03,19:51:00,Leave
48230,2024-03-28 08:58:00,2024-03-28,08:58:00,Attend
48230,2024-03-31 16:00:00,2024-03-31,16:00:00,Leave
48230,2024-08-05 11:30:00,2024-08-05,11:30:00,Attend
48231,2024-02-07 12:09:00,2024-02-07,12:09:00,Attend
48232,2024-02-04 09:39:00,2024-02-04,09:39:00,Attend
48232,2024-02-11 09:31:00,2024-02-11,09:31:00,Attend
48232,2024-02-27 17:02:00,2024-02-27,17:02:00,Leave
48232,2024-04-23 18:00:00,2024-04-23,18:00:00,Leave
48234,2024-06-19 17:58:00,2024-06-19,17:58:00,Leave
48236,2023-10-25 17:36:00,2023-10-25,17:36:00,Attend
48236,2023-10-28 13:26:00,2023-10-28,13:26:00,Attend
48236,2023-10-29 13:29:00,2023-10-29,13:29:00,Attend
48236,2023-11-06 14:56:00,2023-11-06,14:56:00,Attend
48236,2023-11-12 13:12:00,2023-11-12,13:12:00,Attend
48236,2023-11-22 14:21:00,2023-11-22,14:21:00,Attend
48236,2023-12-04 14:58:00,2023-12-04,14:58:00,Attend
48236,2023-12-10 12:52:00,2023-12-10,12:52:00,Attend
48236,2023-12-25 14:07:00,2023-12-25,14:07:00,Attend
48236,2023-12-27 14:18:00,2023-12-27,14:18:00,Attend
48236,2023-12-30 12:29:00,2023-12-30,12:29:00,Attend
48236,2024-01-10 14:21:00,2024-01-10,14:21:00,Attend
48236,2024-01-13 13:29:00,2024-01-13,13:29:00,Attend
48236,2024-01-22 13:18:00,2024-01-22,13:18:00,Attend
48236,2024-02-05 14:20:00,2024-02-05,14:20:00,Attend
48236,2024-02-12 14:45:00,2024-02-12,14:45:00,Attend
48236,2024-02-17 13:16:00,2024-02-17,13:16:00,Attend
48236,2024-02-24 12:09:00,2024-02-24,12:09:00,Attend
48236,2024-02-26 16:32:00,2024-02-26,16:32:00,Leave
48236,2024-03-02 12:34:00,2024-03-02,12:34:00,Attend
48236,2024-03-06 16:21:00,2024-03-06,16:21:00,Leave
48236,2024-03-13 10:43:00,2024-03-13,10:43:00,Attend
48236,2024-03-16 11:23:00,2024-03-16,11:23:00,Attend
48236,2024-03-18 10:59:00,2024-03-18,10:59:00,Attend
48236,2024-03-20 11:48:00,2024-03-20,11:48:00,Attend
48236,2024-04-15 12:00:00,2024-04-15,12:00:00,Attend
48236,2024-04-25 11:14:00,2024-04-25,11:14:00,Attend
48240,2024-03-16 08:07:00,2024-03-16,08:07:00,Attend
48240,2024-04-15 09:03:00,2024-04-15,09:03:00,Attend
48242,2024-02-12 08:54:00,2024-02-12,08:54:00,Attend
48242,2024-02-18 16:20:00,2024-02-18,16:20:00,Leave
48242,2024-02-27 09:03:00,2024-02-27,09:03:00,Attend
48242,2024-03-03 08:59:00,2024-03-03,08:59:00,Attend
48242,2024-03-10 08:57:00,2024-03-10,08:57:00,Attend
48242,2024-03-16 07:52:00,2024-03-16,07:52:00,Attend
48242,2024-03-20 07:56:00,2024-03-20,07:56:00,Attend
48243,2023-10-15 10:35:00,2023-10-15,10:35:00,Attend
48243,2023-10-19 10:31:00,2023-10-19,10:31:00,Attend
48243,2023-10-29 15:44:00,2023-10-29,15:44:00,Leave
48243,2023-11-05 10:31:00,2023-11-05,10:31:00,Attend
48243,2023-11-07 11:30:00,2023-11-07,11:30:00,Attend
48245,2023-10-18 08:58:00,2023-10-18,08:58:00,Attend
48245,2024-04-17 15:15:00,2024-04-17,15:15:00,Leave
48246,2023-10-16 09:58:00,2023-10-16,09:58:00,Attend
48246,2023-12-25 09:09:00,2023-12-25,09:09:00,Attend
48246,2024-01-24 09:10:00,2024-01-24,09:10:00,Attend
48246,2024-03-06 09:17:00,2024-03-06,09:17:00,Attend
48247,2023-11-29 09:17:00,2023-11-29,09:17:00,Attend
48247,2023-12-02 08:59:00,2023-12-02,08:59:00,Attend
48247,2023-12-04 09:00:00,2023-12-04,09:00:00,Attend
48247,2023-12-06 09:02:00,2023-12-06,09:02:00,Attend
48247,2023-12-09 09:06:00,2023-12-09,09:06:00,Attend
48247,2023-12-13 09:13:00,2023-12-13,09:13:00,Attend
48247,2023-12-20 09:14:00,2023-12-20,09:14:00,Attend
48247,2023-12-23 09:12:00,2023-12-23,09:12:00,Attend
48247,2023-12-30 09:05:00,2023-12-30,09:05:00,Attend
48247,2024-01-13 09:00:00,2024-01-13,09:00:00,Attend
48247,2024-02-19 09:05:00,2024-02-19,09:05:00,Attend
48247,2024-02-21 09:30:00,2024-02-21,09:30:00,Attend
48247,2024-02-28 09:18:00,2024-02-28,09:18:00,Attend
48247,2024-03-02 09:06:00,2024-03-02,09:06:00,Attend
48247,2024-03-04 09:07:00,2024-03-04,09:07:00,Attend
48247,2024-03-09 08:54:00,2024-03-09,08:54:00,Attend
48247,2024-03-13 08:54:00,2024-03-13,08:54:00,Attend
48247,2024-03-16 08:03:00,2024-03-16,08:03:00,Attend
48247,2024-03-18 08:08:00,2024-03-18,08:08:00,Attend
48247,2024-03-20 08:16:00,2024-03-20,08:16:00,Attend
48247,2024-04-01 08:12:00,2024-04-01,08:12:00,Attend
48247,2024-04-03 08:17:00,2024-04-03,08:17:00,Attend
48247,2024-04-06 08:14:00,2024-04-06,08:14:00,Attend
48247,2024-04-08 10:31:00,2024-04-08,10:31:00,Attend
48247,2024-04-15 09:09:00,2024-04-15,09:09:00,Attend
48247,2024-04-17 09:08:00,2024-04-17,09:08:00,Attend
48247,2024-04-20 08:59:00,2024-04-20,08:59:00,Attend
48247,2024-04-22 08:55:00,2024-04-22,08:55:00,Attend
48247,2024-04-24 09:07:00,2024-04-24,09:07:00,Attend
48248,2024-03-26 08:52:00,2024-03-26,08:52:00,Attend
48248,2024-03-30 13:49:00,2024-03-30,13:49:00,Attend
48250,2023-10-10 15:31:00,2023-10-10,15:31:00,Leave
48250,2023-11-15 08:57:00,2023-11-15,08:57:00,Attend
48251,2023-10-17 09:12:00,2023-10-17,09:12:00,Attend
48251,2023-10-18 08:31:00,2023-10-18,08:31:00,Attend
48251,2023-10-24 08:31:00,2023-10-24,08:31:00,Attend
48251,2023-10-26 09:29:00,2023-10-26,09:29:00,Attend
48251,2023-10-29 08:51:00,2023-10-29,08:51:00,Attend
48251,2023-11-05 14:53:00,2023-11-05,14:53:00,Leave
48251,2023-11-09 09:24:00,2023-11-09,09:24:00,Attend
48251,2023-11-12 09:01:00,2023-11-12,09:01:00,Attend
48251,2023-11-14 08:46:00,2023-11-14,08:46:00,Attend
48251,2023-11-21 08:37:00,2023-11-21,08:37:00,Attend
48251,2023-12-12 09:58:00,2023-12-12,09:58:00,Attend
48251,2023-12-20 08:51:00,2023-12-20,08:51:00,Attend
48251,2023-12-26 09:12:00,2023-12-26,09:12:00,Attend
48251,2024-01-22 09:26:00,2024-01-22,09:26:00,Attend
48251,2024-01-24 09:07:00,2024-01-24,09:07:00,Attend
48251,2024-01-30 09:14:00,2024-01-30,09:14:00,Attend
48251,2024-02-08 08:48:00,2024-02-08,08:48:00,Attend
48251,2024-02-22 15:05:00,2024-02-22,15:05:00,Leave
48251,2024-02-25 08:36:00,2024-02-25,08:36:00,Attend
48251,2024-03-05 08:57:00,2024-03-05,08:57:00,Attend
48251,2024-03-17 08:24:00,2024-03-17,08:24:00,Attend
48251,2024-03-18 08:25:00,2024-03-18,08:25:00,Attend
48252,2023-10-12 09:47:00,2023-10-12,09:47:00,Attend
48252,2023-11-30 15:51:00,2023-11-30,15:51:00,Leave
48252,2023-12-05 09:29:00,2023-12-05,09:29:00,Attend
48252,2024-01-14 16:11:00,2024-01-14,16:11:00,Leave
48252,2024-02-10 09:14:00,2024-02-10,09:14:00,Attend
48252,2024-02-14 09:03:00,2024-02-14,09:03:00,Attend
48252,2024-02-17 09:06:00,2024-02-17,09:06:00,Attend
48252,2024-02-19 16:05:00,2024-02-19,16:05:00,Leave
48252,2024-02-21 16:10:00,2024-02-21,16:10:00,Leave
48252,2024-02-26 09:54:00,2024-02-26,09:54:00,Attend
48252,2024-03-02 09:08:00,2024-03-02,09:08:00,Attend
48252,2024-03-05 09:25:00,2024-03-05,09:25:00,Attend
48252,2024-03-06 09:18:00,2024-03-06,09:18:00,Attend
48252,2024-03-09 09:34:00,2024-03-09,09:34:00,Attend
48252,2024-03-13 08:11:00,2024-03-13,08:11:00,Attend
48252,2024-03-16 08:11:00,2024-03-16,08:11:00,Attend
48252,2024-03-17 09:59:00,2024-03-17,09:59:00,Attend
48252,2024-03-23 07:54:00,2024-03-23,07:54:00,Attend
48252,2024-04-17 09:04:00,2024-04-17,09:04:00,Attend
48252,2024-04-20 09:57:00,2024-04-20,09:57:00,Attend
48253,2024-02-07 15:54:00,2024-02-07,15:54:00,Leave
48253,2024-02-12 08:54:00,2024-02-12,08:54:00,Attend
48253,2024-02-14 14:47:00,2024-02-14,14:47:00,Leave
48253,2024-02-19 08:58:00,2024-02-19,08:58:00,Attend
48253,2024-03-02 09:04:00,2024-03-02,09:04:00,Attend
48253,2024-03-04 09:02:00,2024-03-04,09:02:00,Attend
48253,2024-03-13 07:49:00,2024-03-13,07:49:00,Attend
48253,2024-03-23 08:22:00,2024-03-23,08:22:00,Attend
48253,2024-03-30 07:53:00,2024-03-30,07:53:00,Attend
48254,2023-10-15 08:59:00,2023-10-15,08:59:00,Attend
48254,2023-10-17 09:04:00,2023-10-17,09:04:00,Attend
48254,2024-03-13 08:08:00,2024-03-13,08:08:00,Attend
48255,2023-11-20 10:20:00,2023-11-20,10:20:00,Attend
48255,2024-02-04 08:47:00,2024-02-04,08:47:00,Attend
48255,2024-02-08 08:38:00,2024-02-08,08:38:00,Attend
48255,2024-02-11 15:31:00,2024-02-11,15:31:00,Leave
48255,2024-02-22 09:09:00,2024-02-22,09:09:00,Attend
48255,2024-03-05 09:37:00,2024-03-05,09:37:00,Attend
48255,2024-03-19 08:00:00,2024-03-19,08:00:00,Attend
48255,2024-03-21 08:10:00,2024-03-21,08:10:00,Attend
48255,2024-04-14 09:33:00,2024-04-14,09:33:00,Attend
48255,2024-04-25 09:46:00,2024-04-25,09:46:00,Attend
48256,2024-02-08 10:46:00,2024-02-08,10:46:00,Attend
48256,2024-03-05 10:00:00,2024-03-05,10:00:00,Attend
48256,2024-03-17 08:22:00,2024-03-17,08:22:00,Attend
48256,2024-03-19 08:36:00,2024-03-19,08:36:00,Attend
48262,2023-08-27 09:30:00,2023-08-27,09:30:00,Attend
48262,2023-08-28 09:30:00,2023-08-28,09:30:00,Attend
48262,2023-08-29 09:30:00,2023-08-29,09:30:00,Attend
48262,2023-08-30 09:30:00,2023-08-30,09:30:00,Attend
48262,2024-03-04 15:00:00,2024-03-04,15:00:00,Attend
48262,2024-03-06 15:00:00,2024-03-06,15:00:00,Attend
48262,2024-03-07 15:00:00,2024-03-07,15:00:00,Attend
48262,2024-03-11 15:00:00,2024-03-11,15:00:00,Attend
48262,2024-03-13 15:00:00,2024-03-13,15:00:00,Attend
48262,2024-04-27 15:00:00,2024-04-27,15:00:00,Attend
48262,2024-04-30 15:00:00,2024-04-30,15:00:00,Attend
48262,2024-05-02 15:00:00,2024-05-02,15:00:00,Attend
48262,2024-05-04 15:00:00,2024-05-04,15:00:00,Attend
48262,2024-05-07 15:00:00,2024-05-07,15:00:00,Attend
48262,2024-05-08 15:00:00,2024-05-08,15:00:00,Attend
48262,2024-05-11 15:00:00,2024-05-11,15:00:00,Attend
48262,2024-05-13 15:00:00,2024-05-13,15:00:00,Attend
48262,2024-05-15 15:00:00,2024-05-15,15:00:00,Attend
48262,2024-05-21 15:00:00,2024-05-21,15:00:00,Attend
48264,2023-09-28 14:13:00,2023-09-28,14:13:00,Attend
48264,2023-09-29 00:45:00,2023-09-29,00:45:00,Leave
48264,2023-10-19 00:31:00,2023-10-19,00:31:00,Leave
48264,2024-03-22 12:36:00,2024-03-22,12:36:00,Attend
48264,2024-04-04 16:02:00,2024-04-04,16:02:00,Attend
48264,2024-04-06 12:24:00,2024-04-06,12:24:00,Attend
48264,2024-04-08 18:07:00,2024-04-08,18:07:00,Attend
48264,2024-04-09 02:52:00,2024-04-09,02:52:00,Leave
48264,2024-04-13 18:17:00,2024-04-13,18:17:00,Attend
48264,2024-04-16 16:00:00,2024-04-16,16:00:00,Attend
48264,2024-04-18 12:37:00,2024-04-18,12:37:00,Attend
48264,2024-04-19 00:34:00,2024-04-19,00:34:00,Leave
48264,2024-04-20 18:28:00,2024-04-20,18:28:00,Attend
48264,2024-04-26 07:09:00,2024-04-26,07:09:00,Leave
48264,2024-04-30 16:38:00,2024-04-30,16:38:00,Attend
48264,2024-05-03 01:48:00,2024-05-03,01:48:00,Leave
48264,2024-05-04 19:59:00,2024-05-04,19:59:00,Attend
48264,2024-05-06 16:56:00,2024-05-06,16:56:00,Attend
48264,2024-06-11 12:03:00,2024-06-11,12:03:00,Attend
48264,2024-06-15 06:49:00,2024-06-15,06:49:00,Attend
48264,2024-06-26 12:49:00,2024-06-26,12:49:00,Attend
48264,2024-06-27 00:15:00,2024-06-27,00:15:00,Leave
48265,2023-10-04 12:10:00,2023-10-04,12:10:00,Attend
48265,2024-02-16 17:15:00,2024-02-16,17:15:00,Attend
48268,2024-01-20 08:46:00,2024-01-20,08:46:00,Attend
48268,2024-01-27 12:22:00,2024-01-27,12:22:00,Attend
48269,2024-01-23 13:00:00,2024-01-23,13:00:00,Attend
48269,2024-01-24 00:01:00,2024-01-24,00:01:00,Leave
48269,2024-04-05 18:02:00,2024-04-05,18:02:00,Attend
48269,2024-06-15 21:13:00,2024-06-15,21:13:00,Leave
48270,2023-10-22 10:26:00,2023-10-22,10:26:00,Attend
48270,2023-10-24 13:17:00,2023-10-24,13:17:00,Attend
48270,2023-10-26 09:41:00,2023-10-26,09:41:00,Attend
48270,2023-10-28 10:49:00,2023-10-28,10:49:00,Attend
48270,2023-10-30 11:06:00,2023-10-30,11:06:00,Attend
48270,2023-11-05 13:25:00,2023-11-05,13:25:00,Attend
48270,2023-11-06 11:33:00,2023-11-06,11:33:00,Attend
48270,2023-11-07 13:13:00,2023-11-07,13:13:00,Attend
48270,2023-11-11 11:26:00,2023-11-11,11:26:00,Attend
48270,2023-11-12 11:20:00,2023-11-12,11:20:00,Attend
48270,2023-11-14 12:20:00,2023-11-14,12:20:00,Attend
48270,2023-11-21 13:11:00,2023-11-21,13:11:00,Attend
48270,2023-11-28 08:58:00,2023-11-28,08:58:00,Attend
48270,2023-11-29 09:43:00,2023-11-29,09:43:00,Attend
48270,2023-12-03 12:57:00,2023-12-03,12:57:00,Attend
48270,2023-12-04 10:43:00,2023-12-04,10:43:00,Attend
48270,2023-12-09 12:42:00,2023-12-09,12:42:00,Attend
48270,2023-12-14 09:00:00,2023-12-14,09:00:00,Attend
48270,2023-12-28 13:11:00,2023-12-28,13:11:00,Attend
48270,2024-01-10 13:32:00,2024-01-10,13:32:00,Attend
48270,2024-01-11 11:17:00,2024-01-11,11:17:00,Attend
48270,2024-01-28 09:57:00,2024-01-28,09:57:00,Attend
48270,2024-02-07 13:29:00,2024-02-07,13:29:00,Attend
48270,2024-02-13 12:16:00,2024-02-13,12:16:00,Attend
48270,2024-03-02 13:56:00,2024-03-02,13:56:00,Attend
48270,2024-03-07 11:57:00,2024-03-07,11:57:00,Attend
48270,2024-03-10 20:36:00,2024-03-10,20:36:00,Leave
48270,2024-04-01 12:56:00,2024-04-01,12:56:00,Attend
48271,2023-10-21 10:42:00,2023-10-21,10:42:00,Attend
48271,2023-10-23 09:35:00,2023-10-23,09:35:00,Attend
48271,2023-10-26 09:43:00,2023-10-26,09:43:00,Attend
48271,2023-10-28 09:40:00,2023-10-28,09:40:00,Attend
48271,2023-10-31 09:52:00,2023-10-31,09:52:00,Attend
48271,2023-11-01 10:37:00,2023-11-01,10:37:00,Attend
48271,2023-11-07 11:25:00,2023-11-07,11:25:00,Attend
48271,2023-11-09 18:01:00,2023-11-09,18:01:00,Leave
48271,2023-11-12 09:47:00,2023-11-12,09:47:00,Attend
48271,2023-11-13 09:41:00,2023-11-13,09:41:00,Attend
48271,2023-11-14 10:40:00,2023-11-14,10:40:00,Attend
48271,2023-11-15 09:47:00,2023-11-15,09:47:00,Attend
48271,2023-11-16 09:56:00,2023-11-16,09:56:00,Attend
48271,2023-11-18 12:48:00,2023-11-18,12:48:00,Attend
48271,2023-11-19 10:03:00,2023-11-19,10:03:00,Attend
48271,2023-11-26 09:06:00,2023-11-26,09:06:00,Attend
48271,2023-11-27 10:24:00,2023-11-27,10:24:00,Attend
48271,2023-11-29 09:33:00,2023-11-29,09:33:00,Attend
48271,2023-12-07 09:52:00,2023-12-07,09:52:00,Attend
48271,2023-12-21 12:41:00,2023-12-21,12:41:00,Attend
48271,2023-12-26 09:49:00,2023-12-26,09:49:00,Attend
48271,2024-01-18 09:57:00,2024-01-18,09:57:00,Attend
48271,2024-02-12 11:18:00,2024-02-12,11:18:00,Attend
48271,2024-03-29 15:44:00,2024-03-29,15:44:00,Attend
48271,2024-03-30 11:38:00,2024-03-30,11:38:00,Attend
48271,2024-04-01 13:18:00,2024-04-01,13:18:00,Attend
48271,2024-04-03 14:05:00,2024-04-03,14:05:00,Attend
48271,2024-04-05 15:51:00,2024-04-05,15:51:00,Attend
48271,2024-04-08 15:36:00,2024-04-08,15:36:00,Attend
48271,2024-07-22 14:40:00,2024-07-22,14:40:00,Attend
48273,2023-10-21 17:35:00,2023-10-21,17:35:00,Leave
48273,2023-10-24 12:51:00,2023-10-24,12:51:00,Attend
48273,2023-11-05 17:30:00,2023-11-05,17:30:00,Leave
48273,2023-11-09 09:18:00,2023-11-09,09:18:00,Attend
48273,2023-11-12 11:23:00,2023-11-12,11:23:00,Attend
48273,2023-11-22 11:13:00,2023-11-22,11:13:00,Attend
48273,2023-12-07 11:05:00,2023-12-07,11:05:00,Attend
48273,2023-12-20 19:00:00,2023-12-20,19:00:00,Leave
48273,2023-12-28 09:15:00,2023-12-28,09:15:00,Attend
48273,2024-01-08 09:05:00,2024-01-08,09:05:00,Attend
48273,2024-02-01 13:31:00,2024-02-01,13:31:00,Attend
48273,2024-02-10 19:04:00,2024-02-10,19:04:00,Leave
48273,2024-03-09 13:09:00,2024-03-09,13:09:00,Attend
48273,2024-06-01 09:09:00,2024-06-01,09:09:00,Attend
48274,2023-10-29 10:59:00,2023-10-29,10:59:00,Attend
48274,2024-01-13 13:00:00,2024-01-13,13:00:00,Attend
48274,2024-01-14 17:36:00,2024-01-14,17:36:00,Leave
48274,2024-03-10 11:02:00,2024-03-10,11:02:00,Attend
48274,2024-03-13 22:01:00,2024-03-13,22:01:00,Leave
48275,2023-11-01 13:13:00,2023-11-01,13:13:00,Attend
48275,2024-01-20 16:05:00,2024-01-20,16:05:00,Leave
48275,2024-03-03 11:18:00,2024-03-03,11:18:00,Attend
48276,2023-10-26 10:53:00,2023-10-26,10:53:00,Attend
48276,2023-10-28 11:06:00,2023-10-28,11:06:00,Attend
48276,2023-10-30 11:19:00,2023-10-30,11:19:00,Attend
48276,2023-10-31 13:42:00,2023-10-31,13:42:00,Attend
48276,2023-11-05 09:01:00,2023-11-05,09:01:00,Attend
48276,2023-11-06 13:37:00,2023-11-06,13:37:00,Attend
48276,2023-11-07 13:22:00,2023-11-07,13:22:00,Attend
48276,2023-11-11 11:18:00,2023-11-11,11:18:00,Attend
48276,2023-11-19 09:26:00,2023-11-19,09:26:00,Attend
48276,2023-11-20 10:46:00,2023-11-20,10:46:00,Attend
48276,2023-11-22 11:11:00,2023-11-22,11:11:00,Attend
48276,2023-11-26 08:55:00,2023-11-26,08:55:00,Attend
48276,2024-04-23 08:58:00,2024-04-23,08:58:00,Attend
48278,2023-08-27 09:30:00,2023-08-27,09:30:00,Attend
48280,2023-10-21 13:14:00,2023-10-21,13:14:00,Attend
48280,2023-10-22 13:12:00,2023-10-22,13:12:00,Attend
48280,2023-10-24 09:14:00,2023-10-24,09:14:00,Attend
48280,2023-10-29 08:59:00,2023-10-29,08:59:00,Attend
48280,2023-10-31 09:52:00,2023-10-31,09:52:00,Attend
48280,2023-11-05 13:04:00,2023-11-05,13:04:00,Attend
48280,2023-11-20 12:46:00,2023-11-20,12:46:00,Attend
48280,2023-11-21 12:49:00,2023-11-21,12:49:00,Attend
48280,2023-11-22 09:11:00,2023-11-22,09:11:00,Attend
48280,2023-11-25 13:14:00,2023-11-25,13:14:00,Attend
48280,2023-11-28 08:57:00,2023-11-28,08:57:00,Attend
48280,2023-12-02 08:54:00,2023-12-02,08:54:00,Attend
48280,2023-12-03 09:14:00,2023-12-03,09:14:00,Attend
48280,2023-12-17 15:23:00,2023-12-17,15:23:00,Leave
48280,2023-12-18 09:27:00,2023-12-18,09:27:00,Attend
48280,2024-01-04 09:18:00,2024-01-04,09:18:00,Attend
48280,2024-01-06 10:45:00,2024-01-06,10:45:00,Attend
48280,2024-01-07 09:10:00,2024-01-07,09:10:00,Attend
48280,2024-01-11 11:16:00,2024-01-11,11:16:00,Attend
48280,2024-01-18 10:02:00,2024-01-18,10:02:00,Attend
48280,2024-01-29 10:00:00,2024-01-29,10:00:00,Attend
48280,2024-02-03 09:47:00,2024-02-03,09:47:00,Attend
48280,2024-02-19 09:06:00,2024-02-19,09:06:00,Attend
48280,2024-02-25 17:33:00,2024-02-25,17:33:00,Leave
48280,2024-04-04 16:16:00,2024-04-04,16:16:00,Attend
48281,2023-10-21 09:10:00,2023-10-21,09:10:00,Attend
48281,2023-10-23 09:39:00,2023-10-23,09:39:00,Attend
48281,2023-10-24 09:13:00,2023-10-24,09:13:00,Attend
48282,2024-04-19 22:54:00,2024-04-19,22:54:00,Attend
48283,2023-10-26 11:04:00,2023-10-26,11:04:00,Attend
48283,2023-10-31 17:33:00,2023-10-31,17:33:00,Leave
48283,2023-11-05 17:38:00,2023-11-05,17:38:00,Leave
48283,2023-11-06 16:42:00,2023-11-06,16:42:00,Leave
48283,2023-11-07 17:48:00,2023-11-07,17:48:00,Leave
48283,2023-11-13 17:34:00,2023-11-13,17:34:00,Leave
48283,2023-11-15 19:03:00,2023-11-15,19:03:00,Leave
48283,2023-11-21 16:34:00,2023-11-21,16:34:00,Leave
48283,2023-11-22 09:14:00,2023-11-22,09:14:00,Attend
48283,2023-11-30 09:35:00,2023-11-30,09:35:00,Attend
48283,2023-12-02 17:36:00,2023-12-02,17:36:00,Leave
48283,2023-12-04 13:05:00,2023-12-04,13:05:00,Attend
48283,2023-12-18 13:21:00,2023-12-18,13:21:00,Attend
48283,2023-12-19 17:39:00,2023-12-19,17:39:00,Leave
48283,2023-12-24 16:12:00,2023-12-24,16:12:00,Leave
48283,2023-12-25 19:29:00,2023-12-25,19:29:00,Leave
48283,2023-12-30 15:28:00,2023-12-30,15:28:00,Leave
48283,2024-01-04 19:02:00,2024-01-04,19:02:00,Leave
48283,2024-01-06 18:02:00,2024-01-06,18:02:00,Leave
48283,2024-01-13 17:36:00,2024-01-13,17:36:00,Leave
48283,2024-01-20 17:32:00,2024-01-20,17:32:00,Leave
48283,2024-01-31 15:41:00,2024-01-31,15:41:00,Leave
48283,2024-02-01 15:33:00,2024-02-01,15:33:00,Leave
48283,2024-02-05 09:18:00,2024-02-05,09:18:00,Attend
48283,2024-02-07 15:54:00,2024-02-07,15:54:00,Leave
48283,2024-02-08 15:47:00,2024-02-08,15:47:00,Leave
48283,2024-02-10 09:21:00,2024-02-10,09:21:00,Attend
48283,2024-03-26 15:30:00,2024-03-26,15:30:00,Leave
48283,2024-03-27 15:34:00,2024-03-27,15:34:00,Leave
48283,2024-03-30 16:25:00,2024-03-30,16:25:00,Leave
48283,2024-03-31 16:08:00,2024-03-31,16:08:00,Leave
48283,2024-04-02 16:03:00,2024-04-02,16:03:00,Leave
48283,2024-04-04 15:33:00,2024-04-04,15:33:00,Leave
48283,2024-04-07 15:52:00,2024-04-07,15:52:00,Leave
48283,2024-04-08 16:08:00,2024-04-08,16:08:00,Leave
48283,2024-04-14 17:32:00,2024-04-14,17:32:00,Leave
48283,2024-04-16 17:39:00,2024-04-16,17:39:00,Leave
48283,2024-04-18 17:34:00,2024-04-18,17:34:00,Leave
48283,2024-04-21 17:52:00,2024-04-21,17:52:00,Leave
48283,2024-04-22 17:31:00,2024-04-22,17:31:00,Leave
48283,2024-05-30 11:16:00,2024-05-30,11:16:00,Attend
48284,2023-10-21 11:09:00,2023-10-21,11:09:00,Attend
48284,2023-10-23 19:02:00,2023-10-23,19:02:00,Leave
48284,2023-10-28 11:00:00,2023-10-28,11:00:00,Attend
48284,2023-10-30 19:07:00,2023-10-30,19:07:00,Leave
48284,2023-11-01 10:58:00,2023-11-01,10:58:00,Attend
48284,2023-11-05 14:08:00,2023-11-05,14:08:00,Attend
48284,2023-11-12 14:09:00,2023-11-12,14:09:00,Attend
48284,2023-12-04 13:00:00,2023-12-04,13:00:00,Attend
48284,2024-01-20 08:56:00,2024-01-20,08:56:00,Attend
48284,2024-01-23 16:09:00,2024-01-23,16:09:00,Leave
48284,2024-04-18 12:31:00,2024-04-18,12:31:00,Attend
48284,2024-06-01 11:16:00,2024-06-01,11:16:00,Attend
48284,2024-07-23 11:27:00,2024-07-23,11:27:00,Attend
48286,2024-02-03 09:14:00,2024-02-03,09:14:00,Attend
48286,2024-02-14 09:03:00,2024-02-14,09:03:00,Attend
48286,2024-03-04 14:29:00,2024-03-04,14:29:00,Leave
48290,2024-02-17 18:14:00,2024-02-17,18:14:00,Leave
48290,2024-04-01 10:55:00,2024-04-01,10:55:00,Attend
48293,2024-02-27 08:14:00,2024-02-27,08:14:00,Attend
48293,2024-03-14 08:04:00,2024-03-14,08:04:00,Attend
48293,2024-04-18 08:13:00,2024-04-18,08:13:00,Attend
48294,2024-04-01 15:10:00,2024-04-01,15:10:00,Leave
48294,2024-04-21 08:09:00,2024-04-21,08:09:00,Attend
48295,2024-02-03 08:00:00,2024-02-03,08:00:00,Attend
48296,2024-02-11 09:55:00,2024-02-11,09:55:00,Attend
48296,2024-03-07 08:24:00,2024-03-07,08:24:00,Attend
48296,2024-03-21 08:40:00,2024-03-21,08:40:00,Attend
48296,2024-03-28 08:32:00,2024-03-28,08:32:00,Attend
48302,2024-01-20 13:59:00,2024-01-20,13:59:00,Attend
48302,2024-02-22 17:47:00,2024-02-22,17:47:00,Leave
48302,2024-02-27 08:29:00,2024-02-27,08:29:00,Attend
48302,2024-03-05 08:10:00,2024-03-05,08:10:00,Attend
48305,2023-10-12 16:49:00,2023-10-12,16:49:00,Leave
48305,2023-10-25 12:51:00,2023-10-25,12:51:00,Attend
48305,2023-12-21 14:53:00,2023-12-21,14:53:00,Attend
48305,2024-03-17 10:18:00,2024-03-17,10:18:00,Attend
48306,2023-11-10 09:35:00,2023-11-10,09:35:00,Attend
48306,2023-12-07 13:02:00,2023-12-07,13:02:00,Attend
48307,2023-11-10 09:45:00,2023-11-10,09:45:00,Attend
48308,2023-11-21 06:00:00,2023-11-21,06:00:00,Attend
48308,2024-06-14 15:22:00,2024-06-14,15:22:00,Attend
48308,2024-07-19 12:46:00,2024-07-19,12:46:00,Attend
48309,2023-11-10 09:35:00,2023-11-10,09:35:00,Attend
48309,2023-12-30 09:16:00,2023-12-30,09:16:00,Attend
48309,2024-06-08 07:36:00,2024-06-08,07:36:00,Attend
48310,2024-01-11 19:41:00,2024-01-11,19:41:00,Leave
48310,2024-03-21 10:29:00,2024-03-21,10:29:00,Attend
48310,2024-04-18 09:04:00,2024-04-18,09:04:00,Attend
48311,2024-02-05 10:03:00,2024-02-05,10:03:00,Attend
48311,2024-02-26 09:46:00,2024-02-26,09:46:00,Attend
48311,2024-03-09 10:02:00,2024-03-09,10:02:00,Attend
48312,2024-02-12 16:04:00,2024-02-12,16:04:00,Leave
48312,2024-02-19 09:52:00,2024-02-19,09:52:00,Attend
48312,2024-02-24 09:50:00,2024-02-24,09:50:00,Attend
48312,2024-02-26 13:12:00,2024-02-26,13:12:00,Leave
48312,2024-03-09 09:59:00,2024-03-09,09:59:00,Attend
48312,2024-03-27 08:59:00,2024-03-27,08:59:00,Attend
48312,2024-04-01 08:43:00,2024-04-01,08:43:00,Attend
48313,2023-10-22 10:45:00,2023-10-22,10:45:00,Attend
48313,2023-11-26 10:15:00,2023-11-26,10:15:00,Attend
48313,2023-12-10 10:14:00,2023-12-10,10:14:00,Attend
48313,2023-12-17 09:49:00,2023-12-17,09:49:00,Attend
48313,2024-01-11 10:20:00,2024-01-11,10:20:00,Attend
48313,2024-01-18 10:03:00,2024-01-18,10:03:00,Attend
48313,2024-01-25 11:08:00,2024-01-25,11:08:00,Attend
48313,2024-01-30 10:27:00,2024-01-30,10:27:00,Attend
48313,2024-02-05 10:14:00,2024-02-05,10:14:00,Attend
48313,2024-02-07 12:06:00,2024-02-07,12:06:00,Attend
48313,2024-02-08 10:29:00,2024-02-08,10:29:00,Attend
48313,2024-02-11 16:41:00,2024-02-11,16:41:00,Leave
48313,2024-02-19 10:25:00,2024-02-19,10:25:00,Attend
48313,2024-02-28 10:16:00,2024-02-28,10:16:00,Attend
48313,2024-02-29 10:51:00,2024-02-29,10:51:00,Attend
48313,2024-03-13 15:37:00,2024-03-13,15:37:00,Leave
48313,2024-03-14 15:56:00,2024-03-14,15:56:00,Attend
48313,2024-03-18 09:18:00,2024-03-18,09:18:00,Attend
48313,2024-03-27 09:19:00,2024-03-27,09:19:00,Attend
48313,2024-04-02 09:07:00,2024-04-02,09:07:00,Attend
48313,2024-04-03 09:06:00,2024-04-03,09:06:00,Attend
48313,2024-04-08 09:10:00,2024-04-08,09:10:00,Attend
48313,2024-04-14 10:30:00,2024-04-14,10:30:00,Attend
48313,2024-04-16 10:11:00,2024-04-16,10:11:00,Attend
48314,2024-02-04 10:21:00,2024-02-04,10:21:00,Attend
48314,2024-02-08 10:36:00,2024-02-08,10:36:00,Attend
48314,2024-02-20 10:28:00,2024-02-20,10:28:00,Attend
48314,2024-02-25 10:19:00,2024-02-25,10:19:00,Attend
48314,2024-02-29 10:11:00,2024-02-29,10:11:00,Attend
48314,2024-03-05 10:49:00,2024-03-05,10:49:00,Attend
48314,2024-03-14 09:16:00,2024-03-14,09:16:00,Attend
48314,2024-04-18 10:17:00,2024-04-18,10:17:00,Attend
48315,2024-02-08 10:11:00,2024-02-08,10:11:00,Attend
48315,2024-03-19 09:03:00,2024-03-19,09:03:00,Attend
48315,2024-04-04 08:59:00,2024-04-04,08:59:00,Attend
48315,2024-04-07 09:33:00,2024-04-07,09:33:00,Attend
48315,2024-04-16 09:58:00,2024-04-16,09:58:00,Attend
48315,2024-04-18 10:03:00,2024-04-18,10:03:00,Attend
48316,2024-02-10 10:06:00,2024-02-10,10:06:00,Attend
48316,2024-03-06 10:08:00,2024-03-06,10:08:00,Attend
48316,2024-03-25 09:17:00,2024-03-25,09:17:00,Attend
48316,2024-04-06 09:08:00,2024-04-06,09:08:00,Attend
48317,2024-02-08 10:22:00,2024-02-08,10:22:00,Attend
48317,2024-02-22 17:03:00,2024-02-22,17:03:00,Leave
48317,2024-03-03 10:14:00,2024-03-03,10:14:00,Attend
48317,2024-03-31 09:20:00,2024-03-31,09:20:00,Attend
48317,2024-04-04 09:38:00,2024-04-04,09:38:00,Attend
48317,2024-04-08 09:17:00,2024-04-08,09:17:00,Attend
48317,2024-04-18 10:07:00,2024-04-18,10:07:00,Attend
48317,2024-04-21 10:23:00,2024-04-21,10:23:00,Attend
48317,2024-04-23 10:15:00,2024-04-23,10:15:00,Attend
48319,2024-02-05 15:02:00,2024-02-05,15:02:00,Leave
48319,2024-03-06 10:04:00,2024-03-06,10:04:00,Attend
48319,2024-03-23 09:16:00,2024-03-23,09:16:00,Attend
48322,2023-11-02 10:18:00,2023-11-02,10:18:00,Attend
48322,2023-11-06 10:01:00,2023-11-06,10:01:00,Attend
48322,2023-12-02 10:06:00,2023-12-02,10:06:00,Attend
48322,2023-12-09 09:29:00,2023-12-09,09:29:00,Attend
48322,2023-12-10 18:53:00,2023-12-10,18:53:00,Leave
48322,2024-01-24 17:58:00,2024-01-24,17:58:00,Leave
48322,2024-01-28 17:26:00,2024-01-28,17:26:00,Leave
48322,2024-01-30 17:26:00,2024-01-30,17:26:00,Leave
48322,2024-03-02 11:50:00,2024-03-02,11:50:00,Attend
48322,2024-03-06 12:27:00,2024-03-06,12:27:00,Attend
48322,2024-03-14 10:52:00,2024-03-14,10:52:00,Attend
48324,2023-11-25 10:08:00,2023-11-25,10:08:00,Attend
48324,2023-11-29 10:08:00,2023-11-29,10:08:00,Attend
48324,2023-12-11 10:13:00,2023-12-11,10:13:00,Attend
48324,2023-12-13 10:51:00,2023-12-13,10:51:00,Attend
48325,2024-02-10 10:18:00,2024-02-10,10:18:00,Attend
48327,2024-02-08 10:06:00,2024-02-08,10:06:00,Attend
48327,2024-02-11 10:15:00,2024-02-11,10:15:00,Attend
48327,2024-02-27 10:15:00,2024-02-27,10:15:00,Attend
48327,2024-03-03 10:18:00,2024-03-03,10:18:00,Attend
48327,2024-03-05 10:06:00,2024-03-05,10:06:00,Attend
48327,2024-03-10 10:30:00,2024-03-10,10:30:00,Attend
48327,2024-03-26 08:46:00,2024-03-26,08:46:00,Attend
48327,2024-03-31 08:37:00,2024-03-31,08:37:00,Attend
48327,2024-04-04 09:11:00,2024-04-04,09:11:00,Attend
48327,2024-04-18 09:40:00,2024-04-18,09:40:00,Attend
48327,2024-04-25 09:56:00,2024-04-25,09:56:00,Attend
48331,2023-10-26 14:58:00,2023-10-26,14:58:00,Leave
48331,2023-12-23 10:19:00,2023-12-23,10:19:00,Attend
48331,2024-04-16 10:29:00,2024-04-16,10:29:00,Attend
48331,2024-04-25 12:46:00,2024-04-25,12:46:00,Attend
48334,2024-02-17 09:07:00,2024-02-17,09:07:00,Attend
48334,2024-02-19 13:59:00,2024-02-19,13:59:00,Leave
48334,2024-03-09 09:10:00,2024-03-09,09:10:00,Attend
48334,2024-03-13 09:06:00,2024-03-13,09:06:00,Attend
48334,2024-03-18 09:04:00,2024-03-18,09:04:00,Attend
48334,2024-03-23 13:58:00,2024-03-23,13:58:00,Leave
48334,2024-04-08 09:09:00,2024-04-08,09:09:00,Attend
48334,2024-04-15 14:01:00,2024-04-15,14:01:00,Leave
48335,2024-03-19 14:59:00,2024-03-19,14:59:00,Leave
48335,2024-03-26 08:55:00,2024-03-26,08:55:00,Attend
48341,2024-02-24 16:06:00,2024-02-24,16:06:00,Leave
48341,2024-03-02 16:19:00,2024-03-02,16:19:00,Leave
48341,2024-03-13 15:05:00,2024-03-13,15:05:00,Leave
48341,2024-03-20 15:02:00,2024-03-20,15:02:00,Leave
48341,2024-04-06 15:02:00,2024-04-06,15:02:00,Leave
48347,2024-02-03 09:32:00,2024-02-03,09:32:00,Attend
48350,2024-02-10 09:10:00,2024-02-10,09:10:00,Attend
48350,2024-02-17 10:06:00,2024-02-17,10:06:00,Attend
48350,2024-02-18 08:25:00,2024-02-18,08:25:00,Attend
48354,2024-02-04 09:27:00,2024-02-04,09:27:00,Attend
48354,2024-03-21 15:10:00,2024-03-21,15:10:00,Attend
48356,2024-04-16 10:41:00,2024-04-16,10:41:00,Attend
48357,2024-02-14 09:17:00,2024-02-14,09:17:00,Attend
48357,2024-02-26 09:03:00,2024-02-26,09:03:00,Attend
48357,2024-03-06 09:07:00,2024-03-06,09:07:00,Attend
48357,2024-03-20 08:34:00,2024-03-20,08:34:00,Attend
48357,2024-04-01 08:43:00,2024-04-01,08:43:00,Attend
48357,2024-04-03 08:37:00,2024-04-03,08:37:00,Attend
48357,2024-04-08 08:35:00,2024-04-08,08:35:00,Attend
48357,2024-04-17 09:04:00,2024-04-17,09:04:00,Attend
48360,2023-12-07 11:22:00,2023-12-07,11:22:00,Attend
48360,2024-01-23 13:18:00,2024-01-23,13:18:00,Attend
48360,2024-01-25 14:49:00,2024-01-25,14:49:00,Attend
48360,2024-01-30 14:32:00,2024-01-30,14:32:00,Attend
48360,2024-02-01 13:35:00,2024-02-01,13:35:00,Attend
48360,2024-04-18 13:45:00,2024-04-18,13:45:00,Attend
48361,2023-11-22 13:10:00,2023-11-22,13:10:00,Leave
48361,2023-12-02 13:22:00,2023-12-02,13:22:00,Leave
48361,2023-12-16 08:58:00,2023-12-16,08:58:00,Attend
48361,2023-12-18 14:12:00,2023-12-18,14:12:00,Attend
48361,2024-01-13 09:01:00,2024-01-13,09:01:00,Attend
48361,2024-02-05 14:27:00,2024-02-05,14:27:00,Attend
48361,2024-02-07 09:11:00,2024-02-07,09:11:00,Attend
48361,2024-02-21 09:50:00,2024-02-21,09:50:00,Attend
48361,2024-03-20 12:57:00,2024-03-20,12:57:00,Attend
48361,2024-03-25 09:01:00,2024-03-25,09:01:00,Attend
48361,2024-04-15 14:05:00,2024-04-15,14:05:00,Attend
48361,2024-04-22 17:55:00,2024-04-22,17:55:00,Leave
48361,2024-04-24 13:57:00,2024-04-24,13:57:00,Leave
48362,2024-02-21 09:50:00,2024-02-21,09:50:00,Attend
48365,2023-10-17 10:17:00,2023-10-17,10:17:00,Attend
48365,2023-10-21 09:58:00,2023-10-21,09:58:00,Attend
48365,2023-10-24 10:16:00,2023-10-24,10:16:00,Attend
48365,2023-12-12 10:50:00,2023-12-12,10:50:00,Attend
48365,2023-12-17 10:58:00,2023-12-17,10:58:00,Attend
48365,2024-01-13 10:26:00,2024-01-13,10:26:00,Attend
48365,2024-01-17 10:38:00,2024-01-17,10:38:00,Attend
48365,2024-01-27 10:12:00,2024-01-27,10:12:00,Attend
48365,2024-02-04 11:40:00,2024-02-04,11:40:00,Attend
48365,2024-03-20 10:59:00,2024-03-20,10:59:00,Attend
48365,2024-03-23 10:13:00,2024-03-23,10:13:00,Attend
48365,2024-03-30 09:28:00,2024-03-30,09:28:00,Attend
48365,2024-04-02 09:58:00,2024-04-02,09:58:00,Attend
48368,2024-02-24 10:35:00,2024-02-24,10:35:00,Attend
48368,2024-03-11 14:33:00,2024-03-11,14:33:00,Leave
48370,2023-10-14 14:32:00,2023-10-14,14:32:00,Attend
48370,2023-10-21 09:02:00,2023-10-21,09:02:00,Attend
48370,2023-10-28 10:42:00,2023-10-28,10:42:00,Attend
48370,2023-11-01 16:08:00,2023-11-01,16:08:00,Leave
48370,2023-11-12 12:01:00,2023-11-12,12:01:00,Attend
48370,2023-11-18 13:08:00,2023-11-18,13:08:00,Attend
48370,2023-11-23 10:39:00,2023-11-23,10:39:00,Attend
48370,2023-12-13 14:05:00,2023-12-13,14:05:00,Leave
48370,2024-01-18 12:00:00,2024-01-18,12:00:00,Attend
48370,2024-01-21 14:17:00,2024-01-21,14:17:00,Attend
48370,2024-02-12 12:05:00,2024-02-12,12:05:00,Attend
48370,2024-02-19 13:17:00,2024-02-19,13:17:00,Attend
48370,2024-03-20 15:17:00,2024-03-20,15:17:00,Attend
48370,2024-03-24 13:29:00,2024-03-24,13:29:00,Attend
48370,2024-03-25 13:47:00,2024-03-25,13:47:00,Attend
48370,2024-03-27 12:53:00,2024-03-27,12:53:00,Attend
48380,2023-10-28 09:02:00,2023-10-28,09:02:00,Attend
48380,2024-02-10 08:51:00,2024-02-10,08:51:00,Attend
48380,2024-04-20 08:53:00,2024-04-20,08:53:00,Attend
48382,2023-10-10 10:20:00,2023-10-10,10:20:00,Attend
48382,2023-10-31 09:19:00,2023-10-31,09:19:00,Attend
48384,2024-02-04 09:11:00,2024-02-04,09:11:00,Attend
48384,2024-02-11 09:13:00,2024-02-11,09:13:00,Attend
48384,2024-02-18 09:10:00,2024-02-18,09:10:00,Attend
48384,2024-02-22 08:12:00,2024-02-22,08:12:00,Attend
48384,2024-03-03 09:04:00,2024-03-03,09:04:00,Attend
48384,2024-03-12 09:07:00,2024-03-12,09:07:00,Attend
48384,2024-03-28 09:02:00,2024-03-28,09:02:00,Attend
48388,2024-02-03 09:53:00,2024-02-03,09:53:00,Attend
48388,2024-02-05 10:12:00,2024-02-05,10:12:00,Attend
48388,2024-02-07 09:41:00,2024-02-07,09:41:00,Attend
48388,2024-02-12 09:03:00,2024-02-12,09:03:00,Attend
48388,2024-02-19 09:20:00,2024-02-19,09:20:00,Attend
48388,2024-03-30 09:46:00,2024-03-30,09:46:00,Attend
48388,2024-04-01 09:49:00,2024-04-01,09:49:00,Attend
48388,2024-04-03 11:52:00,2024-04-03,11:52:00,Leave
48388,2024-04-06 09:19:00,2024-04-06,09:19:00,Attend
48388,2024-04-24 09:37:00,2024-04-24,09:37:00,Attend
48389,2024-02-06 09:16:00,2024-02-06,09:16:00,Attend
48389,2024-02-22 07:52:00,2024-02-22,07:52:00,Attend
48389,2024-03-25 09:52:00,2024-03-25,09:52:00,Attend
48389,2024-03-28 08:02:00,2024-03-28,08:02:00,Attend
48389,2024-04-07 08:05:00,2024-04-07,08:05:00,Attend
48389,2024-04-23 08:07:00,2024-04-23,08:07:00,Attend
48390,2023-10-10 17:06:00,2023-10-10,17:06:00,Attend
48391,2023-10-10 17:39:00,2023-10-10,17:39:00,Leave
48391,2023-11-07 11:01:00,2023-11-07,11:01:00,Attend
48391,2023-12-14 09:57:00,2023-12-14,09:57:00,Attend
48391,2024-01-04 10:02:00,2024-01-04,10:02:00,Attend
48391,2024-01-25 09:41:00,2024-01-25,09:41:00,Attend
48391,2024-02-06 10:11:00,2024-02-06,10:11:00,Attend
48391,2024-02-29 10:10:00,2024-02-29,10:10:00,Attend
48391,2024-03-05 09:01:00,2024-03-05,09:01:00,Attend
48391,2024-04-23 15:17:00,2024-04-23,15:17:00,Leave
48392,2024-02-14 09:59:00,2024-02-14,09:59:00,Attend
48392,2024-02-28 09:06:00,2024-02-28,09:06:00,Attend
48392,2024-03-06 09:02:00,2024-03-06,09:02:00,Attend
48392,2024-03-20 08:59:00,2024-03-20,08:59:00,Attend
48394,2024-03-26 08:10:00,2024-03-26,08:10:00,Attend
48395,2024-02-07 09:42:00,2024-02-07,09:42:00,Attend
48395,2024-03-23 09:34:00,2024-03-23,09:34:00,Attend
48395,2024-04-06 09:15:00,2024-04-06,09:15:00,Attend
48402,2024-02-28 15:18:00,2024-02-28,15:18:00,Attend
48405,2024-02-05 14:13:00,2024-02-05,14:13:00,Leave
48405,2024-02-17 09:09:00,2024-02-17,09:09:00,Attend
48405,2024-02-28 09:00:00,2024-02-28,09:00:00,Attend
48411,2023-10-18 15:32:00,2023-10-18,15:32:00,Attend
48411,2024-01-08 09:53:00,2024-01-08,09:53:00,Attend
48412,2023-10-26 10:54:00,2023-10-26,10:54:00,Attend
48413,2024-02-04 15:31:00,2024-02-04,15:31:00,Leave
48413,2024-02-18 15:08:00,2024-02-18,15:08:00,Leave
48413,2024-02-25 09:06:00,2024-02-25,09:06:00,Attend
48413,2024-03-07 09:09:00,2024-03-07,09:09:00,Attend
48413,2024-03-10 09:11:00,2024-03-10,09:11:00,Attend
48413,2024-03-19 13:56:00,2024-03-19,13:56:00,Leave
48413,2024-04-04 08:09:00,2024-04-04,08:09:00,Attend
48414,2024-02-07 09:44:00,2024-02-07,09:44:00,Attend
48414,2024-02-14 10:19:00,2024-02-14,10:19:00,Attend
48415,2024-02-06 15:10:00,2024-02-06,15:10:00,Leave
48415,2024-03-13 14:15:00,2024-03-13,14:15:00,Leave
48415,2024-04-01 13:50:00,2024-04-01,13:50:00,Leave
48420,2024-03-03 09:02:00,2024-03-03,09:02:00,Attend
48421,2024-06-05 08:02:00,2024-06-05,08:02:00,Attend
48429,2023-12-13 08:23:00,2023-12-13,08:23:00,Attend
48429,2023-12-20 09:36:00,2023-12-20,09:36:00,Attend
48430,2023-11-23 08:25:00,2023-11-23,08:25:00,Attend
48430,2023-12-03 08:28:00,2023-12-03,08:28:00,Attend
48430,2023-12-05 08:24:00,2023-12-05,08:24:00,Attend
48430,2023-12-12 08:26:00,2023-12-12,08:26:00,Attend
48430,2024-01-07 09:47:00,2024-01-07,09:47:00,Attend
48431,2023-10-12 09:47:00,2023-10-12,09:47:00,Attend
48431,2023-10-17 08:49:00,2023-10-17,08:49:00,Attend
48431,2023-10-19 10:30:00,2023-10-19,10:30:00,Attend
48431,2023-10-23 08:36:00,2023-10-23,08:36:00,Attend
48431,2023-10-24 08:30:00,2023-10-24,08:30:00,Attend
48431,2023-10-25 08:34:00,2023-10-25,08:34:00,Attend
48431,2023-10-26 08:52:00,2023-10-26,08:52:00,Attend
48431,2023-10-29 08:49:00,2023-10-29,08:49:00,Attend
48431,2023-10-30 09:58:00,2023-10-30,09:58:00,Attend
48431,2023-10-31 09:02:00,2023-10-31,09:02:00,Attend
48431,2024-04-25 08:55:00,2024-04-25,08:55:00,Attend
48432,2023-10-19 09:44:00,2023-10-19,09:44:00,Attend
48432,2023-10-29 09:27:00,2023-10-29,09:27:00,Attend
48432,2023-11-23 08:29:00,2023-11-23,08:29:00,Attend
48432,2023-11-26 09:14:00,2023-11-26,09:14:00,Attend
48433,2023-10-12 07:48:00,2023-10-12,07:48:00,Attend
48433,2023-10-23 09:56:00,2023-10-23,09:56:00,Attend
48433,2023-10-24 08:28:00,2023-10-24,08:28:00,Attend
48433,2023-10-28 09:39:00,2023-10-28,09:39:00,Attend
48433,2023-10-29 07:45:00,2023-10-29,07:45:00,Attend
48433,2023-10-30 09:17:00,2023-10-30,09:17:00,Attend
48433,2023-11-01 08:48:00,2023-11-01,08:48:00,Attend
48433,2023-11-02 08:00:00,2023-11-02,08:00:00,Attend
48433,2023-11-04 08:53:00,2023-11-04,08:53:00,Attend
48433,2023-11-05 08:26:00,2023-11-05,08:26:00,Attend
48433,2023-11-11 09:31:00,2023-11-11,09:31:00,Attend
48433,2023-11-20 08:42:00,2023-11-20,08:42:00,Attend
48433,2024-03-03 09:02:00,2024-03-03,09:02:00,Attend
48433,2024-03-14 08:04:00,2024-03-14,08:04:00,Attend
48433,2024-03-24 08:08:00,2024-03-24,08:08:00,Attend
48433,2024-04-23 09:19:00,2024-04-23,09:19:00,Attend
48434,2023-10-29 07:57:00,2023-10-29,07:57:00,Attend
48434,2023-11-14 09:01:00,2023-11-14,09:01:00,Attend
48434,2024-03-03 08:03:00,2024-03-03,08:03:00,Attend
48434,2024-03-05 08:02:00,2024-03-05,08:02:00,Attend
48437,2023-11-14 10:36:00,2023-11-14,10:36:00,Attend
48437,2023-11-19 09:03:00,2023-11-19,09:03:00,Attend
48437,2023-11-23 08:43:00,2023-11-23,08:43:00,Attend
48437,2023-12-24 08:28:00,2023-12-24,08:28:00,Attend
48437,2024-01-27 08:34:00,2024-01-27,08:34:00,Attend
48437,2024-04-02 10:25:00,2024-04-02,10:25:00,Attend
48438,2024-02-08 08:36:00,2024-02-08,08:36:00,Attend
48438,2024-02-11 08:31:00,2024-02-11,08:31:00,Attend
48438,2024-02-13 09:03:00,2024-02-13,09:03:00,Attend
48438,2024-05-23 13:35:00,2024-05-23,13:35:00,Leave
48439,2024-01-11 11:16:00,2024-01-11,11:16:00,Attend
48439,2024-01-15 10:07:00,2024-01-15,10:07:00,Attend
48439,2024-01-16 11:20:00,2024-01-16,11:20:00,Attend
48439,2024-01-23 14:22:00,2024-01-23,14:22:00,Attend
48439,2024-01-28 10:12:00,2024-01-28,10:12:00,Attend
48439,2024-01-29 15:31:00,2024-01-29,15:31:00,Leave
48439,2024-01-31 09:10:00,2024-01-31,09:10:00,Attend
48439,2024-02-05 09:54:00,2024-02-05,09:54:00,Attend
48439,2024-02-13 09:19:00,2024-02-13,09:19:00,Attend
48439,2024-02-27 09:16:00,2024-02-27,09:16:00,Attend
48439,2024-02-29 15:49:00,2024-02-29,15:49:00,Leave
48439,2024-03-12 15:11:00,2024-03-12,15:11:00,Leave
48439,2024-03-14 09:12:00,2024-03-14,09:12:00,Attend
48439,2024-03-24 09:02:00,2024-03-24,09:02:00,Attend
48439,2024-03-27 15:34:00,2024-03-27,15:34:00,Leave
48439,2024-04-01 09:50:00,2024-04-01,09:50:00,Attend
48441,2023-10-12 08:33:00,2023-10-12,08:33:00,Attend
48441,2023-10-19 08:36:00,2023-10-19,08:36:00,Attend
48441,2023-10-24 09:31:00,2023-10-24,09:31:00,Attend
48441,2023-10-26 08:36:00,2023-10-26,08:36:00,Attend
48441,2023-10-29 09:39:00,2023-10-29,09:39:00,Attend
48441,2023-10-31 10:17:00,2023-10-31,10:17:00,Attend
48441,2023-11-05 08:38:00,2023-11-05,08:38:00,Attend
48441,2023-11-07 10:31:00,2023-11-07,10:31:00,Attend
48441,2023-11-16 09:16:00,2023-11-16,09:16:00,Attend
48441,2023-11-21 11:35:00,2023-11-21,11:35:00,Attend
48441,2023-11-23 08:41:00,2023-11-23,08:41:00,Attend
48441,2023-11-26 08:39:00,2023-11-26,08:39:00,Attend
48441,2023-11-28 08:33:00,2023-11-28,08:33:00,Attend
48441,2023-11-30 08:39:00,2023-11-30,08:39:00,Attend
48441,2023-12-10 08:36:00,2023-12-10,08:36:00,Attend
48441,2023-12-12 09:37:00,2023-12-12,09:37:00,Attend
48441,2023-12-14 08:39:00,2023-12-14,08:39:00,Attend
48441,2023-12-17 09:39:00,2023-12-17,09:39:00,Attend
48441,2023-12-26 08:06:00,2023-12-26,08:06:00,Attend
48441,2023-12-28 08:07:00,2023-12-28,08:07:00,Attend
48441,2024-01-04 10:10:00,2024-01-04,10:10:00,Attend
48441,2024-01-07 08:10:00,2024-01-07,08:10:00,Attend
48441,2024-01-25 08:09:00,2024-01-25,08:09:00,Attend
48441,2024-01-28 08:06:00,2024-01-28,08:06:00,Attend
48441,2024-01-30 09:14:00,2024-01-30,09:14:00,Attend
48441,2024-02-08 08:13:00,2024-02-08,08:13:00,Attend
48441,2024-02-13 08:33:00,2024-02-13,08:33:00,Attend
48441,2024-02-15 08:13:00,2024-02-15,08:13:00,Attend
48441,2024-02-25 16:05:00,2024-02-25,16:05:00,Leave
48441,2024-03-05 08:12:00,2024-03-05,08:12:00,Attend
48441,2024-03-10 08:12:00,2024-03-10,08:12:00,Attend
48441,2024-03-12 08:10:00,2024-03-12,08:10:00,Attend
48441,2024-04-21 08:17:00,2024-04-21,08:17:00,Attend
48442,2023-10-16 09:00:00,2023-10-16,09:00:00,Attend
48442,2023-10-18 08:41:00,2023-10-18,08:41:00,Attend
48442,2023-10-23 08:47:00,2023-10-23,08:47:00,Attend
48442,2023-11-04 08:49:00,2023-11-04,08:49:00,Attend
48442,2023-11-15 09:17:00,2023-11-15,09:17:00,Attend
48442,2023-11-18 08:10:00,2023-11-18,08:10:00,Attend
48442,2023-11-22 08:10:00,2023-11-22,08:10:00,Attend
48442,2023-11-25 09:33:00,2023-11-25,09:33:00,Attend
48442,2023-11-27 08:20:00,2023-11-27,08:20:00,Attend
48442,2023-12-02 09:06:00,2023-12-02,09:06:00,Attend
48442,2023-12-04 09:53:00,2023-12-04,09:53:00,Attend
48442,2023-12-30 13:58:00,2023-12-30,13:58:00,Attend
48442,2024-01-01 13:59:00,2024-01-01,13:59:00,Attend
48442,2024-01-15 14:23:00,2024-01-15,14:23:00,Attend
48442,2024-02-14 13:54:00,2024-02-14,13:54:00,Attend
48442,2024-02-17 13:48:00,2024-02-17,13:48:00,Attend
48442,2024-02-21 13:52:00,2024-02-21,13:52:00,Attend
48442,2024-02-24 13:45:00,2024-02-24,13:45:00,Attend
48442,2024-02-26 14:50:00,2024-02-26,14:50:00,Attend
48443,2023-10-18 09:02:00,2023-10-18,09:02:00,Attend
48443,2023-10-21 08:35:00,2023-10-21,08:35:00,Attend
48444,2024-01-10 14:03:00,2024-01-10,14:03:00,Attend
48444,2024-03-30 07:46:00,2024-03-30,07:46:00,Attend
48445,2023-10-30 09:13:00,2023-10-30,09:13:00,Attend
48445,2023-11-04 09:00:00,2023-11-04,09:00:00,Attend
48445,2023-11-11 09:00:00,2023-11-11,09:00:00,Attend
48445,2023-11-15 10:01:00,2023-11-15,10:01:00,Attend
48445,2023-12-04 10:19:00,2023-12-04,10:19:00,Attend
48445,2024-02-21 13:49:00,2024-02-21,13:49:00,Attend
48446,2023-10-11 08:41:00,2023-10-11,08:41:00,Attend
48446,2023-11-11 15:52:00,2023-11-11,15:52:00,Leave
48448,2023-10-14 09:24:00,2023-10-14,09:24:00,Attend
48448,2023-11-08 08:38:00,2023-11-08,08:38:00,Attend
48448,2023-11-13 14:55:00,2023-11-13,14:55:00,Leave
48448,2023-11-15 08:53:00,2023-11-15,08:53:00,Attend
48448,2023-12-23 08:39:00,2023-12-23,08:39:00,Attend
48448,2023-12-30 09:03:00,2023-12-30,09:03:00,Attend
48448,2024-03-27 09:37:00,2024-03-27,09:37:00,Attend
48449,2024-03-23 08:02:00,2024-03-23,08:02:00,Attend
48450,2023-10-18 11:41:00,2023-10-18,11:41:00,Attend
48450,2023-10-25 11:01:00,2023-10-25,11:01:00,Attend
48450,2023-11-19 10:29:00,2023-11-19,10:29:00,Attend
48450,2023-11-20 10:48:00,2023-11-20,10:48:00,Attend
48450,2023-11-27 10:45:00,2023-11-27,10:45:00,Attend
48450,2023-11-30 10:06:00,2023-11-30,10:06:00,Attend
48450,2023-12-07 09:57:00,2023-12-07,09:57:00,Attend
48450,2023-12-10 09:25:00,2023-12-10,09:25:00,Attend
48450,2023-12-13 11:18:00,2023-12-13,11:18:00,Attend
48450,2024-01-01 10:44:00,2024-01-01,10:44:00,Attend
48450,2024-01-07 10:33:00,2024-01-07,10:33:00,Attend
48450,2024-02-01 10:31:00,2024-02-01,10:31:00,Attend
48450,2024-02-27 10:41:00,2024-02-27,10:41:00,Attend
48450,2024-02-29 09:42:00,2024-02-29,09:42:00,Attend
48450,2024-03-02 11:12:00,2024-03-02,11:12:00,Attend
48450,2024-03-06 10:36:00,2024-03-06,10:36:00,Attend
48450,2024-03-13 11:15:00,2024-03-13,11:15:00,Attend
48450,2024-03-21 08:16:00,2024-03-21,08:16:00,Attend
48451,2023-12-02 09:12:00,2023-12-02,09:12:00,Attend
48451,2023-12-11 08:36:00,2023-12-11,08:36:00,Attend
48451,2024-01-03 09:42:00,2024-01-03,09:42:00,Attend
48451,2024-01-06 08:38:00,2024-01-06,08:38:00,Attend
48455,2023-11-03 10:08:00,2023-11-03,10:08:00,Attend
48460,2023-11-16 20:37:00,2023-11-16,20:37:00,Leave
48460,2023-11-19 10:25:00,2023-11-19,10:25:00,Attend
48460,2023-11-21 12:33:00,2023-11-21,12:33:00,Attend
48460,2023-11-23 10:00:00,2023-11-23,10:00:00,Attend
48460,2023-12-05 10:24:00,2023-12-05,10:24:00,Attend
48460,2023-12-06 11:43:00,2023-12-06,11:43:00,Attend
48460,2023-12-07 14:27:00,2023-12-07,14:27:00,Attend
48460,2023-12-12 10:34:00,2023-12-12,10:34:00,Attend
48460,2023-12-13 10:11:00,2023-12-13,10:11:00,Attend
48460,2023-12-14 10:19:00,2023-12-14,10:19:00,Attend
48460,2023-12-18 16:58:00,2023-12-18,16:58:00,Leave
48460,2023-12-20 10:05:00,2023-12-20,10:05:00,Attend
48460,2023-12-25 17:01:00,2023-12-25,17:01:00,Leave
48460,2024-01-01 11:45:00,2024-01-01,11:45:00,Attend
48460,2024-01-04 19:25:00,2024-01-04,19:25:00,Leave
48460,2024-02-08 11:49:00,2024-02-08,11:49:00,Attend
48460,2024-02-13 11:25:00,2024-02-13,11:25:00,Attend
48460,2024-02-20 11:20:00,2024-02-20,11:20:00,Attend
48460,2024-02-25 11:02:00,2024-02-25,11:02:00,Attend
48460,2024-03-30 11:05:00,2024-03-30,11:05:00,Attend
48460,2024-04-08 10:56:00,2024-04-08,10:56:00,Attend
48460,2024-04-15 11:07:00,2024-04-15,11:07:00,Attend
48460,2024-04-18 11:01:00,2024-04-18,11:01:00,Attend
48460,2024-04-21 11:12:00,2024-04-21,11:12:00,Attend
48460,2024-04-23 11:09:00,2024-04-23,11:09:00,Attend
48460,2024-04-24 12:04:00,2024-04-24,12:04:00,Attend
48462,2024-02-13 09:05:00,2024-02-13,09:05:00,Attend
48462,2024-03-10 08:39:00,2024-03-10,08:39:00,Attend
48462,2024-05-08 16:01:00,2024-05-08,16:01:00,Leave
48462,2024-05-16 09:35:00,2024-05-16,09:35:00,Attend
48462,2024-05-28 09:08:00,2024-05-28,09:08:00,Attend
48465,2024-03-27 13:49:00,2024-03-27,13:49:00,Attend
48466,2024-02-03 08:57:00,2024-02-03,08:57:00,Attend
48467,2024-02-14 08:56:00,2024-02-14,08:56:00,Attend
48469,2024-02-06 09:08:00,2024-02-06,09:08:00,Attend
48469,2024-02-18 08:56:00,2024-02-18,08:56:00,Attend
48469,2024-02-22 09:04:00,2024-02-22,09:04:00,Attend
48470,2024-02-15 11:02:00,2024-02-15,11:02:00,Attend
48470,2024-02-28 08:58:00,2024-02-28,08:58:00,Attend
48470,2024-03-06 15:11:00,2024-03-06,15:11:00,Leave
48472,2024-03-05 14:01:00,2024-03-05,14:01:00,Leave
48472,2024-03-14 09:00:00,2024-03-14,09:00:00,Attend
48475,2024-08-05 11:59:00,2024-08-05,11:59:00,Attend
48476,2024-01-04 14:03:00,2024-01-04,14:03:00,Leave
48476,2024-02-28 16:02:00,2024-02-28,16:02:00,Leave
48476,2024-03-18 15:01:00,2024-03-18,15:01:00,Leave
48479,2024-02-12 09:31:00,2024-02-12,09:31:00,Attend
48479,2024-02-19 09:31:00,2024-02-19,09:31:00,Attend
48479,2024-02-21 10:06:00,2024-02-21,10:06:00,Attend
48479,2024-03-06 09:32:00,2024-03-06,09:32:00,Attend
48479,2024-04-08 10:17:00,2024-04-08,10:17:00,Attend
48479,2024-04-22 11:06:00,2024-04-22,11:06:00,Attend
48480,2024-02-07 08:59:00,2024-02-07,08:59:00,Attend
48480,2024-02-12 09:04:00,2024-02-12,09:04:00,Attend
48480,2024-02-14 14:07:00,2024-02-14,14:07:00,Leave
48480,2024-04-15 09:04:00,2024-04-15,09:04:00,Attend
48484,2024-03-05 15:29:00,2024-03-05,15:29:00,Leave
48484,2024-03-17 15:08:00,2024-03-17,15:08:00,Leave
48486,2023-10-15 08:59:00,2023-10-15,08:59:00,Attend
48486,2023-10-17 09:59:00,2023-10-17,09:59:00,Attend
48486,2023-10-31 08:55:00,2023-10-31,08:55:00,Attend
48486,2023-12-03 14:33:00,2023-12-03,14:33:00,Leave
48486,2024-02-06 10:02:00,2024-02-06,10:02:00,Attend
48486,2024-02-20 08:53:00,2024-02-20,08:53:00,Attend
48486,2024-03-09 19:57:00,2024-03-09,19:57:00,Leave
48486,2024-03-11 12:56:00,2024-03-11,12:56:00,Attend
48486,2024-03-12 08:56:00,2024-03-12,08:56:00,Attend
48486,2024-04-08 16:59:00,2024-04-08,16:59:00,Leave
48491,2024-03-23 08:49:00,2024-03-23,08:49:00,Attend
48491,2024-08-05 09:58:00,2024-08-05,09:58:00,Attend
48493,2023-12-03 08:17:00,2023-12-03,08:17:00,Attend
48493,2023-12-11 19:57:00,2023-12-11,19:57:00,Leave
48493,2023-12-31 08:59:00,2023-12-31,08:59:00,Attend
48493,2024-01-02 08:50:00,2024-01-02,08:50:00,Attend
48493,2024-05-29 13:00:00,2024-05-29,13:00:00,Attend
48493,2024-08-05 13:26:00,2024-08-05,13:26:00,Attend
48501,2023-10-12 08:01:00,2023-10-12,08:01:00,Attend
48501,2023-11-14 08:03:00,2023-11-14,08:03:00,Attend
48501,2023-12-24 08:07:00,2023-12-24,08:07:00,Attend
48501,2024-03-07 15:39:00,2024-03-07,15:39:00,Leave
48502,2023-11-06 11:52:00,2023-11-06,11:52:00,Attend
48502,2023-11-27 12:50:00,2023-11-27,12:50:00,Attend
48502,2023-12-04 07:48:00,2023-12-04,07:48:00,Attend
48502,2023-12-11 13:31:00,2023-12-11,13:31:00,Attend
48502,2023-12-27 11:36:00,2023-12-27,11:36:00,Attend
48502,2023-12-30 11:33:00,2023-12-30,11:33:00,Attend
48503,2023-12-04 17:55:00,2023-12-04,17:55:00,Attend
48503,2023-12-09 19:01:00,2023-12-09,19:01:00,Leave
48504,2023-10-14 12:51:00,2023-10-14,12:51:00,Attend
48504,2023-10-16 08:11:00,2023-10-16,08:11:00,Attend
48504,2023-10-21 12:58:00,2023-10-21,12:58:00,Attend
48504,2023-12-13 19:02:00,2023-12-13,19:02:00,Leave
48504,2023-12-30 11:46:00,2023-12-30,11:46:00,Attend
48506,2023-10-14 07:56:00,2023-10-14,07:56:00,Attend
48506,2023-10-16 07:55:00,2023-10-16,07:55:00,Attend
48506,2023-10-18 07:47:00,2023-10-18,07:47:00,Attend
48506,2023-12-20 10:12:00,2023-12-20,10:12:00,Attend
48506,2023-12-27 07:57:00,2023-12-27,07:57:00,Attend
48506,2023-12-30 08:12:00,2023-12-30,08:12:00,Attend
48506,2024-01-03 07:59:00,2024-01-03,07:59:00,Attend
48507,2023-11-29 08:12:00,2023-11-29,08:12:00,Attend
48507,2023-12-02 09:14:00,2023-12-02,09:14:00,Attend
48507,2023-12-04 09:08:00,2023-12-04,09:08:00,Attend
48507,2023-12-06 09:48:00,2023-12-06,09:48:00,Attend
48507,2023-12-18 09:03:00,2023-12-18,09:03:00,Attend
48507,2023-12-20 12:48:00,2023-12-20,12:48:00,Attend
48507,2023-12-23 09:18:00,2023-12-23,09:18:00,Attend
48507,2023-12-25 08:52:00,2023-12-25,08:52:00,Attend
48508,2023-10-11 10:26:00,2023-10-11,10:26:00,Attend
48508,2023-10-14 08:00:00,2023-10-14,08:00:00,Attend
48508,2023-11-27 08:07:00,2023-11-27,08:07:00,Attend
48508,2023-11-29 08:01:00,2023-11-29,08:01:00,Attend
48508,2023-12-04 08:29:00,2023-12-04,08:29:00,Attend
48508,2023-12-25 08:08:00,2023-12-25,08:08:00,Attend
48508,2023-12-27 08:05:00,2023-12-27,08:05:00,Attend
48508,2023-12-30 07:55:00,2023-12-30,07:55:00,Attend
48508,2024-01-03 08:00:00,2024-01-03,08:00:00,Attend
48508,2024-01-06 13:00:00,2024-01-06,13:00:00,Leave
48508,2024-01-10 08:00:00,2024-01-10,08:00:00,Attend
48508,2024-01-15 08:05:00,2024-01-15,08:05:00,Attend
48509,2023-10-16 07:52:00,2023-10-16,07:52:00,Attend
48509,2023-10-21 08:09:00,2023-10-21,08:09:00,Attend
48510,2023-10-17 13:45:00,2023-10-17,13:45:00,Attend
48510,2023-10-19 13:44:00,2023-10-19,13:44:00,Attend
48510,2023-10-26 13:44:00,2023-10-26,13:44:00,Attend
48510,2023-11-14 09:50:00,2023-11-14,09:50:00,Attend
48510,2023-11-16 13:05:00,2023-11-16,13:05:00,Attend
48510,2023-11-21 11:52:00,2023-11-21,11:52:00,Attend
48510,2023-11-26 14:07:00,2023-11-26,14:07:00,Attend
48510,2023-12-10 14:08:00,2023-12-10,14:08:00,Attend
48510,2023-12-21 13:58:00,2023-12-21,13:58:00,Attend
48510,2024-01-02 13:42:00,2024-01-02,13:42:00,Attend
48510,2024-01-04 13:24:00,2024-01-04,13:24:00,Attend
48510,2024-01-30 11:56:00,2024-01-30,11:56:00,Attend
48510,2024-02-07 09:59:00,2024-02-07,09:59:00,Attend
48510,2024-02-08 11:55:00,2024-02-08,11:55:00,Attend
48510,2024-02-11 14:09:00,2024-02-11,14:09:00,Attend
48510,2024-03-24 12:52:00,2024-03-24,12:52:00,Attend
48510,2024-03-31 12:52:00,2024-03-31,12:52:00,Attend
48510,2024-04-15 07:57:00,2024-04-15,07:57:00,Attend
48510,2024-04-18 14:56:00,2024-04-18,14:56:00,Attend
48511,2023-10-17 08:06:00,2023-10-17,08:06:00,Attend
48511,2023-11-21 08:01:00,2023-11-21,08:01:00,Attend
48511,2023-11-28 08:04:00,2023-11-28,08:04:00,Attend
48511,2023-12-07 08:01:00,2023-12-07,08:01:00,Attend
48511,2023-12-12 08:01:00,2023-12-12,08:01:00,Attend
48511,2023-12-31 08:04:00,2023-12-31,08:04:00,Attend
48511,2024-01-02 08:04:00,2024-01-02,08:04:00,Attend
48511,2024-01-09 08:16:00,2024-01-09,08:16:00,Attend
48511,2024-01-16 13:07:00,2024-01-16,13:07:00,Leave
48511,2024-01-23 08:04:00,2024-01-23,08:04:00,Attend
48511,2024-01-30 08:10:00,2024-01-30,08:10:00,Attend
48511,2024-02-13 08:03:00,2024-02-13,08:03:00,Attend
48512,2024-01-11 07:54:00,2024-01-11,07:54:00,Attend
48512,2024-02-01 08:04:00,2024-02-01,08:04:00,Attend
48512,2024-03-10 07:44:00,2024-03-10,07:44:00,Attend
48512,2024-03-27 11:27:00,2024-03-27,11:27:00,Attend
48513,2023-10-23 13:01:00,2023-10-23,13:01:00,Attend
48513,2023-10-28 12:57:00,2023-10-28,12:57:00,Attend
48513,2023-10-30 11:55:00,2023-10-30,11:55:00,Attend
48513,2023-11-25 12:09:00,2023-11-25,12:09:00,Attend
48515,2023-12-25 12:00:00,2023-12-25,12:00:00,Attend
48515,2024-01-24 13:59:00,2024-01-24,13:59:00,Attend
48515,2024-02-05 11:57:00,2024-02-05,11:57:00,Attend
48515,2024-03-02 11:54:00,2024-03-02,11:54:00,Attend
48516,2023-11-18 08:08:00,2023-11-18,08:08:00,Attend
48516,2023-11-22 07:39:00,2023-11-22,07:39:00,Attend
48516,2023-12-25 07:58:00,2023-12-25,07:58:00,Attend
48516,2023-12-27 07:54:00,2023-12-27,07:54:00,Attend
48516,2024-01-01 08:00:00,2024-01-01,08:00:00,Attend
48516,2024-01-13 07:42:00,2024-01-13,07:42:00,Attend
48516,2024-01-31 09:21:00,2024-01-31,09:21:00,Attend
48516,2024-02-14 09:05:00,2024-02-14,09:05:00,Attend
48516,2024-02-17 08:52:00,2024-02-17,08:52:00,Attend
48516,2024-02-19 09:04:00,2024-02-19,09:04:00,Attend
48516,2024-03-02 09:06:00,2024-03-02,09:06:00,Attend
48516,2024-03-04 09:01:00,2024-03-04,09:01:00,Attend
48518,2023-10-10 14:01:00,2023-10-10,14:01:00,Attend
48518,2023-10-12 15:52:00,2023-10-12,15:52:00,Attend
48518,2023-10-15 13:02:00,2023-10-15,13:02:00,Attend
48518,2023-10-17 13:04:00,2023-10-17,13:04:00,Attend
48518,2023-11-30 12:01:00,2023-11-30,12:01:00,Attend
48518,2023-12-05 12:09:00,2023-12-05,12:09:00,Attend
48518,2023-12-07 12:59:00,2023-12-07,12:59:00,Attend
48518,2023-12-12 15:04:00,2023-12-12,15:04:00,Attend
48518,2023-12-17 13:02:00,2023-12-17,13:02:00,Attend
48518,2023-12-26 14:55:00,2023-12-26,14:55:00,Attend
48518,2023-12-31 15:01:00,2023-12-31,15:01:00,Attend
48518,2024-01-07 12:57:00,2024-01-07,12:57:00,Attend
48518,2024-01-14 14:03:00,2024-01-14,14:03:00,Attend
48518,2024-01-16 13:59:00,2024-01-16,13:59:00,Attend
48518,2024-01-18 12:54:00,2024-01-18,12:54:00,Attend
48518,2024-01-23 13:41:00,2024-01-23,13:41:00,Attend
48518,2024-01-24 09:00:00,2024-01-24,09:00:00,Attend
48518,2024-01-27 07:59:00,2024-01-27,07:59:00,Leave
48518,2024-01-29 09:02:00,2024-01-29,09:02:00,Attend
48518,2024-01-31 09:20:00,2024-01-31,09:20:00,Attend
48518,2024-02-04 14:09:00,2024-02-04,14:09:00,Attend
48518,2024-02-10 08:56:00,2024-02-10,08:56:00,Attend
48518,2024-02-24 08:57:00,2024-02-24,08:57:00,Attend
48518,2024-02-26 09:20:00,2024-02-26,09:20:00,Attend
48518,2024-03-02 09:00:00,2024-03-02,09:00:00,Attend
48518,2024-03-06 08:59:00,2024-03-06,08:59:00,Attend
48518,2024-03-09 08:54:00,2024-03-09,08:54:00,Attend
48518,2024-03-11 08:59:00,2024-03-11,08:59:00,Attend
48518,2024-03-16 08:57:00,2024-03-16,08:57:00,Attend
48518,2024-03-20 08:58:00,2024-03-20,08:58:00,Attend
48518,2024-03-23 08:56:00,2024-03-23,08:56:00,Attend
48518,2024-03-27 14:59:00,2024-03-27,14:59:00,Leave
48518,2024-04-16 09:04:00,2024-04-16,09:04:00,Attend
48518,2024-04-18 08:03:00,2024-04-18,08:03:00,Attend
48518,2024-04-23 08:05:00,2024-04-23,08:05:00,Attend
48520,2023-11-26 11:15:00,2023-11-26,11:15:00,Attend
48520,2023-12-03 07:57:00,2023-12-03,07:57:00,Attend
48520,2023-12-07 07:55:00,2023-12-07,07:55:00,Attend
48520,2023-12-12 08:20:00,2023-12-12,08:20:00,Attend
48520,2023-12-14 07:51:00,2023-12-14,07:51:00,Attend
48520,2023-12-17 08:35:00,2023-12-17,08:35:00,Attend
48520,2023-12-24 09:30:00,2023-12-24,09:30:00,Attend
48520,2024-04-16 16:26:00,2024-04-16,16:26:00,Attend
48520,2024-04-18 08:51:00,2024-04-18,08:51:00,Attend
48520,2024-04-22 08:22:00,2024-04-22,08:22:00,Attend
48520,2024-04-24 08:55:00,2024-04-24,08:55:00,Attend
48522,2023-10-11 08:03:00,2023-10-11,08:03:00,Attend
48522,2023-11-27 08:10:00,2023-11-27,08:10:00,Attend
48522,2023-11-29 08:12:00,2023-11-29,08:12:00,Attend
48522,2023-12-04 08:29:00,2023-12-04,08:29:00,Attend
48522,2023-12-09 08:08:00,2023-12-09,08:08:00,Attend
48522,2023-12-18 08:35:00,2023-12-18,08:35:00,Attend
48522,2023-12-23 08:04:00,2023-12-23,08:04:00,Attend
48522,2023-12-25 08:00:00,2023-12-25,08:00:00,Attend
48522,2024-01-01 08:11:00,2024-01-01,08:11:00,Attend
48522,2024-01-13 10:07:00,2024-01-13,10:07:00,Attend
48522,2024-01-15 09:03:00,2024-01-15,09:03:00,Attend
48522,2024-01-17 08:59:00,2024-01-17,08:59:00,Attend
48523,2023-10-12 08:30:00,2023-10-12,08:30:00,Attend
48523,2023-10-17 08:39:00,2023-10-17,08:39:00,Attend
48523,2023-10-22 08:15:00,2023-10-22,08:15:00,Attend
48523,2023-10-29 15:00:00,2023-10-29,15:00:00,Leave
48523,2023-10-31 16:08:00,2023-10-31,16:08:00,Leave
48523,2023-11-09 08:34:00,2023-11-09,08:34:00,Attend
48523,2023-11-23 10:53:00,2023-11-23,10:53:00,Attend
48523,2023-11-26 09:28:00,2023-11-26,09:28:00,Attend
48523,2023-12-05 09:22:00,2023-12-05,09:22:00,Attend
48523,2023-12-12 08:12:00,2023-12-12,08:12:00,Attend
48523,2023-12-21 15:01:00,2023-12-21,15:01:00,Leave
48523,2023-12-24 08:57:00,2023-12-24,08:57:00,Attend
48523,2024-01-07 09:07:00,2024-01-07,09:07:00,Attend
48523,2024-01-11 11:45:00,2024-01-11,11:45:00,Attend
48523,2024-01-14 16:05:00,2024-01-14,16:05:00,Leave
48523,2024-01-18 14:53:00,2024-01-18,14:53:00,Leave
48523,2024-01-21 08:05:00,2024-01-21,08:05:00,Attend
48523,2024-04-02 08:16:00,2024-04-02,08:16:00,Attend
48523,2024-04-04 08:28:00,2024-04-04,08:28:00,Attend
48523,2024-04-14 08:27:00,2024-04-14,08:27:00,Attend
48523,2024-04-18 08:11:00,2024-04-18,08:11:00,Attend
48523,2024-04-21 08:00:00,2024-04-21,08:00:00,Attend
48524,2023-11-22 07:48:00,2023-11-22,07:48:00,Attend
48525,2023-10-12 13:49:00,2023-10-12,13:49:00,Attend
48525,2023-10-15 13:24:00,2023-10-15,13:24:00,Attend
48525,2023-10-17 13:31:00,2023-10-17,13:31:00,Attend
48525,2023-10-22 13:26:00,2023-10-22,13:26:00,Attend
48525,2024-01-11 13:23:00,2024-01-11,13:23:00,Attend
48525,2024-02-01 13:59:00,2024-02-01,13:59:00,Attend
48526,2023-10-10 18:38:00,2023-10-10,18:38:00,Leave
48526,2023-10-24 13:48:00,2023-10-24,13:48:00,Attend
48526,2023-10-26 18:35:00,2023-10-26,18:35:00,Leave
48526,2023-10-31 13:46:00,2023-10-31,13:46:00,Attend
48526,2023-11-02 13:35:00,2023-11-02,13:35:00,Attend
48526,2023-11-07 13:53:00,2023-11-07,13:53:00,Attend
48526,2023-11-21 14:20:00,2023-11-21,14:20:00,Attend
48526,2023-12-03 13:30:00,2023-12-03,13:30:00,Attend
48526,2024-01-02 13:33:00,2024-01-02,13:33:00,Attend
48526,2024-01-11 12:35:00,2024-01-11,12:35:00,Attend
48526,2024-01-25 11:08:00,2024-01-25,11:08:00,Attend
48526,2024-01-28 13:46:00,2024-01-28,13:46:00,Attend
48526,2024-02-08 10:52:00,2024-02-08,10:52:00,Attend
48526,2024-02-18 13:06:00,2024-02-18,13:06:00,Attend
48526,2024-02-22 12:09:00,2024-02-22,12:09:00,Attend
48526,2024-02-27 10:58:00,2024-02-27,10:58:00,Attend
48526,2024-03-03 10:43:00,2024-03-03,10:43:00,Attend
48526,2024-03-12 11:12:00,2024-03-12,11:12:00,Attend
48526,2024-04-04 10:51:00,2024-04-04,10:51:00,Attend
48527,2023-10-28 14:12:00,2023-10-28,14:12:00,Leave
48527,2023-11-06 09:06:00,2023-11-06,09:06:00,Attend
48527,2023-11-11 09:03:00,2023-11-11,09:03:00,Attend
48527,2023-12-02 08:52:00,2023-12-02,08:52:00,Attend
48527,2023-12-20 09:06:00,2023-12-20,09:06:00,Attend
48527,2024-01-03 09:11:00,2024-01-03,09:11:00,Attend
48527,2024-01-20 08:41:00,2024-01-20,08:41:00,Attend
48527,2024-01-22 14:08:00,2024-01-22,14:08:00,Leave
48527,2024-01-29 09:02:00,2024-01-29,09:02:00,Attend
48527,2024-02-14 14:05:00,2024-02-14,14:05:00,Leave
48527,2024-02-19 09:32:00,2024-02-19,09:32:00,Attend
48527,2024-03-02 13:55:00,2024-03-02,13:55:00,Leave
48527,2024-03-16 09:40:00,2024-03-16,09:40:00,Attend
48527,2024-04-15 13:17:00,2024-04-15,13:17:00,Leave
48531,2023-12-16 00:00:00,2023-12-16,00:00:00,Attend
48531,2024-08-05 15:00:00,2024-08-05,15:00:00,Attend
48533,2024-04-04 08:41:00,2024-04-04,08:41:00,Attend
48533,2024-04-06 12:16:00,2024-04-06,12:16:00,Leave
48534,2023-10-15 15:26:00,2023-10-15,15:26:00,Attend
48534,2023-10-26 10:51:00,2023-10-26,10:51:00,Attend
48534,2023-11-09 15:47:00,2023-11-09,15:47:00,Attend
48534,2023-11-14 13:18:00,2023-11-14,13:18:00,Leave
48534,2024-01-25 11:26:00,2024-01-25,11:26:00,Attend
48534,2024-02-27 11:10:00,2024-02-27,11:10:00,Attend
48534,2024-03-07 10:46:00,2024-03-07,10:46:00,Attend
48537,2024-02-26 11:51:00,2024-02-26,11:51:00,Attend
48538,2024-03-26 08:16:00,2024-03-26,08:16:00,Attend
48539,2023-11-18 16:20:00,2023-11-18,16:20:00,Attend
48540,2024-01-07 16:07:00,2024-01-07,16:07:00,Leave
48540,2024-02-04 09:58:00,2024-02-04,09:58:00,Attend
48541,2024-01-31 09:04:00,2024-01-31,09:04:00,Attend
48542,2024-02-14 16:06:00,2024-02-14,16:06:00,Leave
48542,2024-02-21 08:50:00,2024-02-21,08:50:00,Attend
48542,2024-02-24 09:58:00,2024-02-24,09:58:00,Attend
48542,2024-02-26 09:04:00,2024-02-26,09:04:00,Attend
48542,2024-03-04 08:57:00,2024-03-04,08:57:00,Attend
48542,2024-03-06 09:07:00,2024-03-06,09:07:00,Attend
48542,2024-03-11 08:06:00,2024-03-11,08:06:00,Attend
48542,2024-03-16 08:11:00,2024-03-16,08:11:00,Attend
48542,2024-03-20 08:22:00,2024-03-20,08:22:00,Attend
48542,2024-03-25 09:07:00,2024-03-25,09:07:00,Attend
48543,2024-03-23 16:03:00,2024-03-23,16:03:00,Leave
48543,2024-03-30 14:11:00,2024-03-30,14:11:00,Attend
48543,2024-04-17 12:37:00,2024-04-17,12:37:00,Attend
48544,2023-08-27 09:30:00,2023-08-27,09:30:00,Attend
48544,2023-08-28 09:30:00,2023-08-28,09:30:00,Attend
48544,2023-08-29 09:30:00,2023-08-29,09:30:00,Attend
48544,2024-05-02 11:00:00,2024-05-02,11:00:00,Attend
48544,2024-05-09 11:00:00,2024-05-09,11:00:00,Attend
48544,2024-05-14 11:00:00,2024-05-14,11:00:00,Attend
48544,2024-05-18 11:00:00,2024-05-18,11:00:00,Attend
48546,2023-11-18 12:30:00,2023-11-18,12:30:00,Attend
48546,2023-11-22 13:29:00,2023-11-22,13:29:00,Attend
48546,2024-01-24 11:42:00,2024-01-24,11:42:00,Attend
48546,2024-02-17 14:28:00,2024-02-17,14:28:00,Attend
48546,2024-02-28 12:16:00,2024-02-28,12:16:00,Attend
48547,2023-10-11 18:48:00,2023-10-11,18:48:00,Leave
48547,2023-10-18 14:41:00,2023-10-18,14:41:00,Attend
48547,2023-10-25 19:32:00,2023-10-25,19:32:00,Leave
48547,2023-11-01 15:19:00,2023-11-01,15:19:00,Attend
48547,2023-11-22 15:56:00,2023-11-22,15:56:00,Attend
48547,2023-12-06 14:54:00,2023-12-06,14:54:00,Attend
48548,2024-02-11 07:59:00,2024-02-11,07:59:00,Attend
48548,2024-02-13 07:58:00,2024-02-13,07:58:00,Attend
48548,2024-02-18 17:20:00,2024-02-18,17:20:00,Leave
48548,2024-03-12 08:25:00,2024-03-12,08:25:00,Attend
48549,2024-02-08 16:55:00,2024-02-08,16:55:00,Attend
48552,2024-02-20 08:01:00,2024-02-20,08:01:00,Attend
48552,2024-03-14 07:57:00,2024-03-14,07:57:00,Attend
48553,2024-02-07 09:15:00,2024-02-07,09:15:00,Attend
48553,2024-02-24 09:05:00,2024-02-24,09:05:00,Attend
48553,2024-02-26 09:07:00,2024-02-26,09:07:00,Attend
48553,2024-03-06 09:13:00,2024-03-06,09:13:00,Attend
48553,2024-03-09 09:09:00,2024-03-09,09:09:00,Attend
48553,2024-03-13 08:02:00,2024-03-13,08:02:00,Attend
48553,2024-03-25 09:56:00,2024-03-25,09:56:00,Attend
48553,2024-03-30 08:05:00,2024-03-30,08:05:00,Attend
48555,2024-02-12 11:58:00,2024-02-12,11:58:00,Attend
48555,2024-03-11 15:44:00,2024-03-11,15:44:00,Leave
48555,2024-03-16 15:52:00,2024-03-16,15:52:00,Leave
48555,2024-03-30 09:26:00,2024-03-30,09:26:00,Attend
48557,2024-02-05 09:26:00,2024-02-05,09:26:00,Attend
48557,2024-02-14 08:59:00,2024-02-14,08:59:00,Attend
48558,2024-03-06 09:26:00,2024-03-06,09:26:00,Attend
48560,2023-12-03 11:31:00,2023-12-03,11:31:00,Attend
48560,2024-01-09 08:55:00,2024-01-09,08:55:00,Attend
48560,2024-02-20 16:15:00,2024-02-20,16:15:00,Leave
48560,2024-03-24 08:57:00,2024-03-24,08:57:00,Attend
48560,2024-04-02 09:04:00,2024-04-02,09:04:00,Attend
48560,2024-04-21 09:08:00,2024-04-21,09:08:00,Attend
48560,2024-04-25 09:06:00,2024-04-25,09:06:00,Attend
48562,2024-02-19 12:03:00,2024-02-19,12:03:00,Attend
48562,2024-02-26 14:30:00,2024-02-26,14:30:00,Attend
48562,2024-03-02 13:10:00,2024-03-02,13:10:00,Attend
48562,2024-03-18 08:15:00,2024-03-18,08:15:00,Attend
48562,2024-03-20 15:54:00,2024-03-20,15:54:00,Leave
48562,2024-04-01 09:14:00,2024-04-01,09:14:00,Attend
48562,2024-04-20 19:36:00,2024-04-20,19:36:00,Leave
48563,2024-03-18 14:33:00,2024-03-18,14:33:00,Leave
48566,2024-02-03 19:47:00,2024-02-03,19:47:00,Leave
48566,2024-03-16 08:57:00,2024-03-16,08:57:00,Attend
48566,2024-03-30 09:07:00,2024-03-30,09:07:00,Attend
48566,2024-04-01 09:14:00,2024-04-01,09:14:00,Attend
48570,2024-02-17 14:54:00,2024-02-17,14:54:00,Leave
48570,2024-02-19 09:10:00,2024-02-19,09:10:00,Attend
48570,2024-02-26 09:21:00,2024-02-26,09:21:00,Attend
48570,2024-03-06 14:54:00,2024-03-06,14:54:00,Leave
48570,2024-03-16 15:52:00,2024-03-16,15:52:00,Leave
48570,2024-03-27 09:13:00,2024-03-27,09:13:00,Attend
48570,2024-03-30 09:09:00,2024-03-30,09:09:00,Attend
48570,2024-04-01 09:11:00,2024-04-01,09:11:00,Attend
48570,2024-04-20 08:09:00,2024-04-20,08:09:00,Attend
48570,2024-04-22 08:13:00,2024-04-22,08:13:00,Attend
48572,2023-08-27 09:30:00,2023-08-27,09:30:00,Attend
48574,2024-02-26 19:00:00,2024-02-26,19:00:00,Leave
48575,2024-03-03 18:05:00,2024-03-03,18:05:00,Leave
48575,2024-04-25 08:41:00,2024-04-25,08:41:00,Attend
48577,2024-02-06 10:46:00,2024-02-06,10:46:00,Attend
48577,2024-02-15 10:59:00,2024-02-15,10:59:00,Attend
48577,2024-02-20 09:34:00,2024-02-20,09:34:00,Attend
48577,2024-02-27 09:41:00,2024-02-27,09:41:00,Attend
48577,2024-02-29 15:42:00,2024-02-29,15:42:00,Leave
48577,2024-04-25 10:48:00,2024-04-25,10:48:00,Attend
48577,2024-06-20 10:05:00,2024-06-20,10:05:00,Attend
48578,2024-02-04 09:04:00,2024-02-04,09:04:00,Attend
48579,2024-02-22 09:59:00,2024-02-22,09:59:00,Attend
48579,2024-02-29 09:01:00,2024-02-29,09:01:00,Attend
48579,2024-03-12 07:55:00,2024-03-12,07:55:00,Attend
48579,2024-04-21 17:28:00,2024-04-21,17:28:00,Leave
48580,2024-08-05 15:00:00,2024-08-05,15:00:00,Attend
48581,2024-03-06 11:06:00,2024-03-06,11:06:00,Attend
48581,2024-03-18 15:48:00,2024-03-18,15:48:00,Leave
48581,2024-03-27 11:04:00,2024-03-27,11:04:00,Attend
48581,2024-04-24 16:32:00,2024-04-24,16:32:00,Leave
48582,2024-02-05 10:00:00,2024-02-05,10:00:00,Attend
48582,2024-02-07 10:13:00,2024-02-07,10:13:00,Attend
48582,2024-02-10 10:10:00,2024-02-10,10:10:00,Attend
48582,2024-02-12 10:03:00,2024-02-12,10:03:00,Attend
48582,2024-02-19 10:09:00,2024-02-19,10:09:00,Attend
48582,2024-02-24 10:08:00,2024-02-24,10:08:00,Attend
48582,2024-03-09 09:58:00,2024-03-09,09:58:00,Attend
48582,2024-03-16 08:02:00,2024-03-16,08:02:00,Attend
48582,2024-03-25 07:46:00,2024-03-25,07:46:00,Attend
48582,2024-03-27 07:59:00,2024-03-27,07:59:00,Attend
48582,2024-03-30 07:55:00,2024-03-30,07:55:00,Attend
48582,2024-04-06 07:50:00,2024-04-06,07:50:00,Attend
48582,2024-04-08 15:17:00,2024-04-08,15:17:00,Leave
48582,2024-08-05 10:07:00,2024-08-05,10:07:00,Attend
48587,2024-08-05 13:01:00,2024-08-05,13:01:00,Attend
48589,2024-03-09 09:31:00,2024-03-09,09:31:00,Attend
48593,2024-02-02 12:04:00,2024-02-02,12:04:00,Attend
48593,2024-02-08 16:03:00,2024-02-08,16:03:00,Attend
48593,2024-03-02 22:01:00,2024-03-02,22:01:00,Leave
48593,2024-03-11 20:02:00,2024-03-11,20:02:00,Attend
48593,2024-03-13 19:32:00,2024-03-13,19:32:00,Attend
48593,2024-03-15 19:14:00,2024-03-15,19:14:00,Attend
48593,2024-04-09 19:54:00,2024-04-09,19:54:00,Attend
48595,2024-01-08 11:08:00,2024-01-08,11:08:00,Attend
48595,2024-02-12 10:39:00,2024-02-12,10:39:00,Attend
48595,2024-02-16 11:32:00,2024-02-16,11:32:00,Attend
48595,2024-03-15 19:47:00,2024-03-15,19:47:00,Attend
48595,2024-03-20 17:48:00,2024-03-20,17:48:00,Attend
48595,2024-03-23 17:13:00,2024-03-23,17:13:00,Attend
48595,2024-03-26 18:38:00,2024-03-26,18:38:00,Attend
48595,2024-04-01 02:19:00,2024-04-01,02:19:00,Leave
48595,2024-04-16 12:57:00,2024-04-16,12:57:00,Attend
48595,2024-06-07 11:28:00,2024-06-07,11:28:00,Attend
48595,2024-07-05 17:17:00,2024-07-05,17:17:00,Attend
48596,2024-01-10 15:35:00,2024-01-10,15:35:00,Attend
48596,2024-01-13 14:10:00,2024-01-13,14:10:00,Attend
48596,2024-01-15 12:46:00,2024-01-15,12:46:00,Attend
48596,2024-01-23 13:41:00,2024-01-23,13:41:00,Attend
48596,2024-01-29 14:32:00,2024-01-29,14:32:00,Attend
48596,2024-02-29 13:10:00,2024-02-29,13:10:00,Attend
48596,2024-03-06 15:35:00,2024-03-06,15:35:00,Attend
48596,2024-03-13 14:14:00,2024-03-13,14:14:00,Attend
48596,2024-03-16 13:18:00,2024-03-16,13:18:00,Attend
48596,2024-03-17 16:12:00,2024-03-17,16:12:00,Attend
48596,2024-03-18 15:16:00,2024-03-18,15:16:00,Attend
48596,2024-03-22 20:35:00,2024-03-22,20:35:00,Attend
48596,2024-03-24 15:41:00,2024-03-24,15:41:00,Attend
48596,2024-03-25 19:18:00,2024-03-25,19:18:00,Attend
48596,2024-03-27 13:59:00,2024-03-27,13:59:00,Attend
48596,2024-04-02 19:29:00,2024-04-02,19:29:00,Attend
48596,2024-04-04 14:11:00,2024-04-04,14:11:00,Attend
48596,2024-04-06 14:09:00,2024-04-06,14:09:00,Attend
48596,2024-04-07 14:19:00,2024-04-07,14:19:00,Attend
48596,2024-05-29 14:20:00,2024-05-29,14:20:00,Attend
48596,2024-06-05 14:31:00,2024-06-05,14:31:00,Attend
48596,2024-07-06 13:10:00,2024-07-06,13:10:00,Attend
48596,2024-07-10 16:03:00,2024-07-10,16:03:00,Attend
48596,2024-07-25 15:07:00,2024-07-25,15:07:00,Attend
48596,2024-07-26 01:33:00,2024-07-26,01:33:00,Leave
48596,2024-07-27 15:33:00,2024-07-27,15:33:00,Attend
48597,2024-04-07 10:12:00,2024-04-07,10:12:00,Attend
48597,2024-04-16 10:06:00,2024-04-16,10:06:00,Attend
48598,2024-02-11 15:56:00,2024-02-11,15:56:00,Attend
48598,2024-02-28 16:09:00,2024-02-28,16:09:00,Attend
48598,2024-03-11 20:02:00,2024-03-11,20:02:00,Attend
48598,2024-03-13 00:36:00,2024-03-13,00:36:00,Leave
48598,2024-03-14 20:08:00,2024-03-14,20:08:00,Attend
48598,2024-03-20 00:37:00,2024-03-20,00:37:00,Leave
48598,2024-03-21 19:50:00,2024-03-21,19:50:00,Attend
48598,2024-03-27 00:28:00,2024-03-27,00:28:00,Leave
48598,2024-03-28 18:04:00,2024-03-28,18:04:00,Attend
48598,2024-04-03 00:31:00,2024-04-03,00:31:00,Leave
48598,2024-04-04 19:51:00,2024-04-04,19:51:00,Attend
48598,2024-04-26 18:04:00,2024-04-26,18:04:00,Attend
48598,2024-05-02 17:59:00,2024-05-02,17:59:00,Attend
48598,2024-05-24 17:58:00,2024-05-24,17:58:00,Attend
48598,2024-05-31 17:54:00,2024-05-31,17:54:00,Attend
48598,2024-06-06 17:53:00,2024-06-06,17:53:00,Attend
48598,2024-06-13 18:07:00,2024-06-13,18:07:00,Attend
48598,2024-06-21 18:00:00,2024-06-21,18:00:00,Attend
48598,2024-06-27 17:55:00,2024-06-27,17:55:00,Attend
48598,2024-07-04 18:01:00,2024-07-04,18:01:00,Attend
48598,2024-07-08 18:00:00,2024-07-08,18:00:00,Attend
48598,2024-07-12 17:50:00,2024-07-12,17:50:00,Attend
48598,2024-07-20 17:12:00,2024-07-20,17:12:00,Attend
48598,2024-07-26 18:03:00,2024-07-26,18:03:00,Attend
48598,2024-08-01 18:06:00,2024-08-01,18:06:00,Attend
48599,2024-01-09 15:28:00,2024-01-09,15:28:00,Attend
48599,2024-01-12 16:06:00,2024-01-12,16:06:00,Attend
48599,2024-03-21 20:11:00,2024-03-21,20:11:00,Attend
48599,2024-03-23 20:19:00,2024-03-23,20:19:00,Attend
48599,2024-03-28 20:06:00,2024-03-28,20:06:00,Attend
48599,2024-04-01 20:15:00,2024-04-01,20:15:00,Attend
48599,2024-04-08 20:23:00,2024-04-08,20:23:00,Attend
48599,2024-04-10 00:35:00,2024-04-10,00:35:00,Leave
48599,2024-06-07 17:40:00,2024-06-07,17:40:00,Attend
48603,2024-01-07 10:57:00,2024-01-07,10:57:00,Attend
48603,2024-01-25 10:31:00,2024-01-25,10:31:00,Attend
48603,2024-02-11 11:16:00,2024-02-11,11:16:00,Attend
48605,2024-01-10 12:11:00,2024-01-10,12:11:00,Attend
48605,2024-01-29 12:15:00,2024-01-29,12:15:00,Attend
48605,2024-01-31 13:43:00,2024-01-31,13:43:00,Attend
48605,2024-02-03 12:55:00,2024-02-03,12:55:00,Attend
48605,2024-02-05 12:33:00,2024-02-05,12:33:00,Attend
48605,2024-02-08 15:14:00,2024-02-08,15:14:00,Attend
48605,2024-02-14 13:17:00,2024-02-14,13:17:00,Attend
48605,2024-03-14 19:35:00,2024-03-14,19:35:00,Attend
48605,2024-03-21 10:50:00,2024-03-21,10:50:00,Attend
48605,2024-04-08 11:21:00,2024-04-08,11:21:00,Attend
48605,2024-04-09 12:36:00,2024-04-09,12:36:00,Attend
49161,2024-03-27 08:05:00,2024-03-27,08:05:00,Attend
49161,2024-03-30 09:03:00,2024-03-30,09:03:00,Attend
49161,2024-04-15 09:02:00,2024-04-15,09:02:00,Attend
49161,2024-04-20 09:06:00,2024-04-20,09:06:00,Attend
49161,2024-04-22 09:04:00,2024-04-22,09:04:00,Attend
49161,2024-04-24 08:57:00,2024-04-24,08:57:00,Attend
49162,2024-02-14 15:21:00,2024-02-14,15:21:00,Leave
49162,2024-02-21 09:16:00,2024-02-21,09:16:00,Attend
49162,2024-03-06 08:59:00,2024-03-06,08:59:00,Attend
49162,2024-03-13 08:43:00,2024-03-13,08:43:00,Attend
49162,2024-03-16 08:13:00,2024-03-16,08:13:00,Attend
49162,2024-03-18 08:13:00,2024-03-18,08:13:00,Attend
49162,2024-04-24 10:12:00,2024-04-24,10:12:00,Attend
49163,2024-02-25 08:57:00,2024-02-25,08:57:00,Attend
49170,2024-03-05 13:16:00,2024-03-05,13:16:00,Leave
49170,2024-03-21 08:00:00,2024-03-21,08:00:00,Attend
49172,2024-01-01 09:19:00,2024-01-01,09:19:00,Attend
49172,2024-01-04 09:06:00,2024-01-04,09:06:00,Attend
49172,2024-01-07 13:00:00,2024-01-07,13:00:00,Attend
49172,2024-04-08 10:12:00,2024-04-08,10:12:00,Attend
49173,2024-02-11 17:33:00,2024-02-11,17:33:00,Leave
49173,2024-06-14 12:54:00,2024-06-14,12:54:00,Attend
49176,2023-11-06 17:31:00,2023-11-06,17:31:00,Leave
49176,2023-11-07 11:05:00,2023-11-07,11:05:00,Attend
49176,2023-11-08 19:11:00,2023-11-08,19:11:00,Leave
49176,2023-11-12 17:31:00,2023-11-12,17:31:00,Leave
49176,2023-11-19 17:30:00,2023-11-19,17:30:00,Leave
49176,2023-11-22 13:04:00,2023-11-22,13:04:00,Attend
49176,2023-11-29 17:58:00,2023-11-29,17:58:00,Leave
49176,2023-11-30 15:42:00,2023-11-30,15:42:00,Leave
49176,2023-12-27 11:14:00,2023-12-27,11:14:00,Attend
49176,2024-02-08 11:13:00,2024-02-08,11:13:00,Attend
49176,2024-02-19 19:01:00,2024-02-19,19:01:00,Leave
49176,2024-02-22 11:13:00,2024-02-22,11:13:00,Attend
49176,2024-03-26 10:08:00,2024-03-26,10:08:00,Attend
49176,2024-04-09 09:46:00,2024-04-09,09:46:00,Attend
49176,2024-06-06 11:19:00,2024-06-06,11:19:00,Attend
49179,2023-11-05 16:01:00,2023-11-05,16:01:00,Leave
49180,2024-02-16 15:58:00,2024-02-16,15:58:00,Attend
49181,2024-04-15 16:00:00,2024-04-15,16:00:00,Leave
49185,2023-11-13 18:01:00,2023-11-13,18:01:00,Leave
49185,2023-11-15 18:01:00,2023-11-15,18:01:00,Leave
49185,2023-12-04 18:36:00,2023-12-04,18:36:00,Leave
49185,2023-12-23 11:09:00,2023-12-23,11:09:00,Attend
49185,2023-12-24 19:58:00,2023-12-24,19:58:00,Leave
49185,2023-12-28 17:57:00,2023-12-28,17:57:00,Leave
49185,2023-12-31 18:08:00,2023-12-31,18:08:00,Leave
49185,2024-01-08 11:32:00,2024-01-08,11:32:00,Attend
49185,2024-01-09 19:37:00,2024-01-09,19:37:00,Leave
49185,2024-01-15 18:05:00,2024-01-15,18:05:00,Leave
49185,2024-01-22 18:06:00,2024-01-22,18:06:00,Leave
49185,2024-01-31 18:13:00,2024-01-31,18:13:00,Leave
49185,2024-02-01 18:00:00,2024-02-01,18:00:00,Leave
49185,2024-04-19 15:36:00,2024-04-19,15:36:00,Attend
49186,2023-11-21 19:10:00,2023-11-21,19:10:00,Leave
49186,2023-12-22 17:08:00,2023-12-22,17:08:00,Leave
49186,2024-06-15 18:08:00,2024-06-15,18:08:00,Leave
49188,2024-02-26 09:52:00,2024-02-26,09:52:00,Attend
49188,2024-03-02 09:54:00,2024-03-02,09:54:00,Attend
49188,2024-03-04 09:52:00,2024-03-04,09:52:00,Attend
49188,2024-03-09 09:42:00,2024-03-09,09:42:00,Attend
49188,2024-04-20 17:22:00,2024-04-20,17:22:00,Leave
49207,2024-02-29 13:38:00,2024-02-29,13:38:00,Attend
49207,2024-03-03 13:44:00,2024-03-03,13:44:00,Attend
49207,2024-03-07 13:47:00,2024-03-07,13:47:00,Attend
49208,2024-04-20 07:49:00,2024-04-20,07:49:00,Attend
49209,2023-11-14 16:36:00,2023-11-14,16:36:00,Leave
49209,2023-11-19 14:37:00,2023-11-19,14:37:00,Leave
49209,2023-11-21 16:34:00,2023-11-21,16:34:00,Leave
49209,2023-11-22 16:36:00,2023-11-22,16:36:00,Leave
49209,2023-12-18 09:12:00,2023-12-18,09:12:00,Attend
49209,2024-01-02 09:28:00,2024-01-02,09:28:00,Attend
49209,2024-01-04 09:29:00,2024-01-04,09:29:00,Attend
49209,2024-01-22 09:06:00,2024-01-22,09:06:00,Attend
49209,2024-02-20 09:43:00,2024-02-20,09:43:00,Attend
49209,2024-04-07 16:29:00,2024-04-07,16:29:00,Leave
49209,2024-04-18 16:52:00,2024-04-18,16:52:00,Leave
49210,2023-11-14 13:59:00,2023-11-14,13:59:00,Attend
49210,2023-11-25 12:38:00,2023-11-25,12:38:00,Attend
49210,2023-12-07 13:36:00,2023-12-07,13:36:00,Attend
49210,2023-12-11 11:16:00,2023-12-11,11:16:00,Attend
49211,2023-12-09 10:10:00,2023-12-09,10:10:00,Attend
49211,2023-12-25 09:41:00,2023-12-25,09:41:00,Attend
49211,2024-02-19 09:36:00,2024-02-19,09:36:00,Attend
49240,2024-02-17 08:07:00,2024-02-17,08:07:00,Attend
49240,2024-02-21 09:17:00,2024-02-21,09:17:00,Attend
49240,2024-03-09 08:11:00,2024-03-09,08:11:00,Attend
49240,2024-03-23 07:54:00,2024-03-23,07:54:00,Attend
49240,2024-04-20 12:58:00,2024-04-20,12:58:00,Leave
49242,2024-02-24 09:23:00,2024-02-24,09:23:00,Attend
49242,2024-02-26 09:05:00,2024-02-26,09:05:00,Attend
49242,2024-03-20 13:56:00,2024-03-20,13:56:00,Leave
49243,2024-02-25 09:15:00,2024-02-25,09:15:00,Attend
49244,2024-03-25 09:10:00,2024-03-25,09:10:00,Attend
49244,2024-03-27 09:14:00,2024-03-27,09:14:00,Attend
49244,2024-04-01 09:10:00,2024-04-01,09:10:00,Attend
49244,2024-04-03 09:25:00,2024-04-03,09:25:00,Attend
49244,2024-04-15 09:15:00,2024-04-15,09:15:00,Attend
49244,2024-04-17 09:11:00,2024-04-17,09:11:00,Attend
49245,2024-04-24 10:57:00,2024-04-24,10:57:00,Attend
49247,2024-04-02 11:21:00,2024-04-02,11:21:00,Attend
49247,2024-04-04 09:03:00,2024-04-04,09:03:00,Attend
49247,2024-04-07 09:14:00,2024-04-07,09:14:00,Attend
49247,2024-04-21 09:14:00,2024-04-21,09:14:00,Attend
49249,2024-02-17 10:16:00,2024-02-17,10:16:00,Attend
49249,2024-02-21 10:00:00,2024-02-21,10:00:00,Attend
49251,2023-11-11 14:17:00,2023-11-11,14:17:00,Attend
49251,2023-11-14 18:12:00,2023-11-14,18:12:00,Leave
49251,2023-11-15 12:01:00,2023-11-15,12:01:00,Attend
49251,2023-11-20 19:01:00,2023-11-20,19:01:00,Leave
49251,2023-11-21 12:47:00,2023-11-21,12:47:00,Attend
49251,2023-11-22 13:00:00,2023-11-22,13:00:00,Attend
49251,2023-11-23 13:05:00,2023-11-23,13:05:00,Attend
49251,2023-12-06 12:42:00,2023-12-06,12:42:00,Attend
49251,2023-12-09 12:38:00,2023-12-09,12:38:00,Attend
49251,2023-12-10 12:39:00,2023-12-10,12:39:00,Attend
49251,2023-12-11 11:54:00,2023-12-11,11:54:00,Attend
49251,2023-12-18 14:20:00,2023-12-18,14:20:00,Attend
49251,2023-12-25 13:30:00,2023-12-25,13:30:00,Attend
49251,2023-12-27 12:58:00,2023-12-27,12:58:00,Attend
49251,2023-12-30 13:04:00,2023-12-30,13:04:00,Attend
49251,2024-01-01 12:01:00,2024-01-01,12:01:00,Attend
49251,2024-01-02 19:02:00,2024-01-02,19:02:00,Leave
49251,2024-01-03 13:02:00,2024-01-03,13:02:00,Attend
49251,2024-01-07 12:25:00,2024-01-07,12:25:00,Attend
49251,2024-01-08 12:09:00,2024-01-08,12:09:00,Attend
49251,2024-01-11 11:21:00,2024-01-11,11:21:00,Attend
49251,2024-01-15 13:48:00,2024-01-15,13:48:00,Attend
49251,2024-01-23 12:44:00,2024-01-23,12:44:00,Attend
49251,2024-01-24 12:59:00,2024-01-24,12:59:00,Attend
49251,2024-01-31 13:09:00,2024-01-31,13:09:00,Attend
49251,2024-02-04 12:31:00,2024-02-04,12:31:00,Attend
49251,2024-02-08 12:09:00,2024-02-08,12:09:00,Attend
49251,2024-02-15 19:04:00,2024-02-15,19:04:00,Leave
49251,2024-02-17 12:28:00,2024-02-17,12:28:00,Attend
49251,2024-02-20 12:36:00,2024-02-20,12:36:00,Attend
49251,2024-03-22 14:58:00,2024-03-22,14:58:00,Attend
49251,2024-03-26 13:05:00,2024-03-26,13:05:00,Attend
49251,2024-03-28 22:19:00,2024-03-28,22:19:00,Leave
49251,2024-03-29 14:27:00,2024-03-29,14:27:00,Attend
49251,2024-03-30 13:05:00,2024-03-30,13:05:00,Attend
49251,2024-04-02 23:11:00,2024-04-02,23:11:00,Leave
49251,2024-04-04 16:34:00,2024-04-04,16:34:00,Attend
49251,2024-04-06 12:51:00,2024-04-06,12:51:00,Attend
49251,2024-04-08 22:35:00,2024-04-08,22:35:00,Leave
49251,2024-04-09 21:29:00,2024-04-09,21:29:00,Leave
49251,2024-04-22 13:09:00,2024-04-22,13:09:00,Attend
49251,2024-04-23 12:41:00,2024-04-23,12:41:00,Attend
49251,2024-05-30 13:04:00,2024-05-30,13:04:00,Attend
49251,2024-06-04 13:35:00,2024-06-04,13:35:00,Attend
49251,2024-06-06 13:20:00,2024-06-06,13:20:00,Attend
49251,2024-06-14 13:01:00,2024-06-14,13:01:00,Attend
49251,2024-06-15 17:25:00,2024-06-15,17:25:00,Attend
49251,2024-06-25 15:39:00,2024-06-25,15:39:00,Attend
49413,2024-03-11 19:42:00,2024-03-11,19:42:00,Attend
49416,2024-03-22 19:51:00,2024-03-22,19:51:00,Attend
49416,2024-03-25 00:02:00,2024-03-25,00:02:00,Leave
49416,2024-03-26 19:27:00,2024-03-26,19:27:00,Attend
49416,2024-04-09 10:02:00,2024-04-09,10:02:00,Attend
49416,2024-04-10 10:00:00,2024-04-10,10:00:00,Attend
49416,2024-04-13 17:46:00,2024-04-13,17:46:00,Attend
49416,2024-04-14 00:18:00,2024-04-14,00:18:00,Leave
49417,2024-03-10 16:14:00,2024-03-10,16:14:00,Leave
49417,2024-03-12 19:21:00,2024-03-12,19:21:00,Attend
49417,2024-03-13 19:25:00,2024-03-13,19:25:00,Attend
49417,2024-03-14 19:49:00,2024-03-14,19:49:00,Attend
49417,2024-03-17 19:34:00,2024-03-17,19:34:00,Attend
49417,2024-03-31 19:52:00,2024-03-31,19:52:00,Attend
49417,2024-04-07 19:53:00,2024-04-07,19:53:00,Attend
49417,2024-04-09 19:58:00,2024-04-09,19:58:00,Attend
49417,2024-04-21 18:49:00,2024-04-21,18:49:00,Leave
49418,2024-03-12 19:38:00,2024-03-12,19:38:00,Attend
49418,2024-03-17 19:54:00,2024-03-17,19:54:00,Attend
49418,2024-03-20 20:01:00,2024-03-20,20:01:00,Attend
49418,2024-03-22 00:28:00,2024-03-22,00:28:00,Leave
49418,2024-03-25 19:49:00,2024-03-25,19:49:00,Attend
49418,2024-03-30 19:51:00,2024-03-30,19:51:00,Attend
49418,2024-04-03 00:34:00,2024-04-03,00:34:00,Leave
49418,2024-04-04 19:57:00,2024-04-04,19:57:00,Attend
49418,2024-04-09 19:58:00,2024-04-09,19:58:00,Attend
49418,2024-04-10 00:28:00,2024-04-10,00:28:00,Leave
49419,2024-02-22 11:23:00,2024-02-22,11:23:00,Attend
49419,2024-03-08 11:15:00,2024-03-08,11:15:00,Attend
49419,2024-06-07 11:07:00,2024-06-07,11:07:00,Attend
49423,2024-04-06 15:53:00,2024-04-06,15:53:00,Attend
49426,2024-08-05 14:52:00,2024-08-05,14:52:00,Attend
49431,2024-02-19 09:56:00,2024-02-19,09:56:00,Attend
49431,2024-03-11 09:03:00,2024-03-11,09:03:00,Attend
49431,2024-03-20 09:06:00,2024-03-20,09:06:00,Attend
49439,2024-01-31 09:01:00,2024-01-31,09:01:00,Attend
49439,2024-04-20 11:54:00,2024-04-20,11:54:00,Attend
49439,2024-04-22 12:08:00,2024-04-22,12:08:00,Attend
49440,2024-08-05 08:57:00,2024-08-05,08:57:00,Attend
49441,2024-02-12 13:59:00,2024-02-12,13:59:00,Attend
49441,2024-02-24 13:46:00,2024-02-24,13:46:00,Attend
49443,2024-02-13 08:56:00,2024-02-13,08:56:00,Attend
49443,2024-02-27 09:38:00,2024-02-27,09:38:00,Attend
49443,2024-03-05 09:04:00,2024-03-05,09:04:00,Attend
49443,2024-03-10 09:04:00,2024-03-10,09:04:00,Attend
49443,2024-03-17 08:11:00,2024-03-17,08:11:00,Attend
49443,2024-03-26 07:52:00,2024-03-26,07:52:00,Attend
49443,2024-03-31 08:14:00,2024-03-31,08:14:00,Attend
49443,2024-04-02 08:25:00,2024-04-02,08:25:00,Attend
49443,2024-04-07 08:14:00,2024-04-07,08:14:00,Attend
49504,2024-02-14 16:15:00,2024-02-14,16:15:00,Attend
49504,2024-03-18 20:06:00,2024-03-18,20:06:00,Attend
49504,2024-03-23 20:05:00,2024-03-23,20:05:00,Attend
49504,2024-04-03 20:02:00,2024-04-03,20:02:00,Attend
49504,2024-04-05 13:04:00,2024-04-05,13:04:00,Attend
49504,2024-04-08 20:18:00,2024-04-08,20:18:00,Attend
49504,2024-04-10 00:12:00,2024-04-10,00:12:00,Leave
49504,2024-07-09 15:51:00,2024-07-09,15:51:00,Attend
49504,2024-07-11 16:52:00,2024-07-11,16:52:00,Attend
49506,2024-01-06 15:00:00,2024-01-06,15:00:00,Attend
49506,2024-01-08 14:56:00,2024-01-08,14:56:00,Attend
49506,2024-01-09 12:06:00,2024-01-09,12:06:00,Attend
49506,2024-01-10 15:21:00,2024-01-10,15:21:00,Attend
49506,2024-01-11 16:36:00,2024-01-11,16:36:00,Attend
49506,2024-01-12 16:57:00,2024-01-12,16:57:00,Attend
49506,2024-01-13 13:18:00,2024-01-13,13:18:00,Attend
49506,2024-01-18 17:12:00,2024-01-18,17:12:00,Attend
49506,2024-01-19 16:41:00,2024-01-19,16:41:00,Attend
49506,2024-01-26 15:57:00,2024-01-26,15:57:00,Attend
49506,2024-01-31 12:18:00,2024-01-31,12:18:00,Attend
49506,2024-02-03 15:56:00,2024-02-03,15:56:00,Attend
49506,2024-02-04 16:13:00,2024-02-04,16:13:00,Attend
49506,2024-02-05 22:00:00,2024-02-05,22:00:00,Leave
49506,2024-02-07 13:27:00,2024-02-07,13:27:00,Attend
49506,2024-02-12 17:12:00,2024-02-12,17:12:00,Leave
49506,2024-02-13 15:00:00,2024-02-13,15:00:00,Attend
49506,2024-02-20 15:30:00,2024-02-20,15:30:00,Attend
49506,2024-02-21 15:10:00,2024-02-21,15:10:00,Attend
49506,2024-02-24 18:38:00,2024-02-24,18:38:00,Leave
49506,2024-02-27 16:24:00,2024-02-27,16:24:00,Attend
49506,2024-02-28 16:07:00,2024-02-28,16:07:00,Attend
49506,2024-03-01 17:25:00,2024-03-01,17:25:00,Attend
49506,2024-03-04 15:14:00,2024-03-04,15:14:00,Attend
49506,2024-03-08 17:14:00,2024-03-08,17:14:00,Attend
49506,2024-03-09 14:06:00,2024-03-09,14:06:00,Attend
49506,2024-03-11 20:26:00,2024-03-11,20:26:00,Attend
49506,2024-03-12 20:05:00,2024-03-12,20:05:00,Attend
49506,2024-03-15 20:35:00,2024-03-15,20:35:00,Attend
49506,2024-03-16 19:07:00,2024-03-16,19:07:00,Attend
49506,2024-03-17 20:16:00,2024-03-17,20:16:00,Attend
49506,2024-03-19 20:04:00,2024-03-19,20:04:00,Attend
49506,2024-03-20 20:03:00,2024-03-20,20:03:00,Attend
49506,2024-03-21 19:12:00,2024-03-21,19:12:00,Attend
49506,2024-03-22 20:24:00,2024-03-22,20:24:00,Attend
49506,2024-03-23 19:39:00,2024-03-23,19:39:00,Attend
49506,2024-03-25 12:51:00,2024-03-25,12:51:00,Attend
49506,2024-03-26 20:13:00,2024-03-26,20:13:00,Attend
49506,2024-03-27 20:14:00,2024-03-27,20:14:00,Attend
49506,2024-04-01 11:31:00,2024-04-01,11:31:00,Attend
49506,2024-04-04 19:59:00,2024-04-04,19:59:00,Attend
49506,2024-04-05 00:05:00,2024-04-05,00:05:00,Leave
49506,2024-04-06 00:13:00,2024-04-06,00:13:00,Leave
49506,2024-04-09 21:31:00,2024-04-09,21:31:00,Attend
49506,2024-04-13 17:21:00,2024-04-13,17:21:00,Attend
49506,2024-04-14 16:31:00,2024-04-14,16:31:00,Attend
49506,2024-04-15 15:31:00,2024-04-15,15:31:00,Attend
49508,2023-12-10 18:08:00,2023-12-10,18:08:00,Attend
49508,2023-12-21 18:47:00,2023-12-21,18:47:00,Leave
49508,2023-12-24 18:54:00,2023-12-24,18:54:00,Leave
49508,2023-12-26 18:53:00,2023-12-26,18:53:00,Leave
49508,2024-01-07 18:53:00,2024-01-07,18:53:00,Leave
49508,2024-01-09 10:06:00,2024-01-09,10:06:00,Attend
49508,2024-01-14 16:56:00,2024-01-14,16:56:00,Attend
49508,2024-01-18 10:07:00,2024-01-18,10:07:00,Attend
49508,2024-01-21 18:55:00,2024-01-21,18:55:00,Leave
49508,2024-01-23 18:48:00,2024-01-23,18:48:00,Leave
49508,2024-01-30 14:36:00,2024-01-30,14:36:00,Attend
49508,2024-02-04 13:34:00,2024-02-04,13:34:00,Attend
49508,2024-02-06 09:49:00,2024-02-06,09:49:00,Attend
49508,2024-02-08 08:59:00,2024-02-08,08:59:00,Attend
49508,2024-02-13 12:20:00,2024-02-13,12:20:00,Attend
49508,2024-02-15 10:04:00,2024-02-15,10:04:00,Attend
49508,2024-02-25 13:44:00,2024-02-25,13:44:00,Attend
49508,2024-02-27 10:04:00,2024-02-27,10:04:00,Attend
49508,2024-03-07 14:10:00,2024-03-07,14:10:00,Attend
49508,2024-03-17 08:55:00,2024-03-17,08:55:00,Attend
49508,2024-03-19 09:01:00,2024-03-19,09:01:00,Attend
49509,2023-12-14 18:57:00,2023-12-14,18:57:00,Leave
49509,2024-02-15 09:01:00,2024-02-15,09:01:00,Attend
49509,2024-02-18 18:47:00,2024-02-18,18:47:00,Leave
49509,2024-02-29 13:05:00,2024-02-29,13:05:00,Attend
49510,2023-11-30 15:10:00,2023-11-30,15:10:00,Attend
49510,2023-12-05 14:51:00,2023-12-05,14:51:00,Attend
49510,2023-12-17 14:48:00,2023-12-17,14:48:00,Attend
49511,2023-12-10 14:58:00,2023-12-10,14:58:00,Attend
49511,2024-02-06 18:57:00,2024-02-06,18:57:00,Attend
49511,2024-02-27 19:02:00,2024-02-27,19:02:00,Leave
49511,2024-03-17 12:05:00,2024-03-17,12:05:00,Attend
49511,2024-04-02 13:53:00,2024-04-02,13:53:00,Attend
49511,2024-04-07 15:57:00,2024-04-07,15:57:00,Leave
49511,2024-04-14 18:03:00,2024-04-14,18:03:00,Leave
49512,2023-12-14 14:19:00,2023-12-14,14:19:00,Attend
49512,2024-01-16 12:57:00,2024-01-16,12:57:00,Attend
49512,2024-01-18 12:55:00,2024-01-18,12:55:00,Attend
49512,2024-01-23 13:01:00,2024-01-23,13:01:00,Attend
49512,2024-01-25 18:43:00,2024-01-25,18:43:00,Attend
49512,2024-02-08 12:26:00,2024-02-08,12:26:00,Attend
49512,2024-02-11 11:57:00,2024-02-11,11:57:00,Attend
49512,2024-02-22 15:26:00,2024-02-22,15:26:00,Attend
49512,2024-03-17 07:35:00,2024-03-17,07:35:00,Attend
49512,2024-03-24 07:42:00,2024-03-24,07:42:00,Attend
49514,2023-11-30 17:59:00,2023-11-30,17:59:00,Leave
49558,2024-02-01 12:13:00,2024-02-01,12:13:00,Leave
49558,2024-02-13 09:41:00,2024-02-13,09:41:00,Attend
49558,2024-03-14 09:28:00,2024-03-14,09:28:00,Attend
49558,2024-03-17 09:57:00,2024-03-17,09:57:00,Attend
49558,2024-03-24 09:36:00,2024-03-24,09:36:00,Attend
49642,2024-03-14 19:14:00,2024-03-14,19:14:00,Attend
49642,2024-03-19 19:28:00,2024-03-19,19:28:00,Attend
49642,2024-03-24 19:24:00,2024-03-24,19:24:00,Attend
49642,2024-03-27 19:38:00,2024-03-27,19:38:00,Attend
49642,2024-03-29 19:51:00,2024-03-29,19:51:00,Attend
49642,2024-04-04 19:54:00,2024-04-04,19:54:00,Attend
49642,2024-04-08 20:14:00,2024-04-08,20:14:00,Attend
49642,2024-04-10 00:02:00,2024-04-10,00:02:00,Leave
49643,2024-01-05 13:00:00,2024-01-05,13:00:00,Attend
49643,2024-01-18 12:12:00,2024-01-18,12:12:00,Attend
49643,2024-03-13 19:31:00,2024-03-13,19:31:00,Attend
49643,2024-03-20 19:46:00,2024-03-20,19:46:00,Attend
49643,2024-03-26 19:33:00,2024-03-26,19:33:00,Attend
49643,2024-03-31 19:58:00,2024-03-31,19:58:00,Attend
49643,2024-04-02 19:50:00,2024-04-02,19:50:00,Attend
49643,2024-04-04 23:49:00,2024-04-04,23:49:00,Leave
49643,2024-04-05 19:29:00,2024-04-05,19:29:00,Attend
49643,2024-04-07 19:46:00,2024-04-07,19:46:00,Attend
49643,2024-04-10 00:03:00,2024-04-10,00:03:00,Leave
49643,2024-05-25 16:03:00,2024-05-25,16:03:00,Attend
49643,2024-06-26 01:00:00,2024-06-26,01:00:00,Leave
49643,2024-07-25 17:16:00,2024-07-25,17:16:00,Attend
49645,2024-01-21 08:57:00,2024-01-21,08:57:00,Attend
49645,2024-03-05 09:05:00,2024-03-05,09:05:00,Attend
49645,2024-03-07 09:05:00,2024-03-07,09:05:00,Attend
49645,2024-08-05 13:59:00,2024-08-05,13:59:00,Attend
49646,2023-11-25 14:59:00,2023-11-25,14:59:00,Attend
49646,2023-11-29 14:45:00,2023-11-29,14:45:00,Attend
49646,2023-12-06 15:07:00,2023-12-06,15:07:00,Attend
49646,2024-04-01 14:42:00,2024-04-01,14:42:00,Attend
49647,2024-01-29 09:04:00,2024-01-29,09:04:00,Attend
49648,2023-12-02 08:58:00,2023-12-02,08:58:00,Attend
49648,2023-12-06 08:59:00,2023-12-06,08:59:00,Attend
49648,2023-12-11 08:54:00,2023-12-11,08:54:00,Attend
49648,2024-02-03 09:02:00,2024-02-03,09:02:00,Attend
49650,2024-01-17 16:49:00,2024-01-17,16:49:00,Leave
49650,2024-01-20 15:07:00,2024-01-20,15:07:00,Attend
49650,2024-01-29 15:00:00,2024-01-29,15:00:00,Attend
49650,2024-02-07 15:05:00,2024-02-07,15:05:00,Attend
49650,2024-02-26 15:07:00,2024-02-26,15:07:00,Attend
49650,2024-03-12 14:32:00,2024-03-12,14:32:00,Leave
49650,2024-03-14 14:39:00,2024-03-14,14:39:00,Leave
49650,2024-03-20 14:08:00,2024-03-20,14:08:00,Attend
49650,2024-03-23 14:10:00,2024-03-23,14:10:00,Attend
49650,2024-03-27 13:56:00,2024-03-27,13:56:00,Attend
49650,2024-04-22 14:56:00,2024-04-22,14:56:00,Attend
49650,2024-08-05 16:05:00,2024-08-05,16:05:00,Attend
49651,2024-01-28 11:35:00,2024-01-28,11:35:00,Attend
49651,2024-03-03 11:17:00,2024-03-03,11:17:00,Attend
49651,2024-03-10 11:06:00,2024-03-10,11:06:00,Attend
49651,2024-03-17 10:18:00,2024-03-17,10:18:00,Attend
49651,2024-03-19 11:02:00,2024-03-19,11:02:00,Attend
49651,2024-03-28 10:32:00,2024-03-28,10:32:00,Attend
49651,2024-04-07 10:26:00,2024-04-07,10:26:00,Attend
49651,2024-04-16 10:59:00,2024-04-16,10:59:00,Attend
49651,2024-04-21 10:10:00,2024-04-21,10:10:00,Attend
49652,2023-11-27 18:01:00,2023-11-27,18:01:00,Leave
49652,2024-02-12 15:58:00,2024-02-12,15:58:00,Leave
49652,2024-02-21 07:56:00,2024-02-21,07:56:00,Attend
49652,2024-04-03 08:43:00,2024-04-03,08:43:00,Attend
49653,2023-11-25 09:03:00,2023-11-25,09:03:00,Attend
49653,2024-01-24 10:09:00,2024-01-24,10:09:00,Attend
49653,2024-03-06 08:58:00,2024-03-06,08:58:00,Attend
49653,2024-03-28 09:08:00,2024-03-28,09:08:00,Attend
49653,2024-04-03 07:53:00,2024-04-03,07:53:00,Attend
49653,2024-04-17 08:51:00,2024-04-17,08:51:00,Attend
49654,2024-02-22 08:51:00,2024-02-22,08:51:00,Attend
49654,2024-03-05 14:51:00,2024-03-05,14:51:00,Leave
49654,2024-03-14 08:58:00,2024-03-14,08:58:00,Attend
49654,2024-03-19 12:41:00,2024-03-19,12:41:00,Leave
49654,2024-03-24 12:01:00,2024-03-24,12:01:00,Leave
49656,2023-11-27 16:14:00,2023-11-27,16:14:00,Leave
49656,2023-12-04 16:19:00,2023-12-04,16:19:00,Leave
49656,2023-12-20 15:32:00,2023-12-20,15:32:00,Leave
49656,2023-12-25 16:08:00,2023-12-25,16:08:00,Leave
49656,2023-12-27 11:35:00,2023-12-27,11:35:00,Attend
49656,2024-01-03 15:06:00,2024-01-03,15:06:00,Leave
49656,2024-01-08 16:14:00,2024-01-08,16:14:00,Leave
49656,2024-02-14 15:43:00,2024-02-14,15:43:00,Leave
49656,2024-03-23 15:46:00,2024-03-23,15:46:00,Leave
49657,2023-11-27 09:04:00,2023-11-27,09:04:00,Attend
49657,2023-11-29 09:05:00,2023-11-29,09:05:00,Attend
49657,2023-12-04 09:04:00,2023-12-04,09:04:00,Attend
49657,2023-12-27 08:57:00,2023-12-27,08:57:00,Attend
49657,2023-12-30 08:59:00,2023-12-30,08:59:00,Attend
49657,2024-01-03 09:01:00,2024-01-03,09:01:00,Attend
49657,2024-01-06 08:57:00,2024-01-06,08:57:00,Attend
49657,2024-01-17 08:59:00,2024-01-17,08:59:00,Attend
49657,2024-01-22 09:01:00,2024-01-22,09:01:00,Attend
49657,2024-01-29 09:04:00,2024-01-29,09:04:00,Attend
49657,2024-01-31 08:59:00,2024-01-31,08:59:00,Attend
49657,2024-02-03 08:58:00,2024-02-03,08:58:00,Attend
49657,2024-02-10 09:00:00,2024-02-10,09:00:00,Attend
49657,2024-02-12 08:58:00,2024-02-12,08:58:00,Attend
49657,2024-03-16 08:58:00,2024-03-16,08:58:00,Attend
49657,2024-03-18 09:01:00,2024-03-18,09:01:00,Attend
49657,2024-03-20 09:00:00,2024-03-20,09:00:00,Attend
49657,2024-03-23 08:57:00,2024-03-23,08:57:00,Attend
49657,2024-03-25 08:56:00,2024-03-25,08:56:00,Attend
49657,2024-03-27 08:56:00,2024-03-27,08:56:00,Attend
49657,2024-03-30 09:00:00,2024-03-30,09:00:00,Attend
49657,2024-04-06 09:00:00,2024-04-06,09:00:00,Attend
49657,2024-04-15 09:00:00,2024-04-15,09:00:00,Attend
49657,2024-04-20 08:59:00,2024-04-20,08:59:00,Attend
49657,2024-04-22 09:08:00,2024-04-22,09:08:00,Attend
49658,2023-11-19 13:01:00,2023-11-19,13:01:00,Attend
49658,2023-12-04 14:01:00,2023-12-04,14:01:00,Attend
49658,2023-12-13 13:55:00,2023-12-13,13:55:00,Attend
49658,2023-12-16 13:57:00,2023-12-16,13:57:00,Attend
49658,2024-01-10 13:30:00,2024-01-10,13:30:00,Attend
49658,2024-01-13 14:00:00,2024-01-13,14:00:00,Attend
49658,2024-02-19 18:06:00,2024-02-19,18:06:00,Leave
49658,2024-03-02 11:53:00,2024-03-02,11:53:00,Attend
49658,2024-03-06 12:34:00,2024-03-06,12:34:00,Attend
49658,2024-04-03 11:46:00,2024-04-03,11:46:00,Attend
49660,2023-12-23 19:11:00,2023-12-23,19:11:00,Leave
49660,2023-12-30 19:09:00,2023-12-30,19:09:00,Leave
49660,2024-01-10 13:27:00,2024-01-10,13:27:00,Attend
49660,2024-01-15 12:49:00,2024-01-15,12:49:00,Attend
49660,2024-01-24 11:29:00,2024-01-24,11:29:00,Attend
49660,2024-02-05 13:43:00,2024-02-05,13:43:00,Attend
49660,2024-03-25 13:54:00,2024-03-25,13:54:00,Attend
49660,2024-03-27 10:45:00,2024-03-27,10:45:00,Attend
49660,2024-03-30 12:01:00,2024-03-30,12:01:00,Attend
49660,2024-04-01 11:10:00,2024-04-01,11:10:00,Attend
49660,2024-04-20 12:57:00,2024-04-20,12:57:00,Attend
49660,2024-04-24 11:04:00,2024-04-24,11:04:00,Attend
49661,2023-12-23 19:06:00,2023-12-23,19:06:00,Leave
49661,2023-12-25 14:03:00,2023-12-25,14:03:00,Attend
49661,2024-01-06 18:10:00,2024-01-06,18:10:00,Leave
49661,2024-01-31 16:26:00,2024-01-31,16:26:00,Attend
49661,2024-02-05 11:41:00,2024-02-05,11:41:00,Attend
49661,2024-02-12 16:04:00,2024-02-12,16:04:00,Attend
49661,2024-02-19 14:07:00,2024-02-19,14:07:00,Attend
49661,2024-03-04 11:39:00,2024-03-04,11:39:00,Attend
49661,2024-03-06 13:40:00,2024-03-06,13:40:00,Attend
49661,2024-03-09 13:30:00,2024-03-09,13:30:00,Attend
49661,2024-03-23 11:45:00,2024-03-23,11:45:00,Attend
49661,2024-03-25 13:56:00,2024-03-25,13:56:00,Attend
49661,2024-03-30 12:01:00,2024-03-30,12:01:00,Attend
49661,2024-04-15 12:39:00,2024-04-15,12:39:00,Attend
49661,2024-04-20 12:56:00,2024-04-20,12:56:00,Attend
49661,2024-04-22 15:56:00,2024-04-22,15:56:00,Attend
49663,2023-11-23 10:13:00,2023-11-23,10:13:00,Attend
49663,2023-12-03 09:04:00,2023-12-03,09:04:00,Attend
49663,2023-12-05 08:51:00,2023-12-05,08:51:00,Attend
49663,2023-12-07 10:03:00,2023-12-07,10:03:00,Attend
49663,2023-12-10 09:00:00,2023-12-10,09:00:00,Attend
49663,2023-12-21 08:51:00,2023-12-21,08:51:00,Attend
49664,2023-11-18 19:02:00,2023-11-18,19:02:00,Leave
49664,2023-12-25 13:54:00,2023-12-25,13:54:00,Attend
49664,2023-12-27 12:58:00,2023-12-27,12:58:00,Attend
49664,2024-01-11 17:19:00,2024-01-11,17:19:00,Leave
49664,2024-01-24 12:52:00,2024-01-24,12:52:00,Attend
49664,2024-02-17 14:03:00,2024-02-17,14:03:00,Attend
49664,2024-02-21 13:52:00,2024-02-21,13:52:00,Attend
49664,2024-02-24 18:57:00,2024-02-24,18:57:00,Leave
49664,2024-03-06 14:05:00,2024-03-06,14:05:00,Attend
49664,2024-03-18 10:01:00,2024-03-18,10:01:00,Attend
49664,2024-03-20 15:03:00,2024-03-20,15:03:00,Leave
49664,2024-04-06 09:49:00,2024-04-06,09:49:00,Attend
49665,2023-11-21 16:07:00,2023-11-21,16:07:00,Leave
49665,2023-11-23 11:03:00,2023-11-23,11:03:00,Attend
49666,2023-11-19 19:03:00,2023-11-19,19:03:00,Attend
49666,2023-12-10 19:06:00,2023-12-10,19:06:00,Leave
49666,2023-12-19 14:03:00,2023-12-19,14:03:00,Attend
49667,2023-11-26 08:59:00,2023-11-26,08:59:00,Attend
49667,2023-11-28 08:54:00,2023-11-28,08:54:00,Attend
49667,2023-11-30 09:05:00,2023-11-30,09:05:00,Attend
49667,2023-12-03 08:50:00,2023-12-03,08:50:00,Attend
49667,2023-12-17 09:57:00,2023-12-17,09:57:00,Attend
49667,2023-12-21 09:02:00,2023-12-21,09:02:00,Attend
49667,2023-12-24 09:00:00,2023-12-24,09:00:00,Attend
49667,2023-12-26 08:59:00,2023-12-26,08:59:00,Attend
49667,2023-12-28 08:55:00,2023-12-28,08:55:00,Attend
49667,2023-12-31 09:13:00,2023-12-31,09:13:00,Attend
49667,2024-01-02 09:34:00,2024-01-02,09:34:00,Attend
49667,2024-01-04 08:38:00,2024-01-04,08:38:00,Attend
49667,2024-01-07 08:57:00,2024-01-07,08:57:00,Attend
49667,2024-01-09 09:56:00,2024-01-09,09:56:00,Attend
49667,2024-01-11 08:42:00,2024-01-11,08:42:00,Attend
49667,2024-01-14 09:55:00,2024-01-14,09:55:00,Attend
49667,2024-01-16 09:54:00,2024-01-16,09:54:00,Attend
49667,2024-01-18 08:54:00,2024-01-18,08:54:00,Attend
49667,2024-01-21 09:53:00,2024-01-21,09:53:00,Attend
49667,2024-01-23 08:53:00,2024-01-23,08:53:00,Attend
49667,2024-01-25 09:54:00,2024-01-25,09:54:00,Attend
49667,2024-01-28 09:58:00,2024-01-28,09:58:00,Attend
49667,2024-01-30 08:59:00,2024-01-30,08:59:00,Attend
49667,2024-02-01 09:52:00,2024-02-01,09:52:00,Attend
49667,2024-02-04 09:59:00,2024-02-04,09:59:00,Attend
49667,2024-02-06 08:52:00,2024-02-06,08:52:00,Attend
49667,2024-02-08 08:49:00,2024-02-08,08:49:00,Attend
49667,2024-02-11 08:52:00,2024-02-11,08:52:00,Attend
49667,2024-02-13 08:55:00,2024-02-13,08:55:00,Attend
49667,2024-02-15 09:00:00,2024-02-15,09:00:00,Attend
49667,2024-02-18 08:56:00,2024-02-18,08:56:00,Attend
49667,2024-02-20 09:06:00,2024-02-20,09:06:00,Attend
49667,2024-02-22 10:23:00,2024-02-22,10:23:00,Attend
49667,2024-02-25 14:24:00,2024-02-25,14:24:00,Attend
49667,2024-02-27 09:49:00,2024-02-27,09:49:00,Attend
49667,2024-02-29 08:56:00,2024-02-29,08:56:00,Attend
49667,2024-03-03 08:58:00,2024-03-03,08:58:00,Attend
49667,2024-03-05 09:51:00,2024-03-05,09:51:00,Attend
49667,2024-03-10 09:02:00,2024-03-10,09:02:00,Attend
49667,2024-03-12 08:57:00,2024-03-12,08:57:00,Attend
49667,2024-03-14 09:09:00,2024-03-14,09:09:00,Attend
49667,2024-03-17 08:53:00,2024-03-17,08:53:00,Attend
49667,2024-03-21 08:51:00,2024-03-21,08:51:00,Attend
49667,2024-03-24 08:49:00,2024-03-24,08:49:00,Attend
49667,2024-03-26 11:29:00,2024-03-26,11:29:00,Attend
49667,2024-03-28 08:47:00,2024-03-28,08:47:00,Attend
49667,2024-04-04 08:35:00,2024-04-04,08:35:00,Attend
49667,2024-04-14 08:56:00,2024-04-14,08:56:00,Attend
49667,2024-04-16 09:13:00,2024-04-16,09:13:00,Attend
49667,2024-04-25 08:55:00,2024-04-25,08:55:00,Attend
49667,2024-05-23 13:58:00,2024-05-23,13:58:00,Attend
49668,2023-11-20 10:51:00,2023-11-20,10:51:00,Attend
49668,2023-11-25 10:43:00,2023-11-25,10:43:00,Attend
49668,2023-11-27 11:20:00,2023-11-27,11:20:00,Attend
49668,2023-12-09 14:26:00,2023-12-09,14:26:00,Attend
49668,2023-12-11 11:28:00,2023-12-11,11:28:00,Attend
49668,2023-12-13 10:06:00,2023-12-13,10:06:00,Attend
49668,2023-12-20 11:21:00,2023-12-20,11:21:00,Attend
49668,2023-12-23 16:58:00,2023-12-23,16:58:00,Attend
49668,2024-01-08 15:57:00,2024-01-08,15:57:00,Attend
49668,2024-01-20 13:20:00,2024-01-20,13:20:00,Attend
49668,2024-01-31 10:16:00,2024-01-31,10:16:00,Attend
49668,2024-02-03 13:00:00,2024-02-03,13:00:00,Attend
49668,2024-02-17 12:52:00,2024-02-17,12:52:00,Attend
49668,2024-02-26 12:33:00,2024-02-26,12:33:00,Attend
49668,2024-03-04 11:12:00,2024-03-04,11:12:00,Attend
49668,2024-03-11 10:39:00,2024-03-11,10:39:00,Attend
49668,2024-03-18 10:19:00,2024-03-18,10:19:00,Attend
49668,2024-03-20 10:04:00,2024-03-20,10:04:00,Attend
49668,2024-03-30 11:31:00,2024-03-30,11:31:00,Attend
49669,2023-11-21 12:24:00,2023-11-21,12:24:00,Attend
49669,2024-03-12 13:56:00,2024-03-12,13:56:00,Leave
49670,2024-02-28 18:38:00,2024-02-28,18:38:00,Leave
49670,2024-03-04 13:36:00,2024-03-04,13:36:00,Attend
49671,2023-11-19 19:02:00,2023-11-19,19:02:00,Leave
49671,2023-11-21 19:00:00,2023-11-21,19:00:00,Leave
49671,2023-11-27 12:04:00,2023-11-27,12:04:00,Attend
49671,2023-12-10 11:58:00,2023-12-10,11:58:00,Attend
49671,2023-12-20 08:53:00,2023-12-20,08:53:00,Attend
49671,2023-12-23 19:12:00,2023-12-23,19:12:00,Leave
49671,2024-01-07 11:54:00,2024-01-07,11:54:00,Attend
49671,2024-01-15 09:06:00,2024-01-15,09:06:00,Attend
49671,2024-01-18 09:06:00,2024-01-18,09:06:00,Attend
49671,2024-01-27 09:04:00,2024-01-27,09:04:00,Attend
49671,2024-02-07 09:04:00,2024-02-07,09:04:00,Attend
49671,2024-02-13 12:09:00,2024-02-13,12:09:00,Attend
49672,2023-12-20 13:30:00,2023-12-20,13:30:00,Attend
49672,2024-04-24 09:50:00,2024-04-24,09:50:00,Attend
49755,2023-12-06 11:26:00,2023-12-06,11:26:00,Attend
49755,2023-12-09 11:55:00,2023-12-09,11:55:00,Attend
49755,2024-01-22 11:38:00,2024-01-22,11:38:00,Attend
49755,2024-02-12 11:39:00,2024-02-12,11:39:00,Attend
49755,2024-04-22 12:20:00,2024-04-22,12:20:00,Attend
49756,2024-03-09 12:45:00,2024-03-09,12:45:00,Attend
49757,2024-02-04 10:02:00,2024-02-04,10:02:00,Attend
49757,2024-02-08 10:00:00,2024-02-08,10:00:00,Attend
49757,2024-03-21 09:17:00,2024-03-21,09:17:00,Attend
49757,2024-04-18 09:45:00,2024-04-18,09:45:00,Attend
49759,2024-01-22 10:03:00,2024-01-22,10:03:00,Attend
49759,2024-01-24 09:59:00,2024-01-24,09:59:00,Attend
49759,2024-01-29 10:03:00,2024-01-29,10:03:00,Attend
49759,2024-01-31 10:07:00,2024-01-31,10:07:00,Attend
49759,2024-02-10 10:03:00,2024-02-10,10:03:00,Attend
49759,2024-02-21 10:01:00,2024-02-21,10:01:00,Attend
49759,2024-03-06 10:02:00,2024-03-06,10:02:00,Attend
49759,2024-04-08 09:01:00,2024-04-08,09:01:00,Attend
49760,2024-01-18 11:03:00,2024-01-18,11:03:00,Attend
49760,2024-02-04 13:00:00,2024-02-04,13:00:00,Attend
49760,2024-02-20 13:23:00,2024-02-20,13:23:00,Attend
49760,2024-03-05 11:54:00,2024-03-05,11:54:00,Attend
49760,2024-03-10 11:32:00,2024-03-10,11:32:00,Attend
49760,2024-03-19 09:21:00,2024-03-19,09:21:00,Attend
49760,2024-04-23 17:44:00,2024-04-23,17:44:00,Leave
49765,2023-12-03 09:09:00,2023-12-03,09:09:00,Attend
49765,2023-12-05 09:14:00,2023-12-05,09:14:00,Attend
49765,2023-12-10 09:20:00,2023-12-10,09:20:00,Attend
49765,2023-12-12 09:09:00,2023-12-12,09:09:00,Attend
49765,2023-12-19 09:04:00,2023-12-19,09:04:00,Attend
49765,2023-12-24 09:16:00,2023-12-24,09:16:00,Attend
49765,2023-12-26 09:08:00,2023-12-26,09:08:00,Attend
49765,2024-01-06 09:51:00,2024-01-06,09:51:00,Attend
49765,2024-01-08 09:22:00,2024-01-08,09:22:00,Attend
49765,2024-01-10 09:57:00,2024-01-10,09:57:00,Attend
49765,2024-01-15 08:54:00,2024-01-15,08:54:00,Attend
49765,2024-01-17 09:28:00,2024-01-17,09:28:00,Attend
49765,2024-01-20 10:08:00,2024-01-20,10:08:00,Attend
49765,2024-01-22 09:34:00,2024-01-22,09:34:00,Attend
49765,2024-01-24 10:07:00,2024-01-24,10:07:00,Attend
49765,2024-01-25 09:13:00,2024-01-25,09:13:00,Attend
49765,2024-01-27 10:14:00,2024-01-27,10:14:00,Attend
49765,2024-01-29 09:10:00,2024-01-29,09:10:00,Attend
49765,2024-01-31 09:08:00,2024-01-31,09:08:00,Attend
49765,2024-02-03 09:16:00,2024-02-03,09:16:00,Attend
49765,2024-02-05 09:11:00,2024-02-05,09:11:00,Attend
49765,2024-02-17 09:04:00,2024-02-17,09:04:00,Attend
49765,2024-02-19 09:19:00,2024-02-19,09:19:00,Attend
49765,2024-02-20 09:03:00,2024-02-20,09:03:00,Attend
49765,2024-02-24 09:08:00,2024-02-24,09:08:00,Attend
49765,2024-02-28 09:15:00,2024-02-28,09:15:00,Attend
49765,2024-03-02 09:25:00,2024-03-02,09:25:00,Attend
49765,2024-03-04 09:17:00,2024-03-04,09:17:00,Attend
49765,2024-03-06 09:08:00,2024-03-06,09:08:00,Attend
49765,2024-03-16 10:01:00,2024-03-16,10:01:00,Attend
49765,2024-03-20 08:33:00,2024-03-20,08:33:00,Attend
49765,2024-03-27 09:14:00,2024-03-27,09:14:00,Attend
49765,2024-03-30 08:23:00,2024-03-30,08:23:00,Attend
49765,2024-04-01 08:18:00,2024-04-01,08:18:00,Attend
49765,2024-04-06 08:22:00,2024-04-06,08:22:00,Attend
49765,2024-04-08 09:29:00,2024-04-08,09:29:00,Attend
49765,2024-04-15 09:26:00,2024-04-15,09:26:00,Attend
49765,2024-04-22 09:50:00,2024-04-22,09:50:00,Attend
49765,2024-04-23 10:49:00,2024-04-23,10:49:00,Attend
49765,2024-04-24 09:18:00,2024-04-24,09:18:00,Attend
49766,2023-12-03 09:28:00,2023-12-03,09:28:00,Attend
49766,2023-12-07 15:08:00,2023-12-07,15:08:00,Leave
49766,2023-12-12 09:25:00,2023-12-12,09:25:00,Attend
49766,2023-12-17 10:28:00,2023-12-17,10:28:00,Attend
49766,2023-12-28 14:12:00,2023-12-28,14:12:00,Leave
49766,2023-12-31 15:12:00,2023-12-31,15:12:00,Leave
49766,2024-04-07 15:14:00,2024-04-07,15:14:00,Leave
49766,2024-05-23 16:12:00,2024-05-23,16:12:00,Leave
49767,2023-11-29 09:12:00,2023-11-29,09:12:00,Attend
49767,2023-12-02 08:56:00,2023-12-02,08:56:00,Attend
49767,2023-12-16 09:19:00,2023-12-16,09:19:00,Attend
49767,2023-12-20 09:02:00,2023-12-20,09:02:00,Attend
49767,2023-12-23 09:31:00,2023-12-23,09:31:00,Attend
49767,2023-12-25 09:15:00,2023-12-25,09:15:00,Attend
49767,2023-12-30 09:24:00,2023-12-30,09:24:00,Attend
49767,2024-01-01 09:22:00,2024-01-01,09:22:00,Attend
49767,2024-01-06 09:49:00,2024-01-06,09:49:00,Attend
49767,2024-01-10 09:18:00,2024-01-10,09:18:00,Attend
49767,2024-01-13 08:46:00,2024-01-13,08:46:00,Attend
49767,2024-01-15 09:03:00,2024-01-15,09:03:00,Attend
49767,2024-01-17 08:51:00,2024-01-17,08:51:00,Attend
49767,2024-01-20 08:51:00,2024-01-20,08:51:00,Attend
49767,2024-01-22 08:55:00,2024-01-22,08:55:00,Attend
49767,2024-01-24 08:43:00,2024-01-24,08:43:00,Attend
49767,2024-01-27 09:20:00,2024-01-27,09:20:00,Attend
49767,2024-01-29 08:58:00,2024-01-29,08:58:00,Attend
49767,2024-01-31 09:25:00,2024-01-31,09:25:00,Attend
49767,2024-02-03 08:58:00,2024-02-03,08:58:00,Attend
49767,2024-02-05 09:21:00,2024-02-05,09:21:00,Attend
49767,2024-02-07 08:57:00,2024-02-07,08:57:00,Attend
49767,2024-02-10 09:17:00,2024-02-10,09:17:00,Attend
49767,2024-02-12 10:01:00,2024-02-12,10:01:00,Attend
49767,2024-02-14 08:59:00,2024-02-14,08:59:00,Attend
49767,2024-02-17 08:54:00,2024-02-17,08:54:00,Attend
49767,2024-02-19 08:50:00,2024-02-19,08:50:00,Attend
49767,2024-02-21 09:03:00,2024-02-21,09:03:00,Attend
49767,2024-02-24 08:44:00,2024-02-24,08:44:00,Attend
49767,2024-02-28 09:08:00,2024-02-28,09:08:00,Attend
49767,2024-03-04 09:53:00,2024-03-04,09:53:00,Attend
49767,2024-03-06 09:33:00,2024-03-06,09:33:00,Attend
49767,2024-03-13 08:06:00,2024-03-13,08:06:00,Attend
49767,2024-03-18 08:40:00,2024-03-18,08:40:00,Attend
49767,2024-03-20 08:02:00,2024-03-20,08:02:00,Attend
49767,2024-04-06 07:48:00,2024-04-06,07:48:00,Attend
49767,2024-04-18 08:55:00,2024-04-18,08:55:00,Attend
49768,2023-12-03 09:02:00,2023-12-03,09:02:00,Attend
49768,2023-12-05 09:17:00,2023-12-05,09:17:00,Attend
49768,2023-12-17 09:10:00,2023-12-17,09:10:00,Attend
49768,2024-03-24 08:02:00,2024-03-24,08:02:00,Attend
49768,2024-03-26 08:11:00,2024-03-26,08:11:00,Attend
49769,2023-12-03 12:58:00,2023-12-03,12:58:00,Leave
49769,2024-02-15 17:03:00,2024-02-15,17:03:00,Leave
49770,2023-11-30 15:07:00,2023-11-30,15:07:00,Attend
49770,2024-03-23 11:57:00,2024-03-23,11:57:00,Attend
49770,2024-08-05 14:00:00,2024-08-05,14:00:00,Attend
49771,2023-12-03 18:35:00,2023-12-03,18:35:00,Leave
49771,2023-12-05 17:52:00,2023-12-05,17:52:00,Leave
49771,2023-12-07 10:07:00,2023-12-07,10:07:00,Attend
49771,2023-12-19 14:59:00,2023-12-19,14:59:00,Attend
49771,2023-12-21 09:10:00,2023-12-21,09:10:00,Attend
49771,2023-12-24 18:55:00,2023-12-24,18:55:00,Leave
49771,2023-12-31 18:45:00,2023-12-31,18:45:00,Attend
49771,2024-01-11 10:12:00,2024-01-11,10:12:00,Attend
49771,2024-04-18 10:10:00,2024-04-18,10:10:00,Attend
49819,2023-12-24 19:06:00,2023-12-24,19:06:00,Leave
49819,2023-12-28 17:52:00,2023-12-28,17:52:00,Leave
49820,2023-12-12 16:02:00,2023-12-12,16:02:00,Leave
49820,2023-12-31 09:04:00,2023-12-31,09:04:00,Attend
49820,2024-01-07 09:04:00,2024-01-07,09:04:00,Attend
49820,2024-02-06 09:02:00,2024-02-06,09:02:00,Attend
49820,2024-02-29 09:04:00,2024-02-29,09:04:00,Attend
49820,2024-03-19 09:05:00,2024-03-19,09:05:00,Attend
49820,2024-04-18 09:05:00,2024-04-18,09:05:00,Attend
49821,2023-12-07 08:52:00,2023-12-07,08:52:00,Attend
49821,2023-12-19 09:08:00,2023-12-19,09:08:00,Attend
49821,2024-01-04 11:06:00,2024-01-04,11:06:00,Attend
49821,2024-01-09 10:10:00,2024-01-09,10:10:00,Attend
49821,2024-01-14 08:56:00,2024-01-14,08:56:00,Attend
49821,2024-02-11 10:57:00,2024-02-11,10:57:00,Attend
49821,2024-02-15 10:55:00,2024-02-15,10:55:00,Attend
49821,2024-02-18 10:50:00,2024-02-18,10:50:00,Attend
49821,2024-03-03 08:59:00,2024-03-03,08:59:00,Attend
49821,2024-03-17 09:09:00,2024-03-17,09:09:00,Attend
49821,2024-03-28 09:01:00,2024-03-28,09:01:00,Attend
49915,2024-01-20 14:25:00,2024-01-20,14:25:00,Leave
49915,2024-01-27 13:09:00,2024-01-27,13:09:00,Leave
49915,2024-04-06 10:56:00,2024-04-06,10:56:00,Attend
49915,2024-04-17 10:29:00,2024-04-17,10:29:00,Attend
49915,2024-04-20 11:12:00,2024-04-20,11:12:00,Attend
49915,2024-04-22 10:10:00,2024-04-22,10:10:00,Attend
49917,2024-01-03 12:54:00,2024-01-03,12:54:00,Attend
49917,2024-01-09 08:30:00,2024-01-09,08:30:00,Attend
49917,2024-01-15 08:53:00,2024-01-15,08:53:00,Attend
49917,2024-01-18 09:55:00,2024-01-18,09:55:00,Attend
49917,2024-01-20 08:37:00,2024-01-20,08:37:00,Attend
49917,2024-01-21 08:21:00,2024-01-21,08:21:00,Attend
49917,2024-01-22 09:12:00,2024-01-22,09:12:00,Attend
49917,2024-01-24 09:53:00,2024-01-24,09:53:00,Attend
49917,2024-01-25 08:32:00,2024-01-25,08:32:00,Attend
49917,2024-01-27 08:40:00,2024-01-27,08:40:00,Attend
49919,2024-08-05 11:18:00,2024-08-05,11:18:00,Attend
49922,2024-01-22 09:06:00,2024-01-22,09:06:00,Attend
49923,2023-12-17 08:31:00,2023-12-17,08:31:00,Attend
49923,2024-04-25 07:59:00,2024-04-25,07:59:00,Attend
49924,2023-12-12 09:16:00,2023-12-12,09:16:00,Attend
49924,2024-03-26 08:06:00,2024-03-26,08:06:00,Attend
49925,2023-12-10 08:40:00,2023-12-10,08:40:00,Attend
49925,2023-12-19 08:33:00,2023-12-19,08:33:00,Attend
49925,2023-12-24 08:08:00,2023-12-24,08:08:00,Attend
49925,2023-12-26 08:04:00,2023-12-26,08:04:00,Attend
49925,2023-12-31 07:55:00,2023-12-31,07:55:00,Attend
49925,2024-01-09 08:58:00,2024-01-09,08:58:00,Attend
49925,2024-01-14 08:05:00,2024-01-14,08:05:00,Attend
49925,2024-01-18 08:08:00,2024-01-18,08:08:00,Attend
49925,2024-02-18 08:40:00,2024-02-18,08:40:00,Attend
49925,2024-03-10 15:00:00,2024-03-10,15:00:00,Attend
49925,2024-03-14 08:04:00,2024-03-14,08:04:00,Attend
49925,2024-03-17 08:08:00,2024-03-17,08:08:00,Attend
49925,2024-04-18 08:10:00,2024-04-18,08:10:00,Attend
49925,2024-04-23 09:05:00,2024-04-23,09:05:00,Attend
49925,2024-04-25 08:03:00,2024-04-25,08:03:00,Attend
49926,2023-12-10 09:23:00,2023-12-10,09:23:00,Attend
49926,2023-12-14 08:18:00,2023-12-14,08:18:00,Attend
49926,2023-12-17 08:28:00,2023-12-17,08:28:00,Attend
49926,2024-03-14 08:23:00,2024-03-14,08:23:00,Attend
49926,2024-04-04 07:52:00,2024-04-04,07:52:00,Attend
49928,2024-03-31 15:53:00,2024-03-31,15:53:00,Leave
49928,2024-04-18 17:01:00,2024-04-18,17:01:00,Leave
49928,2024-04-25 10:10:00,2024-04-25,10:10:00,Attend
49929,2024-01-08 15:11:00,2024-01-08,15:11:00,Attend
49929,2024-01-10 13:58:00,2024-01-10,13:58:00,Attend
49929,2024-01-13 13:13:00,2024-01-13,13:13:00,Attend
49929,2024-01-22 13:29:00,2024-01-22,13:29:00,Attend
49929,2024-02-05 15:08:00,2024-02-05,15:08:00,Attend
49929,2024-02-14 14:03:00,2024-02-14,14:03:00,Attend
49929,2024-02-22 07:48:00,2024-02-22,07:48:00,Attend
49929,2024-02-26 14:46:00,2024-02-26,14:46:00,Attend
49929,2024-02-28 13:58:00,2024-02-28,13:58:00,Attend
49929,2024-03-02 19:04:00,2024-03-02,19:04:00,Attend
49929,2024-03-04 18:16:00,2024-03-04,18:16:00,Attend
49929,2024-03-09 19:03:00,2024-03-09,19:03:00,Attend
49929,2024-03-10 07:56:00,2024-03-10,07:56:00,Attend
49929,2024-03-16 10:52:00,2024-03-16,10:52:00,Attend
49929,2024-04-06 11:51:00,2024-04-06,11:51:00,Attend
49929,2024-04-15 13:50:00,2024-04-15,13:50:00,Attend
49930,2024-03-07 11:44:00,2024-03-07,11:44:00,Attend
49930,2024-03-24 10:07:00,2024-03-24,10:07:00,Attend
50067,2023-12-31 09:08:00,2023-12-31,09:08:00,Attend
50067,2024-01-16 08:57:00,2024-01-16,08:57:00,Attend
50067,2024-01-30 10:16:00,2024-01-30,10:16:00,Attend
50067,2024-02-04 09:05:00,2024-02-04,09:05:00,Attend
50067,2024-02-06 09:32:00,2024-02-06,09:32:00,Attend
50067,2024-02-08 09:05:00,2024-02-08,09:05:00,Attend
50067,2024-02-11 09:01:00,2024-02-11,09:01:00,Attend
50067,2024-02-13 09:04:00,2024-02-13,09:04:00,Attend
50067,2024-02-20 09:17:00,2024-02-20,09:17:00,Attend
50067,2024-02-22 09:18:00,2024-02-22,09:18:00,Attend
50067,2024-02-25 08:56:00,2024-02-25,08:56:00,Attend
50067,2024-03-05 09:18:00,2024-03-05,09:18:00,Attend
50067,2024-03-07 08:16:00,2024-03-07,08:16:00,Attend
50067,2024-03-10 09:50:00,2024-03-10,09:50:00,Attend
50067,2024-03-12 09:14:00,2024-03-12,09:14:00,Attend
50067,2024-03-21 08:07:00,2024-03-21,08:07:00,Attend
50067,2024-03-24 09:10:00,2024-03-24,09:10:00,Attend
50067,2024-04-25 08:13:00,2024-04-25,08:13:00,Attend
50069,2024-01-06 18:27:00,2024-01-06,18:27:00,Attend
50069,2024-01-22 16:20:00,2024-01-22,16:20:00,Attend
50069,2024-02-14 15:51:00,2024-02-14,15:51:00,Attend
50069,2024-02-15 17:20:00,2024-02-15,17:20:00,Attend
50069,2024-03-03 12:29:00,2024-03-03,12:29:00,Attend
50069,2024-03-11 20:33:00,2024-03-11,20:33:00,Attend
50069,2024-03-12 21:33:00,2024-03-12,21:33:00,Attend
50069,2024-03-17 00:03:00,2024-03-17,00:03:00,Leave
50069,2024-03-19 21:51:00,2024-03-19,21:51:00,Attend
50069,2024-03-21 22:03:00,2024-03-21,22:03:00,Attend
50069,2024-03-25 00:00:00,2024-03-25,00:00:00,Attend
50069,2024-03-26 22:17:00,2024-03-26,22:17:00,Attend
50069,2024-03-27 00:09:00,2024-03-27,00:09:00,Leave
50069,2024-03-28 22:35:00,2024-03-28,22:35:00,Attend
50069,2024-03-30 00:04:00,2024-03-30,00:04:00,Leave
50069,2024-03-31 21:04:00,2024-03-31,21:04:00,Attend
50069,2024-04-01 22:25:00,2024-04-01,22:25:00,Attend
50069,2024-04-03 21:22:00,2024-04-03,21:22:00,Attend
50070,2024-02-05 11:40:00,2024-02-05,11:40:00,Attend
50070,2024-03-04 13:15:00,2024-03-04,13:15:00,Attend
50070,2024-03-08 14:36:00,2024-03-08,14:36:00,Attend
50071,2023-12-26 13:59:00,2023-12-26,13:59:00,Attend
50071,2024-01-21 14:02:00,2024-01-21,14:02:00,Attend
50071,2024-02-11 14:01:00,2024-02-11,14:01:00,Attend
50071,2024-02-20 18:07:00,2024-02-20,18:07:00,Attend
50071,2024-02-22 14:10:00,2024-02-22,14:10:00,Attend
50071,2024-02-27 14:00:00,2024-02-27,14:00:00,Attend
50071,2024-02-29 13:51:00,2024-02-29,13:51:00,Attend
50071,2024-03-05 16:13:00,2024-03-05,16:13:00,Attend
50071,2024-03-07 14:06:00,2024-03-07,14:06:00,Attend
50071,2024-03-10 16:09:00,2024-03-10,16:09:00,Attend
50071,2024-03-17 16:00:00,2024-03-17,16:00:00,Attend
50071,2024-03-19 13:07:00,2024-03-19,13:07:00,Attend
50071,2024-03-21 11:04:00,2024-03-21,11:04:00,Attend
50071,2024-03-24 12:48:00,2024-03-24,12:48:00,Attend
50071,2024-04-02 13:51:00,2024-04-02,13:51:00,Attend
50072,2023-12-17 11:57:00,2023-12-17,11:57:00,Attend
50072,2023-12-28 13:57:00,2023-12-28,13:57:00,Attend
50072,2024-01-03 19:05:00,2024-01-03,19:05:00,Leave
50072,2024-03-07 17:58:00,2024-03-07,17:58:00,Leave
50072,2024-03-19 08:37:00,2024-03-19,08:37:00,Attend
50136,2024-02-17 09:03:00,2024-02-17,09:03:00,Attend
50136,2024-03-11 09:06:00,2024-03-11,09:06:00,Attend
50137,2024-02-15 08:09:00,2024-02-15,08:09:00,Attend
50137,2024-02-22 09:52:00,2024-02-22,09:52:00,Attend
50138,2024-02-08 15:27:00,2024-02-08,15:27:00,Leave
50138,2024-02-15 15:02:00,2024-02-15,15:02:00,Leave
50138,2024-03-10 08:51:00,2024-03-10,08:51:00,Attend
50138,2024-03-26 08:06:00,2024-03-26,08:06:00,Attend
50138,2024-03-30 07:58:00,2024-03-30,07:58:00,Attend
50138,2024-04-16 08:46:00,2024-04-16,08:46:00,Attend
50138,2024-04-17 10:41:00,2024-04-17,10:41:00,Attend
50139,2024-02-28 08:47:00,2024-02-28,08:47:00,Attend
50139,2024-03-03 11:51:00,2024-03-03,11:51:00,Attend
50139,2024-03-13 08:04:00,2024-03-13,08:04:00,Attend
50139,2024-03-23 08:12:00,2024-03-23,08:12:00,Attend
50139,2024-04-03 08:23:00,2024-04-03,08:23:00,Attend
50156,2024-02-05 19:56:00,2024-02-05,19:56:00,Leave
50156,2024-03-23 09:10:00,2024-03-23,09:10:00,Attend
50156,2024-03-30 08:52:00,2024-03-30,08:52:00,Attend
50156,2024-04-01 12:40:00,2024-04-01,12:40:00,Attend
50156,2024-04-03 15:59:00,2024-04-03,15:59:00,Leave
50157,2024-03-21 11:17:00,2024-03-21,11:17:00,Attend
50157,2024-03-24 07:58:00,2024-03-24,07:58:00,Attend
50157,2024-03-31 08:05:00,2024-03-31,08:05:00,Attend
50157,2024-04-02 08:06:00,2024-04-02,08:06:00,Attend
50157,2024-04-04 08:07:00,2024-04-04,08:07:00,Attend
50157,2024-04-07 08:22:00,2024-04-07,08:22:00,Attend
50157,2024-04-14 09:10:00,2024-04-14,09:10:00,Attend
50157,2024-04-18 09:12:00,2024-04-18,09:12:00,Attend
50157,2024-04-21 10:15:00,2024-04-21,10:15:00,Attend
50157,2024-04-23 09:07:00,2024-04-23,09:07:00,Attend
50161,2024-02-24 08:28:00,2024-02-24,08:28:00,Attend
50161,2024-02-26 08:26:00,2024-02-26,08:26:00,Attend
50161,2024-03-02 07:52:00,2024-03-02,07:52:00,Attend
50161,2024-03-04 07:52:00,2024-03-04,07:52:00,Attend
50161,2024-03-13 08:08:00,2024-03-13,08:08:00,Attend
50161,2024-03-18 07:56:00,2024-03-18,07:56:00,Attend
50161,2024-03-20 07:58:00,2024-03-20,07:58:00,Attend
50161,2024-03-25 08:50:00,2024-03-25,08:50:00,Attend
50161,2024-03-27 07:54:00,2024-03-27,07:54:00,Attend
50161,2024-03-30 08:55:00,2024-03-30,08:55:00,Attend
50161,2024-04-01 08:01:00,2024-04-01,08:01:00,Attend
50164,2024-02-15 09:18:00,2024-02-15,09:18:00,Attend
50165,2024-02-03 14:48:00,2024-02-03,14:48:00,Attend
50165,2024-03-30 12:17:00,2024-03-30,12:17:00,Attend
50165,2024-04-01 12:55:00,2024-04-01,12:55:00,Attend
50165,2024-04-17 14:36:00,2024-04-17,14:36:00,Attend
50165,2024-08-05 11:45:00,2024-08-05,11:45:00,Attend
50166,2024-03-26 09:13:00,2024-03-26,09:13:00,Attend
50167,2024-03-03 14:04:00,2024-03-03,14:04:00,Attend
50571,2024-02-11 11:26:00,2024-02-11,11:26:00,Attend
50571,2024-03-29 14:32:00,2024-03-29,14:32:00,Attend
50571,2024-03-31 11:30:00,2024-03-31,11:30:00,Attend
50662,2024-03-03 15:07:00,2024-03-03,15:07:00,Attend
50663,2024-04-17 10:08:00,2024-04-17,10:08:00,Attend
50663,2024-04-20 10:04:00,2024-04-20,10:04:00,Attend
50663,2024-04-24 10:12:00,2024-04-24,10:12:00,Attend
50665,2024-03-26 09:00:00,2024-03-26,09:00:00,Attend
50665,2024-03-31 09:13:00,2024-03-31,09:13:00,Attend
50665,2024-04-01 09:04:00,2024-04-01,09:04:00,Attend
50665,2024-04-02 08:56:00,2024-04-02,08:56:00,Attend
50665,2024-04-03 09:01:00,2024-04-03,09:01:00,Attend
50665,2024-04-07 09:03:00,2024-04-07,09:03:00,Attend
50665,2024-04-16 08:43:00,2024-04-16,08:43:00,Attend
50665,2024-04-17 08:31:00,2024-04-17,08:31:00,Attend
50665,2024-04-21 08:28:00,2024-04-21,08:28:00,Attend
50665,2024-04-22 09:53:00,2024-04-22,09:53:00,Attend
50665,2024-04-23 08:25:00,2024-04-23,08:25:00,Attend
50665,2024-04-24 09:56:00,2024-04-24,09:56:00,Attend
50666,2024-03-29 18:27:00,2024-03-29,18:27:00,Attend
50666,2024-03-31 09:26:00,2024-03-31,09:26:00,Attend
50666,2024-04-02 13:17:00,2024-04-02,13:17:00,Attend
50666,2024-04-03 10:11:00,2024-04-03,10:11:00,Attend
50666,2024-04-06 10:45:00,2024-04-06,10:45:00,Attend
50666,2024-04-15 10:37:00,2024-04-15,10:37:00,Attend
50666,2024-04-21 10:18:00,2024-04-21,10:18:00,Attend
50666,2024-04-23 10:23:00,2024-04-23,10:23:00,Attend
50668,2024-02-25 14:39:00,2024-02-25,14:39:00,Attend
50670,2024-02-08 20:00:00,2024-02-08,20:00:00,Leave
50670,2024-02-25 15:53:00,2024-02-25,15:53:00,Attend
50670,2024-02-27 14:02:00,2024-02-27,14:02:00,Attend
50670,2024-03-10 17:08:00,2024-03-10,17:08:00,Attend
50670,2024-03-17 10:49:00,2024-03-17,10:49:00,Attend
50670,2024-03-19 15:58:00,2024-03-19,15:58:00,Leave
50670,2024-03-24 10:51:00,2024-03-24,10:51:00,Attend
50670,2024-04-02 16:01:00,2024-04-02,16:01:00,Leave
50673,2024-03-24 08:05:00,2024-03-24,08:05:00,Attend
50673,2024-04-03 08:04:00,2024-04-03,08:04:00,Attend
50673,2024-04-07 08:02:00,2024-04-07,08:02:00,Attend
50673,2024-04-23 09:03:00,2024-04-23,09:03:00,Attend
50675,2024-01-29 15:10:00,2024-01-29,15:10:00,Leave
50675,2024-02-03 14:59:00,2024-02-03,14:59:00,Leave
50676,2024-03-09 11:22:00,2024-03-09,11:22:00,Leave
50676,2024-03-18 09:15:00,2024-03-18,09:15:00,Attend
50676,2024-03-23 08:40:00,2024-03-23,08:40:00,Attend
50676,2024-04-22 08:04:00,2024-04-22,08:04:00,Attend
50680,2024-03-11 19:34:00,2024-03-11,19:34:00,Attend
50680,2024-03-17 00:30:00,2024-03-17,00:30:00,Leave
50680,2024-03-18 19:52:00,2024-03-18,19:52:00,Attend
50680,2024-03-28 20:18:00,2024-03-28,20:18:00,Attend
50680,2024-04-01 00:32:00,2024-04-01,00:32:00,Leave
50680,2024-04-03 19:58:00,2024-04-03,19:58:00,Attend
50680,2024-04-06 00:31:00,2024-04-06,00:31:00,Leave
50680,2024-04-07 19:57:00,2024-04-07,19:57:00,Attend
50680,2024-04-10 00:32:00,2024-04-10,00:32:00,Leave
50680,2024-04-12 17:58:00,2024-04-12,17:58:00,Attend
50680,2024-04-13 00:25:00,2024-04-13,00:25:00,Leave
50680,2024-04-14 16:03:00,2024-04-14,16:03:00,Attend
50680,2024-04-15 00:02:00,2024-04-15,00:02:00,Leave
50680,2024-05-02 17:57:00,2024-05-02,17:57:00,Attend
50680,2024-05-10 18:02:00,2024-05-10,18:02:00,Attend
50680,2024-06-07 17:28:00,2024-06-07,17:28:00,Attend
50680,2024-06-08 00:00:00,2024-06-08,00:00:00,Leave
50680,2024-07-12 18:08:00,2024-07-12,18:08:00,Attend
50681,2024-03-13 20:14:00,2024-03-13,20:14:00,Attend
50681,2024-03-15 20:06:00,2024-03-15,20:06:00,Attend
50681,2024-03-16 00:00:00,2024-03-16,00:00:00,Leave
50681,2024-03-18 19:48:00,2024-03-18,19:48:00,Attend
50681,2024-03-21 20:15:00,2024-03-21,20:15:00,Attend
50681,2024-03-23 00:00:00,2024-03-23,00:00:00,Leave
50681,2024-03-24 19:42:00,2024-03-24,19:42:00,Attend
50681,2024-03-28 19:34:00,2024-03-28,19:34:00,Attend
50681,2024-03-30 00:00:00,2024-03-30,00:00:00,Leave
50681,2024-03-31 20:12:00,2024-03-31,20:12:00,Attend
50681,2024-04-08 20:04:00,2024-04-08,20:04:00,Attend
50681,2024-04-10 00:06:00,2024-04-10,00:06:00,Leave
50681,2024-06-07 17:07:00,2024-06-07,17:07:00,Attend
50682,2024-02-08 10:02:00,2024-02-08,10:02:00,Attend
50682,2024-02-29 12:59:00,2024-02-29,12:59:00,Attend
50682,2024-03-03 15:34:00,2024-03-03,15:34:00,Attend
50683,2024-04-22 08:58:00,2024-04-22,08:58:00,Attend
50685,2024-02-14 15:05:00,2024-02-14,15:05:00,Attend
50687,2024-03-18 12:27:00,2024-03-18,12:27:00,Attend
50687,2024-03-20 08:28:00,2024-03-20,08:28:00,Attend
50687,2024-03-25 08:15:00,2024-03-25,08:15:00,Attend
50687,2024-03-30 08:48:00,2024-03-30,08:48:00,Attend
50687,2024-04-01 08:30:00,2024-04-01,08:30:00,Attend
50687,2024-04-03 08:49:00,2024-04-03,08:49:00,Attend
50687,2024-04-08 09:26:00,2024-04-08,09:26:00,Attend
50687,2024-04-22 08:33:00,2024-04-22,08:33:00,Attend
50688,2024-02-05 15:05:00,2024-02-05,15:05:00,Attend
50688,2024-02-14 14:08:00,2024-02-14,14:08:00,Attend
50688,2024-03-02 19:02:00,2024-03-02,19:02:00,Attend
50688,2024-03-11 11:45:00,2024-03-11,11:45:00,Attend
50688,2024-03-16 13:31:00,2024-03-16,13:31:00,Attend
50688,2024-04-08 10:51:00,2024-04-08,10:51:00,Attend
50688,2024-04-21 15:19:00,2024-04-21,15:19:00,Attend
50691,2024-03-06 08:51:00,2024-03-06,08:51:00,Attend
50692,2024-04-25 13:57:00,2024-04-25,13:57:00,Attend
50693,2024-02-20 09:56:00,2024-02-20,09:56:00,Attend
50693,2024-04-01 11:08:00,2024-04-01,11:08:00,Attend
50693,2024-04-03 11:17:00,2024-04-03,11:17:00,Attend
50693,2024-04-07 09:58:00,2024-04-07,09:58:00,Attend
50700,2024-03-13 11:08:00,2024-03-13,11:08:00,Attend
50700,2024-03-23 13:11:00,2024-03-23,13:11:00,Attend
50700,2024-03-25 10:37:00,2024-03-25,10:37:00,Attend
50700,2024-03-31 08:05:00,2024-03-31,08:05:00,Attend
50700,2024-04-03 13:25:00,2024-04-03,13:25:00,Attend
50700,2024-04-17 12:16:00,2024-04-17,12:16:00,Attend
50700,2024-04-18 08:52:00,2024-04-18,08:52:00,Attend
50701,2024-03-30 07:47:00,2024-03-30,07:47:00,Attend
50701,2024-04-15 08:51:00,2024-04-15,08:51:00,Attend
50704,2024-02-27 18:56:00,2024-02-27,18:56:00,Leave
50705,2024-03-26 19:36:00,2024-03-26,19:36:00,Attend
50705,2024-03-31 19:41:00,2024-03-31,19:41:00,Attend
50705,2024-04-01 19:33:00,2024-04-01,19:33:00,Attend
50707,2024-01-31 13:21:00,2024-01-31,13:21:00,Attend
50707,2024-02-03 14:22:00,2024-02-03,14:22:00,Attend
50707,2024-02-05 13:22:00,2024-02-05,13:22:00,Attend
50707,2024-02-07 20:02:00,2024-02-07,20:02:00,Attend
50707,2024-02-17 19:07:00,2024-02-17,19:07:00,Leave
50707,2024-02-28 18:13:00,2024-02-28,18:13:00,Leave
50707,2024-03-04 15:07:00,2024-03-04,15:07:00,Attend
50707,2024-08-05 17:06:00,2024-08-05,17:06:00,Attend
50708,2024-04-15 12:45:00,2024-04-15,12:45:00,Attend
50709,2024-02-18 10:34:00,2024-02-18,10:34:00,Attend
50709,2024-02-19 10:07:00,2024-02-19,10:07:00,Attend
50709,2024-02-25 11:12:00,2024-02-25,11:12:00,Attend
50709,2024-02-26 10:53:00,2024-02-26,10:53:00,Attend
50709,2024-02-28 10:16:00,2024-02-28,10:16:00,Attend
50710,2024-02-16 10:42:00,2024-02-16,10:42:00,Attend
50712,2024-02-13 09:01:00,2024-02-13,09:01:00,Attend
50712,2024-02-18 09:08:00,2024-02-18,09:08:00,Attend
50712,2024-02-22 09:01:00,2024-02-22,09:01:00,Attend
50712,2024-02-27 09:06:00,2024-02-27,09:06:00,Attend
50712,2024-03-14 09:00:00,2024-03-14,09:00:00,Attend
50712,2024-03-17 09:00:00,2024-03-17,09:00:00,Attend
50712,2024-03-19 09:00:00,2024-03-19,09:00:00,Attend
50712,2024-03-21 08:56:00,2024-03-21,08:56:00,Attend
50712,2024-03-24 09:20:00,2024-03-24,09:20:00,Attend
50712,2024-04-16 08:58:00,2024-04-16,08:58:00,Attend
50936,2024-03-12 09:48:00,2024-03-12,09:48:00,Attend
50938,2024-03-27 09:03:00,2024-03-27,09:03:00,Attend
50938,2024-03-30 09:01:00,2024-03-30,09:01:00,Attend
50938,2024-08-05 08:55:00,2024-08-05,08:55:00,Attend
50939,2024-04-04 09:54:00,2024-04-04,09:54:00,Attend
50939,2024-04-14 08:39:00,2024-04-14,08:39:00,Attend
50939,2024-04-16 07:58:00,2024-04-16,07:58:00,Attend
50939,2024-04-18 07:54:00,2024-04-18,07:54:00,Attend
50939,2024-04-21 08:06:00,2024-04-21,08:06:00,Attend
50939,2024-04-25 08:04:00,2024-04-25,08:04:00,Attend
50942,2024-03-04 19:22:00,2024-03-04,19:22:00,Leave
50942,2024-03-23 11:57:00,2024-03-23,11:57:00,Attend
50942,2024-03-27 15:57:00,2024-03-27,15:57:00,Attend
50942,2024-04-03 15:59:00,2024-04-03,15:59:00,Leave
50942,2024-04-24 09:12:00,2024-04-24,09:12:00,Attend
50944,2024-02-19 18:01:00,2024-02-19,18:01:00,Leave
50944,2024-03-30 10:50:00,2024-03-30,10:50:00,Attend
50944,2024-03-31 15:58:00,2024-03-31,15:58:00,Leave
50944,2024-04-08 08:56:00,2024-04-08,08:56:00,Attend
50946,2024-04-22 09:23:00,2024-04-22,09:23:00,Attend
50950,2024-03-03 09:53:00,2024-03-03,09:53:00,Attend
50950,2024-03-07 08:57:00,2024-03-07,08:57:00,Attend
50950,2024-03-14 08:01:00,2024-03-14,08:01:00,Attend
50998,2024-02-28 08:34:00,2024-02-28,08:34:00,Attend
50998,2024-03-03 09:02:00,2024-03-03,09:02:00,Attend
50998,2024-03-06 09:01:00,2024-03-06,09:01:00,Attend
51000,2024-03-06 09:07:00,2024-03-06,09:07:00,Attend
51000,2024-03-11 08:02:00,2024-03-11,08:02:00,Attend
51000,2024-03-13 07:59:00,2024-03-13,07:59:00,Attend
51000,2024-03-23 09:01:00,2024-03-23,09:01:00,Attend
51000,2024-03-27 10:02:00,2024-03-27,10:02:00,Attend
51000,2024-03-30 09:11:00,2024-03-30,09:11:00,Attend
51001,2024-02-24 11:17:00,2024-02-24,11:17:00,Attend
51002,2024-03-26 13:59:00,2024-03-26,13:59:00,Attend
51003,2024-02-22 15:04:00,2024-02-22,15:04:00,Leave
51005,2024-02-22 08:52:00,2024-02-22,08:52:00,Attend
51006,2024-02-25 14:22:00,2024-02-25,14:22:00,Leave
51007,2024-03-23 14:17:00,2024-03-23,14:17:00,Leave
51007,2024-04-14 09:51:00,2024-04-14,09:51:00,Attend
51007,2024-04-17 09:17:00,2024-04-17,09:17:00,Attend
51007,2024-04-22 10:17:00,2024-04-22,10:17:00,Attend
51007,2024-08-05 17:14:00,2024-08-05,17:14:00,Attend
51008,2024-02-25 16:04:00,2024-02-25,16:04:00,Attend
51008,2024-02-26 11:45:00,2024-02-26,11:45:00,Attend
51008,2024-03-20 09:09:00,2024-03-20,09:09:00,Attend
51020,2024-03-14 08:38:00,2024-03-14,08:38:00,Attend
51021,2024-03-05 09:10:00,2024-03-05,09:10:00,Attend
51022,2024-08-05 13:58:00,2024-08-05,13:58:00,Attend
51091,2024-03-04 14:03:00,2024-03-04,14:03:00,Attend
51092,2024-03-02 09:51:00,2024-03-02,09:51:00,Attend
51092,2024-03-05 09:45:00,2024-03-05,09:45:00,Attend
51092,2024-03-06 09:42:00,2024-03-06,09:42:00,Attend
51092,2024-04-05 19:33:00,2024-04-05,19:33:00,Attend
51093,2024-03-11 19:33:00,2024-03-11,19:33:00,Attend
51093,2024-03-19 19:30:00,2024-03-19,19:30:00,Attend
51093,2024-03-23 19:29:00,2024-03-23,19:29:00,Attend
51093,2024-03-25 19:28:00,2024-03-25,19:28:00,Attend
51093,2024-03-29 19:44:00,2024-03-29,19:44:00,Attend
51093,2024-04-01 19:33:00,2024-04-01,19:33:00,Attend
51093,2024-04-06 19:37:00,2024-04-06,19:37:00,Attend
51093,2024-04-10 00:04:00,2024-04-10,00:04:00,Leave
51094,2024-03-28 20:57:00,2024-03-28,20:57:00,Attend
51095,2024-03-01 16:56:00,2024-03-01,16:56:00,Attend
51095,2024-03-09 16:47:00,2024-03-09,16:47:00,Attend
51095,2024-03-11 20:05:00,2024-03-11,20:05:00,Attend
51095,2024-03-16 20:08:00,2024-03-16,20:08:00,Attend
51095,2024-03-17 00:04:00,2024-03-17,00:04:00,Leave
51095,2024-03-18 20:05:00,2024-03-18,20:05:00,Attend
51095,2024-03-21 20:06:00,2024-03-21,20:06:00,Attend
51095,2024-03-25 20:11:00,2024-03-25,20:11:00,Attend
51095,2024-04-01 21:44:00,2024-04-01,21:44:00,Attend
51095,2024-04-05 20:12:00,2024-04-05,20:12:00,Attend
51095,2024-04-15 22:55:00,2024-04-15,22:55:00,Leave
51096,2024-03-02 15:56:00,2024-03-02,15:56:00,Attend
51098,2024-03-01 15:41:00,2024-03-01,15:41:00,Attend
51098,2024-03-11 19:19:00,2024-03-11,19:19:00,Attend
51098,2024-03-18 00:31:00,2024-03-18,00:31:00,Leave
51098,2024-03-23 18:18:00,2024-03-23,18:18:00,Attend
51098,2024-04-09 00:42:00,2024-04-09,00:42:00,Leave
51098,2024-04-30 18:26:00,2024-04-30,18:26:00,Attend
51098,2024-05-16 17:59:00,2024-05-16,17:59:00,Attend
51098,2024-05-17 00:05:00,2024-05-17,00:05:00,Leave
51098,2024-06-11 13:28:00,2024-06-11,13:28:00,Attend
51098,2024-06-14 19:27:00,2024-06-14,19:27:00,Attend
51098,2024-06-15 00:00:00,2024-06-15,00:00:00,Leave
51098,2024-06-24 18:21:00,2024-06-24,18:21:00,Attend
51098,2024-06-29 18:06:00,2024-06-29,18:06:00,Attend
51098,2024-07-06 18:25:00,2024-07-06,18:25:00,Attend
51098,2024-07-25 18:01:00,2024-07-25,18:01:00,Attend
51098,2024-07-28 18:33:00,2024-07-28,18:33:00,Attend
51099,2024-03-02 11:54:00,2024-03-02,11:54:00,Attend
51099,2024-03-15 13:53:00,2024-03-15,13:53:00,Attend
51099,2024-03-23 12:08:00,2024-03-23,12:08:00,Attend
51099,2024-03-27 11:08:00,2024-03-27,11:08:00,Attend
51099,2024-03-29 14:03:00,2024-03-29,14:03:00,Attend
51099,2024-05-25 11:47:00,2024-05-25,11:47:00,Attend
51100,2024-03-04 11:59:00,2024-03-04,11:59:00,Attend
51100,2024-03-13 19:13:00,2024-03-13,19:13:00,Attend
51100,2024-03-14 19:18:00,2024-03-14,19:18:00,Attend
51100,2024-03-16 19:31:00,2024-03-16,19:31:00,Attend
51100,2024-03-22 19:15:00,2024-03-22,19:15:00,Attend
51100,2024-03-25 00:11:00,2024-03-25,00:11:00,Leave
51100,2024-03-26 19:15:00,2024-03-26,19:15:00,Attend
51100,2024-03-31 19:06:00,2024-03-31,19:06:00,Attend
51174,2024-03-14 08:45:00,2024-03-14,08:45:00,Attend
51175,2024-03-18 15:41:00,2024-03-18,15:41:00,Leave
51175,2024-08-05 10:44:00,2024-08-05,10:44:00,Attend
51177,2024-03-26 13:35:00,2024-03-26,13:35:00,Attend
51177,2024-03-27 10:17:00,2024-03-27,10:17:00,Attend
51177,2024-04-08 16:09:00,2024-04-08,16:09:00,Leave
51331,2024-03-31 14:19:00,2024-03-31,14:19:00,Attend
51331,2024-04-04 10:19:00,2024-04-04,10:19:00,Attend
51331,2024-04-06 10:53:00,2024-04-06,10:53:00,Attend
51331,2024-04-18 12:20:00,2024-04-18,12:20:00,Attend
51331,2024-04-20 10:41:00,2024-04-20,10:41:00,Attend
51334,2024-04-15 16:43:00,2024-04-15,16:43:00,Leave
51334,2024-04-17 11:08:00,2024-04-17,11:08:00,Attend
51334,2024-06-07 18:08:00,2024-06-07,18:08:00,Leave
51337,2024-04-15 16:10:00,2024-04-15,16:10:00,Leave
51338,2024-04-15 18:15:00,2024-04-15,18:15:00,Leave
51338,2024-04-20 13:39:00,2024-04-20,13:39:00,Attend
51340,2024-04-14 08:51:00,2024-04-14,08:51:00,Attend
51341,2024-08-05 17:01:00,2024-08-05,17:01:00,Attend
51342,2024-08-05 16:52:00,2024-08-05,16:52:00,Attend
51343,2024-04-13 09:34:00,2024-04-13,09:34:00,Attend
51343,2024-04-21 16:31:00,2024-04-21,16:31:00,Leave
51442,2024-04-16 13:03:00,2024-04-16,13:03:00,Attend
51630,2024-08-05 16:48:00,2024-08-05,16:48:00,Attend
51682,2024-06-27 18:04:00,2024-06-27,18:04:00,Attend
51743,2024-06-10 14:57:00,2024-06-10,14:57:00,Attend
51743,2024-06-15 11:24:00,2024-06-15,11:24:00,Attend
51744,2024-05-08 22:32:00,2024-05-08,22:32:00,Leave
51744,2024-06-09 18:30:00,2024-06-09,18:30:00,Attend
51744,2024-07-18 18:02:00,2024-07-18,18:02:00,Attend
51879,2024-08-05 14:38:00,2024-08-05,14:38:00,Attend
51949,2024-06-18 14:39:00,2024-06-18,14:39:00,Leave
51992,2024-06-12 03:59:00,2024-06-12,03:59:00,Leave
51994,2024-06-12 03:59:00,2024-06-12,03:59:00,Leave
51997,2024-06-12 03:59:00,2024-06-12,03:59:00,Leave
52002,2024-06-12 03:59:00,2024-06-12,03:59:00,Leave
52003,2024-06-12 03:59:00,2024-06-12,03:59:00,Leave
52004,2024-06-12 03:59:00,2024-06-12,03:59:00,Leave
52005,2024-06-12 03:59:00,2024-06-12,03:59:00,Leave
52010,2024-06-12 03:59:00,2024-06-12,03:59:00,Leave
52011,2024-06-12 03:59:00,2024-06-12,03:59:00,Leave
52013,2024-06-12 03:59:00,2024-06-12,03:59:00,Leave
52014,2024-06-12 03:59:00,2024-06-12,03:59:00,Leave
52015,2024-06-12 03:59:00,2024-06-12,03:59:00,Leave
52027,2024-06-12 03:59:00,2024-06-12,03:59:00,Leave
52030,2024-06-12 03:59:00,2024-06-12,03:59:00,Leave
52033,2024-06-12 03:59:00,2024-06-12,03:59:00,Leave
52036,2024-06-12 03:59:00,2024-06-12,03:59:00,Leave
52039,2024-06-12 03:59:00,2024-06-12,03:59:00,Leave
52048,2024-06-12 03:59:00,2024-06-12,03:59:00,Leave
52049,2024-06-12 03:59:00,2024-06-12,03:59:00,Leave
52053,2024-06-12 03:59:00,2024-06-12,03:59:00,Leave
52054,2024-06-12 03:59:00,2024-06-12,03:59:00,Leave
52057,2024-06-12 03:59:00,2024-06-12,03:59:00,Leave
52058,2024-06-12 03:59:00,2024-06-12,03:59:00,Leave
52059,2024-06-12 03:59:00,2024-06-12,03:59:00,Leave
52062,2024-06-12 03:59:00,2024-06-12,03:59:00,Leave
52063,2024-06-12 03:59:00,2024-06-12,03:59:00,Leave
52064,2024-06-12 03:59:00,2024-06-12,03:59:00,Leave
52066,2024-06-12 03:59:00,2024-06-12,03:59:00,Leave
52067,2024-06-12 03:59:00,2024-06-12,03:59:00,Leave
52072,2024-06-12 03:59:00,2024-06-12,03:59:00,Leave
52073,2024-06-12 03:59:00,2024-06-12,03:59:00,Leave
52075,2024-06-12 03:59:00,2024-06-12,03:59:00,Leave
52076,2024-06-12 03:59:00,2024-06-12,03:59:00,Leave
52077,2024-06-12 03:59:00,2024-06-12,03:59:00,Leave
52083,2024-06-12 03:59:00,2024-06-12,03:59:00,Leave
52089,2024-06-12 03:59:00,2024-06-12,03:59:00,Leave
52091,2024-06-12 03:59:00,2024-06-12,03:59:00,Leave
52094,2024-06-12 03:59:00,2024-06-12,03:59:00,Leave
52095,2024-06-12 03:59:00,2024-06-12,03:59:00,Leave
52096,2024-06-12 03:59:00,2024-06-12,03:59:00,Leave
52102,2024-06-12 12:00:00,2024-06-12,12:00:00,Leave
52103,2024-06-12 03:59:00,2024-06-12,03:59:00,Leave
52105,2024-06-12 03:59:00,2024-06-12,03:59:00,Leave
52107,2024-06-12 03:59:00,2024-06-12,03:59:00,Leave
52109,2024-06-12 03:59:00,2024-06-12,03:59:00,Leave
52110,2024-06-12 03:59:00,2024-06-12,03:59:00,Leave
52111,2024-06-12 12:00:00,2024-06-12,12:00:00,Leave
52113,2024-06-12 03:59:00,2024-06-12,03:59:00,Leave
52114,2024-06-12 03:59:00,2024-06-12,03:59:00,Leave
52115,2024-06-12 03:59:00,2024-06-12,03:59:00,Leave
52116,2024-06-12 03:59:00,2024-06-12,03:59:00,Leave
52118,2024-06-12 03:59:00,2024-06-12,03:59:00,Leave
52119,2024-06-12 03:59:00,2024-06-12,03:59:00,Leave
52122,2024-06-12 03:59:00,2024-06-12,03:59:00,Leave
52124,2024-06-12 03:59:00,2024-06-12,03:59:00,Leave
52125,2024-06-12 03:59:00,2024-06-12,03:59:00,Leave
52126,2024-06-12 03:59:00,2024-06-12,03:59:00,Leave
52127,2024-06-12 03:59:00,2024-06-12,03:59:00,Leave
52130,2024-06-12 03:59:00,2024-06-12,03:59:00,Leave
52131,2024-06-12 03:59:00,2024-06-12,03:59:00,Leave
52133,2024-06-12 03:59:00,2024-06-12,03:59:00,Leave
52134,2024-06-12 03:59:00,2024-06-12,03:59:00,Leave
52135,2024-06-12 03:59:00,2024-06-12,03:59:00,Leave
52136,2024-06-12 03:59:00,2024-06-12,03:59:00,Leave
52139,2024-06-12 03:59:00,2024-06-12,03:59:00,Leave
52140,2024-06-12 03:59:00,2024-06-12,03:59:00,Leave
52141,2024-06-12 03:59:00,2024-06-12,03:59:00,Leave
52142,2024-06-12 03:59:00,2024-06-12,03:59:00,Leave
52144,2024-06-12 03:59:00,2024-06-12,03:59:00,Leave
52145,2024-06-12 03:59:00,2024-06-12,03:59:00,Leave
52151,2024-06-12 03:59:00,2024-06-12,03:59:00,Leave
52154,2024-06-12 03:59:00,2024-06-12,03:59:00,Leave
52155,2024-06-12 03:59:00,2024-06-12,03:59:00,Leave
52158,2024-06-12 03:59:00,2024-06-12,03:59:00,Leave
52159,2024-06-12 03:59:00,2024-06-12,03:59:00,Leave
52162,2024-06-12 03:59:00,2024-06-12,03:59:00,Leave
52164,2024-06-12 03:59:00,2024-06-12,03:59:00,Leave
52179,2024-06-12 03:59:00,2024-06-12,03:59:00,Leave
52180,2024-06-12 03:59:00,2024-06-12,03:59:00,Leave
52181,2024-06-12 03:59:00,2024-06-12,03:59:00,Leave
52183,2024-06-12 03:59:00,2024-06-12,03:59:00,Leave
52184,2024-06-12 03:59:00,2024-06-12,03:59:00,Leave
52185,2024-06-12 03:59:00,2024-06-12,03:59:00,Leave
52186,2024-06-12 03:59:00,2024-06-12,03:59:00,Leave
52187,2024-06-12 03:59:00,2024-06-12,03:59:00,Leave
52188,2024-06-12 03:59:00,2024-06-12,03:59:00,Leave
52189,2024-06-12 03:59:00,2024-06-12,03:59:00,Leave
52190,2024-06-12 03:59:00,2024-06-12,03:59:00,Leave
52191,2024-06-12 03:59:00,2024-06-12,03:59:00,Leave
52192,2024-06-12 03:59:00,2024-06-12,03:59:00,Leave
52193,2024-06-12 03:59:00,2024-06-12,03:59:00,Leave
52194,2024-06-12 03:59:00,2024-06-12,03:59:00,Leave
52196,2024-06-12 03:59:00,2024-06-12,03:59:00,Leave
52197,2024-06-12 03:59:00,2024-06-12,03:59:00,Leave
52199,2024-06-12 03:59:00,2024-06-12,03:59:00,Leave
52205,2024-06-12 03:59:00,2024-06-12,03:59:00,Leave
52209,2024-06-12 03:59:00,2024-06-12,03:59:00,Leave
52210,2024-06-12 03:59:00,2024-06-12,03:59:00,Leave
52212,2024-06-12 03:59:00,2024-06-12,03:59:00,Leave
52219,2024-06-12 03:59:00,2024-06-12,03:59:00,Leave
52220,2024-06-12 03:59:00,2024-06-12,03:59:00,Leave
52224,2024-06-12 03:59:00,2024-06-12,03:59:00,Leave
52233,2024-06-12 03:59:00,2024-06-12,03:59:00,Leave
52241,2024-06-12 03:59:00,2024-06-12,03:59:00,Leave
52452,2024-05-25 15:43:00,2024-05-25,15:43:00,Attend
52673,2024-07-26 15:54:00,2024-07-26,15:54:00,Attend
53174,2024-07-18 18:18:00,2024-07-18,18:18:00,Attend
53174,2024-07-25 18:59:00,2024-07-25,18:59:00,Attend
53174,2024-08-01 18:49:00,2024-08-01,18:49:00,Attend
53312,2024-08-05 14:49:00,2024-08-05,14:49:00,Attend
53313,2024-08-05 14:54:00,2024-08-05,14:54:00,Attend
53315,2024-08-05 15:02:00,2024-08-05,15:02:00,Attend
53376,2024-08-05 14:38:00,2024-08-05,14:38:00,Attend
