EmployeeId,TransDateTime,Transdate,Transtime,Type
52524,2024-06-08 18:20:00,2024-06-08,18:20:00,Attend
52524,2024-06-08 18:22:00,2024-06-08,18:22:00,Leave
52560,2024-06-01 08:41:00,2024-06-01,08:41:00,Attend
52569,2024-06-01 08:41:00,2024-06-01,08:41:00,Attend
52529,2024-06-01 10:04:00,2024-06-01,10:04:00,Attend
52549,2024-06-01 11:27:00,2024-06-01,11:27:00,Attend
52570,2024-06-01 11:45:00,2024-06-01,11:45:00,Attend
52564,2024-06-01 16:06:00,2024-06-01,16:06:00,Leave
52529,2024-06-01 16:06:00,2024-06-01,16:06:00,Leave
52569,2024-06-01 16:30:00,2024-06-01,16:30:00,Leave
52570,2024-06-01 16:39:00,2024-06-01,16:39:00,Leave
52560,2024-06-01 16:57:00,2024-06-01,16:57:00,Leave
52560,2024-06-02 08:13:00,2024-06-02,08:13:00,Attend
52550,2024-06-02 08:13:00,2024-06-02,08:13:00,Attend
52540,2024-06-02 08:33:00,2024-06-02,08:33:00,Attend
52539,2024-06-02 08:43:00,2024-06-02,08:43:00,Attend
52549,2024-06-02 08:49:00,2024-06-02,08:49:00,Attend
52574,2024-06-02 08:55:00,2024-06-02,08:55:00,Attend
52558,2024-06-02 09:05:00,2024-06-02,09:05:00,Attend
52573,2024-06-02 09:10:00,2024-06-02,09:10:00,Attend
52567,2024-06-02 09:15:00,2024-06-02,09:15:00,Attend
52570,2024-06-02 09:15:00,2024-06-02,09:15:00,Attend
52564,2024-06-02 09:16:00,2024-06-02,09:16:00,Attend
52572,2024-06-02 09:25:00,2024-06-02,09:25:00,Attend
52535,2024-06-02 10:29:00,2024-06-02,10:29:00,Attend
52557,2024-06-02 11:00:00,2024-06-02,11:00:00,Attend
52541,2024-06-02 12:17:00,2024-06-02,12:17:00,Attend
52548,2024-06-02 12:31:00,2024-06-02,12:31:00,Attend
52529,2024-06-02 12:38:00,2024-06-02,12:38:00,Attend
52524,2024-06-02 15:49:00,2024-06-02,15:49:00,Leave
52541,2024-06-02 16:33:00,2024-06-02,16:33:00,Leave
52574,2024-06-02 17:07:00,2024-06-02,17:07:00,Leave
52549,2024-06-02 17:18:00,2024-06-02,17:18:00,Leave
52558,2024-06-02 17:26:00,2024-06-02,17:26:00,Leave
52564,2024-06-02 17:26:00,2024-06-02,17:26:00,Leave
52535,2024-06-02 17:26:00,2024-06-02,17:26:00,Leave
52570,2024-06-02 17:27:00,2024-06-02,17:27:00,Leave
52540,2024-06-02 17:31:00,2024-06-02,17:31:00,Leave
52572,2024-06-02 17:32:00,2024-06-02,17:32:00,Leave
52524,2024-06-02 17:34:00,2024-06-02,17:34:00,Leave
52529,2024-06-02 17:39:00,2024-06-02,17:39:00,Leave
52540,2024-06-02 17:44:00,2024-06-02,17:44:00,Leave
52539,2024-06-02 18:00:00,2024-06-02,18:00:00,Leave
52573,2024-06-02 18:00:00,2024-06-02,18:00:00,Leave
52567,2024-06-02 18:12:00,2024-06-02,18:12:00,Leave
52557,2024-06-02 19:56:00,2024-06-02,19:56:00,Leave
52560,2024-06-02 19:56:00,2024-06-02,19:56:00,Leave
52548,2024-06-02 19:57:00,2024-06-02,19:57:00,Leave
52560,2024-06-03 08:09:00,2024-06-03,08:09:00,Attend
52573,2024-06-03 08:37:00,2024-06-03,08:37:00,Attend
52539,2024-06-03 08:39:00,2024-06-03,08:39:00,Attend
52540,2024-06-03 08:44:00,2024-06-03,08:44:00,Attend
52549,2024-06-03 08:57:00,2024-06-03,08:57:00,Attend
52569,2024-06-03 08:59:00,2024-06-03,08:59:00,Attend
52567,2024-06-03 09:10:00,2024-06-03,09:10:00,Attend
52570,2024-06-03 09:10:00,2024-06-03,09:10:00,Attend
52564,2024-06-03 09:13:00,2024-06-03,09:13:00,Attend
52558,2024-06-03 09:16:00,2024-06-03,09:16:00,Attend
52524,2024-06-03 09:50:00,2024-06-03,09:50:00,Attend
52541,2024-06-03 10:37:00,2024-06-03,10:37:00,Attend
52572,2024-06-03 10:59:00,2024-06-03,10:59:00,Attend
52529,2024-06-03 12:24:00,2024-06-03,12:24:00,Attend
52548,2024-06-03 15:12:00,2024-06-03,15:12:00,Leave
52539,2024-06-03 17:08:00,2024-06-03,17:08:00,Leave
52549,2024-06-03 17:17:00,2024-06-03,17:17:00,Leave
52529,2024-06-03 17:26:00,2024-06-03,17:26:00,Leave
52564,2024-06-03 17:42:00,2024-06-03,17:42:00,Leave
52570,2024-06-03 17:42:00,2024-06-03,17:42:00,Leave
52569,2024-06-03 17:45:00,2024-06-03,17:45:00,Leave
52573,2024-06-03 17:50:00,2024-06-03,17:50:00,Leave
52550,2024-06-03 17:58:00,2024-06-03,17:58:00,Leave
52572,2024-06-03 18:08:00,2024-06-03,18:08:00,Leave
52558,2024-06-03 18:15:00,2024-06-03,18:15:00,Leave
52524,2024-06-03 18:39:00,2024-06-03,18:39:00,Leave
52540,2024-06-03 19:07:00,2024-06-03,19:07:00,Leave
52567,2024-06-03 20:58:00,2024-06-03,20:58:00,Leave
52548,2024-06-03 20:59:00,2024-06-03,20:59:00,Attend
52560,2024-06-03 21:08:00,2024-06-03,21:08:00,Leave
52560,2024-06-04 07:55:00,2024-06-04,07:55:00,Attend
52535,2024-06-04 08:36:00,2024-06-04,08:36:00,Attend
52539,2024-06-04 08:36:00,2024-06-04,08:36:00,Attend
52573,2024-06-04 08:37:00,2024-06-04,08:37:00,Attend
52540,2024-06-04 08:42:00,2024-06-04,08:42:00,Attend
52569,2024-06-04 08:45:00,2024-06-04,08:45:00,Attend
52558,2024-06-04 09:19:00,2024-06-04,09:19:00,Attend
52570,2024-06-04 09:21:00,2024-06-04,09:21:00,Attend
52572,2024-06-04 09:30:00,2024-06-04,09:30:00,Attend
52557,2024-06-04 09:50:00,2024-06-04,09:50:00,Attend
52549,2024-06-04 10:06:00,2024-06-04,10:06:00,Attend
52529,2024-06-04 10:54:00,2024-06-04,10:54:00,Attend
52567,2024-06-04 11:13:00,2024-06-04,11:13:00,Attend
52541,2024-06-04 11:27:00,2024-06-04,11:27:00,Attend
52524,2024-06-04 12:14:00,2024-06-04,12:14:00,Attend
52548,2024-06-04 13:34:00,2024-06-04,13:34:00,Attend
52558,2024-06-04 17:24:00,2024-06-04,17:24:00,Leave
52564,2024-06-04 17:25:00,2024-06-04,17:25:00,Leave
52529,2024-06-04 17:32:00,2024-06-04,17:32:00,Leave
52570,2024-06-04 17:34:00,2024-06-04,17:34:00,Leave
52569,2024-06-04 17:36:00,2024-06-04,17:36:00,Leave
52573,2024-06-04 17:48:00,2024-06-04,17:48:00,Leave
52539,2024-06-04 18:09:00,2024-06-04,18:09:00,Leave
52549,2024-06-04 18:09:00,2024-06-04,18:09:00,Leave
52557,2024-06-04 18:21:00,2024-06-04,18:21:00,Leave
52572,2024-06-04 18:36:00,2024-06-04,18:36:00,Leave
52540,2024-06-04 18:41:00,2024-06-04,18:41:00,Leave
52567,2024-06-04 18:57:00,2024-06-04,18:57:00,Leave
52548,2024-06-04 20:51:00,2024-06-04,20:51:00,Leave
52560,2024-06-04 21:59:00,2024-06-04,21:59:00,Leave
52560,2024-06-05 07:58:00,2024-06-05,07:58:00,Attend
52569,2024-06-05 08:34:00,2024-06-05,08:34:00,Attend
52540,2024-06-05 08:42:00,2024-06-05,08:42:00,Attend
52539,2024-06-05 08:43:00,2024-06-05,08:43:00,Attend
52573,2024-06-05 08:50:00,2024-06-05,08:50:00,Attend
52574,2024-06-05 09:07:00,2024-06-05,09:07:00,Attend
52558,2024-06-05 09:11:00,2024-06-05,09:11:00,Attend
52557,2024-06-05 09:13:00,2024-06-05,09:13:00,Attend
52572,2024-06-05 09:19:00,2024-06-05,09:19:00,Attend
52529,2024-06-05 09:21:00,2024-06-05,09:21:00,Attend
52570,2024-06-05 09:38:00,2024-06-05,09:38:00,Attend
52524,2024-06-05 10:12:00,2024-06-05,10:12:00,Attend
52567,2024-06-05 10:31:00,2024-06-05,10:31:00,Attend
52535,2024-06-05 12:01:00,2024-06-05,12:01:00,Attend
52548,2024-06-05 14:54:00,2024-06-05,14:54:00,Attend
52557,2024-06-05 17:09:00,2024-06-05,17:09:00,Leave
52569,2024-06-05 17:24:00,2024-06-05,17:24:00,Leave
52564,2024-06-05 17:30:00,2024-06-05,17:30:00,Leave
52574,2024-06-05 17:41:00,2024-06-05,17:41:00,Leave
52535,2024-06-05 17:49:00,2024-06-05,17:49:00,Leave
52524,2024-06-05 17:55:00,2024-06-05,17:55:00,Leave
52529,2024-06-05 18:02:00,2024-06-05,18:02:00,Leave
52573,2024-06-05 18:13:00,2024-06-05,18:13:00,Leave
52558,2024-06-05 18:13:00,2024-06-05,18:13:00,Leave
52567,2024-06-05 18:49:00,2024-06-05,18:49:00,Leave
52540,2024-06-05 18:56:00,2024-06-05,18:56:00,Leave
52539,2024-06-05 18:56:00,2024-06-05,18:56:00,Leave
52572,2024-06-05 20:16:00,2024-06-05,20:16:00,Leave
52548,2024-06-05 20:38:00,2024-06-05,20:38:00,Leave
52560,2024-06-05 20:47:00,2024-06-05,20:47:00,Leave
52560,2024-06-06 07:37:00,2024-06-06,07:37:00,Attend
52524,2024-06-06 07:40:00,2024-06-06,07:40:00,Attend
52569,2024-06-06 08:33:00,2024-06-06,08:33:00,Attend
52539,2024-06-06 08:39:00,2024-06-06,08:39:00,Attend
52540,2024-06-06 08:51:00,2024-06-06,08:51:00,Attend
52549,2024-06-06 08:52:00,2024-06-06,08:52:00,Attend
52529,2024-06-06 08:54:00,2024-06-06,08:54:00,Attend
52574,2024-06-06 09:02:00,2024-06-06,09:02:00,Attend
52570,2024-06-06 09:02:00,2024-06-06,09:02:00,Attend
52558,2024-06-06 09:03:00,2024-06-06,09:03:00,Attend
52567,2024-06-06 09:33:00,2024-06-06,09:33:00,Attend
52572,2024-06-06 10:00:00,2024-06-06,10:00:00,Attend
52541,2024-06-06 11:24:00,2024-06-06,11:24:00,Attend
52548,2024-06-06 14:19:00,2024-06-06,14:19:00,Attend
52570,2024-06-06 14:50:00,2024-06-06,14:50:00,Leave
52564,2024-06-06 16:55:00,2024-06-06,16:55:00,Leave
52524,2024-06-06 17:09:00,2024-06-06,17:09:00,Leave
52569,2024-06-06 17:11:00,2024-06-06,17:11:00,Leave
52549,2024-06-06 17:16:00,2024-06-06,17:16:00,Leave
52558,2024-06-06 17:18:00,2024-06-06,17:18:00,Leave
52535,2024-06-06 17:27:00,2024-06-06,17:27:00,Leave
52539,2024-06-06 17:29:00,2024-06-06,17:29:00,Leave
52574,2024-06-06 17:29:00,2024-06-06,17:29:00,Leave
52567,2024-06-06 17:44:00,2024-06-06,17:44:00,Leave
52529,2024-06-06 17:46:00,2024-06-06,17:46:00,Leave
52572,2024-06-06 19:04:00,2024-06-06,19:04:00,Leave
52560,2024-06-06 20:55:00,2024-06-06,20:55:00,Leave
52548,2024-06-06 20:56:00,2024-06-06,20:56:00,Leave
52560,2024-06-08 08:39:00,2024-06-08,08:39:00,Attend
52573,2024-06-08 09:55:00,2024-06-08,09:55:00,Attend
52539,2024-06-08 11:03:00,2024-06-08,11:03:00,Attend
52524,2024-06-08 12:18:00,2024-06-08,12:18:00,Attend
52524,2024-06-08 19:26:00,2024-06-08,19:26:00,Leave
52560,2024-06-08 19:51:00,2024-06-08,19:51:00,Leave
52560,2024-06-09 07:42:00,2024-06-09,07:42:00,Attend
52569,2024-06-09 08:31:00,2024-06-09,08:31:00,Attend
52573,2024-06-09 08:41:00,2024-06-09,08:41:00,Attend
52570,2024-06-09 08:45:00,2024-06-09,08:45:00,Attend
52540,2024-06-09 08:45:00,2024-06-09,08:45:00,Attend
52574,2024-06-09 09:00:00,2024-06-09,09:00:00,Attend
52549,2024-06-09 09:04:00,2024-06-09,09:04:00,Attend
52572,2024-06-09 09:08:00,2024-06-09,09:08:00,Attend
52558,2024-06-09 09:12:00,2024-06-09,09:12:00,Attend
52548,2024-06-09 12:42:00,2024-06-09,12:42:00,Attend
52541,2024-06-09 13:00:00,2024-06-09,13:00:00,Attend
52539,2024-06-09 17:02:00,2024-06-09,17:02:00,Leave
52572,2024-06-09 17:03:00,2024-06-09,17:03:00,Leave
52549,2024-06-09 17:16:00,2024-06-09,17:16:00,Leave
52541,2024-06-09 17:22:00,2024-06-09,17:22:00,Leave
52558,2024-06-09 17:23:00,2024-06-09,17:23:00,Leave
52540,2024-06-09 17:24:00,2024-06-09,17:24:00,Leave
52574,2024-06-09 17:27:00,2024-06-09,17:27:00,Leave
52564,2024-06-09 17:30:00,2024-06-09,17:30:00,Leave
52569,2024-06-09 17:32:00,2024-06-09,17:32:00,Leave
52570,2024-06-09 17:32:00,2024-06-09,17:32:00,Leave
52573,2024-06-09 17:35:00,2024-06-09,17:35:00,Leave
52560,2024-06-09 21:06:00,2024-06-09,21:06:00,Leave
52560,2024-06-10 08:12:00,2024-06-10,08:12:00,Attend
52570,2024-06-10 08:36:00,2024-06-10,08:36:00,Attend
52540,2024-06-10 08:44:00,2024-06-10,08:44:00,Attend
52573,2024-06-10 08:44:00,2024-06-10,08:44:00,Attend
52539,2024-06-10 08:45:00,2024-06-10,08:45:00,Attend
52572,2024-06-10 09:03:00,2024-06-10,09:03:00,Attend
52569,2024-06-10 09:06:00,2024-06-10,09:06:00,Attend
52549,2024-06-10 09:06:00,2024-06-10,09:06:00,Attend
52558,2024-06-10 09:11:00,2024-06-10,09:11:00,Attend
52541,2024-06-10 09:33:00,2024-06-10,09:33:00,Attend
52524,2024-06-10 09:57:00,2024-06-10,09:57:00,Attend
52548,2024-06-10 11:29:00,2024-06-10,11:29:00,Attend
52564,2024-06-10 17:08:00,2024-06-10,17:08:00,Leave
52570,2024-06-10 17:26:00,2024-06-10,17:26:00,Leave
52558,2024-06-10 17:30:00,2024-06-10,17:30:00,Leave
52569,2024-06-10 17:54:00,2024-06-10,17:54:00,Leave
52572,2024-06-10 17:55:00,2024-06-10,17:55:00,Leave
52541,2024-06-10 18:33:00,2024-06-10,18:33:00,Leave
52540,2024-06-10 18:34:00,2024-06-10,18:34:00,Leave
52548,2024-06-10 19:12:00,2024-06-10,19:12:00,Leave
52573,2024-06-10 19:18:00,2024-06-10,19:18:00,Leave
52549,2024-06-10 19:28:00,2024-06-10,19:28:00,Leave
52549,2024-06-01 17:30:00,2024-06-01,17:30:00,Leave
52564,2024-06-01 09:00:00,2024-06-01,09:00:00,Attend
52524,2024-06-02 09:00:00,2024-06-02,09:00:00,Attend
52550,2024-06-02 17:30:00,2024-06-02,17:30:00,Leave
52541,2024-06-03 17:30:00,2024-06-03,17:30:00,Leave
52550,2024-06-03 09:00:00,2024-06-03,09:00:00,Attend
52524,2024-06-04 17:30:00,2024-06-04,17:30:00,Leave
52535,2024-06-04 17:30:00,2024-06-04,17:30:00,Leave
52541,2024-06-04 17:30:00,2024-06-04,17:30:00,Leave
52564,2024-06-04 09:00:00,2024-06-04,09:00:00,Attend
52564,2024-06-05 09:00:00,2024-06-05,09:00:00,Attend
52570,2024-06-05 17:30:00,2024-06-05,17:30:00,Leave
52535,2024-06-06 09:00:00,2024-06-06,09:00:00,Attend
52540,2024-06-06 17:30:00,2024-06-06,17:30:00,Leave
52541,2024-06-06 17:30:00,2024-06-06,17:30:00,Leave
52564,2024-06-06 09:00:00,2024-06-06,09:00:00,Attend
52573,2024-06-08 17:30:00,2024-06-08,17:30:00,Leave
52539,2024-06-08 17:30:00,2024-06-08,17:30:00,Leave
52539,2024-06-09 09:00:00,2024-06-09,09:00:00,Attend
52564,2024-06-09 09:00:00,2024-06-09,09:00:00,Attend
52539,2024-06-10 17:30:00,2024-06-10,17:30:00,Leave
52564,2024-06-10 09:00:00,2024-06-10,09:00:00,Attend
52548,2024-06-09 23:59:00,2024-06-09,23:59:00,Leave
52560,2024-06-10 20:22:00,2024-06-10,20:22:00,Leave
52524,2024-06-10 20:27:00,2024-06-10,20:27:00,Leave
52560,2024-06-11 08:01:00,2024-06-11,08:01:00,Attend
52535,2024-06-11 08:32:00,2024-06-11,08:32:00,Attend
52540,2024-06-11 08:38:00,2024-06-11,08:38:00,Attend
52570,2024-06-11 08:45:00,2024-06-11,08:45:00,Attend
52574,2024-06-11 09:03:00,2024-06-11,09:03:00,Attend
52549,2024-06-11 09:06:00,2024-06-11,09:06:00,Attend
52574,2024-06-11 09:06:00,2024-06-11,09:06:00,Attend
52558,2024-06-11 09:10:00,2024-06-11,09:10:00,Attend
52572,2024-06-11 09:19:00,2024-06-11,09:19:00,Attend
52573,2024-06-11 10:33:00,2024-06-11,10:33:00,Attend
52557,2024-06-11 10:44:00,2024-06-11,10:44:00,Attend
52541,2024-06-11 12:56:00,2024-06-11,12:56:00,Attend
52569,2024-06-11 13:45:00,2024-06-11,13:45:00,Leave
52564,2024-06-11 15:01:00,2024-06-11,15:01:00,Leave
52548,2024-06-11 15:05:00,2024-06-11,15:05:00,Leave
52549,2024-06-11 17:21:00,2024-06-11,17:21:00,Leave
52558,2024-06-11 17:30:00,2024-06-11,17:30:00,Leave
52540,2024-06-11 17:30:00,2024-06-11,17:30:00,Leave
52570,2024-06-11 17:31:00,2024-06-11,17:31:00,Leave
52573,2024-06-11 17:34:00,2024-06-11,17:34:00,Leave
52535,2024-06-11 17:39:00,2024-06-11,17:39:00,Leave
52572,2024-06-11 17:40:00,2024-06-11,17:40:00,Leave
52574,2024-06-11 17:44:00,2024-06-11,17:44:00,Leave
52569,2024-06-11 17:50:00,2024-06-11,17:50:00,Leave
52569,2024-06-11 09:00:00,2024-06-11,09:00:00,Attend
52557,2024-06-11 17:30:00,2024-06-11,17:30:00,Leave
52564,2024-06-11 09:00:00,2024-06-11,09:00:00,Attend
52548,2024-06-11 06:00:00,2024-06-11,06:00:00,Attend
52541,2024-06-11 18:02:00,2024-06-11,18:02:00,Leave
52524,2024-06-11 09:00:00,2024-06-11,09:00:00,Attend
52524,2024-06-11 18:18:00,2024-06-11,18:18:00,Leave
52560,2024-06-11 22:57:00,2024-06-11,22:57:00,Leave
52560,2024-06-12 08:08:00,2024-06-12,08:08:00,Attend
52569,2024-06-12 08:41:00,2024-06-12,08:41:00,Attend
52570,2024-06-12 08:41:00,2024-06-12,08:41:00,Attend
52539,2024-06-12 08:42:00,2024-06-12,08:42:00,Attend
52540,2024-06-12 08:46:00,2024-06-12,08:46:00,Attend
52573,2024-06-12 08:56:00,2024-06-12,08:56:00,Attend
52549,2024-06-12 09:02:00,2024-06-12,09:02:00,Attend
52541,2024-06-12 09:12:00,2024-06-12,09:12:00,Attend
52574,2024-06-12 09:12:00,2024-06-12,09:12:00,Attend
52558,2024-06-12 09:17:00,2024-06-12,09:17:00,Attend
52557,2024-06-12 09:29:00,2024-06-12,09:29:00,Attend
52524,2024-06-12 09:54:00,2024-06-12,09:54:00,Attend
52529,2024-06-12 09:57:00,2024-06-12,09:57:00,Attend
52535,2024-06-12 11:26:00,2024-06-12,11:26:00,Attend
52548,2024-06-12 12:34:00,2024-06-12,12:34:00,Attend
52556,2024-06-12 15:15:00,2024-06-12,15:15:00,Attend
52535,2024-06-12 15:29:00,2024-06-12,15:29:00,Leave
52553,2024-06-12 16:01:00,2024-06-12,16:01:00,Leave
52540,2024-06-12 17:09:00,2024-06-12,17:09:00,Leave
52553,2024-06-12 08:30:00,2024-06-12,08:30:00,Attend
52556,2024-06-12 17:00:00,2024-06-12,17:00:00,Leave
52553,2024-06-13 08:11:00,2024-06-13,08:11:00,Attend
52554,2024-06-13 08:14:00,2024-06-13,08:14:00,Attend
52569,2024-06-12 17:20:00,2024-06-12,17:20:00,Leave
52558,2024-06-12 17:24:00,2024-06-12,17:24:00,Leave
52549,2024-06-12 17:25:00,2024-06-12,17:25:00,Leave
52574,2024-06-12 17:28:00,2024-06-12,17:28:00,Leave
52564,2024-06-12 09:00:00,2024-06-12,09:00:00,Attend
52564,2024-06-12 17:29:00,2024-06-12,17:29:00,Leave
52570,2024-06-12 17:30:00,2024-06-12,17:30:00,Leave
52539,2024-06-12 17:31:00,2024-06-12,17:31:00,Leave
52573,2024-06-12 17:37:00,2024-06-12,17:37:00,Leave
52524,2024-06-12 17:46:00,2024-06-12,17:46:00,Leave
52572,2024-06-12 09:00:00,2024-06-12,09:00:00,Attend
52572,2024-06-12 17:52:00,2024-06-12,17:52:00,Leave
52541,2024-06-12 18:10:00,2024-06-12,18:10:00,Leave
52529,2024-06-12 18:45:00,2024-06-12,18:45:00,Leave
52557,2024-06-12 21:01:00,2024-06-12,21:01:00,Leave
52548,2024-06-12 21:01:00,2024-06-12,21:01:00,Leave
52560,2024-06-12 21:04:00,2024-06-12,21:04:00,Leave
52560,2024-06-13 08:27:00,2024-06-13,08:27:00,Attend
52560,2024-06-13 08:29:00,2024-06-13,08:29:00,Attend
52540,2024-06-13 08:44:00,2024-06-13,08:44:00,Attend
52570,2024-06-13 08:58:00,2024-06-13,08:58:00,Attend
52558,2024-06-13 08:58:00,2024-06-13,08:58:00,Attend
52574,2024-06-13 09:04:00,2024-06-13,09:04:00,Attend
52574,2024-06-13 09:05:00,2024-06-13,09:05:00,Attend
52572,2024-06-13 09:18:00,2024-06-13,09:18:00,Attend
52564,2024-06-13 09:29:00,2024-06-13,09:29:00,Attend
52569,2024-06-13 09:39:00,2024-06-13,09:39:00,Attend
52539,2024-06-13 09:52:00,2024-06-13,09:52:00,Attend
52557,2024-06-13 10:18:00,2024-06-13,10:18:00,Attend
52535,2024-06-13 10:28:00,2024-06-13,10:28:00,Attend
52541,2024-06-13 10:52:00,2024-06-13,10:52:00,Attend
52548,2024-06-13 12:27:00,2024-06-13,12:27:00,Attend
52553,2024-06-13 12:30:00,2024-06-13,12:30:00,Leave
52554,2024-06-13 17:00:00,2024-06-13,17:00:00,Leave
52535,2024-06-13 17:30:00,2024-06-13,17:30:00,Leave
52540,2024-06-13 17:30:00,2024-06-13,17:30:00,Leave
52564,2024-06-13 17:30:00,2024-06-13,17:30:00,Leave
52543,2024-06-20 17:00:00,2024-06-20,17:00:00,Leave
52543,2024-06-20 20:01:00,2024-06-20,20:01:00,Attend
52543,2024-06-21 07:02:00,2024-06-21,07:02:00,Attend
52543,2024-06-21 17:00:00,2024-06-21,17:00:00,Leave
52543,2024-06-22 06:57:00,2024-06-22,06:57:00,Attend
52542,2024-06-22 08:01:00,2024-06-22,08:01:00,Attend
52575,2024-06-22 08:04:00,2024-06-22,08:04:00,Attend
52553,2024-06-22 08:13:00,2024-06-22,08:13:00,Attend
52566,2024-06-22 08:21:00,2024-06-22,08:21:00,Attend
52565,2024-06-22 08:27:00,2024-06-22,08:27:00,Attend
52530,2024-06-22 08:35:00,2024-06-22,08:35:00,Attend
52544,2024-06-22 08:35:00,2024-06-22,08:35:00,Attend
52571,2024-06-22 08:41:00,2024-06-22,08:41:00,Attend
52562,2024-06-22 09:04:00,2024-06-22,09:04:00,Attend
52554,2024-06-22 09:48:00,2024-06-22,09:48:00,Attend
52556,2024-06-22 12:35:00,2024-06-22,12:35:00,Attend
52542,2024-06-22 16:33:00,2024-06-22,16:33:00,Leave
52571,2024-06-22 16:47:00,2024-06-22,16:47:00,Leave
52562,2024-06-22 16:47:00,2024-06-22,16:47:00,Leave
52562,2024-06-22 16:48:00,2024-06-22,16:48:00,Leave
52575,2024-06-22 16:59:00,2024-06-22,16:59:00,Leave
52565,2024-06-22 17:00:00,2024-06-22,17:00:00,Leave
52556,2024-06-22 17:02:00,2024-06-22,17:02:00,Leave
52566,2024-06-22 17:03:00,2024-06-22,17:03:00,Leave
52566,2024-06-22 17:04:00,2024-06-22,17:04:00,Leave
52559,2024-06-22 17:04:00,2024-06-22,17:04:00,Leave
52559,2024-06-22 17:05:00,2024-06-22,17:05:00,Leave
52530,2024-06-22 17:07:00,2024-06-22,17:07:00,Leave
52544,2024-06-22 17:11:00,2024-06-22,17:11:00,Leave
52553,2024-06-22 18:30:00,2024-06-22,18:30:00,Leave
52559,2024-06-22 18:55:00,2024-06-22,18:55:00,Attend
52554,2024-06-22 19:28:00,2024-06-22,19:28:00,Leave
52543,2024-06-22 17:00:00,2024-06-22,17:00:00,Leave
52559,2024-06-22 21:38:00,2024-06-22,21:38:00,Leave
52566,2024-06-23 07:47:00,2024-06-23,07:47:00,Attend
52559,2024-06-23 08:02:00,2024-06-23,08:02:00,Attend
52553,2024-06-23 08:05:00,2024-06-23,08:05:00,Attend
52554,2024-06-23 08:06:00,2024-06-23,08:06:00,Attend
52552,2024-06-23 08:08:00,2024-06-23,08:08:00,Attend
52544,2024-06-23 08:10:00,2024-06-23,08:10:00,Attend
52575,2024-06-23 08:11:00,2024-06-23,08:11:00,Attend
52565,2024-06-23 08:15:00,2024-06-23,08:15:00,Attend
52542,2024-06-23 08:15:00,2024-06-23,08:15:00,Attend
52530,2024-06-23 08:25:00,2024-06-23,08:25:00,Attend
52556,2024-06-23 08:30:00,2024-06-23,08:30:00,Attend
52538,2024-06-23 08:30:00,2024-06-23,08:30:00,Attend
52571,2024-06-23 08:38:00,2024-06-23,08:38:00,Attend
52562,2024-06-23 08:41:00,2024-06-23,08:41:00,Attend
52551,2024-06-23 09:02:00,2024-06-23,09:02:00,Attend
52529,2024-06-13 13:16:00,2024-06-13,13:16:00,Leave
52524,2024-06-13 09:00:00,2024-06-13,09:00:00,Attend
52524,2024-06-13 13:35:00,2024-06-13,13:35:00,Leave
52541,2024-06-13 14:14:00,2024-06-13,14:14:00,Leave
52529,2024-06-13 14:14:00,2024-06-13,14:14:00,Attend
52569,2024-06-13 14:32:00,2024-06-13,14:32:00,Leave
52558,2024-06-13 14:32:00,2024-06-13,14:32:00,Leave
52557,2024-06-13 15:27:00,2024-06-13,15:27:00,Leave
52548,2024-06-13 15:27:00,2024-06-13,15:27:00,Leave
52574,2024-06-13 15:29:00,2024-06-13,15:29:00,Leave
52572,2024-06-13 16:00:00,2024-06-13,16:00:00,Leave
52570,2024-06-13 17:26:00,2024-06-13,17:26:00,Leave
52560,2024-06-13 17:32:00,2024-06-13,17:32:00,Leave
52539,2024-06-13 17:32:00,2024-06-13,17:32:00,Leave
52560,2024-06-23 07:45:00,2024-06-23,07:45:00,Attend
52535,2024-06-23 08:31:00,2024-06-23,08:31:00,Attend
52570,2024-06-23 08:39:00,2024-06-23,08:39:00,Attend
52539,2024-06-23 08:39:00,2024-06-23,08:39:00,Attend
52574,2024-06-23 08:41:00,2024-06-23,08:41:00,Attend
52540,2024-06-23 08:52:00,2024-06-23,08:52:00,Attend
52558,2024-06-23 08:52:00,2024-06-23,08:52:00,Attend
52524,2024-06-23 08:54:00,2024-06-23,08:54:00,Attend
52573,2024-06-23 08:54:00,2024-06-23,08:54:00,Attend
52573,2024-06-23 09:04:00,2024-06-23,09:04:00,Attend
52564,2024-06-23 09:08:00,2024-06-23,09:08:00,Attend
52549,2024-06-23 09:22:00,2024-06-23,09:22:00,Attend
52529,2024-06-23 10:40:00,2024-06-23,10:40:00,Attend
52567,2024-06-23 10:45:00,2024-06-23,10:45:00,Attend
52557,2024-06-23 10:56:00,2024-06-23,10:56:00,Attend
52551,2024-06-23 13:02:00,2024-06-23,13:02:00,Leave
52538,2024-06-23 14:29:00,2024-06-23,14:29:00,Leave
52554,2024-06-23 16:38:00,2024-06-23,16:38:00,Leave
52542,2024-06-23 16:51:00,2024-06-23,16:51:00,Leave
52553,2024-06-23 16:54:00,2024-06-23,16:54:00,Leave
52571,2024-06-23 16:56:00,2024-06-23,16:56:00,Leave
52562,2024-06-23 16:56:00,2024-06-23,16:56:00,Leave
52571,2024-06-23 16:57:00,2024-06-23,16:57:00,Leave
52565,2024-06-23 17:03:00,2024-06-23,17:03:00,Leave
52575,2024-06-23 17:05:00,2024-06-23,17:05:00,Leave
52566,2024-06-23 17:09:00,2024-06-23,17:09:00,Leave
52556,2024-06-23 17:12:00,2024-06-23,17:12:00,Leave
52531,2024-06-23 17:12:00,2024-06-23,17:12:00,Leave
52544,2024-06-23 17:25:00,2024-06-23,17:25:00,Leave
52549,2024-06-23 17:16:00,2024-06-23,17:16:00,Leave
52539,2024-06-23 17:28:00,2024-06-23,17:28:00,Leave
52574,2024-06-23 17:30:00,2024-06-23,17:30:00,Leave
52529,2024-06-23 17:33:00,2024-06-23,17:33:00,Leave
52535,2024-06-23 17:33:00,2024-06-23,17:33:00,Leave
52540,2024-06-23 17:33:00,2024-06-23,17:33:00,Leave
52558,2024-06-23 17:35:00,2024-06-23,17:35:00,Leave
52564,2024-06-23 17:36:00,2024-06-23,17:36:00,Leave
52573,2024-06-23 17:37:00,2024-06-23,17:37:00,Leave
52559,2024-06-23 19:01:00,2024-06-23,19:01:00,Leave
52531,2024-06-23 08:30:00,2024-06-23,08:30:00,Attend
52552,2024-06-23 17:00:00,2024-06-23,17:00:00,Leave
52570,2024-06-23 17:30:00,2024-06-23,17:30:00,Leave
52530,2024-06-23 21:44:00,2024-06-23,21:44:00,Leave
52559,2024-06-24 07:35:00,2024-06-24,07:35:00,Attend
52544,2024-06-24 07:35:00,2024-06-24,07:35:00,Attend
52566,2024-06-24 07:50:00,2024-06-24,07:50:00,Attend
52552,2024-06-24 07:59:00,2024-06-24,07:59:00,Attend
52542,2024-06-24 08:01:00,2024-06-24,08:01:00,Attend
52530,2024-06-24 08:02:00,2024-06-24,08:02:00,Attend
52553,2024-06-24 08:05:00,2024-06-24,08:05:00,Attend
52575,2024-06-24 08:07:00,2024-06-24,08:07:00,Attend
52554,2024-06-24 08:10:00,2024-06-24,08:10:00,Attend
52531,2024-06-24 08:22:00,2024-06-24,08:22:00,Attend
52565,2024-06-24 08:23:00,2024-06-24,08:23:00,Attend
52571,2024-06-24 08:23:00,2024-06-24,08:23:00,Attend
52562,2024-06-24 08:37:00,2024-06-24,08:37:00,Attend
52538,2024-06-24 08:47:00,2024-06-24,08:47:00,Attend
52546,2024-06-24 08:47:00,2024-06-24,08:47:00,Attend
52563,2024-06-24 08:54:00,2024-06-24,08:54:00,Attend
52556,2024-06-24 08:55:00,2024-06-24,08:55:00,Attend
52537,2024-06-24 08:55:00,2024-06-24,08:55:00,Attend
52532,2024-06-24 10:44:00,2024-06-24,10:44:00,Attend
52538,2024-06-24 13:42:00,2024-06-24,13:42:00,Leave
52546,2024-06-24 13:42:00,2024-06-24,13:42:00,Leave
52528,2024-06-24 14:26:00,2024-06-24,14:26:00,Attend
52571,2024-06-24 16:50:00,2024-06-24,16:50:00,Leave
52571,2024-06-24 16:51:00,2024-06-24,16:51:00,Leave
52542,2024-06-24 17:00:00,2024-06-24,17:00:00,Leave
52565,2024-06-24 17:00:00,2024-06-24,17:00:00,Leave
52532,2024-06-24 17:01:00,2024-06-24,17:01:00,Leave
52531,2024-06-24 17:01:00,2024-06-24,17:01:00,Leave
52575,2024-06-24 17:03:00,2024-06-24,17:03:00,Leave
52566,2024-06-24 17:05:00,2024-06-24,17:05:00,Leave
52562,2024-06-24 17:07:00,2024-06-24,17:07:00,Leave
52553,2024-06-24 17:09:00,2024-06-24,17:09:00,Leave
52554,2024-06-24 17:10:00,2024-06-24,17:10:00,Leave
52528,2024-06-24 17:22:00,2024-06-24,17:22:00,Leave
52556,2024-06-24 17:22:00,2024-06-24,17:22:00,Leave
52563,2024-06-24 17:23:00,2024-06-24,17:23:00,Leave
52537,2024-06-24 17:28:00,2024-06-24,17:28:00,Leave
52544,2024-06-24 18:21:00,2024-06-24,18:21:00,Leave
52552,2024-06-24 17:00:00,2024-06-24,17:00:00,Leave
52559,2024-06-24 21:27:00,2024-06-24,21:27:00,Leave
52530,2024-06-24 22:08:00,2024-06-24,22:08:00,Leave
52566,2024-06-25 07:42:00,2024-06-25,07:42:00,Attend
52544,2024-06-25 07:51:00,2024-06-25,07:51:00,Attend
52553,2024-06-25 07:55:00,2024-06-25,07:55:00,Attend
52559,2024-06-25 07:56:00,2024-06-25,07:56:00,Attend
52552,2024-06-25 08:03:00,2024-06-25,08:03:00,Attend
52542,2024-06-25 08:04:00,2024-06-25,08:04:00,Attend
52554,2024-06-25 08:06:00,2024-06-25,08:06:00,Attend
52551,2024-06-25 08:09:00,2024-06-25,08:09:00,Attend
52530,2024-06-25 08:14:00,2024-06-25,08:14:00,Attend
52531,2024-06-25 08:15:00,2024-06-25,08:15:00,Attend
52565,2024-06-25 08:15:00,2024-06-25,08:15:00,Attend
52575,2024-06-25 08:20:00,2024-06-25,08:20:00,Attend
52537,2024-06-25 08:25:00,2024-06-25,08:25:00,Attend
52556,2024-06-25 08:25:00,2024-06-25,08:25:00,Attend
52528,2024-06-25 08:25:00,2024-06-25,08:25:00,Attend
52563,2024-06-25 08:26:00,2024-06-25,08:26:00,Attend
52532,2024-06-25 08:33:00,2024-06-25,08:33:00,Attend
52538,2024-06-25 08:38:00,2024-06-25,08:38:00,Attend
52571,2024-06-25 08:44:00,2024-06-25,08:44:00,Attend
52546,2024-06-25 08:44:00,2024-06-25,08:44:00,Attend
52562,2024-06-25 09:05:00,2024-06-25,09:05:00,Attend
52539,2024-06-25 09:26:00,2024-06-25,09:26:00,Attend
52574,2024-06-25 09:31:00,2024-06-25,09:31:00,Attend
52549,2024-06-25 09:42:00,2024-06-25,09:42:00,Attend
52549,2024-06-25 10:37:00,2024-06-25,10:37:00,Leave
52536,2024-06-25 12:58:00,2024-06-25,12:58:00,Attend
52557,2024-06-23 17:45:00,2024-06-23,17:45:00,Leave
52524,2024-06-23 17:53:00,2024-06-23,17:53:00,Leave
52567,2024-06-23 18:49:00,2024-06-23,18:49:00,Leave
52560,2024-06-23 19:29:00,2024-06-23,19:29:00,Leave
52560,2024-06-24 08:02:00,2024-06-24,08:02:00,Attend
52535,2024-06-24 08:28:00,2024-06-24,08:28:00,Attend
52570,2024-06-24 08:38:00,2024-06-24,08:38:00,Attend
52539,2024-06-24 08:39:00,2024-06-24,08:39:00,Attend
52540,2024-06-24 08:44:00,2024-06-24,08:44:00,Attend
52549,2024-06-24 08:53:00,2024-06-24,08:53:00,Attend
52541,2024-06-24 08:57:00,2024-06-24,08:57:00,Attend
52573,2024-06-24 09:00:00,2024-06-24,09:00:00,Attend
52572,2024-06-24 09:05:00,2024-06-24,09:05:00,Attend
52557,2024-06-24 09:11:00,2024-06-24,09:11:00,Attend
52564,2024-06-24 09:12:00,2024-06-24,09:12:00,Attend
52529,2024-06-24 09:21:00,2024-06-24,09:21:00,Attend
52558,2024-06-24 10:13:00,2024-06-24,10:13:00,Attend
52567,2024-06-24 10:25:00,2024-06-24,10:25:00,Attend
52548,2024-06-24 14:00:00,2024-06-24,14:00:00,Attend
52549,2024-06-24 17:27:00,2024-06-24,17:27:00,Leave
52535,2024-06-24 17:29:00,2024-06-24,17:29:00,Leave
52541,2024-06-24 17:33:00,2024-06-24,17:33:00,Leave
52558,2024-06-24 17:34:00,2024-06-24,17:34:00,Leave
52564,2024-06-24 17:34:00,2024-06-24,17:34:00,Leave
52540,2024-06-24 17:36:00,2024-06-24,17:36:00,Leave
52574,2024-06-24 09:00:00,2024-06-24,09:00:00,Attend
52574,2024-06-24 17:38:00,2024-06-24,17:38:00,Leave
52539,2024-06-24 17:39:00,2024-06-24,17:39:00,Leave
52529,2024-06-24 17:41:00,2024-06-24,17:41:00,Leave
52557,2024-06-24 17:44:00,2024-06-24,17:44:00,Leave
52573,2024-06-24 17:44:00,2024-06-24,17:44:00,Leave
52572,2024-06-24 17:54:00,2024-06-24,17:54:00,Leave
52567,2024-06-24 18:50:00,2024-06-24,18:50:00,Leave
52548,2024-06-24 23:14:00,2024-06-24,23:14:00,Leave
52560,2024-06-24 23:17:00,2024-06-24,23:17:00,Leave
52560,2024-06-25 07:40:00,2024-06-25,07:40:00,Attend
52573,2024-06-25 08:39:00,2024-06-25,08:39:00,Attend
52539,2024-06-25 08:39:00,2024-06-25,08:39:00,Attend
52570,2024-06-25 08:40:00,2024-06-25,08:40:00,Attend
52539,2024-06-25 08:44:00,2024-06-25,08:44:00,Attend
52558,2024-06-25 08:50:00,2024-06-25,08:50:00,Attend
52540,2024-06-25 08:50:00,2024-06-25,08:50:00,Attend
52574,2024-06-25 08:55:00,2024-06-25,08:55:00,Attend
52572,2024-06-25 08:56:00,2024-06-25,08:56:00,Attend
52549,2024-06-25 08:57:00,2024-06-25,08:57:00,Attend
52557,2024-06-25 09:12:00,2024-06-25,09:12:00,Attend
52564,2024-06-25 09:14:00,2024-06-25,09:14:00,Attend
52541,2024-06-25 09:27:00,2024-06-25,09:27:00,Attend
52567,2024-06-25 10:38:00,2024-06-25,10:38:00,Attend
52529,2024-06-25 14:54:00,2024-06-25,14:54:00,Leave
52548,2024-06-25 15:00:00,2024-06-25,15:00:00,Leave
52551,2024-06-25 15:15:00,2024-06-25,15:15:00,Leave
52538,2024-06-25 15:31:00,2024-06-25,15:31:00,Leave
52541,2024-06-25 15:42:00,2024-06-25,15:42:00,Leave
52546,2024-06-25 16:20:00,2024-06-25,16:20:00,Leave
52571,2024-06-25 16:37:00,2024-06-25,16:37:00,Leave
52571,2024-06-25 16:38:00,2024-06-25,16:38:00,Leave
52554,2024-06-25 16:47:00,2024-06-25,16:47:00,Leave
52542,2024-06-25 16:59:00,2024-06-25,16:59:00,Leave
52542,2024-06-25 17:00:00,2024-06-25,17:00:00,Leave
52565,2024-06-25 17:02:00,2024-06-25,17:02:00,Leave
52575,2024-06-25 17:02:00,2024-06-25,17:02:00,Leave
52531,2024-06-25 17:02:00,2024-06-25,17:02:00,Leave
52532,2024-06-25 17:03:00,2024-06-25,17:03:00,Leave
52553,2024-06-25 17:04:00,2024-06-25,17:04:00,Leave
52562,2024-06-25 17:04:00,2024-06-25,17:04:00,Leave
52566,2024-06-25 17:05:00,2024-06-25,17:05:00,Leave
52544,2024-06-25 17:18:00,2024-06-25,17:18:00,Leave
52540,2024-06-25 17:33:00,2024-06-25,17:33:00,Leave
52539,2024-06-25 17:34:00,2024-06-25,17:34:00,Leave
52574,2024-06-25 17:35:00,2024-06-25,17:35:00,Leave
52528,2024-06-25 19:31:00,2024-06-25,19:31:00,Leave
52556,2024-06-25 19:34:00,2024-06-25,19:34:00,Leave
52563,2024-06-25 19:35:00,2024-06-25,19:35:00,Leave
52537,2024-06-25 19:35:00,2024-06-25,19:35:00,Leave
52552,2024-06-25 17:00:00,2024-06-25,17:00:00,Leave
52536,2024-06-25 20:02:00,2024-06-25,20:02:00,Leave
52559,2024-06-25 20:02:00,2024-06-25,20:02:00,Leave
52530,2024-06-25 20:02:00,2024-06-25,20:02:00,Leave
52529,2024-06-25 09:00:00,2024-06-25,09:00:00,Attend
52565,2024-06-26 07:14:00,2024-06-26,07:14:00,Attend
52552,2024-06-26 07:33:00,2024-06-26,07:33:00,Attend
52566,2024-06-26 07:49:00,2024-06-26,07:49:00,Attend
52536,2024-06-26 07:54:00,2024-06-26,07:54:00,Attend
52544,2024-06-26 07:54:00,2024-06-26,07:54:00,Attend
52553,2024-06-26 07:56:00,2024-06-26,07:56:00,Attend
52554,2024-06-26 07:57:00,2024-06-26,07:57:00,Attend
52559,2024-06-26 07:58:00,2024-06-26,07:58:00,Attend
52530,2024-06-26 08:04:00,2024-06-26,08:04:00,Attend
52542,2024-06-26 08:14:00,2024-06-26,08:14:00,Attend
52531,2024-06-26 08:18:00,2024-06-26,08:18:00,Attend
52575,2024-06-26 08:21:00,2024-06-26,08:21:00,Attend
52531,2024-06-26 08:25:00,2024-06-26,08:25:00,Attend
52532,2024-06-26 08:27:00,2024-06-26,08:27:00,Attend
52571,2024-06-26 08:32:00,2024-06-26,08:32:00,Attend
52528,2024-06-26 08:33:00,2024-06-26,08:33:00,Attend
52537,2024-06-26 08:33:00,2024-06-26,08:33:00,Attend
52556,2024-06-26 08:33:00,2024-06-26,08:33:00,Attend
52539,2024-06-26 08:38:00,2024-06-26,08:38:00,Attend
52562,2024-06-26 08:50:00,2024-06-26,08:50:00,Attend
52563,2024-06-26 08:57:00,2024-06-26,08:57:00,Attend
52540,2024-06-26 09:05:00,2024-06-26,09:05:00,Attend
52574,2024-06-26 09:08:00,2024-06-26,09:08:00,Attend
52546,2024-06-26 09:12:00,2024-06-26,09:12:00,Attend
52570,2024-06-25 17:33:00,2024-06-25,17:33:00,Leave
52529,2024-06-25 17:36:00,2024-06-25,17:36:00,Leave
52573,2024-06-25 17:39:00,2024-06-25,17:39:00,Leave
52558,2024-06-25 17:46:00,2024-06-25,17:46:00,Leave
52549,2024-06-25 17:52:00,2024-06-25,17:52:00,Leave
52564,2024-06-25 18:13:00,2024-06-25,18:13:00,Leave
52572,2024-06-25 18:13:00,2024-06-25,18:13:00,Leave
52567,2024-06-25 18:53:00,2024-06-25,18:53:00,Leave
52557,2024-06-25 19:19:00,2024-06-25,19:19:00,Leave
52548,2024-06-25 21:38:00,2024-06-25,21:38:00,Attend
52560,2024-06-25 21:45:00,2024-06-25,21:45:00,Leave
52560,2024-06-26 08:04:00,2024-06-26,08:04:00,Attend
52535,2024-06-26 08:26:00,2024-06-26,08:26:00,Attend
52570,2024-06-26 08:49:00,2024-06-26,08:49:00,Attend
52558,2024-06-26 08:59:00,2024-06-26,08:59:00,Attend
52540,2024-06-26 09:02:00,2024-06-26,09:02:00,Attend
52572,2024-06-26 09:03:00,2024-06-26,09:03:00,Attend
52573,2024-06-26 09:07:00,2024-06-26,09:07:00,Attend
52557,2024-06-26 09:12:00,2024-06-26,09:12:00,Attend
52549,2024-06-26 09:17:00,2024-06-26,09:17:00,Attend
52564,2024-06-26 09:17:00,2024-06-26,09:17:00,Attend
52567,2024-06-26 09:52:00,2024-06-26,09:52:00,Attend
52548,2024-06-26 14:55:00,2024-06-26,14:55:00,Attend
52548,2024-06-26 14:57:00,2024-06-26,14:57:00,Attend
52573,2024-06-26 16:01:00,2024-06-26,16:01:00,Leave
52542,2024-06-26 17:00:00,2024-06-26,17:00:00,Leave
52546,2024-06-26 17:00:00,2024-06-26,17:00:00,Leave
52546,2024-06-26 17:01:00,2024-06-26,17:01:00,Leave
52565,2024-06-26 17:02:00,2024-06-26,17:02:00,Leave
52531,2024-06-26 17:04:00,2024-06-26,17:04:00,Leave
52575,2024-06-26 17:06:00,2024-06-26,17:06:00,Leave
52566,2024-06-26 17:06:00,2024-06-26,17:06:00,Leave
52562,2024-06-26 17:08:00,2024-06-26,17:08:00,Leave
52553,2024-06-26 17:15:00,2024-06-26,17:15:00,Leave
52537,2024-06-26 17:17:00,2024-06-26,17:17:00,Leave
52563,2024-06-26 17:17:00,2024-06-26,17:17:00,Leave
52528,2024-06-26 17:17:00,2024-06-26,17:17:00,Leave
52556,2024-06-26 17:18:00,2024-06-26,17:18:00,Leave
52537,2024-06-26 17:19:00,2024-06-26,17:19:00,Attend
52540,2024-06-26 17:32:00,2024-06-26,17:32:00,Leave
52539,2024-06-26 17:36:00,2024-06-26,17:36:00,Leave
52549,2024-06-26 17:26:00,2024-06-26,17:26:00,Leave
52558,2024-06-26 17:29:00,2024-06-26,17:29:00,Leave
52564,2024-06-26 17:30:00,2024-06-26,17:30:00,Leave
52570,2024-06-26 17:30:00,2024-06-26,17:30:00,Leave
52540,2024-06-26 17:34:00,2024-06-26,17:34:00,Leave
52574,2024-06-26 17:41:00,2024-06-26,17:41:00,Leave
52554,2024-06-26 18:09:00,2024-06-26,18:09:00,Leave
52559,2024-06-26 18:13:00,2024-06-26,18:13:00,Leave
52544,2024-06-26 18:13:00,2024-06-26,18:13:00,Leave
52572,2024-06-26 17:45:00,2024-06-26,17:45:00,Leave
52567,2024-06-26 17:57:00,2024-06-26,17:57:00,Leave
52544,2024-06-26 18:14:00,2024-06-26,18:14:00,Leave
52536,2024-06-26 18:31:00,2024-06-26,18:31:00,Leave
52530,2024-06-26 18:32:00,2024-06-26,18:32:00,Leave
52532,2024-06-26 17:00:00,2024-06-26,17:00:00,Leave
52552,2024-06-26 17:00:00,2024-06-26,17:00:00,Leave
52571,2024-06-26 17:00:00,2024-06-26,17:00:00,Leave
52559,2024-06-27 07:36:00,2024-06-27,07:36:00,Attend
52530,2024-06-27 07:48:00,2024-06-27,07:48:00,Attend
52566,2024-06-27 07:50:00,2024-06-27,07:50:00,Attend
52544,2024-06-27 07:54:00,2024-06-27,07:54:00,Attend
52536,2024-06-27 07:58:00,2024-06-27,07:58:00,Attend
52552,2024-06-27 07:59:00,2024-06-27,07:59:00,Attend
52542,2024-06-27 08:02:00,2024-06-27,08:02:00,Attend
52553,2024-06-27 08:09:00,2024-06-27,08:09:00,Attend
52551,2024-06-27 08:11:00,2024-06-27,08:11:00,Attend
52575,2024-06-27 08:16:00,2024-06-27,08:16:00,Attend
52531,2024-06-27 08:17:00,2024-06-27,08:17:00,Attend
52565,2024-06-27 08:18:00,2024-06-27,08:18:00,Attend
52554,2024-06-27 08:19:00,2024-06-27,08:19:00,Attend
52563,2024-06-27 08:31:00,2024-06-27,08:31:00,Attend
52556,2024-06-27 08:31:00,2024-06-27,08:31:00,Attend
52528,2024-06-27 08:31:00,2024-06-27,08:31:00,Attend
52537,2024-06-27 08:31:00,2024-06-27,08:31:00,Attend
52571,2024-06-27 08:31:00,2024-06-27,08:31:00,Attend
52539,2024-06-27 08:35:00,2024-06-27,08:35:00,Attend
52574,2024-06-27 08:54:00,2024-06-27,08:54:00,Attend
52562,2024-06-27 08:55:00,2024-06-27,08:55:00,Attend
52553,2024-06-27 12:00:00,2024-06-27,12:00:00,Leave
52542,2024-06-27 12:00:00,2024-06-27,12:00:00,Leave
52571,2024-06-27 12:01:00,2024-06-27,12:01:00,Leave
52531,2024-06-27 12:01:00,2024-06-27,12:01:00,Leave
52562,2024-06-27 12:02:00,2024-06-27,12:02:00,Leave
52551,2024-06-27 12:16:00,2024-06-27,12:16:00,Leave
52575,2024-06-27 12:43:00,2024-06-27,12:43:00,Leave
52557,2024-06-26 21:03:00,2024-06-26,21:03:00,Leave
52548,2024-06-26 21:06:00,2024-06-26,21:06:00,Leave
52560,2024-06-26 21:26:00,2024-06-26,21:26:00,Leave
52560,2024-06-26 21:30:00,2024-06-26,21:30:00,Leave
52560,2024-06-27 07:59:00,2024-06-27,07:59:00,Attend
52570,2024-06-27 08:43:00,2024-06-27,08:43:00,Attend
52549,2024-06-27 08:50:00,2024-06-27,08:50:00,Attend
52572,2024-06-27 09:03:00,2024-06-27,09:03:00,Attend
52558,2024-06-27 09:04:00,2024-06-27,09:04:00,Attend
52567,2024-06-27 09:28:00,2024-06-27,09:28:00,Attend
52557,2024-06-27 10:51:00,2024-06-27,10:51:00,Attend
52529,2024-06-27 12:31:00,2024-06-27,12:31:00,Attend
52541,2024-06-27 12:48:00,2024-06-27,12:48:00,Attend
52557,2024-06-27 13:30:00,2024-06-27,13:30:00,Leave
52572,2024-06-27 13:30:00,2024-06-27,13:30:00,Leave
52552,2024-06-27 12:30:00,2024-06-27,12:30:00,Leave
52530,2024-06-27 15:47:00,2024-06-27,15:47:00,Leave
52541,2024-06-27 15:32:00,2024-06-27,15:32:00,Leave
52548,2024-06-27 15:50:00,2024-06-27,15:50:00,Leave
52559,2024-06-27 16:13:00,2024-06-27,16:13:00,Leave
52544,2024-06-27 16:18:00,2024-06-27,16:18:00,Leave
52566,2024-06-27 17:04:00,2024-06-27,17:04:00,Leave
52537,2024-06-27 17:16:00,2024-06-27,17:16:00,Leave
52563,2024-06-27 17:17:00,2024-06-27,17:17:00,Leave
52556,2024-06-27 17:17:00,2024-06-27,17:17:00,Leave
52528,2024-06-27 17:17:00,2024-06-27,17:17:00,Leave
52529,2024-06-27 17:27:00,2024-06-27,17:27:00,Leave
52574,2024-06-27 17:45:00,2024-06-27,17:45:00,Leave
52539,2024-06-27 17:49:00,2024-06-27,17:49:00,Leave
52558,2024-06-27 17:35:00,2024-06-27,17:35:00,Leave
52549,2024-06-27 17:48:00,2024-06-27,17:48:00,Leave
52567,2024-06-27 19:29:00,2024-06-27,19:29:00,Leave
52536,2024-06-27 17:00:00,2024-06-27,17:00:00,Leave
52570,2024-06-27 17:30:00,2024-06-27,17:30:00,Leave
52565,2024-06-27 20:35:00,2024-06-27,20:35:00,Leave
52554,2024-06-27 21:04:00,2024-06-27,21:04:00,Leave
52565,2024-06-28 01:51:00,2024-06-28,01:51:00,Attend
52565,2024-06-28 01:52:00,2024-06-28,01:52:00,Attend
52565,2024-06-28 03:06:00,2024-06-28,03:06:00,Leave
52566,2024-06-28 07:38:00,2024-06-28,07:38:00,Attend
52554,2024-06-28 07:59:00,2024-06-28,07:59:00,Attend
52552,2024-06-28 08:02:00,2024-06-28,08:02:00,Attend
52556,2024-06-28 08:33:00,2024-06-28,08:33:00,Attend
52537,2024-06-28 08:33:00,2024-06-28,08:33:00,Attend
52563,2024-06-28 08:33:00,2024-06-28,08:33:00,Attend
52528,2024-06-28 08:33:00,2024-06-28,08:33:00,Attend
52566,2024-06-28 17:01:00,2024-06-28,17:01:00,Leave
52554,2024-06-28 17:21:00,2024-06-28,17:21:00,Leave
52563,2024-06-28 19:29:00,2024-06-28,19:29:00,Leave
52556,2024-06-28 19:29:00,2024-06-28,19:29:00,Leave
52537,2024-06-28 19:29:00,2024-06-28,19:29:00,Leave
52528,2024-06-28 19:29:00,2024-06-28,19:29:00,Leave
52566,2024-06-29 07:55:00,2024-06-29,07:55:00,Attend
52552,2024-06-29 07:56:00,2024-06-29,07:56:00,Attend
52531,2024-06-29 08:06:00,2024-06-29,08:06:00,Attend
52575,2024-06-29 08:07:00,2024-06-29,08:07:00,Attend
52553,2024-06-29 08:08:00,2024-06-29,08:08:00,Attend
52530,2024-06-29 08:18:00,2024-06-29,08:18:00,Attend
52551,2024-06-29 08:19:00,2024-06-29,08:19:00,Attend
52544,2024-06-29 08:19:00,2024-06-29,08:19:00,Attend
52554,2024-06-29 08:33:00,2024-06-29,08:33:00,Attend
52537,2024-06-29 08:35:00,2024-06-29,08:35:00,Attend
52563,2024-06-29 08:35:00,2024-06-29,08:35:00,Attend
52556,2024-06-29 08:35:00,2024-06-29,08:35:00,Attend
52528,2024-06-29 08:35:00,2024-06-29,08:35:00,Attend
52559,2024-06-29 08:45:00,2024-06-29,08:45:00,Attend
52571,2024-06-29 08:47:00,2024-06-29,08:47:00,Attend
52562,2024-06-29 08:48:00,2024-06-29,08:48:00,Attend
52542,2024-06-29 08:53:00,2024-06-29,08:53:00,Attend
52571,2024-06-29 16:59:00,2024-06-29,16:59:00,Leave
52562,2024-06-29 16:59:00,2024-06-29,16:59:00,Leave
52553,2024-06-29 17:00:00,2024-06-29,17:00:00,Leave
52542,2024-06-29 17:01:00,2024-06-29,17:01:00,Leave
52531,2024-06-29 17:02:00,2024-06-29,17:02:00,Leave
52575,2024-06-29 17:02:00,2024-06-29,17:02:00,Leave
52566,2024-06-29 17:03:00,2024-06-29,17:03:00,Leave
52554,2024-06-29 17:12:00,2024-06-29,17:12:00,Leave
52537,2024-06-29 17:20:00,2024-06-29,17:20:00,Leave
52528,2024-06-29 17:20:00,2024-06-29,17:20:00,Leave
52556,2024-06-29 17:20:00,2024-06-29,17:20:00,Leave
52544,2024-06-29 19:39:00,2024-06-29,19:39:00,Leave
52530,2024-06-29 17:00:00,2024-06-29,17:00:00,Leave
52551,2024-06-29 17:00:00,2024-06-29,17:00:00,Leave
52552,2024-06-29 17:00:00,2024-06-29,17:00:00,Leave
52563,2024-06-29 17:00:00,2024-06-29,17:00:00,Leave
52559,2024-06-29 22:32:00,2024-06-29,22:32:00,Leave
52559,2024-06-30 07:35:00,2024-06-30,07:35:00,Attend
52544,2024-06-30 07:42:00,2024-06-30,07:42:00,Attend
52566,2024-06-30 07:50:00,2024-06-30,07:50:00,Attend
52530,2024-06-30 07:58:00,2024-06-30,07:58:00,Attend
52552,2024-06-30 07:59:00,2024-06-30,07:59:00,Attend
52531,2024-06-30 08:05:00,2024-06-30,08:05:00,Attend
52575,2024-06-30 08:08:00,2024-06-30,08:08:00,Attend
52542,2024-06-30 08:22:00,2024-06-30,08:22:00,Attend
52553,2024-06-30 08:24:00,2024-06-30,08:24:00,Attend
52556,2024-06-30 08:32:00,2024-06-30,08:32:00,Attend
52563,2024-06-30 08:32:00,2024-06-30,08:32:00,Attend
52537,2024-06-30 08:32:00,2024-06-30,08:32:00,Attend
52528,2024-06-30 08:32:00,2024-06-30,08:32:00,Attend
52554,2024-06-30 08:43:00,2024-06-30,08:43:00,Attend
52540,2024-06-30 08:52:00,2024-06-30,08:52:00,Attend
52574,2024-06-30 08:55:00,2024-06-30,08:55:00,Attend
52574,2024-06-30 10:46:00,2024-06-30,10:46:00,Leave
52574,2024-06-30 10:56:00,2024-06-30,10:56:00,Attend
52548,2024-06-27 21:03:00,2024-06-27,21:03:00,Attend
52560,2024-06-27 21:09:00,2024-06-27,21:09:00,Leave
52560,2024-06-27 21:11:00,2024-06-27,21:11:00,Leave
52573,2024-06-29 08:55:00,2024-06-29,08:55:00,Attend
52529,2024-06-29 08:55:00,2024-06-29,08:55:00,Attend
52560,2024-06-29 09:10:00,2024-06-29,09:10:00,Attend
52570,2024-06-29 09:49:00,2024-06-29,09:49:00,Attend
52567,2024-06-29 10:00:00,2024-06-29,10:00:00,Attend
52564,2024-06-29 11:19:00,2024-06-29,11:19:00,Attend
52564,2024-06-29 17:31:00,2024-06-29,17:31:00,Leave
52573,2024-06-29 17:42:00,2024-06-29,17:42:00,Leave
52529,2024-06-29 17:54:00,2024-06-29,17:54:00,Leave
52570,2024-06-29 17:55:00,2024-06-29,17:55:00,Leave
52567,2024-06-29 18:59:00,2024-06-29,18:59:00,Leave
52560,2024-06-29 19:17:00,2024-06-29,19:17:00,Leave
52560,2024-06-30 07:27:00,2024-06-30,07:27:00,Attend
52535,2024-06-30 08:28:00,2024-06-30,08:28:00,Attend
52535,2024-06-30 08:32:00,2024-06-30,08:32:00,Attend
52540,2024-06-30 08:38:00,2024-06-30,08:38:00,Attend
52570,2024-06-30 08:48:00,2024-06-30,08:48:00,Attend
52558,2024-06-30 09:08:00,2024-06-30,09:08:00,Attend
52541,2024-06-30 09:10:00,2024-06-30,09:10:00,Attend
52567,2024-06-30 10:17:00,2024-06-30,10:17:00,Attend
52557,2024-06-30 10:44:00,2024-06-30,10:44:00,Attend
52574,2024-06-30 10:45:00,2024-06-30,10:45:00,Leave
52549,2024-06-30 10:51:00,2024-06-30,10:51:00,Attend
52529,2024-06-30 11:09:00,2024-06-30,11:09:00,Attend
52542,2024-06-30 11:44:00,2024-06-30,11:44:00,Leave
52549,2024-06-30 14:43:00,2024-06-30,14:43:00,Leave
52541,2024-06-30 14:43:00,2024-06-30,14:43:00,Leave
52558,2024-06-30 16:32:00,2024-06-30,16:32:00,Leave
52553,2024-06-30 17:00:00,2024-06-30,17:00:00,Leave
52575,2024-06-30 17:00:00,2024-06-30,17:00:00,Leave
52531,2024-06-30 17:03:00,2024-06-30,17:03:00,Leave
52566,2024-06-30 17:03:00,2024-06-30,17:03:00,Leave
52554,2024-06-30 17:10:00,2024-06-30,17:10:00,Attend
52529,2024-06-30 17:03:00,2024-06-30,17:03:00,Leave
52528,2024-06-30 17:19:00,2024-06-30,17:19:00,Leave
52563,2024-06-30 17:20:00,2024-06-30,17:20:00,Leave
52556,2024-06-30 17:20:00,2024-06-30,17:20:00,Leave
52537,2024-06-30 17:20:00,2024-06-30,17:20:00,Leave
52574,2024-06-30 17:30:00,2024-06-30,17:30:00,Leave
52540,2024-06-30 17:36:00,2024-06-30,17:36:00,Leave
52570,2024-06-30 17:30:00,2024-06-30,17:30:00,Leave
52540,2024-06-30 17:35:00,2024-06-30,17:35:00,Leave
52554,2024-06-30 17:00:00,2024-06-30,17:00:00,Leave
52552,2024-06-30 17:00:00,2024-06-30,17:00:00,Leave
52559,2024-06-30 17:00:00,2024-06-30,17:00:00,Leave
52530,2024-06-30 20:23:00,2024-06-30,20:23:00,Leave
52535,2024-06-30 17:30:00,2024-06-30,17:30:00,Leave
52544,2024-06-30 20:45:00,2024-06-30,20:45:00,Leave
52559,2024-07-01 02:02:00,2024-07-01,02:02:00,Leave
52530,2024-07-01 07:41:00,2024-07-01,07:41:00,Attend
52566,2024-07-01 07:49:00,2024-07-01,07:49:00,Attend
52552,2024-07-01 08:00:00,2024-07-01,08:00:00,Attend
52544,2024-07-01 08:00:00,2024-07-01,08:00:00,Attend
52542,2024-07-01 08:06:00,2024-07-01,08:06:00,Attend
52559,2024-07-01 08:08:00,2024-07-01,08:08:00,Attend
52575,2024-07-01 08:11:00,2024-07-01,08:11:00,Attend
52565,2024-07-01 08:12:00,2024-07-01,08:12:00,Attend
52531,2024-07-01 08:15:00,2024-07-01,08:15:00,Attend
52551,2024-07-01 08:18:00,2024-07-01,08:18:00,Attend
52553,2024-07-01 08:24:00,2024-07-01,08:24:00,Attend
52557,2024-06-30 18:12:00,2024-06-30,18:12:00,Leave
52567,2024-06-30 18:17:00,2024-06-30,18:17:00,Leave
52560,2024-06-30 18:18:00,2024-06-30,18:18:00,Leave
52560,2024-07-01 08:11:00,2024-07-01,08:11:00,Attend
52563,2024-07-01 08:31:00,2024-07-01,08:31:00,Attend
52528,2024-07-01 08:31:00,2024-07-01,08:31:00,Attend
52556,2024-07-01 08:31:00,2024-07-01,08:31:00,Attend
52554,2024-07-01 08:31:00,2024-07-01,08:31:00,Attend
52537,2024-07-01 08:31:00,2024-07-01,08:31:00,Attend
52571,2024-07-01 08:35:00,2024-07-01,08:35:00,Attend
52562,2024-07-01 08:47:00,2024-07-01,08:47:00,Attend
52540,2024-07-01 08:50:00,2024-07-01,08:50:00,Attend
52546,2024-07-01 08:52:00,2024-07-01,08:52:00,Attend
52570,2024-07-01 08:45:00,2024-07-01,08:45:00,Attend
52540,2024-07-01 08:46:00,2024-07-01,08:46:00,Attend
52558,2024-07-01 08:51:00,2024-07-01,08:51:00,Attend
52529,2024-07-01 08:51:00,2024-07-01,08:51:00,Attend
52574,2024-07-01 09:01:00,2024-07-01,09:01:00,Attend
52573,2024-07-01 08:57:00,2024-07-01,08:57:00,Attend
52541,2024-07-01 09:01:00,2024-07-01,09:01:00,Attend
52549,2024-07-01 09:01:00,2024-07-01,09:01:00,Attend
52564,2024-07-01 09:09:00,2024-07-01,09:09:00,Attend
52557,2024-07-01 09:14:00,2024-07-01,09:14:00,Attend
52567,2024-07-01 09:16:00,2024-07-01,09:16:00,Attend
52539,2024-07-01 10:01:00,2024-07-01,10:01:00,Attend
52572,2024-07-01 10:53:00,2024-07-01,10:53:00,Attend
52546,2024-07-01 16:31:00,2024-07-01,16:31:00,Leave
52571,2024-07-01 16:52:00,2024-07-01,16:52:00,Leave
52553,2024-07-01 17:00:00,2024-07-01,17:00:00,Leave
52542,2024-07-01 17:01:00,2024-07-01,17:01:00,Leave
52575,2024-07-01 17:02:00,2024-07-01,17:02:00,Leave
52566,2024-07-01 17:05:00,2024-07-01,17:05:00,Leave
52565,2024-07-01 17:05:00,2024-07-01,17:05:00,Leave
52531,2024-07-01 17:05:00,2024-07-01,17:05:00,Leave
52562,2024-07-01 17:10:00,2024-07-01,17:10:00,Leave
52544,2024-07-01 17:16:00,2024-07-01,17:16:00,Leave
52537,2024-07-01 17:29:00,2024-07-01,17:29:00,Leave
52563,2024-07-01 17:29:00,2024-07-01,17:29:00,Leave
52556,2024-07-01 17:29:00,2024-07-01,17:29:00,Leave
52528,2024-07-01 17:30:00,2024-07-01,17:30:00,Leave
52539,2024-07-01 17:31:00,2024-07-01,17:31:00,Leave
52574,2024-07-01 17:31:00,2024-07-01,17:31:00,Leave
52540,2024-07-01 17:34:00,2024-07-01,17:34:00,Leave
52559,2024-07-01 17:43:00,2024-07-01,17:43:00,Leave
52530,2024-07-01 17:57:00,2024-07-01,17:57:00,Leave
52554,2024-07-01 18:14:00,2024-07-01,18:14:00,Leave
52551,2024-07-01 17:00:00,2024-07-01,17:00:00,Leave
52552,2024-07-01 17:00:00,2024-07-01,17:00:00,Leave
52548,2024-07-01 06:00:00,2024-07-01,06:00:00,Attend
52548,2024-07-01 17:03:00,2024-07-01,17:03:00,Leave
52558,2024-07-01 17:27:00,2024-07-01,17:27:00,Leave
52570,2024-07-01 17:30:00,2024-07-01,17:30:00,Leave
52557,2024-07-01 17:32:00,2024-07-01,17:32:00,Leave
52529,2024-07-01 17:33:00,2024-07-01,17:33:00,Leave
52564,2024-07-01 17:33:00,2024-07-01,17:33:00,Leave
52540,2024-07-01 17:33:00,2024-07-01,17:33:00,Leave
52549,2024-07-01 17:33:00,2024-07-01,17:33:00,Leave
52541,2024-07-01 17:34:00,2024-07-01,17:34:00,Leave
52573,2024-07-01 17:39:00,2024-07-01,17:39:00,Leave
52567,2024-07-01 17:50:00,2024-07-01,17:50:00,Leave
52572,2024-07-01 17:50:00,2024-07-01,17:50:00,Leave
52560,2024-07-01 22:26:00,2024-07-01,22:26:00,Leave
52560,2024-07-01 22:30:00,2024-07-01,22:30:00,Leave
52559,2024-07-02 07:41:00,2024-07-02,07:41:00,Attend
52530,2024-07-02 07:45:00,2024-07-02,07:45:00,Attend
52544,2024-07-02 07:53:00,2024-07-02,07:53:00,Attend
52566,2024-07-02 07:53:00,2024-07-02,07:53:00,Attend
52542,2024-07-02 07:59:00,2024-07-02,07:59:00,Attend
52552,2024-07-02 08:00:00,2024-07-02,08:00:00,Attend
52575,2024-07-02 08:19:00,2024-07-02,08:19:00,Attend
52531,2024-07-02 08:19:00,2024-07-02,08:19:00,Attend
52554,2024-07-02 08:26:00,2024-07-02,08:26:00,Attend
52553,2024-07-02 08:27:00,2024-07-02,08:27:00,Attend
52563,2024-07-02 08:30:00,2024-07-02,08:30:00,Attend
52556,2024-07-02 08:30:00,2024-07-02,08:30:00,Attend
52528,2024-07-02 08:30:00,2024-07-02,08:30:00,Attend
52537,2024-07-02 08:30:00,2024-07-02,08:30:00,Attend
52571,2024-07-02 08:35:00,2024-07-02,08:35:00,Attend
52565,2024-07-02 08:36:00,2024-07-02,08:36:00,Attend
52539,2024-07-02 08:36:00,2024-07-02,08:36:00,Attend
52560,2024-07-02 07:55:00,2024-07-02,07:55:00,Attend
52570,2024-07-02 08:35:00,2024-07-02,08:35:00,Attend
52538,2024-07-02 08:54:00,2024-07-02,08:54:00,Attend
52546,2024-07-02 08:54:00,2024-07-02,08:54:00,Attend
52574,2024-07-02 08:57:00,2024-07-02,08:57:00,Attend
52562,2024-07-02 08:59:00,2024-07-02,08:59:00,Attend
52540,2024-07-02 09:04:00,2024-07-02,09:04:00,Attend
52558,2024-07-02 08:46:00,2024-07-02,08:46:00,Attend
52549,2024-07-02 08:54:00,2024-07-02,08:54:00,Attend
52540,2024-07-02 09:02:00,2024-07-02,09:02:00,Attend
52557,2024-07-02 09:13:00,2024-07-02,09:13:00,Attend
52564,2024-07-02 09:22:00,2024-07-02,09:22:00,Attend
52541,2024-07-02 09:34:00,2024-07-02,09:34:00,Attend
52567,2024-07-02 09:56:00,2024-07-02,09:56:00,Attend
52573,2024-07-02 10:45:00,2024-07-02,10:45:00,Attend
52548,2024-07-02 15:39:00,2024-07-02,15:39:00,Leave
52541,2024-07-02 15:47:00,2024-07-02,15:47:00,Leave
52562,2024-07-02 16:51:00,2024-07-02,16:51:00,Leave
52571,2024-07-02 16:52:00,2024-07-02,16:52:00,Leave
52530,2024-07-02 17:00:00,2024-07-02,17:00:00,Leave
52575,2024-07-02 17:02:00,2024-07-02,17:02:00,Leave
52542,2024-07-02 17:02:00,2024-07-02,17:02:00,Leave
52566,2024-07-02 17:03:00,2024-07-02,17:03:00,Leave
52531,2024-07-02 17:05:00,2024-07-02,17:05:00,Leave
52565,2024-07-02 17:05:00,2024-07-02,17:05:00,Leave
52546,2024-07-02 17:19:00,2024-07-02,17:19:00,Leave
52553,2024-07-02 17:19:00,2024-07-02,17:19:00,Leave
52559,2024-07-02 17:23:00,2024-07-02,17:23:00,Leave
52528,2024-07-02 17:27:00,2024-07-02,17:27:00,Leave
52563,2024-07-02 17:27:00,2024-07-02,17:27:00,Leave
52537,2024-07-02 17:27:00,2024-07-02,17:27:00,Leave
52556,2024-07-02 17:28:00,2024-07-02,17:28:00,Leave
52558,2024-07-02 17:18:00,2024-07-02,17:18:00,Leave
52574,2024-07-02 17:31:00,2024-07-02,17:31:00,Leave
52540,2024-07-02 17:34:00,2024-07-02,17:34:00,Leave
52544,2024-07-02 17:37:00,2024-07-02,17:37:00,Leave
52539,2024-07-02 17:45:00,2024-07-02,17:45:00,Leave
52573,2024-07-02 17:31:00,2024-07-02,17:31:00,Leave
52564,2024-07-02 17:33:00,2024-07-02,17:33:00,Leave
52540,2024-07-02 17:35:00,2024-07-02,17:35:00,Leave
52567,2024-07-02 18:04:00,2024-07-02,18:04:00,Leave
52557,2024-07-02 18:09:00,2024-07-02,18:09:00,Leave
52554,2024-07-02 18:37:00,2024-07-02,18:37:00,Leave
52551,2024-07-02 19:29:00,2024-07-02,19:29:00,Attend
52538,2024-07-02 17:00:00,2024-07-02,17:00:00,Leave
52552,2024-07-02 17:00:00,2024-07-02,17:00:00,Leave
52549,2024-07-02 17:30:00,2024-07-02,17:30:00,Leave
52570,2024-07-02 17:30:00,2024-07-02,17:30:00,Leave
52548,2024-07-02 22:24:00,2024-07-02,22:24:00,Attend
52560,2024-07-02 22:26:00,2024-07-02,22:26:00,Leave
52544,2024-07-03 07:41:00,2024-07-03,07:41:00,Attend
52530,2024-07-03 07:45:00,2024-07-03,07:45:00,Attend
52552,2024-07-03 07:59:00,2024-07-03,07:59:00,Attend
52565,2024-07-03 08:03:00,2024-07-03,08:03:00,Attend
52566,2024-07-03 08:09:00,2024-07-03,08:09:00,Attend
52551,2024-07-03 08:18:00,2024-07-03,08:18:00,Attend
52531,2024-07-03 08:18:00,2024-07-03,08:18:00,Attend
52575,2024-07-03 08:18:00,2024-07-03,08:18:00,Attend
52554,2024-07-03 08:24:00,2024-07-03,08:24:00,Attend
52553,2024-07-03 08:27:00,2024-07-03,08:27:00,Attend
52571,2024-07-03 08:34:00,2024-07-03,08:34:00,Attend
52539,2024-07-03 08:36:00,2024-07-03,08:36:00,Attend
52556,2024-07-03 08:45:00,2024-07-03,08:45:00,Attend
52537,2024-07-03 08:46:00,2024-07-03,08:46:00,Attend
52528,2024-07-03 08:46:00,2024-07-03,08:46:00,Attend
52574,2024-07-03 08:49:00,2024-07-03,08:49:00,Attend
52559,2024-07-03 08:58:00,2024-07-03,08:58:00,Attend
52540,2024-07-03 09:00:00,2024-07-03,09:00:00,Attend
52546,2024-07-03 09:02:00,2024-07-03,09:02:00,Attend
52538,2024-07-03 09:02:00,2024-07-03,09:02:00,Attend
52556,2024-07-03 13:17:00,2024-07-03,13:17:00,Leave
52538,2024-07-03 17:01:00,2024-07-03,17:01:00,Leave
52546,2024-07-03 17:02:00,2024-07-03,17:02:00,Leave
52565,2024-07-03 17:02:00,2024-07-03,17:02:00,Leave
52551,2024-07-03 17:03:00,2024-07-03,17:03:00,Attend
52566,2024-07-03 17:03:00,2024-07-03,17:03:00,Leave
52553,2024-07-03 17:06:00,2024-07-03,17:06:00,Leave
52554,2024-07-03 17:09:00,2024-07-03,17:09:00,Leave
52575,2024-07-03 17:10:00,2024-07-03,17:10:00,Leave
52562,2024-07-03 17:13:00,2024-07-03,17:13:00,Leave
52559,2024-07-03 17:20:00,2024-07-03,17:20:00,Leave
52551,2024-07-03 17:21:00,2024-07-03,17:21:00,Leave
52539,2024-07-03 17:30:00,2024-07-03,17:30:00,Leave
52540,2024-07-03 17:31:00,2024-07-03,17:31:00,Leave
52574,2024-07-03 17:33:00,2024-07-03,17:33:00,Leave
52530,2024-07-03 17:33:00,2024-07-03,17:33:00,Leave
52544,2024-07-03 18:17:00,2024-07-03,18:17:00,Leave
52528,2024-07-03 17:00:00,2024-07-03,17:00:00,Leave
52537,2024-07-03 17:00:00,2024-07-03,17:00:00,Leave
52531,2024-07-03 17:00:00,2024-07-03,17:00:00,Leave
52552,2024-07-03 17:00:00,2024-07-03,17:00:00,Leave
52562,2024-07-03 08:30:00,2024-07-03,08:30:00,Attend
52571,2024-07-03 17:00:00,2024-07-03,17:00:00,Leave
52559,2024-07-04 07:27:00,2024-07-04,07:27:00,Attend
52530,2024-07-04 07:44:00,2024-07-04,07:44:00,Attend
52544,2024-07-04 07:47:00,2024-07-04,07:47:00,Attend
52565,2024-07-04 07:51:00,2024-07-04,07:51:00,Attend
52552,2024-07-04 07:59:00,2024-07-04,07:59:00,Attend
52566,2024-07-04 07:59:00,2024-07-04,07:59:00,Attend
52575,2024-07-04 08:10:00,2024-07-04,08:10:00,Attend
52551,2024-07-04 08:24:00,2024-07-04,08:24:00,Attend
52531,2024-07-04 08:24:00,2024-07-04,08:24:00,Attend
52553,2024-07-04 08:26:00,2024-07-04,08:26:00,Attend
52539,2024-07-04 08:32:00,2024-07-04,08:32:00,Attend
52543,2024-07-04 08:33:00,2024-07-04,08:33:00,Attend
52528,2024-07-04 08:36:00,2024-07-04,08:36:00,Attend
52554,2024-07-04 08:38:00,2024-07-04,08:38:00,Attend
52571,2024-07-04 08:39:00,2024-07-04,08:39:00,Attend
52562,2024-07-04 08:48:00,2024-07-04,08:48:00,Attend
52546,2024-07-04 09:00:00,2024-07-04,09:00:00,Attend
52538,2024-07-04 09:00:00,2024-07-04,09:00:00,Attend
52552,2024-07-04 12:00:00,2024-07-04,12:00:00,Leave
52538,2024-07-04 12:02:00,2024-07-04,12:02:00,Leave
52546,2024-07-04 12:03:00,2024-07-04,12:03:00,Leave
52571,2024-07-04 12:05:00,2024-07-04,12:05:00,Leave
52562,2024-07-04 12:06:00,2024-07-04,12:06:00,Leave
52553,2024-07-04 12:11:00,2024-07-04,12:11:00,Leave
52554,2024-07-04 12:11:00,2024-07-04,12:11:00,Leave
52574,2024-07-04 12:25:00,2024-07-04,12:25:00,Attend
52531,2024-07-04 12:42:00,2024-07-04,12:42:00,Leave
52575,2024-07-04 12:53:00,2024-07-04,12:53:00,Leave
52559,2024-07-04 13:42:00,2024-07-04,13:42:00,Leave
52544,2024-07-04 14:08:00,2024-07-04,14:08:00,Leave
52536,2024-07-04 14:12:00,2024-07-04,14:12:00,Leave
52530,2024-07-04 14:22:00,2024-07-04,14:22:00,Leave
52551,2024-07-04 15:30:00,2024-07-04,15:30:00,Leave
52566,2024-07-04 17:03:00,2024-07-04,17:03:00,Leave
52528,2024-07-04 17:19:00,2024-07-04,17:19:00,Leave
52539,2024-07-04 17:42:00,2024-07-04,17:42:00,Leave
52536,2024-07-04 08:30:00,2024-07-04,08:30:00,Attend
52543,2024-07-04 17:00:00,2024-07-04,17:00:00,Leave
52565,2024-07-04 17:00:00,2024-07-04,17:00:00,Leave
52543,2024-07-05 07:47:00,2024-07-05,07:47:00,Attend
52566,2024-07-05 07:58:00,2024-07-05,07:58:00,Attend
52528,2024-07-05 08:43:00,2024-07-05,08:43:00,Attend
52566,2024-07-05 17:04:00,2024-07-05,17:04:00,Leave
52528,2024-07-05 19:59:00,2024-07-05,19:59:00,Leave
52543,2024-07-05 17:00:00,2024-07-05,17:00:00,Leave
52543,2024-07-06 07:03:00,2024-07-06,07:03:00,Attend
52542,2024-07-06 07:55:00,2024-07-06,07:55:00,Attend
52566,2024-07-06 07:59:00,2024-07-06,07:59:00,Attend
52575,2024-07-06 08:06:00,2024-07-06,08:06:00,Attend
52544,2024-07-06 08:14:00,2024-07-06,08:14:00,Attend
52565,2024-07-06 08:17:00,2024-07-06,08:17:00,Attend
52551,2024-07-06 08:21:00,2024-07-06,08:21:00,Attend
52531,2024-07-06 08:21:00,2024-07-06,08:21:00,Attend
52559,2024-07-06 08:22:00,2024-07-06,08:22:00,Attend
52562,2024-07-06 08:26:00,2024-07-06,08:26:00,Attend
52546,2024-07-06 08:28:00,2024-07-06,08:28:00,Attend
52538,2024-07-06 08:28:00,2024-07-06,08:28:00,Attend
52540,2024-07-06 08:32:00,2024-07-06,08:32:00,Attend
52553,2024-07-06 08:33:00,2024-07-06,08:33:00,Attend
52532,2024-07-06 08:44:00,2024-07-06,08:44:00,Attend
52571,2024-07-06 08:46:00,2024-07-06,08:46:00,Attend
52528,2024-07-06 08:47:00,2024-07-06,08:47:00,Attend
52574,2024-07-06 09:00:00,2024-07-06,09:00:00,Attend
52563,2024-07-06 09:27:00,2024-07-06,09:27:00,Attend
52530,2024-07-06 10:48:00,2024-07-06,10:48:00,Attend
52539,2024-07-06 10:54:00,2024-07-06,10:54:00,Attend
52528,2024-07-06 13:03:00,2024-07-06,13:03:00,Leave
52560,2024-07-03 08:11:00,2024-07-03,08:11:00,Attend
52535,2024-07-03 08:21:00,2024-07-03,08:21:00,Attend
52570,2024-07-03 08:32:00,2024-07-03,08:32:00,Attend
52540,2024-07-03 08:52:00,2024-07-03,08:52:00,Attend
52573,2024-07-03 08:52:00,2024-07-03,08:52:00,Attend
52541,2024-07-03 17:30:00,2024-07-03,17:30:00,Leave
52541,2024-07-03 08:59:00,2024-07-03,08:59:00,Attend
52529,2024-07-03 08:59:00,2024-07-03,08:59:00,Attend
52549,2024-07-03 09:09:00,2024-07-03,09:09:00,Attend
52557,2024-07-03 09:14:00,2024-07-03,09:14:00,Attend
52567,2024-07-03 10:05:00,2024-07-03,10:05:00,Attend
52572,2024-07-03 10:47:00,2024-07-03,10:47:00,Attend
52564,2024-07-03 11:17:00,2024-07-03,11:17:00,Attend
52548,2024-07-03 15:42:00,2024-07-03,15:42:00,Leave
52549,2024-07-03 17:25:00,2024-07-03,17:25:00,Leave
52535,2024-07-03 17:27:00,2024-07-03,17:27:00,Leave
52570,2024-07-03 17:30:00,2024-07-03,17:30:00,Leave
52564,2024-07-03 17:31:00,2024-07-03,17:31:00,Leave
52529,2024-07-03 17:31:00,2024-07-03,17:31:00,Leave
52540,2024-07-03 17:32:00,2024-07-03,17:32:00,Leave
52573,2024-07-03 17:37:00,2024-07-03,17:37:00,Leave
52572,2024-07-03 17:46:00,2024-07-03,17:46:00,Leave
52557,2024-07-03 17:46:00,2024-07-03,17:46:00,Leave
52567,2024-07-03 18:43:00,2024-07-03,18:43:00,Leave
52548,2024-07-03 23:32:00,2024-07-03,23:32:00,Attend
52560,2024-07-03 23:37:00,2024-07-03,23:37:00,Leave
52560,2024-07-04 17:30:00,2024-07-04,17:30:00,Leave
52560,2024-07-04 07:49:00,2024-07-04,07:49:00,Attend
52549,2024-07-04 08:54:00,2024-07-04,08:54:00,Attend
52557,2024-07-04 09:14:00,2024-07-04,09:14:00,Attend
52558,2024-07-04 17:30:00,2024-07-04,17:30:00,Leave
52558,2024-07-04 09:20:00,2024-07-04,09:20:00,Attend
52540,2024-07-04 17:30:00,2024-07-04,17:30:00,Leave
52540,2024-07-04 09:20:00,2024-07-04,09:20:00,Attend
52564,2024-07-04 09:40:00,2024-07-04,09:40:00,Attend
52572,2024-07-04 10:15:00,2024-07-04,10:15:00,Attend
52567,2024-07-04 10:30:00,2024-07-04,10:30:00,Attend
52529,2024-07-04 12:00:00,2024-07-04,12:00:00,Attend
52548,2024-07-04 23:59:00,2024-07-04,23:59:00,Leave
52548,2024-07-04 12:38:00,2024-07-04,12:38:00,Attend
52557,2024-07-04 17:10:00,2024-07-04,17:10:00,Leave
52549,2024-07-04 17:17:00,2024-07-04,17:17:00,Leave
52570,2024-07-04 09:00:00,2024-07-04,09:00:00,Attend
52570,2024-07-04 17:30:00,2024-07-04,17:30:00,Leave
52529,2024-07-04 17:30:00,2024-07-04,17:30:00,Leave
52574,2024-07-04 17:31:00,2024-07-04,17:31:00,Leave
52564,2024-07-04 17:31:00,2024-07-04,17:31:00,Leave
52572,2024-07-04 17:31:00,2024-07-04,17:31:00,Leave
52549,2024-07-04 18:48:00,2024-07-04,18:48:00,Leave
52567,2024-07-04 19:41:00,2024-07-04,19:41:00,Leave
52560,2024-07-06 08:50:00,2024-07-06,08:50:00,Attend
52540,2024-07-06 08:50:00,2024-07-06,08:50:00,Attend
52535,2024-07-06 08:50:00,2024-07-06,08:50:00,Attend
52573,2024-07-06 08:50:00,2024-07-06,08:50:00,Attend
52563,2024-07-06 16:38:00,2024-07-06,16:38:00,Leave
52562,2024-07-06 16:52:00,2024-07-06,16:52:00,Leave
52538,2024-07-06 16:52:00,2024-07-06,16:52:00,Leave
52546,2024-07-06 16:52:00,2024-07-06,16:52:00,Leave
52542,2024-07-06 16:59:00,2024-07-06,16:59:00,Leave
52542,2024-07-06 17:00:00,2024-07-06,17:00:00,Leave
52532,2024-07-06 17:00:00,2024-07-06,17:00:00,Leave
52565,2024-07-06 17:00:00,2024-07-06,17:00:00,Leave
52559,2024-07-06 17:02:00,2024-07-06,17:02:00,Leave
52553,2024-07-06 17:03:00,2024-07-06,17:03:00,Leave
52531,2024-07-06 17:03:00,2024-07-06,17:03:00,Leave
52551,2024-07-06 17:04:00,2024-07-06,17:04:00,Leave
52575,2024-07-06 17:04:00,2024-07-06,17:04:00,Leave
52566,2024-07-06 17:06:00,2024-07-06,17:06:00,Leave
52544,2024-07-06 17:09:00,2024-07-06,17:09:00,Leave
52539,2024-07-06 17:58:00,2024-07-06,17:58:00,Leave
52540,2024-07-06 17:34:00,2024-07-06,17:34:00,Leave
52573,2024-07-06 17:38:00,2024-07-06,17:38:00,Leave
52543,2024-07-06 17:00:00,2024-07-06,17:00:00,Leave
52530,2024-07-06 17:00:00,2024-07-06,17:00:00,Leave
52571,2024-07-06 17:00:00,2024-07-06,17:00:00,Leave
52535,2024-07-06 17:30:00,2024-07-06,17:30:00,Leave
52574,2024-07-06 17:30:00,2024-07-06,17:30:00,Leave
52560,2024-07-06 20:36:00,2024-07-06,20:36:00,Leave
52543,2024-07-07 07:20:00,2024-07-07,07:20:00,Attend
52544,2024-07-07 07:45:00,2024-07-07,07:45:00,Attend
52559,2024-07-07 07:51:00,2024-07-07,07:51:00,Attend
52566,2024-07-07 07:51:00,2024-07-07,07:51:00,Attend
52530,2024-07-07 07:53:00,2024-07-07,07:53:00,Attend
52565,2024-07-07 07:54:00,2024-07-07,07:54:00,Attend
52532,2024-07-07 08:01:00,2024-07-07,08:01:00,Attend
52542,2024-07-07 08:13:00,2024-07-07,08:13:00,Attend
52563,2024-07-07 08:14:00,2024-07-07,08:14:00,Attend
52553,2024-07-07 08:21:00,2024-07-07,08:21:00,Attend
52531,2024-07-07 08:29:00,2024-07-07,08:29:00,Attend
52551,2024-07-07 08:29:00,2024-07-07,08:29:00,Attend
52575,2024-07-07 08:31:00,2024-07-07,08:31:00,Attend
52571,2024-07-07 08:34:00,2024-07-07,08:34:00,Attend
52539,2024-07-07 08:36:00,2024-07-07,08:36:00,Attend
52546,2024-07-07 08:39:00,2024-07-07,08:39:00,Attend
52562,2024-07-07 08:41:00,2024-07-07,08:41:00,Attend
52574,2024-07-07 08:53:00,2024-07-07,08:53:00,Attend
52540,2024-07-07 08:53:00,2024-07-07,08:53:00,Attend
52555,2024-07-07 08:57:00,2024-07-07,08:57:00,Attend
52560,2024-07-07 07:57:00,2024-07-07,07:57:00,Attend
52535,2024-07-07 08:28:00,2024-07-07,08:28:00,Attend
52540,2024-07-07 08:51:00,2024-07-07,08:51:00,Attend
52573,2024-07-07 08:55:00,2024-07-07,08:55:00,Attend
52549,2024-07-07 08:57:00,2024-07-07,08:57:00,Attend
52534,2024-07-07 09:08:00,2024-07-07,09:08:00,Attend
52558,2024-07-07 09:08:00,2024-07-07,09:08:00,Attend
52541,2024-07-07 09:08:00,2024-07-07,09:08:00,Attend
52541,2024-06-26 17:29:00,2024-06-26,17:29:00,Leave
52541,2024-06-26 13:42:00,2024-06-26,13:42:00,Attend
52529,2024-07-07 10:03:00,2024-07-07,10:03:00,Attend
52567,2024-07-07 10:06:00,2024-07-07,10:06:00,Attend
52557,2024-07-07 10:35:00,2024-07-07,10:35:00,Attend
52564,2024-07-07 11:10:00,2024-07-07,11:10:00,Attend
52575,2024-07-07 13:00:00,2024-07-07,13:00:00,Leave
52528,2024-07-07 13:09:00,2024-07-07,13:09:00,Attend
52571,2024-07-07 16:44:00,2024-07-07,16:44:00,Leave
52562,2024-07-07 16:53:00,2024-07-07,16:53:00,Leave
52542,2024-07-07 17:01:00,2024-07-07,17:01:00,Leave
52566,2024-07-07 17:03:00,2024-07-07,17:03:00,Leave
52532,2024-07-07 17:06:00,2024-07-07,17:06:00,Leave
52553,2024-07-07 17:08:00,2024-07-07,17:08:00,Leave
52565,2024-07-07 17:09:00,2024-07-07,17:09:00,Leave
52551,2024-07-07 17:10:00,2024-07-07,17:10:00,Leave
52531,2024-07-07 17:11:00,2024-07-07,17:11:00,Leave
52546,2024-07-07 17:21:00,2024-07-07,17:21:00,Attend
52546,2024-07-07 17:22:00,2024-07-07,17:22:00,Leave
52540,2024-07-07 17:30:00,2024-07-07,17:30:00,Leave
52539,2024-07-07 17:30:00,2024-07-07,17:30:00,Leave
52574,2024-07-07 17:31:00,2024-07-07,17:31:00,Leave
52534,2024-07-07 17:18:00,2024-07-07,17:18:00,Leave
52535,2024-07-07 17:26:00,2024-07-07,17:26:00,Leave
52558,2024-07-07 17:28:00,2024-07-07,17:28:00,Leave
52570,2024-07-07 17:28:00,2024-07-07,17:28:00,Leave
52540,2024-07-07 17:29:00,2024-07-07,17:29:00,Leave
52564,2024-07-07 17:31:00,2024-07-07,17:31:00,Leave
52557,2024-07-07 17:33:00,2024-07-07,17:33:00,Leave
52529,2024-07-07 17:39:00,2024-07-07,17:39:00,Leave
52544,2024-07-07 17:42:00,2024-07-07,17:42:00,Leave
52563,2024-07-07 17:45:00,2024-07-07,17:45:00,Leave
52573,2024-07-07 18:09:00,2024-07-07,18:09:00,Leave
52549,2024-07-07 18:09:00,2024-07-07,18:09:00,Leave
52567,2024-07-07 18:13:00,2024-07-07,18:13:00,Leave
52528,2024-07-07 17:00:00,2024-07-07,17:00:00,Leave
52543,2024-07-07 17:00:00,2024-07-07,17:00:00,Leave
52555,2024-07-07 17:00:00,2024-07-07,17:00:00,Leave
52530,2024-07-07 20:11:00,2024-07-07,20:11:00,Leave
52541,2024-07-07 17:30:00,2024-07-07,17:30:00,Leave
52570,2024-07-07 09:00:00,2024-07-07,09:00:00,Attend
52559,2024-07-07 21:04:00,2024-07-07,21:04:00,Leave
52565,2024-07-08 06:50:00,2024-07-08,06:50:00,Attend
52544,2024-07-08 07:33:00,2024-07-08,07:33:00,Attend
52559,2024-07-08 07:34:00,2024-07-08,07:34:00,Attend
52543,2024-07-08 07:38:00,2024-07-08,07:38:00,Attend
52542,2024-07-08 07:51:00,2024-07-08,07:51:00,Attend
52566,2024-07-08 07:59:00,2024-07-08,07:59:00,Attend
52555,2024-07-08 08:01:00,2024-07-08,08:01:00,Attend
52551,2024-07-08 08:12:00,2024-07-08,08:12:00,Attend
52532,2024-07-08 08:19:00,2024-07-08,08:19:00,Attend
52531,2024-07-08 08:20:00,2024-07-08,08:20:00,Attend
52552,2024-07-08 08:20:00,2024-07-08,08:20:00,Attend
52575,2024-07-08 08:26:00,2024-07-08,08:26:00,Attend
52553,2024-07-08 08:26:00,2024-07-08,08:26:00,Attend
52562,2024-07-08 08:34:00,2024-07-08,08:34:00,Attend
52539,2024-07-08 08:34:00,2024-07-08,08:34:00,Attend
52563,2024-07-08 08:35:00,2024-07-08,08:35:00,Attend
52556,2024-07-08 08:41:00,2024-07-08,08:41:00,Attend
52546,2024-07-08 08:42:00,2024-07-08,08:42:00,Attend
52538,2024-07-08 08:42:00,2024-07-08,08:42:00,Attend
52574,2024-07-08 08:54:00,2024-07-08,08:54:00,Attend
52540,2024-07-08 08:59:00,2024-07-08,08:59:00,Attend
52548,2024-07-07 06:00:00,2024-07-07,06:00:00,Attend
52548,2024-07-07 22:29:00,2024-07-07,22:29:00,Leave
52560,2024-07-07 22:29:00,2024-07-07,22:29:00,Leave
52560,2024-07-08 08:04:00,2024-07-08,08:04:00,Attend
52535,2024-07-08 08:23:00,2024-07-08,08:23:00,Attend
52540,2024-07-08 08:54:00,2024-07-08,08:54:00,Attend
52573,2024-07-08 08:54:00,2024-07-08,08:54:00,Attend
52558,2024-07-08 08:59:00,2024-07-08,08:59:00,Attend
52549,2024-07-08 09:00:00,2024-07-08,09:00:00,Attend
52524,2024-07-08 09:00:00,2024-07-08,09:00:00,Attend
52564,2024-07-08 09:10:00,2024-07-08,09:10:00,Attend
52557,2024-07-08 09:15:00,2024-07-08,09:15:00,Attend
52572,2024-07-08 09:21:00,2024-07-08,09:21:00,Attend
52567,2024-07-08 09:49:00,2024-07-08,09:49:00,Attend
52534,2024-07-08 10:48:00,2024-07-08,10:48:00,Attend
52554,2024-07-08 11:53:00,2024-07-08,11:53:00,Attend
52529,2024-07-08 13:31:00,2024-07-08,13:31:00,Leave
52541,2024-07-08 13:57:00,2024-07-08,13:57:00,Leave
52565,2024-07-08 15:56:00,2024-07-08,15:56:00,Leave
52548,2024-07-08 15:44:00,2024-07-08,15:44:00,Leave
52562,2024-07-08 16:48:00,2024-07-08,16:48:00,Leave
52552,2024-07-08 17:00:00,2024-07-08,17:00:00,Leave
52542,2024-07-08 17:00:00,2024-07-08,17:00:00,Leave
52563,2024-07-08 17:01:00,2024-07-08,17:01:00,Leave
52566,2024-07-08 17:04:00,2024-07-08,17:04:00,Leave
52555,2024-07-08 17:15:00,2024-07-08,17:15:00,Leave
52544,2024-07-08 17:18:00,2024-07-08,17:18:00,Leave
52538,2024-07-08 17:18:00,2024-07-08,17:18:00,Leave
52546,2024-07-08 17:18:00,2024-07-08,17:18:00,Leave
52531,2024-07-08 17:18:00,2024-07-08,17:18:00,Leave
52553,2024-07-08 17:24:00,2024-07-08,17:24:00,Leave
52529,2024-07-08 17:15:00,2024-07-08,17:15:00,Attend
52570,2024-07-08 17:30:00,2024-07-08,17:30:00,Leave
52564,2024-07-08 17:32:00,2024-07-08,17:32:00,Leave
52573,2024-07-08 17:32:00,2024-07-08,17:32:00,Leave
52540,2024-07-08 17:35:00,2024-07-08,17:35:00,Leave
52556,2024-07-08 17:37:00,2024-07-08,17:37:00,Leave
52539,2024-07-08 17:38:00,2024-07-08,17:38:00,Leave
52551,2024-07-08 17:54:00,2024-07-08,17:54:00,Leave
52532,2024-07-08 19:12:00,2024-07-08,19:12:00,Leave
52575,2024-07-08 19:31:00,2024-07-08,19:31:00,Leave
52559,2024-07-08 19:31:00,2024-07-08,19:31:00,Leave
52530,2024-07-08 19:57:00,2024-07-08,19:57:00,Leave
52543,2024-07-08 17:00:00,2024-07-08,17:00:00,Leave
52530,2024-07-08 08:30:00,2024-07-08,08:30:00,Attend
52559,2024-07-08 20:20:00,2024-07-08,20:20:00,Attend
52535,2024-07-08 17:30:00,2024-07-08,17:30:00,Leave
52541,2024-07-08 09:00:00,2024-07-08,09:00:00,Attend
52554,2024-07-08 20:49:00,2024-07-08,20:49:00,Leave
52559,2024-07-08 22:49:00,2024-07-08,22:49:00,Leave
52543,2024-07-09 07:10:00,2024-07-09,07:10:00,Attend
52544,2024-07-09 07:28:00,2024-07-09,07:28:00,Attend
52559,2024-07-09 07:33:00,2024-07-09,07:33:00,Attend
52530,2024-07-09 07:47:00,2024-07-09,07:47:00,Attend
52566,2024-07-09 07:53:00,2024-07-09,07:53:00,Attend
52542,2024-07-09 07:54:00,2024-07-09,07:54:00,Attend
52565,2024-07-09 07:54:00,2024-07-09,07:54:00,Attend
52575,2024-07-09 07:59:00,2024-07-09,07:59:00,Attend
52531,2024-07-09 08:15:00,2024-07-09,08:15:00,Attend
52552,2024-07-09 08:15:00,2024-07-09,08:15:00,Attend
52555,2024-07-09 08:15:00,2024-07-09,08:15:00,Attend
52551,2024-07-09 08:15:00,2024-07-09,08:15:00,Attend
52553,2024-07-09 08:22:00,2024-07-09,08:22:00,Attend
52554,2024-07-09 08:26:00,2024-07-09,08:26:00,Attend
52556,2024-07-09 08:33:00,2024-07-09,08:33:00,Attend
52563,2024-07-09 08:36:00,2024-07-09,08:36:00,Attend
52571,2024-07-09 08:37:00,2024-07-09,08:37:00,Attend
52546,2024-07-09 08:46:00,2024-07-09,08:46:00,Attend
52540,2024-07-09 08:49:00,2024-07-09,08:49:00,Attend
52574,2024-07-09 09:00:00,2024-07-09,09:00:00,Attend
52562,2024-07-09 09:07:00,2024-07-09,09:07:00,Attend
52558,2024-07-08 17:35:00,2024-07-08,17:35:00,Leave
52574,2024-07-08 17:35:00,2024-07-08,17:35:00,Leave
52557,2024-07-08 17:36:00,2024-07-08,17:36:00,Leave
52534,2024-07-08 17:45:00,2024-07-08,17:45:00,Leave
52541,2024-07-08 17:45:00,2024-07-08,17:45:00,Leave
52549,2024-07-08 17:45:00,2024-07-08,17:45:00,Leave
52524,2024-07-08 17:48:00,2024-07-08,17:48:00,Leave
52572,2024-07-08 18:06:00,2024-07-08,18:06:00,Leave
52567,2024-07-08 18:42:00,2024-07-08,18:42:00,Leave
52548,2024-07-08 20:55:00,2024-07-08,20:55:00,Attend
52560,2024-07-08 21:10:00,2024-07-08,21:10:00,Leave
52560,2024-07-09 07:41:00,2024-07-09,07:41:00,Attend
52535,2024-07-09 08:29:00,2024-07-09,08:29:00,Attend
52570,2024-07-09 08:41:00,2024-07-09,08:41:00,Attend
52540,2024-07-09 08:46:00,2024-07-09,08:46:00,Attend
52573,2024-07-09 08:55:00,2024-07-09,08:55:00,Attend
52549,2024-07-09 09:00:00,2024-07-09,09:00:00,Attend
52558,2024-07-09 09:02:00,2024-07-09,09:02:00,Attend
52529,2024-07-09 09:04:00,2024-07-09,09:04:00,Attend
52572,2024-07-09 09:11:00,2024-07-09,09:11:00,Attend
52524,2024-07-09 09:11:00,2024-07-09,09:11:00,Attend
52541,2024-07-09 09:13:00,2024-07-09,09:13:00,Attend
52534,2024-07-09 09:13:00,2024-07-09,09:13:00,Attend
52567,2024-07-09 09:54:00,2024-07-09,09:54:00,Attend
52564,2024-07-09 11:06:00,2024-07-09,11:06:00,Attend
52557,2024-07-09 14:40:00,2024-07-09,14:40:00,Leave
52571,2024-07-09 16:48:00,2024-07-09,16:48:00,Leave
52537,2024-07-09 16:59:00,2024-07-09,16:59:00,Leave
52563,2024-07-09 17:00:00,2024-07-09,17:00:00,Leave
52542,2024-07-09 17:00:00,2024-07-09,17:00:00,Leave
52575,2024-07-09 17:00:00,2024-07-09,17:00:00,Leave
52544,2024-07-09 17:02:00,2024-07-09,17:02:00,Leave
52566,2024-07-09 17:04:00,2024-07-09,17:04:00,Leave
52565,2024-07-09 17:04:00,2024-07-09,17:04:00,Leave
52531,2024-07-09 17:06:00,2024-07-09,17:06:00,Leave
52551,2024-07-09 17:06:00,2024-07-09,17:06:00,Leave
52555,2024-07-09 17:06:00,2024-07-09,17:06:00,Leave
52546,2024-07-09 17:06:00,2024-07-09,17:06:00,Leave
52552,2024-07-09 17:06:00,2024-07-09,17:06:00,Leave
52562,2024-07-09 17:07:00,2024-07-09,17:07:00,Leave
52556,2024-07-09 17:15:00,2024-07-09,17:15:00,Leave
52549,2024-07-09 17:00:00,2024-07-09,17:00:00,Leave
52553,2024-07-09 17:32:00,2024-07-09,17:32:00,Leave
52574,2024-07-09 17:33:00,2024-07-09,17:33:00,Leave
52540,2024-07-09 17:34:00,2024-07-09,17:34:00,Leave
52554,2024-07-09 17:51:00,2024-07-09,17:51:00,Leave
52530,2024-07-09 18:14:00,2024-07-09,18:14:00,Leave
52559,2024-07-09 19:49:00,2024-07-09,19:49:00,Leave
52537,2024-07-09 08:30:00,2024-07-09,08:30:00,Attend
52543,2024-07-09 17:00:00,2024-07-09,17:00:00,Leave
52557,2024-07-09 09:00:00,2024-07-09,09:00:00,Attend
52543,2024-07-10 07:27:00,2024-07-10,07:27:00,Attend
52543,2024-07-10 07:28:00,2024-07-10,07:28:00,Attend
52559,2024-07-10 07:31:00,2024-07-10,07:31:00,Attend
52542,2024-07-10 07:40:00,2024-07-10,07:40:00,Attend
52544,2024-07-10 07:43:00,2024-07-10,07:43:00,Attend
52566,2024-07-10 07:53:00,2024-07-10,07:53:00,Attend
52565,2024-07-10 08:02:00,2024-07-10,08:02:00,Attend
52551,2024-07-10 08:18:00,2024-07-10,08:18:00,Attend
52531,2024-07-10 08:18:00,2024-07-10,08:18:00,Attend
52552,2024-07-10 08:18:00,2024-07-10,08:18:00,Attend
52553,2024-07-10 08:22:00,2024-07-10,08:22:00,Attend
52554,2024-07-10 08:23:00,2024-07-10,08:23:00,Attend
52563,2024-07-10 08:28:00,2024-07-10,08:28:00,Attend
52537,2024-07-10 08:28:00,2024-07-10,08:28:00,Attend
52539,2024-07-10 08:33:00,2024-07-10,08:33:00,Attend
52555,2024-07-10 08:34:00,2024-07-10,08:34:00,Attend
52556,2024-07-10 08:35:00,2024-07-10,08:35:00,Attend
52575,2024-07-10 08:38:00,2024-07-10,08:38:00,Attend
52546,2024-07-10 08:45:00,2024-07-10,08:45:00,Attend
52538,2024-07-10 08:45:00,2024-07-10,08:45:00,Attend
52574,2024-07-10 09:03:00,2024-07-10,09:03:00,Attend
52540,2024-07-10 09:09:00,2024-07-10,09:09:00,Attend
52562,2024-07-10 09:29:00,2024-07-10,09:29:00,Attend
52530,2024-07-10 14:01:00,2024-07-10,14:01:00,Attend
52711,2024-06-23 08:07:00,2024-06-23,08:07:00,Attend
52711,2024-06-23 16:38:00,2024-06-23,16:38:00,Leave
52711,2024-06-24 08:57:00,2024-06-24,08:57:00,Attend
52711,2024-06-24 17:43:00,2024-06-24,17:43:00,Leave
52711,2024-06-25 08:08:00,2024-06-25,08:08:00,Attend
52711,2024-06-25 16:36:00,2024-06-25,16:36:00,Leave
52711,2024-06-26 11:15:00,2024-06-26,11:15:00,Attend
52711,2024-06-26 19:11:00,2024-06-26,19:11:00,Leave
52711,2024-06-27 09:03:00,2024-06-27,09:03:00,Attend
52711,2024-06-27 13:30:00,2024-06-27,13:30:00,Leave
52711,2024-07-01 09:27:00,2024-07-01,09:27:00,Attend
52711,2024-07-01 17:34:00,2024-07-01,17:34:00,Leave
52711,2024-07-02 07:57:00,2024-07-02,07:57:00,Attend
52711,2024-07-02 16:40:00,2024-07-02,16:40:00,Leave
52711,2024-07-03 11:04:00,2024-07-03,11:04:00,Attend
52711,2024-07-03 17:46:00,2024-07-03,17:46:00,Leave
52711,2024-07-04 09:26:00,2024-07-04,09:26:00,Attend
52711,2024-07-04 16:38:00,2024-07-04,16:38:00,Leave
52711,2024-07-07 07:57:00,2024-07-07,07:57:00,Attend
52711,2024-07-07 16:42:00,2024-07-07,16:42:00,Leave
52711,2024-07-08 09:04:00,2024-07-08,09:04:00,Attend
53152,2024-07-08 09:39:00,2024-07-08,09:39:00,Attend
52711,2024-07-08 17:30:00,2024-07-08,17:30:00,Leave
53152,2024-07-08 17:30:00,2024-07-08,17:30:00,Leave
52711,2024-07-09 08:00:00,2024-07-09,08:00:00,Attend
53152,2024-07-09 08:09:00,2024-07-09,08:09:00,Attend
52711,2024-07-09 16:44:00,2024-07-09,16:44:00,Leave
52543,2024-07-10 17:00:00,2024-07-10,17:00:00,Leave
52558,2024-07-09 17:23:00,2024-07-09,17:23:00,Leave
52570,2024-07-09 17:30:00,2024-07-09,17:30:00,Leave
53152,2024-07-09 17:30:00,2024-07-09,17:30:00,Leave
52564,2024-07-09 17:33:00,2024-07-09,17:33:00,Leave
52535,2024-07-09 17:37:00,2024-07-09,17:37:00,Leave
52540,2024-07-09 17:38:00,2024-07-09,17:38:00,Leave
52534,2024-07-09 17:39:00,2024-07-09,17:39:00,Leave
52541,2024-07-09 17:39:00,2024-07-09,17:39:00,Leave
52524,2024-07-09 17:41:00,2024-07-09,17:41:00,Leave
52529,2024-07-09 17:43:00,2024-07-09,17:43:00,Leave
52573,2024-07-09 17:51:00,2024-07-09,17:51:00,Leave
52548,2024-07-09 18:29:00,2024-07-09,18:29:00,Leave
52557,2024-07-09 18:58:00,2024-07-09,18:58:00,Leave
52572,2024-07-09 19:14:00,2024-07-09,19:14:00,Leave
52567,2024-07-09 19:35:00,2024-07-09,19:35:00,Leave
52548,2024-07-09 22:43:00,2024-07-09,22:43:00,Attend
52560,2024-07-09 22:44:00,2024-07-09,22:44:00,Leave
52560,2024-07-10 08:12:00,2024-07-10,08:12:00,Attend
52535,2024-07-10 08:27:00,2024-07-10,08:27:00,Attend
52570,2024-07-10 08:44:00,2024-07-10,08:44:00,Attend
52573,2024-07-10 08:55:00,2024-07-10,08:55:00,Attend
53152,2024-07-10 08:55:00,2024-07-10,08:55:00,Attend
52711,2024-07-10 09:04:00,2024-07-10,09:04:00,Attend
52534,2024-07-10 09:04:00,2024-07-10,09:04:00,Attend
52540,2024-07-10 09:04:00,2024-07-10,09:04:00,Attend
52557,2024-07-10 09:08:00,2024-07-10,09:08:00,Attend
52564,2024-07-10 09:13:00,2024-07-10,09:13:00,Attend
52572,2024-07-10 09:16:00,2024-07-10,09:16:00,Attend
52529,2024-07-10 09:18:00,2024-07-10,09:18:00,Attend
52549,2024-07-10 09:34:00,2024-07-10,09:34:00,Attend
52524,2024-07-10 09:53:00,2024-07-10,09:53:00,Attend
52567,2024-07-10 10:07:00,2024-07-10,10:07:00,Attend
52548,2024-07-10 15:37:00,2024-07-10,15:37:00,Leave
52554,2024-07-10 16:55:00,2024-07-10,16:55:00,Leave
52542,2024-07-10 17:00:00,2024-07-10,17:00:00,Leave
52566,2024-07-10 17:03:00,2024-07-10,17:03:00,Leave
52575,2024-07-10 17:03:00,2024-07-10,17:03:00,Leave
52565,2024-07-10 17:06:00,2024-07-10,17:06:00,Leave
52562,2024-07-10 17:07:00,2024-07-10,17:07:00,Leave
52557,2024-07-10 16:40:00,2024-07-10,16:40:00,Leave
52549,2024-07-10 17:00:00,2024-07-10,17:00:00,Leave
52544,2024-07-10 17:09:00,2024-07-10,17:09:00,Leave
52531,2024-07-10 17:11:00,2024-07-10,17:11:00,Leave
52538,2024-07-10 17:13:00,2024-07-10,17:13:00,Leave
52559,2024-07-10 17:18:00,2024-07-10,17:18:00,Leave
52555,2024-07-10 17:25:00,2024-07-10,17:25:00,Leave
52551,2024-07-10 17:25:00,2024-07-10,17:25:00,Leave
52552,2024-07-10 17:25:00,2024-07-10,17:25:00,Leave
52539,2024-07-10 17:29:00,2024-07-10,17:29:00,Leave
52540,2024-07-10 17:30:00,2024-07-10,17:30:00,Leave
52546,2024-07-10 17:33:00,2024-07-10,17:33:00,Leave
52563,2024-07-10 17:38:00,2024-07-10,17:38:00,Leave
52537,2024-07-10 17:38:00,2024-07-10,17:38:00,Leave
52535,2024-07-10 17:27:00,2024-07-10,17:27:00,Leave
52524,2024-07-10 17:28:00,2024-07-10,17:28:00,Leave
52711,2024-07-10 17:28:00,2024-07-10,17:28:00,Leave
53152,2024-07-10 17:29:00,2024-07-10,17:29:00,Leave
52564,2024-07-10 17:30:00,2024-07-10,17:30:00,Leave
52553,2024-07-10 17:48:00,2024-07-10,17:48:00,Leave
52529,2024-07-10 17:39:00,2024-07-10,17:39:00,Leave
52540,2024-07-10 17:44:00,2024-07-10,17:44:00,Leave
52570,2024-07-10 17:45:00,2024-07-10,17:45:00,Leave
52573,2024-07-10 17:46:00,2024-07-10,17:46:00,Leave
52572,2024-07-10 18:39:00,2024-07-10,18:39:00,Leave
52567,2024-07-10 19:17:00,2024-07-10,19:17:00,Leave
52534,2024-07-10 19:46:00,2024-07-10,19:46:00,Leave
52560,2024-07-10 17:30:00,2024-07-10,17:30:00,Leave
52556,2024-07-10 20:59:00,2024-07-10,20:59:00,Leave
52548,2024-07-10 21:05:00,2024-07-10,21:05:00,Attend
52530,2024-07-10 21:30:00,2024-07-10,21:30:00,Leave
52552,2024-07-11 06:58:00,2024-07-11,06:58:00,Attend
52543,2024-07-11 07:12:00,2024-07-11,07:12:00,Attend
52559,2024-07-11 07:39:00,2024-07-11,07:39:00,Attend
52544,2024-07-11 07:41:00,2024-07-11,07:41:00,Attend
52566,2024-07-11 07:47:00,2024-07-11,07:47:00,Attend
52542,2024-07-11 07:58:00,2024-07-11,07:58:00,Attend
52530,2024-07-11 08:00:00,2024-07-11,08:00:00,Attend
52575,2024-07-11 08:13:00,2024-07-11,08:13:00,Attend
52554,2024-07-11 08:26:00,2024-07-11,08:26:00,Attend
52538,2024-07-11 08:29:00,2024-07-11,08:29:00,Attend
52546,2024-07-11 08:29:00,2024-07-11,08:29:00,Attend
52556,2024-07-11 08:42:00,2024-07-11,08:42:00,Attend
52528,2024-07-11 08:42:00,2024-07-11,08:42:00,Attend
52563,2024-07-11 08:42:00,2024-07-11,08:42:00,Attend
52537,2024-07-11 08:42:00,2024-07-11,08:42:00,Attend
52552,2024-07-11 12:00:00,2024-07-11,12:00:00,Leave
52538,2024-07-11 12:01:00,2024-07-11,12:01:00,Leave
52546,2024-07-11 12:01:00,2024-07-11,12:01:00,Leave
52537,2024-07-11 12:05:00,2024-07-11,12:05:00,Leave
52563,2024-07-11 12:16:00,2024-07-11,12:16:00,Leave
52542,2024-07-11 12:30:00,2024-07-11,12:30:00,Leave
52575,2024-07-11 13:02:00,2024-07-11,13:02:00,Leave
52559,2024-07-11 13:33:00,2024-07-11,13:33:00,Leave
52544,2024-07-11 13:46:00,2024-07-11,13:46:00,Leave
52530,2024-07-11 13:46:00,2024-07-11,13:46:00,Leave
52566,2024-07-11 17:14:00,2024-07-11,17:14:00,Leave
52556,2024-07-11 17:18:00,2024-07-11,17:18:00,Leave
52554,2024-07-11 17:36:00,2024-07-11,17:36:00,Leave
52528,2024-07-11 18:27:00,2024-07-11,18:27:00,Leave
52543,2024-07-12 07:01:00,2024-07-12,07:01:00,Attend
52566,2024-07-12 07:51:00,2024-07-12,07:51:00,Attend
52555,2024-07-12 08:17:00,2024-07-12,08:17:00,Attend
52554,2024-07-12 08:17:00,2024-07-12,08:17:00,Attend
52528,2024-07-12 08:39:00,2024-07-12,08:39:00,Attend
52556,2024-07-12 08:39:00,2024-07-12,08:39:00,Attend
52546,2024-07-12 09:32:00,2024-07-12,09:32:00,Attend
52538,2024-07-12 09:33:00,2024-07-12,09:33:00,Attend
52538,2024-07-12 13:00:00,2024-07-12,13:00:00,Leave
52546,2024-07-12 13:00:00,2024-07-12,13:00:00,Leave
52555,2024-07-12 13:54:00,2024-07-12,13:54:00,Leave
52555,2024-07-12 17:01:00,2024-07-12,17:01:00,Attend
52566,2024-07-12 17:26:00,2024-07-12,17:26:00,Leave
52554,2024-07-12 18:47:00,2024-07-12,18:47:00,Leave
52528,2024-07-12 19:17:00,2024-07-12,19:17:00,Leave
52556,2024-07-12 19:17:00,2024-07-12,19:17:00,Leave
52543,2024-07-12 17:00:00,2024-07-12,17:00:00,Leave
52555,2024-07-12 23:56:00,2024-07-12,23:56:00,Leave
52538,2024-07-12 23:57:00,2024-07-12,23:57:00,Leave
52546,2024-07-12 23:59:00,2024-07-12,23:59:00,Leave
52555,2024-07-13 00:01:00,2024-07-13,00:01:00,Attend
52538,2024-07-13 00:05:00,2024-07-13,00:05:00,Attend
52546,2024-07-13 00:07:00,2024-07-13,00:07:00,Attend
52543,2024-07-13 07:31:00,2024-07-13,07:31:00,Attend
52566,2024-07-13 07:53:00,2024-07-13,07:53:00,Attend
52542,2024-07-13 07:59:00,2024-07-13,07:59:00,Attend
52565,2024-07-13 08:12:00,2024-07-13,08:12:00,Attend
52544,2024-07-13 08:13:00,2024-07-13,08:13:00,Attend
52559,2024-07-13 08:13:00,2024-07-13,08:13:00,Attend
52531,2024-07-13 08:16:00,2024-07-13,08:16:00,Attend
52552,2024-07-13 08:17:00,2024-07-13,08:17:00,Attend
52554,2024-07-13 08:17:00,2024-07-13,08:17:00,Attend
52575,2024-07-13 08:21:00,2024-07-13,08:21:00,Attend
52536,2024-07-13 08:22:00,2024-07-13,08:22:00,Attend
52571,2024-07-13 08:45:00,2024-07-13,08:45:00,Attend
52537,2024-07-13 08:55:00,2024-07-13,08:55:00,Attend
52528,2024-07-13 08:57:00,2024-07-13,08:57:00,Attend
52556,2024-07-13 08:57:00,2024-07-13,08:57:00,Attend
52562,2024-07-13 09:06:00,2024-07-13,09:06:00,Attend
52560,2024-07-13 08:07:00,2024-07-13,08:07:00,Attend
52570,2024-07-13 08:33:00,2024-07-13,08:33:00,Attend
52573,2024-07-13 08:58:00,2024-07-13,08:58:00,Attend
52529,2024-07-13 10:39:00,2024-07-13,10:39:00,Attend
52549,2024-07-13 11:06:00,2024-07-13,11:06:00,Attend
52542,2024-07-13 15:00:00,2024-07-13,15:00:00,Leave
52530,2024-07-13 15:47:00,2024-07-13,15:47:00,Attend
52571,2024-07-13 16:37:00,2024-07-13,16:37:00,Leave
52570,2024-07-13 16:30:00,2024-07-13,16:30:00,Leave
52562,2024-07-13 16:58:00,2024-07-13,16:58:00,Leave
52562,2024-07-13 17:00:00,2024-07-13,17:00:00,Leave
52575,2024-07-13 17:01:00,2024-07-13,17:01:00,Leave
52566,2024-07-13 17:06:00,2024-07-13,17:06:00,Leave
52531,2024-07-13 17:13:00,2024-07-13,17:13:00,Leave
52529,2024-07-13 16:52:00,2024-07-13,16:52:00,Leave
52552,2024-07-13 17:14:00,2024-07-13,17:14:00,Leave
52573,2024-07-13 17:33:00,2024-07-13,17:33:00,Leave
52556,2024-07-13 17:47:00,2024-07-13,17:47:00,Leave
52565,2024-07-13 17:47:00,2024-07-13,17:47:00,Leave
52528,2024-07-13 17:47:00,2024-07-13,17:47:00,Leave
52554,2024-07-13 17:54:00,2024-07-13,17:54:00,Leave
52544,2024-07-13 17:58:00,2024-07-13,17:58:00,Leave
52560,2024-07-13 17:44:00,2024-07-13,17:44:00,Leave
52537,2024-07-13 19:55:00,2024-07-13,19:55:00,Leave
52536,2024-07-13 17:00:00,2024-07-13,17:00:00,Leave
52543,2024-07-13 17:00:00,2024-07-13,17:00:00,Leave
52555,2024-07-13 17:00:00,2024-07-13,17:00:00,Leave
52538,2024-07-13 17:00:00,2024-07-13,17:00:00,Leave
52546,2024-07-13 17:00:00,2024-07-13,17:00:00,Leave
52559,2024-07-13 17:00:00,2024-07-13,17:00:00,Leave
52549,2024-07-13 17:30:00,2024-07-13,17:30:00,Leave
52530,2024-07-13 22:15:00,2024-07-13,22:15:00,Leave
52543,2024-07-14 07:27:00,2024-07-14,07:27:00,Attend
52544,2024-07-14 07:43:00,2024-07-14,07:43:00,Attend
52559,2024-07-14 07:44:00,2024-07-14,07:44:00,Attend
52566,2024-07-14 07:54:00,2024-07-14,07:54:00,Attend
52530,2024-07-14 08:01:00,2024-07-14,08:01:00,Attend
52542,2024-07-14 08:12:00,2024-07-14,08:12:00,Attend
52575,2024-07-14 08:16:00,2024-07-14,08:16:00,Attend
52554,2024-07-14 08:18:00,2024-07-14,08:18:00,Attend
52551,2024-07-14 08:18:00,2024-07-14,08:18:00,Attend
52552,2024-07-14 08:18:00,2024-07-14,08:18:00,Attend
52555,2024-07-14 08:19:00,2024-07-14,08:19:00,Attend
52531,2024-07-14 08:19:00,2024-07-14,08:19:00,Attend
52553,2024-07-14 08:24:00,2024-07-14,08:24:00,Attend
52539,2024-07-14 08:32:00,2024-07-14,08:32:00,Attend
52571,2024-07-14 08:34:00,2024-07-14,08:34:00,Attend
52528,2024-07-14 08:35:00,2024-07-14,08:35:00,Attend
52565,2024-07-14 08:35:00,2024-07-14,08:35:00,Attend
52556,2024-07-14 08:35:00,2024-07-14,08:35:00,Attend
52574,2024-07-14 08:53:00,2024-07-14,08:53:00,Attend
52538,2024-07-14 08:54:00,2024-07-14,08:54:00,Attend
52540,2024-07-14 08:56:00,2024-07-14,08:56:00,Attend
52562,2024-07-14 08:58:00,2024-07-14,08:58:00,Attend
52563,2024-07-14 09:47:00,2024-07-14,09:47:00,Attend
52560,2024-07-14 07:57:00,2024-07-14,07:57:00,Attend
52711,2024-07-14 08:07:00,2024-07-14,08:07:00,Attend
53152,2024-07-14 08:26:00,2024-07-14,08:26:00,Attend
52535,2024-07-14 08:30:00,2024-07-14,08:30:00,Attend
52570,2024-07-14 08:35:00,2024-07-14,08:35:00,Attend
52549,2024-07-14 08:45:00,2024-07-14,08:45:00,Attend
52564,2024-07-14 08:45:00,2024-07-14,08:45:00,Attend
52540,2024-07-14 08:51:00,2024-07-14,08:51:00,Attend
52558,2024-07-14 08:57:00,2024-07-14,08:57:00,Attend
52572,2024-07-14 09:06:00,2024-07-14,09:06:00,Attend
52541,2024-07-14 09:11:00,2024-07-14,09:11:00,Attend
52534,2024-07-14 09:11:00,2024-07-14,09:11:00,Attend
52573,2024-07-14 09:18:00,2024-07-14,09:18:00,Attend
52524,2024-07-14 09:44:00,2024-07-14,09:44:00,Attend
52557,2024-07-14 11:00:00,2024-07-14,11:00:00,Attend
52567,2024-07-14 11:01:00,2024-07-14,11:01:00,Attend
52574,2024-07-10 15:31:00,2024-07-10,15:31:00,Leave
52529,2024-07-14 11:56:00,2024-07-14,11:56:00,Attend
52532,2024-07-14 12:49:00,2024-07-14,12:49:00,Attend
52566,2024-07-14 15:02:00,2024-07-14,15:02:00,Leave
53152,2024-07-14 15:02:00,2024-07-14,15:02:00,Leave
52538,2024-07-14 15:34:00,2024-07-14,15:34:00,Leave
52548,2024-07-14 15:34:00,2024-07-14,15:34:00,Leave
52542,2024-07-14 16:42:00,2024-07-14,16:42:00,Leave
52571,2024-07-14 16:49:00,2024-07-14,16:49:00,Leave
52562,2024-07-14 16:50:00,2024-07-14,16:50:00,Leave
52554,2024-07-14 16:51:00,2024-07-14,16:51:00,Leave
52553,2024-07-14 16:54:00,2024-07-14,16:54:00,Leave
52711,2024-07-14 16:30:00,2024-07-14,16:30:00,Leave
52575,2024-07-14 17:01:00,2024-07-14,17:01:00,Leave
52563,2024-07-14 17:01:00,2024-07-14,17:01:00,Leave
52531,2024-07-14 17:03:00,2024-07-14,17:03:00,Leave
52551,2024-07-14 17:03:00,2024-07-14,17:03:00,Leave
52531,2024-07-14 17:04:00,2024-07-14,17:04:00,Leave
52555,2024-07-14 17:17:00,2024-07-14,17:17:00,Leave
52552,2024-07-14 17:17:00,2024-07-14,17:17:00,Leave
52556,2024-07-14 17:18:00,2024-07-14,17:18:00,Leave
52528,2024-07-14 17:18:00,2024-07-14,17:18:00,Leave
52565,2024-07-14 17:18:00,2024-07-14,17:18:00,Leave
52559,2024-07-14 17:29:00,2024-07-14,17:29:00,Leave
52539,2024-07-14 17:29:00,2024-07-14,17:29:00,Leave
52540,2024-07-14 17:31:00,2024-07-14,17:31:00,Leave
52532,2024-07-14 17:33:00,2024-07-14,17:33:00,Leave
52544,2024-07-14 17:38:00,2024-07-14,17:38:00,Leave
52530,2024-07-14 17:44:00,2024-07-14,17:44:00,Leave
52540,2024-07-14 17:27:00,2024-07-14,17:27:00,Leave
52524,2024-07-14 17:27:00,2024-07-14,17:27:00,Leave
52570,2024-07-14 17:29:00,2024-07-14,17:29:00,Leave
52529,2024-07-14 17:29:00,2024-07-14,17:29:00,Leave
52564,2024-07-14 17:29:00,2024-07-14,17:29:00,Leave
52573,2024-07-14 17:35:00,2024-07-14,17:35:00,Leave
52572,2024-07-14 17:36:00,2024-07-14,17:36:00,Leave
52558,2024-07-14 17:38:00,2024-07-14,17:38:00,Leave
52549,2024-07-14 17:41:00,2024-07-14,17:41:00,Leave
52541,2024-07-14 17:43:00,2024-07-14,17:43:00,Leave
52534,2024-07-14 18:07:00,2024-07-14,18:07:00,Leave
52557,2024-07-14 18:51:00,2024-07-14,18:51:00,Leave
52567,2024-07-14 19:35:00,2024-07-14,19:35:00,Leave
52543,2024-07-14 17:00:00,2024-07-14,17:00:00,Leave
52574,2024-07-14 17:30:00,2024-07-14,17:30:00,Leave
52548,2024-07-14 22:43:00,2024-07-14,22:43:00,Attend
52560,2024-07-14 22:44:00,2024-07-14,22:44:00,Leave
52543,2024-07-15 00:00:00,2024-07-15,00:00:00,Leave
52543,2024-07-15 07:18:00,2024-07-15,07:18:00,Attend
52559,2024-07-15 07:28:00,2024-07-15,07:28:00,Attend
52530,2024-07-15 07:29:00,2024-07-15,07:29:00,Attend
52544,2024-07-15 07:31:00,2024-07-15,07:31:00,Attend
52542,2024-07-15 07:56:00,2024-07-15,07:56:00,Attend
52563,2024-07-15 08:16:00,2024-07-15,08:16:00,Attend
52552,2024-07-15 08:16:00,2024-07-15,08:16:00,Attend
52555,2024-07-15 08:16:00,2024-07-15,08:16:00,Attend
52531,2024-07-15 08:17:00,2024-07-15,08:17:00,Attend
52536,2024-07-15 08:18:00,2024-07-15,08:18:00,Attend
52553,2024-07-15 08:19:00,2024-07-15,08:19:00,Attend
52554,2024-07-15 08:25:00,2024-07-15,08:25:00,Attend
52575,2024-07-15 08:28:00,2024-07-15,08:28:00,Attend
52539,2024-07-15 08:30:00,2024-07-15,08:30:00,Attend
52571,2024-07-15 08:40:00,2024-07-15,08:40:00,Attend
52556,2024-07-15 08:42:00,2024-07-15,08:42:00,Attend
52528,2024-07-15 08:43:00,2024-07-15,08:43:00,Attend
52565,2024-07-15 08:43:00,2024-07-15,08:43:00,Attend
52562,2024-07-15 08:49:00,2024-07-15,08:49:00,Attend
52538,2024-07-15 08:51:00,2024-07-15,08:51:00,Attend
52574,2024-07-15 09:07:00,2024-07-15,09:07:00,Attend
52571,2024-07-15 09:10:00,2024-07-15,09:10:00,Attend
52560,2024-07-15 08:02:00,2024-07-15,08:02:00,Attend
53152,2024-07-15 08:17:00,2024-07-15,08:17:00,Attend
52535,2024-07-15 08:27:00,2024-07-15,08:27:00,Attend
52570,2024-07-15 08:36:00,2024-07-15,08:36:00,Attend
52540,2024-07-15 08:57:00,2024-07-15,08:57:00,Attend
52573,2024-07-15 08:59:00,2024-07-15,08:59:00,Attend
52558,2024-07-15 09:03:00,2024-07-15,09:03:00,Attend
52541,2024-07-15 09:08:00,2024-07-15,09:08:00,Attend
52534,2024-07-15 09:08:00,2024-07-15,09:08:00,Attend
52557,2024-07-15 09:09:00,2024-07-15,09:09:00,Attend
52557,2024-07-15 09:11:00,2024-07-15,09:11:00,Attend
52711,2024-07-15 09:11:00,2024-07-15,09:11:00,Attend
52524,2024-07-15 09:15:00,2024-07-15,09:15:00,Attend
52564,2024-07-15 09:26:00,2024-07-15,09:26:00,Attend
52567,2024-07-15 10:16:00,2024-07-15,10:16:00,Attend
52551,2024-07-15 10:45:00,2024-07-15,10:45:00,Attend
52529,2024-07-15 13:03:00,2024-07-15,13:03:00,Leave
52571,2024-07-15 14:21:00,2024-07-15,14:21:00,Leave
52548,2024-07-15 15:46:00,2024-07-15,15:46:00,Leave
52542,2024-07-15 16:30:00,2024-07-15,16:30:00,Leave
52555,2024-07-15 16:37:00,2024-07-15,16:37:00,Leave
52552,2024-07-15 17:00:00,2024-07-15,17:00:00,Leave
52563,2024-07-15 17:00:00,2024-07-15,17:00:00,Leave
52531,2024-07-15 17:01:00,2024-07-15,17:01:00,Leave
52538,2024-07-15 17:01:00,2024-07-15,17:01:00,Leave
52551,2024-07-15 17:06:00,2024-07-15,17:06:00,Leave
52562,2024-07-15 17:06:00,2024-07-15,17:06:00,Leave
52575,2024-07-15 17:10:00,2024-07-15,17:10:00,Leave
53152,2024-07-15 17:01:00,2024-07-15,17:01:00,Leave
52553,2024-07-15 17:18:00,2024-07-15,17:18:00,Leave
52554,2024-07-15 17:18:00,2024-07-15,17:18:00,Leave
52574,2024-07-15 17:31:00,2024-07-15,17:31:00,Leave
52539,2024-07-15 17:33:00,2024-07-15,17:33:00,Leave
52565,2024-07-15 17:34:00,2024-07-15,17:34:00,Leave
52528,2024-07-15 17:34:00,2024-07-15,17:34:00,Leave
52556,2024-07-15 17:34:00,2024-07-15,17:34:00,Leave
52564,2024-07-15 17:30:00,2024-07-15,17:30:00,Leave
52711,2024-07-15 17:30:00,2024-07-15,17:30:00,Leave
52570,2024-07-15 17:31:00,2024-07-15,17:31:00,Leave
52529,2024-07-15 17:31:00,2024-07-15,17:31:00,Leave
52540,2024-07-15 18:04:00,2024-07-15,18:04:00,Leave
52557,2024-07-15 17:36:00,2024-07-15,17:36:00,Leave
52558,2024-07-15 17:39:00,2024-07-15,17:39:00,Leave
52524,2024-07-15 17:59:00,2024-07-15,17:59:00,Leave
52532,2024-07-15 18:32:00,2024-07-15,18:32:00,Leave
52573,2024-07-15 18:09:00,2024-07-15,18:09:00,Leave
52541,2024-07-15 18:09:00,2024-07-15,18:09:00,Leave
52534,2024-07-15 18:11:00,2024-07-15,18:11:00,Leave
52567,2024-07-15 18:18:00,2024-07-15,18:18:00,Leave
52540,2024-07-15 18:18:00,2024-07-15,18:18:00,Leave
52559,2024-07-15 19:22:00,2024-07-15,19:22:00,Leave
52544,2024-07-15 19:39:00,2024-07-15,19:39:00,Leave
52530,2024-07-15 19:45:00,2024-07-15,19:45:00,Leave
52532,2024-07-15 08:30:00,2024-07-15,08:30:00,Attend
52537,2024-07-15 08:30:00,2024-07-15,08:30:00,Attend
52537,2024-07-15 20:05:00,2024-07-15,20:05:00,Leave
52548,2024-07-15 20:56:00,2024-07-15,20:56:00,Attend
52560,2024-07-15 21:16:00,2024-07-15,21:16:00,Leave
52543,2024-07-15 23:21:00,2024-07-15,23:21:00,Leave
52536,2024-07-15 23:52:00,2024-07-15,23:52:00,Leave
52543,2024-07-16 07:07:00,2024-07-16,07:07:00,Attend
52559,2024-07-16 07:30:00,2024-07-16,07:30:00,Attend
52544,2024-07-16 07:34:00,2024-07-16,07:34:00,Attend
52530,2024-07-16 07:36:00,2024-07-16,07:36:00,Attend
52542,2024-07-16 07:58:00,2024-07-16,07:58:00,Attend
52536,2024-07-16 07:59:00,2024-07-16,07:59:00,Attend
52532,2024-07-16 08:09:00,2024-07-16,08:09:00,Attend
52552,2024-07-16 08:12:00,2024-07-16,08:12:00,Attend
52563,2024-07-16 08:12:00,2024-07-16,08:12:00,Attend
52555,2024-07-16 08:12:00,2024-07-16,08:12:00,Attend
52531,2024-07-16 08:12:00,2024-07-16,08:12:00,Attend
52575,2024-07-16 08:14:00,2024-07-16,08:14:00,Attend
52553,2024-07-16 08:25:00,2024-07-16,08:25:00,Attend
52537,2024-07-16 08:29:00,2024-07-16,08:29:00,Attend
52539,2024-07-16 08:30:00,2024-07-16,08:30:00,Attend
52554,2024-07-16 08:30:00,2024-07-16,08:30:00,Attend
52571,2024-07-16 08:32:00,2024-07-16,08:32:00,Attend
52528,2024-07-16 08:34:00,2024-07-16,08:34:00,Attend
52565,2024-07-16 08:34:00,2024-07-16,08:34:00,Attend
52562,2024-07-16 08:41:00,2024-07-16,08:41:00,Attend
52574,2024-07-16 08:53:00,2024-07-16,08:53:00,Attend
52540,2024-07-16 08:56:00,2024-07-16,08:56:00,Attend
52538,2024-07-16 09:14:00,2024-07-16,09:14:00,Attend
52560,2024-07-16 07:53:00,2024-07-16,07:53:00,Attend
52535,2024-07-16 08:24:00,2024-07-16,08:24:00,Attend
52711,2024-07-16 08:29:00,2024-07-16,08:29:00,Attend
53152,2024-07-16 08:31:00,2024-07-16,08:31:00,Attend
52549,2024-07-16 08:44:00,2024-07-16,08:44:00,Attend
52540,2024-07-16 08:44:00,2024-07-16,08:44:00,Attend
52570,2024-07-16 08:44:00,2024-07-16,08:44:00,Attend
52573,2024-07-16 08:47:00,2024-07-16,08:47:00,Attend
52572,2024-07-16 09:05:00,2024-07-16,09:05:00,Attend
52541,2024-07-16 09:05:00,2024-07-16,09:05:00,Attend
52534,2024-07-16 09:05:00,2024-07-16,09:05:00,Attend
52557,2024-07-16 09:08:00,2024-07-16,09:08:00,Attend
52558,2024-07-16 09:09:00,2024-07-16,09:09:00,Attend
52564,2024-07-16 09:20:00,2024-07-16,09:20:00,Attend
52524,2024-07-16 09:45:00,2024-07-16,09:45:00,Attend
52567,2024-07-16 10:00:00,2024-07-16,10:00:00,Attend
52557,2024-07-16 15:08:00,2024-07-16,15:08:00,Leave
52538,2024-07-16 15:56:00,2024-07-16,15:56:00,Leave
52532,2024-07-16 16:48:00,2024-07-16,16:48:00,Leave
52555,2024-07-16 17:02:00,2024-07-16,17:02:00,Leave
52552,2024-07-16 17:03:00,2024-07-16,17:03:00,Leave
52544,2024-07-16 17:08:00,2024-07-16,17:08:00,Leave
52530,2024-07-16 17:10:00,2024-07-16,17:10:00,Leave
53152,2024-07-16 17:02:00,2024-07-16,17:02:00,Leave
52562,2024-07-16 17:14:00,2024-07-16,17:14:00,Leave
52574,2024-07-16 17:29:00,2024-07-16,17:29:00,Leave
52539,2024-07-16 17:29:00,2024-07-16,17:29:00,Leave
52574,2024-07-16 17:30:00,2024-07-16,17:30:00,Leave
52575,2024-07-16 17:30:00,2024-07-16,17:30:00,Leave
52559,2024-07-16 17:31:00,2024-07-16,17:31:00,Leave
52565,2024-07-16 17:32:00,2024-07-16,17:32:00,Leave
52528,2024-07-16 17:32:00,2024-07-16,17:32:00,Leave
52540,2024-07-16 17:33:00,2024-07-16,17:33:00,Leave
52571,2024-07-16 17:33:00,2024-07-16,17:33:00,Leave
52531,2024-07-16 17:53:00,2024-07-16,17:53:00,Leave
52542,2024-07-16 17:54:00,2024-07-16,17:54:00,Leave
52563,2024-07-16 17:58:00,2024-07-16,17:58:00,Leave
52537,2024-07-16 17:58:00,2024-07-16,17:58:00,Leave
52554,2024-07-16 18:03:00,2024-07-16,18:03:00,Leave
52553,2024-07-16 18:05:00,2024-07-16,18:05:00,Leave
52558,2024-07-16 17:30:00,2024-07-16,17:30:00,Leave
52535,2024-07-16 17:30:00,2024-07-16,17:30:00,Leave
52711,2024-07-16 17:30:00,2024-07-16,17:30:00,Leave
52543,2024-07-16 23:39:00,2024-07-16,23:39:00,Leave
52536,2024-07-16 23:55:00,2024-07-16,23:55:00,Leave
52536,2024-07-16 23:56:00,2024-07-16,23:56:00,Leave
52543,2024-07-17 07:14:00,2024-07-17,07:14:00,Attend
52544,2024-07-17 07:28:00,2024-07-17,07:28:00,Attend
52559,2024-07-17 07:32:00,2024-07-17,07:32:00,Attend
52552,2024-07-17 07:40:00,2024-07-17,07:40:00,Attend
52530,2024-07-17 07:46:00,2024-07-17,07:46:00,Attend
52536,2024-07-17 07:51:00,2024-07-17,07:51:00,Attend
52542,2024-07-17 08:02:00,2024-07-17,08:02:00,Attend
52553,2024-07-17 08:04:00,2024-07-17,08:04:00,Attend
52575,2024-07-17 08:10:00,2024-07-17,08:10:00,Attend
52532,2024-07-17 08:17:00,2024-07-17,08:17:00,Attend
52554,2024-07-17 08:21:00,2024-07-17,08:21:00,Attend
52531,2024-07-17 08:25:00,2024-07-17,08:25:00,Attend
52539,2024-07-17 08:31:00,2024-07-17,08:31:00,Attend
52528,2024-07-17 08:41:00,2024-07-17,08:41:00,Attend
52565,2024-07-17 08:42:00,2024-07-17,08:42:00,Attend
52563,2024-07-17 08:43:00,2024-07-17,08:43:00,Attend
52537,2024-07-17 08:43:00,2024-07-17,08:43:00,Attend
52538,2024-07-17 08:50:00,2024-07-17,08:50:00,Attend
52562,2024-07-17 09:01:00,2024-07-17,09:01:00,Attend
52574,2024-07-17 09:02:00,2024-07-17,09:02:00,Attend
52540,2024-07-17 09:06:00,2024-07-17,09:06:00,Attend
52570,2024-07-16 17:30:00,2024-07-16,17:30:00,Leave
52564,2024-07-16 17:30:00,2024-07-16,17:30:00,Leave
52524,2024-07-16 17:33:00,2024-07-16,17:33:00,Leave
52572,2024-07-16 17:37:00,2024-07-16,17:37:00,Leave
52541,2024-07-16 17:38:00,2024-07-16,17:38:00,Leave
52549,2024-07-16 17:39:00,2024-07-16,17:39:00,Leave
52534,2024-07-16 17:39:00,2024-07-16,17:39:00,Leave
52567,2024-07-16 18:01:00,2024-07-16,18:01:00,Leave
52573,2024-07-16 18:25:00,2024-07-16,18:25:00,Leave
52560,2024-07-16 20:21:00,2024-07-16,20:21:00,Leave
52560,2024-07-17 08:02:00,2024-07-17,08:02:00,Attend
52549,2024-07-17 08:48:00,2024-07-17,08:48:00,Attend
52570,2024-07-17 08:49:00,2024-07-17,08:49:00,Attend
52573,2024-07-17 08:57:00,2024-07-17,08:57:00,Attend
52540,2024-07-17 09:04:00,2024-07-17,09:04:00,Attend
52572,2024-07-17 09:04:00,2024-07-17,09:04:00,Attend
52541,2024-07-17 09:11:00,2024-07-17,09:11:00,Attend
52534,2024-07-17 09:11:00,2024-07-17,09:11:00,Attend
53152,2024-07-17 09:13:00,2024-07-17,09:13:00,Attend
52558,2024-07-17 09:13:00,2024-07-17,09:13:00,Attend
52567,2024-07-17 09:38:00,2024-07-17,09:38:00,Attend
52711,2024-07-17 10:01:00,2024-07-17,10:01:00,Attend
52524,2024-07-17 10:08:00,2024-07-17,10:08:00,Attend
52535,2024-07-17 10:35:00,2024-07-17,10:35:00,Attend
52557,2024-07-17 10:58:00,2024-07-17,10:58:00,Attend
52529,2024-07-17 11:39:00,2024-07-17,11:39:00,Attend
52548,2024-07-17 15:40:00,2024-07-17,15:40:00,Leave
52567,2024-07-17 16:07:00,2024-07-17,16:07:00,Leave
52542,2024-07-17 16:33:00,2024-07-17,16:33:00,Leave
52562,2024-07-17 16:55:00,2024-07-17,16:55:00,Leave
52540,2024-07-17 16:59:00,2024-07-17,16:59:00,Leave
52537,2024-07-17 17:02:00,2024-07-17,17:02:00,Leave
52552,2024-07-17 17:02:00,2024-07-17,17:02:00,Leave
52531,2024-07-17 17:03:00,2024-07-17,17:03:00,Leave
52559,2024-07-17 17:05:00,2024-07-17,17:05:00,Leave
52563,2024-07-17 17:06:00,2024-07-17,17:06:00,Leave
52575,2024-07-17 17:15:00,2024-07-17,17:15:00,Leave
52565,2024-07-17 17:19:00,2024-07-17,17:19:00,Leave
52528,2024-07-17 17:19:00,2024-07-17,17:19:00,Leave
52554,2024-07-17 17:23:00,2024-07-17,17:23:00,Leave
52553,2024-07-17 17:23:00,2024-07-17,17:23:00,Leave
52544,2024-07-17 17:24:00,2024-07-17,17:24:00,Leave
52571,2024-07-17 17:27:00,2024-07-17,17:27:00,Leave
52574,2024-07-17 17:31:00,2024-07-17,17:31:00,Leave
52532,2024-07-17 17:33:00,2024-07-17,17:33:00,Leave
52539,2024-07-17 17:37:00,2024-07-17,17:37:00,Leave
52530,2024-07-17 18:09:00,2024-07-17,18:09:00,Leave
52558,2024-07-17 17:22:00,2024-07-17,17:22:00,Leave
52524,2024-07-17 17:22:00,2024-07-17,17:22:00,Leave
52529,2024-07-17 17:29:00,2024-07-17,17:29:00,Leave
53152,2024-07-17 17:30:00,2024-07-17,17:30:00,Leave
52711,2024-07-17 17:32:00,2024-07-17,17:32:00,Leave
52572,2024-07-17 17:33:00,2024-07-17,17:33:00,Leave
52570,2024-07-17 17:34:00,2024-07-17,17:34:00,Leave
52541,2024-07-17 17:45:00,2024-07-17,17:45:00,Leave
52549,2024-07-17 17:45:00,2024-07-17,17:45:00,Leave
52534,2024-07-17 17:46:00,2024-07-17,17:46:00,Leave
52573,2024-07-17 18:48:00,2024-07-17,18:48:00,Leave
52557,2024-07-17 19:00:00,2024-07-17,19:00:00,Leave
52538,2024-07-17 17:00:00,2024-07-17,17:00:00,Leave
52571,2024-07-17 08:30:00,2024-07-17,08:30:00,Attend
52548,2024-07-17 22:33:00,2024-07-17,22:33:00,Attend
52560,2024-07-17 22:39:00,2024-07-17,22:39:00,Leave
52536,2024-07-17 23:30:00,2024-07-17,23:30:00,Leave
52543,2024-07-17 23:51:00,2024-07-17,23:51:00,Leave
52543,2024-07-18 07:10:00,2024-07-18,07:10:00,Attend
52559,2024-07-18 07:17:00,2024-07-18,07:17:00,Attend
52544,2024-07-18 07:28:00,2024-07-18,07:28:00,Attend
52530,2024-07-18 07:46:00,2024-07-18,07:46:00,Attend
52542,2024-07-18 07:49:00,2024-07-18,07:49:00,Attend
52536,2024-07-18 07:52:00,2024-07-18,07:52:00,Attend
52552,2024-07-18 08:00:00,2024-07-18,08:00:00,Attend
52531,2024-07-18 08:02:00,2024-07-18,08:02:00,Attend
52575,2024-07-18 08:10:00,2024-07-18,08:10:00,Attend
52537,2024-07-18 08:18:00,2024-07-18,08:18:00,Attend
52571,2024-07-18 08:23:00,2024-07-18,08:23:00,Attend
52563,2024-07-18 08:25:00,2024-07-18,08:25:00,Attend
52553,2024-07-18 08:25:00,2024-07-18,08:25:00,Attend
52539,2024-07-18 08:29:00,2024-07-18,08:29:00,Attend
52554,2024-07-18 08:29:00,2024-07-18,08:29:00,Attend
52528,2024-07-18 08:32:00,2024-07-18,08:32:00,Attend
52565,2024-07-18 08:32:00,2024-07-18,08:32:00,Attend
52562,2024-07-18 08:45:00,2024-07-18,08:45:00,Attend
52540,2024-07-18 08:46:00,2024-07-18,08:46:00,Attend
52538,2024-07-18 08:53:00,2024-07-18,08:53:00,Attend
53152,2024-07-18 08:09:00,2024-07-18,08:09:00,Attend
52535,2024-07-18 08:30:00,2024-07-18,08:30:00,Attend
52570,2024-07-18 08:36:00,2024-07-18,08:36:00,Attend
52540,2024-07-18 08:43:00,2024-07-18,08:43:00,Attend
52549,2024-07-18 08:59:00,2024-07-18,08:59:00,Attend
52534,2024-07-18 09:07:00,2024-07-18,09:07:00,Attend
52541,2024-07-18 09:07:00,2024-07-18,09:07:00,Attend
52558,2024-07-18 09:07:00,2024-07-18,09:07:00,Attend
52564,2024-07-18 09:07:00,2024-07-18,09:07:00,Attend
52529,2024-07-18 09:16:00,2024-07-18,09:16:00,Attend
52572,2024-07-18 09:17:00,2024-07-18,09:17:00,Attend
52557,2024-07-18 09:17:00,2024-07-18,09:17:00,Attend
52524,2024-07-18 09:30:00,2024-07-18,09:30:00,Attend
52567,2024-07-18 09:59:00,2024-07-18,09:59:00,Attend
52542,2024-07-18 12:06:00,2024-07-18,12:06:00,Leave
52553,2024-07-18 12:08:00,2024-07-18,12:08:00,Leave
52552,2024-07-18 12:16:00,2024-07-18,12:16:00,Leave
52571,2024-07-18 12:26:00,2024-07-18,12:26:00,Leave
52537,2024-07-18 12:30:00,2024-07-18,12:30:00,Leave
52563,2024-07-18 12:31:00,2024-07-18,12:31:00,Leave
52562,2024-07-18 12:59:00,2024-07-18,12:59:00,Leave
52575,2024-07-18 13:01:00,2024-07-18,13:01:00,Leave
52538,2024-07-18 13:01:00,2024-07-18,13:01:00,Leave
52531,2024-07-18 13:03:00,2024-07-18,13:03:00,Leave
52530,2024-07-18 13:47:00,2024-07-18,13:47:00,Leave
52544,2024-07-18 14:00:00,2024-07-18,14:00:00,Leave
52559,2024-07-18 14:09:00,2024-07-18,14:09:00,Leave
52570,2024-07-18 15:07:00,2024-07-18,15:07:00,Leave
52548,2024-07-18 15:33:00,2024-07-18,15:33:00,Leave
53152,2024-07-18 16:39:00,2024-07-18,16:39:00,Leave
52567,2024-07-18 16:44:00,2024-07-18,16:44:00,Leave
52539,2024-07-18 17:23:00,2024-07-18,17:23:00,Leave
52540,2024-07-18 17:25:00,2024-07-18,17:25:00,Leave
52524,2024-07-18 17:18:00,2024-07-18,17:18:00,Leave
52557,2024-07-18 17:20:00,2024-07-18,17:20:00,Leave
52540,2024-07-18 17:21:00,2024-07-18,17:21:00,Leave
52549,2024-07-18 17:27:00,2024-07-18,17:27:00,Leave
52558,2024-07-18 17:30:00,2024-07-18,17:30:00,Leave
52534,2024-07-18 17:30:00,2024-07-18,17:30:00,Leave
52535,2024-07-18 17:31:00,2024-07-18,17:31:00,Leave
52564,2024-07-18 17:32:00,2024-07-18,17:32:00,Leave
52541,2024-07-18 17:32:00,2024-07-18,17:32:00,Leave
52529,2024-07-18 17:36:00,2024-07-18,17:36:00,Leave
52572,2024-07-18 17:52:00,2024-07-18,17:52:00,Leave
52565,2024-07-18 18:23:00,2024-07-18,18:23:00,Leave
52554,2024-07-18 18:40:00,2024-07-18,18:40:00,Leave
52528,2024-07-18 17:00:00,2024-07-18,17:00:00,Leave
52536,2024-07-18 23:30:00,2024-07-18,23:30:00,Leave
52543,2024-07-18 23:32:00,2024-07-18,23:32:00,Leave
52543,2024-07-19 07:31:00,2024-07-19,07:31:00,Attend
52536,2024-07-19 08:04:00,2024-07-19,08:04:00,Attend
52565,2024-07-19 08:06:00,2024-07-19,08:06:00,Attend
52532,2024-07-19 08:12:00,2024-07-19,08:12:00,Attend
52554,2024-07-19 08:20:00,2024-07-19,08:20:00,Attend
52565,2024-07-19 12:42:00,2024-07-19,12:42:00,Leave
52554,2024-07-19 13:19:00,2024-07-19,13:19:00,Leave
52532,2024-07-19 17:12:00,2024-07-19,17:12:00,Leave
52536,2024-07-19 23:30:00,2024-07-19,23:30:00,Leave
52543,2024-07-19 23:47:00,2024-07-19,23:47:00,Leave
52543,2024-07-20 07:22:00,2024-07-20,07:22:00,Attend
52552,2024-07-20 07:47:00,2024-07-20,07:47:00,Attend
52536,2024-07-20 07:49:00,2024-07-20,07:49:00,Attend
52542,2024-07-20 07:51:00,2024-07-20,07:51:00,Attend
52531,2024-07-20 07:59:00,2024-07-20,07:59:00,Attend
52530,2024-07-20 08:07:00,2024-07-20,08:07:00,Attend
52544,2024-07-20 08:07:00,2024-07-20,08:07:00,Attend
52575,2024-07-20 08:12:00,2024-07-20,08:12:00,Attend
52539,2024-07-20 08:27:00,2024-07-20,08:27:00,Attend
52553,2024-07-20 08:34:00,2024-07-20,08:34:00,Attend
52532,2024-07-20 08:35:00,2024-07-20,08:35:00,Attend
52538,2024-07-20 08:37:00,2024-07-20,08:37:00,Attend
52546,2024-07-20 08:37:00,2024-07-20,08:37:00,Attend
52571,2024-07-20 08:43:00,2024-07-20,08:43:00,Attend
52559,2024-07-20 08:47:00,2024-07-20,08:47:00,Attend
52562,2024-07-20 08:50:00,2024-07-20,08:50:00,Attend
52540,2024-07-20 08:56:00,2024-07-20,08:56:00,Attend
52574,2024-07-20 09:01:00,2024-07-20,09:01:00,Attend
52563,2024-07-20 10:15:00,2024-07-20,10:15:00,Attend
52556,2024-07-20 12:48:00,2024-07-20,12:48:00,Attend
52548,2024-07-18 22:35:00,2024-07-18,22:35:00,Attend
52560,2024-07-18 09:00:00,2024-07-18,09:00:00,Attend
52560,2024-07-18 22:43:00,2024-07-18,22:43:00,Leave
52560,2024-07-20 08:20:00,2024-07-20,08:20:00,Attend
52540,2024-07-20 08:51:00,2024-07-20,08:51:00,Attend
52711,2024-07-20 09:05:00,2024-07-20,09:05:00,Attend
52573,2024-07-20 09:10:00,2024-07-20,09:10:00,Attend
52560,2024-07-20 09:10:00,2024-07-20,09:10:00,Attend
52524,2024-07-20 12:10:00,2024-07-20,12:10:00,Attend
52537,2024-07-20 14:33:00,2024-07-20,14:33:00,Attend
52540,2024-07-20 15:31:00,2024-07-20,15:31:00,Leave
52539,2024-07-20 15:34:00,2024-07-20,15:34:00,Leave
52540,2024-07-20 15:32:00,2024-07-20,15:32:00,Leave
52542,2024-07-20 16:34:00,2024-07-20,16:34:00,Leave
52532,2024-07-20 16:42:00,2024-07-20,16:42:00,Leave
52538,2024-07-20 17:06:00,2024-07-20,17:06:00,Leave
52531,2024-07-20 17:06:00,2024-07-20,17:06:00,Leave
52546,2024-07-20 17:07:00,2024-07-20,17:07:00,Leave
52562,2024-07-20 17:14:00,2024-07-20,17:14:00,Leave
52563,2024-07-20 17:15:00,2024-07-20,17:15:00,Leave
52537,2024-07-20 17:15:00,2024-07-20,17:15:00,Leave
52552,2024-07-20 17:15:00,2024-07-20,17:15:00,Leave
52575,2024-07-20 17:19:00,2024-07-20,17:19:00,Leave
52556,2024-07-20 17:29:00,2024-07-20,17:29:00,Leave
52574,2024-07-20 17:36:00,2024-07-20,17:36:00,Leave
52553,2024-07-20 17:37:00,2024-07-20,17:37:00,Leave
52711,2024-07-20 17:31:00,2024-07-20,17:31:00,Leave
52573,2024-07-20 17:40:00,2024-07-20,17:40:00,Leave
52559,2024-07-20 19:44:00,2024-07-20,19:44:00,Leave
52571,2024-07-20 17:00:00,2024-07-20,17:00:00,Leave
52544,2024-07-20 20:16:00,2024-07-20,20:16:00,Leave
52530,2024-07-20 21:16:00,2024-07-20,21:16:00,Leave
52536,2024-07-20 23:30:00,2024-07-20,23:30:00,Leave
52543,2024-07-20 23:45:00,2024-07-20,23:45:00,Leave
52544,2024-07-21 07:25:00,2024-07-21,07:25:00,Attend
52559,2024-07-21 07:30:00,2024-07-21,07:30:00,Attend
52530,2024-07-21 07:39:00,2024-07-21,07:39:00,Attend
52552,2024-07-21 07:45:00,2024-07-21,07:45:00,Attend
52542,2024-07-21 07:48:00,2024-07-21,07:48:00,Attend
52543,2024-07-21 07:48:00,2024-07-21,07:48:00,Attend
52536,2024-07-21 07:53:00,2024-07-21,07:53:00,Attend
52575,2024-07-21 08:05:00,2024-07-21,08:05:00,Attend
52531,2024-07-21 08:09:00,2024-07-21,08:09:00,Attend
52553,2024-07-21 08:28:00,2024-07-21,08:28:00,Attend
52539,2024-07-21 08:31:00,2024-07-21,08:31:00,Attend
52556,2024-07-21 08:44:00,2024-07-21,08:44:00,Attend
52538,2024-07-21 08:47:00,2024-07-21,08:47:00,Attend
52546,2024-07-21 08:47:00,2024-07-21,08:47:00,Attend
52571,2024-07-21 08:47:00,2024-07-21,08:47:00,Attend
52574,2024-07-21 08:52:00,2024-07-21,08:52:00,Attend
52563,2024-07-21 08:52:00,2024-07-21,08:52:00,Attend
52537,2024-07-21 08:52:00,2024-07-21,08:52:00,Attend
52540,2024-07-21 08:57:00,2024-07-21,08:57:00,Attend
52558,2024-07-21 09:11:00,2024-07-21,09:11:00,Attend
52562,2024-07-21 09:21:00,2024-07-21,09:21:00,Attend
52551,2024-07-21 10:24:00,2024-07-21,10:24:00,Attend
52528,2024-07-21 10:58:00,2024-07-21,10:58:00,Attend
52524,2024-07-20 18:00:00,2024-07-20,18:00:00,Leave
52560,2024-07-20 18:03:00,2024-07-20,18:03:00,Leave
52560,2024-07-21 07:45:00,2024-07-21,07:45:00,Attend
52535,2024-07-21 08:28:00,2024-07-21,08:28:00,Attend
52570,2024-07-21 08:40:00,2024-07-21,08:40:00,Attend
52549,2024-07-21 08:44:00,2024-07-21,08:44:00,Attend
52540,2024-07-21 08:52:00,2024-07-21,08:52:00,Attend
52534,2024-07-21 08:56:00,2024-07-21,08:56:00,Attend
52573,2024-07-21 08:59:00,2024-07-21,08:59:00,Attend
52572,2024-07-21 09:05:00,2024-07-21,09:05:00,Attend
52564,2024-07-21 09:10:00,2024-07-21,09:10:00,Attend
52564,2024-07-21 09:12:00,2024-07-21,09:12:00,Attend
52711,2024-07-21 09:25:00,2024-07-21,09:25:00,Attend
52529,2024-07-21 09:57:00,2024-07-21,09:57:00,Attend
52567,2024-07-21 10:13:00,2024-07-21,10:13:00,Attend
52557,2024-07-21 11:23:00,2024-07-21,11:23:00,Attend
52524,2024-07-21 11:30:00,2024-07-21,11:30:00,Attend
52542,2024-07-21 14:35:00,2024-07-21,14:35:00,Leave
52548,2024-07-21 15:39:00,2024-07-21,15:39:00,Leave
52571,2024-07-21 16:43:00,2024-07-21,16:43:00,Leave
52571,2024-07-21 16:44:00,2024-07-21,16:44:00,Leave
52562,2024-07-21 16:49:00,2024-07-21,16:49:00,Leave
52562,2024-07-21 16:50:00,2024-07-21,16:50:00,Leave
52575,2024-07-21 17:00:00,2024-07-21,17:00:00,Leave
52538,2024-07-21 17:04:00,2024-07-21,17:04:00,Leave
52546,2024-07-21 17:07:00,2024-07-21,17:07:00,Leave
52531,2024-07-21 17:07:00,2024-07-21,17:07:00,Leave
52711,2024-07-21 16:44:00,2024-07-21,16:44:00,Leave
52537,2024-07-21 17:09:00,2024-07-21,17:09:00,Leave
52556,2024-07-21 17:14:00,2024-07-21,17:14:00,Leave
52552,2024-07-21 17:15:00,2024-07-21,17:15:00,Leave
52563,2024-07-21 17:23:00,2024-07-21,17:23:00,Leave
52553,2024-07-21 17:27:00,2024-07-21,17:27:00,Leave
52539,2024-07-21 17:30:00,2024-07-21,17:30:00,Leave
52558,2024-07-21 17:32:00,2024-07-21,17:32:00,Leave
52574,2024-07-21 17:33:00,2024-07-21,17:33:00,Leave
52551,2024-07-21 17:36:00,2024-07-21,17:36:00,Leave
52549,2024-07-21 17:28:00,2024-07-21,17:28:00,Leave
52570,2024-07-21 17:30:00,2024-07-21,17:30:00,Leave
52535,2024-07-21 17:32:00,2024-07-21,17:32:00,Leave
52564,2024-07-21 17:34:00,2024-07-21,17:34:00,Leave
52529,2024-07-21 17:34:00,2024-07-21,17:34:00,Leave
52540,2024-07-21 17:34:00,2024-07-21,17:34:00,Leave
52573,2024-07-21 17:34:00,2024-07-21,17:34:00,Leave
52559,2024-07-21 17:46:00,2024-07-21,17:46:00,Leave
52544,2024-07-21 18:05:00,2024-07-21,18:05:00,Leave
52524,2024-07-21 17:38:00,2024-07-21,17:38:00,Leave
52572,2024-07-21 17:57:00,2024-07-21,17:57:00,Leave
52534,2024-07-21 18:04:00,2024-07-21,18:04:00,Leave
52567,2024-07-21 18:15:00,2024-07-21,18:15:00,Leave
52528,2024-07-21 17:00:00,2024-07-21,17:00:00,Leave
52557,2024-07-21 21:08:00,2024-07-21,21:08:00,Leave
52530,2024-07-21 21:30:00,2024-07-21,21:30:00,Leave
52536,2024-07-21 23:33:00,2024-07-21,23:33:00,Leave
52543,2024-07-21 23:47:00,2024-07-21,23:47:00,Leave
52543,2024-07-22 07:14:00,2024-07-22,07:14:00,Attend
52544,2024-07-22 07:27:00,2024-07-22,07:27:00,Attend
52530,2024-07-22 07:42:00,2024-07-22,07:42:00,Attend
52536,2024-07-22 07:51:00,2024-07-22,07:51:00,Attend
52552,2024-07-22 07:54:00,2024-07-22,07:54:00,Attend
52531,2024-07-22 08:04:00,2024-07-22,08:04:00,Attend
52542,2024-07-22 08:06:00,2024-07-22,08:06:00,Attend
52553,2024-07-22 08:20:00,2024-07-22,08:20:00,Attend
52559,2024-07-22 08:21:00,2024-07-22,08:21:00,Attend
52563,2024-07-22 08:24:00,2024-07-22,08:24:00,Attend
52537,2024-07-22 08:26:00,2024-07-22,08:26:00,Attend
52566,2024-07-22 08:33:00,2024-07-22,08:33:00,Attend
52575,2024-07-22 08:36:00,2024-07-22,08:36:00,Attend
52571,2024-07-22 08:39:00,2024-07-22,08:39:00,Attend
52556,2024-07-22 08:40:00,2024-07-22,08:40:00,Attend
52546,2024-07-22 08:41:00,2024-07-22,08:41:00,Attend
52538,2024-07-22 08:42:00,2024-07-22,08:42:00,Attend
52562,2024-07-22 08:53:00,2024-07-22,08:53:00,Attend
52558,2024-07-22 08:59:00,2024-07-22,08:59:00,Attend
52540,2024-07-22 09:00:00,2024-07-22,09:00:00,Attend
52574,2024-07-22 09:04:00,2024-07-22,09:04:00,Attend
52557,2024-07-22 09:12:00,2024-07-22,09:12:00,Attend
52528,2024-07-22 09:23:00,2024-07-22,09:23:00,Attend
52529,2024-07-22 09:26:00,2024-07-22,09:26:00,Attend
52532,2024-07-22 10:18:00,2024-07-22,10:18:00,Attend
52548,2024-07-21 22:40:00,2024-07-21,22:40:00,Attend
52560,2024-07-21 22:40:00,2024-07-21,22:40:00,Leave
52560,2024-07-22 07:55:00,2024-07-22,07:55:00,Attend
52535,2024-07-22 08:30:00,2024-07-22,08:30:00,Attend
52529,2024-07-22 08:36:00,2024-07-22,08:36:00,Attend
52549,2024-07-22 08:46:00,2024-07-22,08:46:00,Attend
52570,2024-07-22 08:48:00,2024-07-22,08:48:00,Attend
52570,2024-07-22 08:50:00,2024-07-22,08:50:00,Attend
52573,2024-07-22 08:56:00,2024-07-22,08:56:00,Attend
52534,2024-07-22 08:56:00,2024-07-22,08:56:00,Attend
52540,2024-07-22 09:02:00,2024-07-22,09:02:00,Attend
52558,2024-07-22 09:02:00,2024-07-22,09:02:00,Attend
52711,2024-07-22 09:07:00,2024-07-22,09:07:00,Attend
52564,2024-07-22 09:13:00,2024-07-22,09:13:00,Attend
52567,2024-07-22 09:57:00,2024-07-22,09:57:00,Attend
52551,2024-07-22 11:13:00,2024-07-22,11:13:00,Attend
52572,2024-07-22 11:14:00,2024-07-22,11:14:00,Attend
52571,2024-07-22 14:29:00,2024-07-22,14:29:00,Leave
52528,2024-07-22 14:54:00,2024-07-22,14:54:00,Leave
52548,2024-07-22 15:41:00,2024-07-22,15:41:00,Leave
52542,2024-07-22 16:35:00,2024-07-22,16:35:00,Leave
52542,2024-07-22 16:38:00,2024-07-22,16:38:00,Leave
52564,2024-07-22 16:15:00,2024-07-22,16:15:00,Leave
52575,2024-07-22 17:02:00,2024-07-22,17:02:00,Leave
52566,2024-07-22 17:02:00,2024-07-22,17:02:00,Leave
52553,2024-07-22 17:05:00,2024-07-22,17:05:00,Leave
52558,2024-07-22 17:07:00,2024-07-22,17:07:00,Leave
52538,2024-07-22 17:07:00,2024-07-22,17:07:00,Leave
52546,2024-07-22 17:08:00,2024-07-22,17:08:00,Leave
52562,2024-07-22 17:11:00,2024-07-22,17:11:00,Leave
52556,2024-07-22 17:18:00,2024-07-22,17:18:00,Leave
52552,2024-07-22 17:20:00,2024-07-22,17:20:00,Leave
52537,2024-07-22 17:23:00,2024-07-22,17:23:00,Leave
52563,2024-07-22 17:23:00,2024-07-22,17:23:00,Leave
52551,2024-07-22 17:27:00,2024-07-22,17:27:00,Leave
52532,2024-07-22 17:28:00,2024-07-22,17:28:00,Leave
52574,2024-07-22 17:31:00,2024-07-22,17:31:00,Leave
52540,2024-07-22 17:31:00,2024-07-22,17:31:00,Leave
52557,2024-07-22 17:42:00,2024-07-22,17:42:00,Leave
52711,2024-07-22 17:31:00,2024-07-22,17:31:00,Leave
52535,2024-07-22 17:32:00,2024-07-22,17:32:00,Leave
52529,2024-07-22 17:34:00,2024-07-22,17:34:00,Leave
52570,2024-07-22 17:35:00,2024-07-22,17:35:00,Leave
52549,2024-07-22 17:37:00,2024-07-22,17:37:00,Leave
52573,2024-07-22 17:37:00,2024-07-22,17:37:00,Leave
52559,2024-07-22 18:16:00,2024-07-22,18:16:00,Leave
52572,2024-07-22 17:53:00,2024-07-22,17:53:00,Leave
52567,2024-07-22 18:07:00,2024-07-22,18:07:00,Leave
52544,2024-07-22 18:20:00,2024-07-22,18:20:00,Leave
52530,2024-07-22 18:34:00,2024-07-22,18:34:00,Leave
52534,2024-07-22 19:19:00,2024-07-22,19:19:00,Leave
52531,2024-07-22 17:00:00,2024-07-22,17:00:00,Leave
52548,2024-07-22 20:36:00,2024-07-22,20:36:00,Attend
52560,2024-07-22 20:42:00,2024-07-22,20:42:00,Leave
52536,2024-07-22 23:30:00,2024-07-22,23:30:00,Leave
52543,2024-07-22 23:46:00,2024-07-22,23:46:00,Leave
52544,2024-07-23 07:29:00,2024-07-23,07:29:00,Attend
52543,2024-07-23 07:32:00,2024-07-23,07:32:00,Attend
52559,2024-07-23 07:33:00,2024-07-23,07:33:00,Attend
52530,2024-07-23 07:46:00,2024-07-23,07:46:00,Attend
52552,2024-07-23 07:50:00,2024-07-23,07:50:00,Attend
52566,2024-07-23 07:54:00,2024-07-23,07:54:00,Attend
52563,2024-07-23 07:57:00,2024-07-23,07:57:00,Attend
52536,2024-07-23 07:59:00,2024-07-23,07:59:00,Attend
52560,2024-07-23 07:59:00,2024-07-23,07:59:00,Attend
52531,2024-07-23 08:12:00,2024-07-23,08:12:00,Attend
52575,2024-07-23 08:18:00,2024-07-23,08:18:00,Attend
52551,2024-07-23 08:21:00,2024-07-23,08:21:00,Attend
52542,2024-07-23 08:21:00,2024-07-23,08:21:00,Attend
52553,2024-07-23 08:23:00,2024-07-23,08:23:00,Attend
52556,2024-07-23 08:23:00,2024-07-23,08:23:00,Attend
52539,2024-07-23 08:30:00,2024-07-23,08:30:00,Attend
52571,2024-07-23 08:42:00,2024-07-23,08:42:00,Attend
52565,2024-07-23 08:44:00,2024-07-23,08:44:00,Attend
52546,2024-07-23 08:44:00,2024-07-23,08:44:00,Attend
52538,2024-07-23 08:46:00,2024-07-23,08:46:00,Attend
52562,2024-07-23 08:51:00,2024-07-23,08:51:00,Attend
52558,2024-07-23 09:05:00,2024-07-23,09:05:00,Attend
52570,2024-07-23 08:41:00,2024-07-23,08:41:00,Attend
52540,2024-07-23 08:47:00,2024-07-23,08:47:00,Attend
52711,2024-07-23 08:50:00,2024-07-23,08:50:00,Attend
52572,2024-07-23 09:02:00,2024-07-23,09:02:00,Attend
52557,2024-07-23 09:10:00,2024-07-23,09:10:00,Attend
52549,2024-07-23 09:18:00,2024-07-23,09:18:00,Attend
52573,2024-07-23 09:13:00,2024-07-23,09:13:00,Attend
52541,2024-07-23 09:19:00,2024-07-23,09:19:00,Attend
52534,2024-07-23 09:20:00,2024-07-23,09:20:00,Attend
52529,2024-07-23 11:13:00,2024-07-23,11:13:00,Attend
52567,2024-07-23 11:58:00,2024-07-23,11:58:00,Attend
52524,2024-07-23 12:06:00,2024-07-23,12:06:00,Attend
52537,2024-07-23 13:39:00,2024-07-23,13:39:00,Attend
52548,2024-07-23 15:44:00,2024-07-23,15:44:00,Leave
52571,2024-07-23 16:32:00,2024-07-23,16:32:00,Leave
52571,2024-07-23 16:34:00,2024-07-23,16:34:00,Leave
52542,2024-07-23 16:51:00,2024-07-23,16:51:00,Leave
52711,2024-07-23 16:44:00,2024-07-23,16:44:00,Leave
52562,2024-07-23 16:57:00,2024-07-23,16:57:00,Leave
52551,2024-07-23 16:59:00,2024-07-23,16:59:00,Leave
52553,2024-07-23 17:00:00,2024-07-23,17:00:00,Leave
52575,2024-07-23 17:01:00,2024-07-23,17:01:00,Leave
52551,2024-07-23 17:01:00,2024-07-23,17:01:00,Leave
52537,2024-07-23 17:02:00,2024-07-23,17:02:00,Leave
52566,2024-07-23 17:03:00,2024-07-23,17:03:00,Leave
52556,2024-07-23 17:05:00,2024-07-23,17:05:00,Leave
52565,2024-07-23 17:14:00,2024-07-23,17:14:00,Leave
52538,2024-07-23 17:15:00,2024-07-23,17:15:00,Leave
52546,2024-07-23 17:15:00,2024-07-23,17:15:00,Leave
52531,2024-07-23 17:15:00,2024-07-23,17:15:00,Leave
52563,2024-07-23 17:16:00,2024-07-23,17:16:00,Leave
52552,2024-07-23 17:20:00,2024-07-23,17:20:00,Leave
52539,2024-07-23 17:31:00,2024-07-23,17:31:00,Leave
52524,2024-07-23 17:35:00,2024-07-23,17:35:00,Leave
52558,2024-07-23 17:48:00,2024-07-23,17:48:00,Leave
52567,2024-07-23 18:26:00,2024-07-23,18:26:00,Leave
52557,2024-07-23 19:19:00,2024-07-23,19:19:00,Leave
52530,2024-07-23 19:23:00,2024-07-23,19:23:00,Leave
52544,2024-07-23 20:28:00,2024-07-23,20:28:00,Leave
52559,2024-07-23 20:29:00,2024-07-23,20:29:00,Leave
52540,2024-07-23 17:30:00,2024-07-23,17:30:00,Leave
52570,2024-07-23 17:30:00,2024-07-23,17:30:00,Leave
52536,2024-07-23 23:32:00,2024-07-23,23:32:00,Leave
52543,2024-07-23 23:46:00,2024-07-23,23:46:00,Leave
52543,2024-07-24 07:21:00,2024-07-24,07:21:00,Attend
52544,2024-07-24 07:36:00,2024-07-24,07:36:00,Attend
52542,2024-07-24 07:50:00,2024-07-24,07:50:00,Attend
52536,2024-07-24 07:52:00,2024-07-24,07:52:00,Attend
52552,2024-07-24 07:57:00,2024-07-24,07:57:00,Attend
52566,2024-07-24 07:57:00,2024-07-24,07:57:00,Attend
52559,2024-07-24 07:59:00,2024-07-24,07:59:00,Attend
52565,2024-07-24 08:03:00,2024-07-24,08:03:00,Attend
52531,2024-07-24 08:06:00,2024-07-24,08:06:00,Attend
52530,2024-07-24 08:09:00,2024-07-24,08:09:00,Attend
52563,2024-07-24 08:15:00,2024-07-24,08:15:00,Attend
52537,2024-07-24 08:15:00,2024-07-24,08:15:00,Attend
52556,2024-07-24 08:23:00,2024-07-24,08:23:00,Attend
52575,2024-07-24 08:24:00,2024-07-24,08:24:00,Attend
52553,2024-07-24 08:25:00,2024-07-24,08:25:00,Attend
52554,2024-07-24 08:31:00,2024-07-24,08:31:00,Attend
52539,2024-07-24 08:36:00,2024-07-24,08:36:00,Attend
52571,2024-07-24 08:39:00,2024-07-24,08:39:00,Attend
52546,2024-07-24 08:45:00,2024-07-24,08:45:00,Attend
52538,2024-07-24 08:45:00,2024-07-24,08:45:00,Attend
52574,2024-07-24 09:00:00,2024-07-24,09:00:00,Attend
52562,2024-07-24 09:10:00,2024-07-24,09:10:00,Attend
52549,2024-07-24 09:14:00,2024-07-24,09:14:00,Attend
52557,2024-07-24 09:14:00,2024-07-24,09:14:00,Attend
52572,2024-07-24 09:26:00,2024-07-24,09:26:00,Attend
52524,2024-07-24 10:08:00,2024-07-24,10:08:00,Attend
52567,2024-07-24 10:27:00,2024-07-24,10:27:00,Attend
52529,2024-07-23 17:30:00,2024-07-23,17:30:00,Leave
52549,2024-07-23 17:54:00,2024-07-23,17:54:00,Leave
52541,2024-07-23 17:59:00,2024-07-23,17:59:00,Leave
52534,2024-07-23 17:59:00,2024-07-23,17:59:00,Leave
52573,2024-07-23 18:32:00,2024-07-23,18:32:00,Leave
52572,2024-07-23 18:35:00,2024-07-23,18:35:00,Leave
52548,2024-07-23 20:27:00,2024-07-23,20:27:00,Attend
52560,2024-07-23 21:49:00,2024-07-23,21:49:00,Leave
52560,2024-07-24 08:08:00,2024-07-24,08:08:00,Attend
52529,2024-07-24 08:09:00,2024-07-24,08:09:00,Attend
52535,2024-07-24 08:30:00,2024-07-24,08:30:00,Attend
52529,2024-07-24 08:38:00,2024-07-24,08:38:00,Attend
52570,2024-07-24 08:40:00,2024-07-24,08:40:00,Attend
52573,2024-07-24 09:00:00,2024-07-24,09:00:00,Attend
52541,2024-07-24 09:18:00,2024-07-24,09:18:00,Attend
52534,2024-07-24 09:19:00,2024-07-24,09:19:00,Attend
52564,2024-07-24 09:19:00,2024-07-24,09:19:00,Attend
52558,2024-07-24 09:20:00,2024-07-24,09:20:00,Attend
52711,2024-07-24 09:52:00,2024-07-24,09:52:00,Attend
52571,2024-07-24 14:34:00,2024-07-24,14:34:00,Leave
52548,2024-07-24 15:44:00,2024-07-24,15:44:00,Leave
52562,2024-07-24 16:28:00,2024-07-24,16:28:00,Leave
52542,2024-07-24 16:33:00,2024-07-24,16:33:00,Leave
52538,2024-07-24 16:44:00,2024-07-24,16:44:00,Leave
52552,2024-07-24 16:44:00,2024-07-24,16:44:00,Leave
52531,2024-07-24 16:44:00,2024-07-24,16:44:00,Leave
52546,2024-07-24 16:44:00,2024-07-24,16:44:00,Leave
52563,2024-07-24 16:55:00,2024-07-24,16:55:00,Leave
52537,2024-07-24 16:55:00,2024-07-24,16:55:00,Leave
52556,2024-07-24 17:00:00,2024-07-24,17:00:00,Leave
52575,2024-07-24 17:01:00,2024-07-24,17:01:00,Leave
52566,2024-07-24 17:03:00,2024-07-24,17:03:00,Leave
52565,2024-07-24 17:10:00,2024-07-24,17:10:00,Leave
52574,2024-07-24 17:30:00,2024-07-24,17:30:00,Leave
52539,2024-07-24 17:31:00,2024-07-24,17:31:00,Leave
52554,2024-07-24 17:31:00,2024-07-24,17:31:00,Leave
52535,2024-07-24 17:31:00,2024-07-24,17:31:00,Leave
52564,2024-07-24 17:31:00,2024-07-24,17:31:00,Leave
52570,2024-07-24 17:32:00,2024-07-24,17:32:00,Leave
52529,2024-07-24 17:33:00,2024-07-24,17:33:00,Leave
52711,2024-07-24 17:41:00,2024-07-24,17:41:00,Leave
52524,2024-07-24 18:13:00,2024-07-24,18:13:00,Leave
52559,2024-07-24 18:28:00,2024-07-24,18:28:00,Leave
52544,2024-07-24 18:30:00,2024-07-24,18:30:00,Leave
52530,2024-07-24 18:31:00,2024-07-24,18:31:00,Leave
52567,2024-07-24 18:43:00,2024-07-24,18:43:00,Leave
52553,2024-07-24 20:13:00,2024-07-24,20:13:00,Leave
52541,2024-07-24 17:30:00,2024-07-24,17:30:00,Leave
52557,2024-07-24 17:30:00,2024-07-24,17:30:00,Leave
52573,2024-07-24 17:30:00,2024-07-24,17:30:00,Leave
52536,2024-07-24 23:34:00,2024-07-24,23:34:00,Leave
52543,2024-07-24 23:45:00,2024-07-24,23:45:00,Leave
52548,2024-07-24 06:00:00,2024-07-24,06:00:00,Attend
52543,2024-07-25 07:00:00,2024-07-25,07:00:00,Attend
52565,2024-07-25 07:39:00,2024-07-25,07:39:00,Attend
52559,2024-07-25 07:42:00,2024-07-25,07:42:00,Attend
52530,2024-07-25 07:46:00,2024-07-25,07:46:00,Attend
52536,2024-07-25 07:50:00,2024-07-25,07:50:00,Attend
52566,2024-07-25 07:51:00,2024-07-25,07:51:00,Attend
52544,2024-07-25 07:56:00,2024-07-25,07:56:00,Attend
52563,2024-07-25 08:00:00,2024-07-25,08:00:00,Attend
52537,2024-07-25 08:00:00,2024-07-25,08:00:00,Attend
52552,2024-07-25 08:03:00,2024-07-25,08:03:00,Attend
52575,2024-07-25 08:09:00,2024-07-25,08:09:00,Attend
52554,2024-07-25 08:20:00,2024-07-25,08:20:00,Attend
52556,2024-07-25 08:33:00,2024-07-25,08:33:00,Attend
52532,2024-07-25 08:37:00,2024-07-25,08:37:00,Attend
52552,2024-07-25 12:11:00,2024-07-25,12:11:00,Leave
52537,2024-07-25 12:12:00,2024-07-25,12:12:00,Leave
52575,2024-07-25 12:32:00,2024-07-25,12:32:00,Leave
52565,2024-07-25 12:34:00,2024-07-25,12:34:00,Leave
52559,2024-07-25 14:28:00,2024-07-25,14:28:00,Leave
52530,2024-07-25 15:15:00,2024-07-25,15:15:00,Leave
52544,2024-07-25 15:16:00,2024-07-25,15:16:00,Leave
52566,2024-07-25 17:02:00,2024-07-25,17:02:00,Leave
52563,2024-07-25 17:29:00,2024-07-25,17:29:00,Leave
52532,2024-07-25 18:17:00,2024-07-25,18:17:00,Leave
52536,2024-07-25 23:30:00,2024-07-25,23:30:00,Leave
52543,2024-07-25 23:46:00,2024-07-25,23:46:00,Leave
52543,2024-07-26 06:42:00,2024-07-26,06:42:00,Attend
52563,2024-07-26 07:46:00,2024-07-26,07:46:00,Attend
52536,2024-07-26 07:55:00,2024-07-26,07:55:00,Attend
52566,2024-07-26 07:59:00,2024-07-26,07:59:00,Attend
52554,2024-07-26 08:21:00,2024-07-26,08:21:00,Attend
52556,2024-07-26 09:03:00,2024-07-26,09:03:00,Attend
52554,2024-07-26 16:26:00,2024-07-26,16:26:00,Leave
52566,2024-07-26 17:02:00,2024-07-26,17:02:00,Leave
52563,2024-07-26 17:23:00,2024-07-26,17:23:00,Leave
52556,2024-07-26 23:19:00,2024-07-26,23:19:00,Leave
52536,2024-07-26 23:37:00,2024-07-26,23:37:00,Leave
52543,2024-07-26 23:39:00,2024-07-26,23:39:00,Leave
52543,2024-07-27 07:29:00,2024-07-27,07:29:00,Attend
52536,2024-07-27 07:45:00,2024-07-27,07:45:00,Attend
52566,2024-07-27 07:47:00,2024-07-27,07:47:00,Attend
52552,2024-07-27 07:48:00,2024-07-27,07:48:00,Attend
52563,2024-07-27 08:10:00,2024-07-27,08:10:00,Attend
52530,2024-07-27 08:13:00,2024-07-27,08:13:00,Attend
52544,2024-07-27 08:14:00,2024-07-27,08:14:00,Attend
52542,2024-07-27 08:16:00,2024-07-27,08:16:00,Attend
52531,2024-07-27 08:18:00,2024-07-27,08:18:00,Attend
52575,2024-07-27 08:20:00,2024-07-27,08:20:00,Attend
52554,2024-07-27 08:28:00,2024-07-27,08:28:00,Attend
52556,2024-07-27 08:39:00,2024-07-27,08:39:00,Attend
52555,2024-07-27 08:42:00,2024-07-27,08:42:00,Attend
52553,2024-07-27 08:46:00,2024-07-27,08:46:00,Attend
52559,2024-07-27 08:55:00,2024-07-27,08:55:00,Attend
52546,2024-07-27 08:59:00,2024-07-27,08:59:00,Attend
52562,2024-07-27 09:10:00,2024-07-27,09:10:00,Attend
52565,2024-07-27 16:16:00,2024-07-27,16:16:00,Attend
52554,2024-07-27 16:39:00,2024-07-27,16:39:00,Leave
52542,2024-07-27 16:52:00,2024-07-27,16:52:00,Leave
52531,2024-07-27 17:02:00,2024-07-27,17:02:00,Leave
52563,2024-07-27 17:02:00,2024-07-27,17:02:00,Leave
52575,2024-07-27 17:04:00,2024-07-27,17:04:00,Leave
52575,2024-07-27 17:06:00,2024-07-27,17:06:00,Leave
52575,2024-07-27 17:07:00,2024-07-27,17:07:00,Leave
52566,2024-07-27 17:07:00,2024-07-27,17:07:00,Leave
52562,2024-07-27 17:16:00,2024-07-27,17:16:00,Leave
52546,2024-07-27 17:30:00,2024-07-27,17:30:00,Leave
52555,2024-07-27 17:30:00,2024-07-27,17:30:00,Leave
52552,2024-07-27 17:31:00,2024-07-27,17:31:00,Leave
52553,2024-07-27 17:31:00,2024-07-27,17:31:00,Leave
52544,2024-07-27 17:59:00,2024-07-27,17:59:00,Leave
52556,2024-07-27 18:15:00,2024-07-27,18:15:00,Leave
52559,2024-07-27 18:26:00,2024-07-27,18:26:00,Leave
52543,2024-07-27 17:00:00,2024-07-27,17:00:00,Leave
52565,2024-07-27 17:00:00,2024-07-27,17:00:00,Leave
52530,2024-07-27 17:00:00,2024-07-27,17:00:00,Leave
52536,2024-07-27 23:32:00,2024-07-27,23:32:00,Leave
52536,2024-07-28 07:16:00,2024-07-28,07:16:00,Attend
52544,2024-07-28 07:19:00,2024-07-28,07:19:00,Attend
52530,2024-07-28 07:43:00,2024-07-28,07:43:00,Attend
52559,2024-07-28 07:48:00,2024-07-28,07:48:00,Attend
52575,2024-07-28 07:54:00,2024-07-28,07:54:00,Attend
52566,2024-07-28 07:54:00,2024-07-28,07:54:00,Attend
52552,2024-07-28 08:05:00,2024-07-28,08:05:00,Attend
52565,2024-07-28 08:22:00,2024-07-28,08:22:00,Attend
52531,2024-07-28 08:25:00,2024-07-28,08:25:00,Attend
52553,2024-07-28 08:25:00,2024-07-28,08:25:00,Attend
52554,2024-07-28 08:25:00,2024-07-28,08:25:00,Attend
52556,2024-07-28 08:32:00,2024-07-28,08:32:00,Attend
52563,2024-07-28 08:35:00,2024-07-28,08:35:00,Attend
52539,2024-07-28 08:39:00,2024-07-28,08:39:00,Attend
52555,2024-07-28 08:48:00,2024-07-28,08:48:00,Attend
52562,2024-07-28 08:49:00,2024-07-28,08:49:00,Attend
52574,2024-07-28 08:54:00,2024-07-28,08:54:00,Attend
52540,2024-07-28 09:00:00,2024-07-28,09:00:00,Attend
52572,2024-07-28 09:13:00,2024-07-28,09:13:00,Attend
52524,2024-07-28 09:41:00,2024-07-28,09:41:00,Attend
52567,2024-07-28 09:59:00,2024-07-28,09:59:00,Attend
52558,2024-07-24 17:59:00,2024-07-24,17:59:00,Leave
52572,2024-07-24 18:10:00,2024-07-24,18:10:00,Leave
52549,2024-07-24 18:17:00,2024-07-24,18:17:00,Leave
52534,2024-07-24 18:17:00,2024-07-24,18:17:00,Leave
52567,2024-07-24 18:40:00,2024-07-24,18:40:00,Leave
52560,2024-07-24 23:46:00,2024-07-24,23:46:00,Leave
52548,2024-07-25 00:21:00,2024-07-25,00:21:00,Attend
52560,2024-07-27 08:03:00,2024-07-27,08:03:00,Attend
52570,2024-07-27 09:01:00,2024-07-27,09:01:00,Attend
52529,2024-07-27 10:05:00,2024-07-27,10:05:00,Attend
52549,2024-07-27 10:36:00,2024-07-27,10:36:00,Attend
52529,2024-07-27 17:04:00,2024-07-27,17:04:00,Leave
52570,2024-07-27 17:20:00,2024-07-27,17:20:00,Leave
52549,2024-07-27 17:23:00,2024-07-27,17:23:00,Leave
52560,2024-07-27 18:24:00,2024-07-27,18:24:00,Leave
52711,2024-07-28 08:01:00,2024-07-28,08:01:00,Attend
52560,2024-07-28 08:01:00,2024-07-28,08:01:00,Attend
53152,2024-07-28 08:13:00,2024-07-28,08:13:00,Attend
52570,2024-07-28 08:40:00,2024-07-28,08:40:00,Attend
52540,2024-07-28 08:57:00,2024-07-28,08:57:00,Attend
52534,2024-07-28 09:05:00,2024-07-28,09:05:00,Attend
52549,2024-07-28 09:05:00,2024-07-28,09:05:00,Attend
52558,2024-07-28 09:19:00,2024-07-28,09:19:00,Attend
52564,2024-07-28 11:04:00,2024-07-28,11:04:00,Attend
52535,2024-07-28 11:12:00,2024-07-28,11:12:00,Attend
52529,2024-07-28 11:19:00,2024-07-28,11:19:00,Attend
52553,2024-07-28 13:48:00,2024-07-28,13:48:00,Leave
52553,2024-07-28 13:58:00,2024-07-28,13:58:00,Attend
52548,2024-07-28 15:38:00,2024-07-28,15:38:00,Leave
52711,2024-07-28 16:43:00,2024-07-28,16:43:00,Leave
53152,2024-07-28 16:44:00,2024-07-28,16:44:00,Leave
52575,2024-07-28 17:01:00,2024-07-28,17:01:00,Leave
52553,2024-07-28 17:02:00,2024-07-28,17:02:00,Leave
52554,2024-07-28 17:02:00,2024-07-28,17:02:00,Leave
52565,2024-07-28 17:05:00,2024-07-28,17:05:00,Leave
52531,2024-07-28 17:06:00,2024-07-28,17:06:00,Leave
52563,2024-07-28 17:07:00,2024-07-28,17:07:00,Leave
52566,2024-07-28 17:08:00,2024-07-28,17:08:00,Leave
52562,2024-07-28 17:13:00,2024-07-28,17:13:00,Leave
52570,2024-07-28 16:53:00,2024-07-28,16:53:00,Leave
52548,2024-07-28 17:16:00,2024-07-28,17:16:00,Attend
52540,2024-07-28 17:31:00,2024-07-28,17:31:00,Leave
52552,2024-07-28 17:33:00,2024-07-28,17:33:00,Leave
52555,2024-07-28 17:33:00,2024-07-28,17:33:00,Leave
52574,2024-07-28 17:40:00,2024-07-28,17:40:00,Leave
52539,2024-07-28 17:43:00,2024-07-28,17:43:00,Leave
52530,2024-07-28 17:44:00,2024-07-28,17:44:00,Leave
52529,2024-07-28 17:27:00,2024-07-28,17:27:00,Leave
52535,2024-07-28 17:29:00,2024-07-28,17:29:00,Leave
52564,2024-07-28 17:32:00,2024-07-28,17:32:00,Leave
52558,2024-07-28 17:40:00,2024-07-28,17:40:00,Leave
52534,2024-07-28 17:40:00,2024-07-28,17:40:00,Leave
52549,2024-07-28 17:41:00,2024-07-28,17:41:00,Leave
52572,2024-07-28 18:04:00,2024-07-28,18:04:00,Leave
52567,2024-07-28 18:06:00,2024-07-28,18:06:00,Leave
52559,2024-07-28 18:34:00,2024-07-28,18:34:00,Leave
52544,2024-07-28 19:49:00,2024-07-28,19:49:00,Leave
52524,2024-07-28 17:30:00,2024-07-28,17:30:00,Leave
52556,2024-07-28 20:38:00,2024-07-28,20:38:00,Leave
52536,2024-07-28 23:35:00,2024-07-28,23:35:00,Leave
52565,2024-07-28 23:59:00,2024-07-28,23:59:00,Leave
52565,2024-07-29 00:01:00,2024-07-29,00:01:00,Attend
52544,2024-07-29 07:17:00,2024-07-29,07:17:00,Attend
52536,2024-07-29 07:20:00,2024-07-29,07:20:00,Attend
52530,2024-07-29 07:34:00,2024-07-29,07:34:00,Attend
52559,2024-07-29 07:35:00,2024-07-29,07:35:00,Attend
52566,2024-07-29 07:38:00,2024-07-29,07:38:00,Attend
52542,2024-07-29 07:55:00,2024-07-29,07:55:00,Attend
52552,2024-07-29 07:59:00,2024-07-29,07:59:00,Attend
52531,2024-07-29 08:12:00,2024-07-29,08:12:00,Attend
52565,2024-07-29 08:14:00,2024-07-29,08:14:00,Leave
52555,2024-07-29 08:14:00,2024-07-29,08:14:00,Attend
52554,2024-07-29 08:23:00,2024-07-29,08:23:00,Attend
52575,2024-07-29 08:23:00,2024-07-29,08:23:00,Attend
52553,2024-07-29 08:24:00,2024-07-29,08:24:00,Attend
52539,2024-07-29 08:28:00,2024-07-29,08:28:00,Attend
52563,2024-07-29 08:34:00,2024-07-29,08:34:00,Attend
52556,2024-07-29 08:40:00,2024-07-29,08:40:00,Attend
52538,2024-07-29 08:55:00,2024-07-29,08:55:00,Attend
52546,2024-07-29 08:55:00,2024-07-29,08:55:00,Attend
52574,2024-07-29 08:55:00,2024-07-29,08:55:00,Attend
52549,2024-07-29 09:04:00,2024-07-29,09:04:00,Attend
52562,2024-07-29 09:06:00,2024-07-29,09:06:00,Attend
52524,2024-07-29 09:54:00,2024-07-29,09:54:00,Attend
52567,2024-07-29 09:55:00,2024-07-29,09:55:00,Attend
52548,2024-07-28 22:33:00,2024-07-28,22:33:00,Leave
52560,2024-07-28 22:33:00,2024-07-28,22:33:00,Leave
52560,2024-07-29 07:47:00,2024-07-29,07:47:00,Attend
52535,2024-07-29 08:33:00,2024-07-29,08:33:00,Attend
53152,2024-07-29 08:36:00,2024-07-29,08:36:00,Attend
52570,2024-07-29 08:41:00,2024-07-29,08:41:00,Attend
52529,2024-07-29 08:49:00,2024-07-29,08:49:00,Attend
52711,2024-07-29 08:54:00,2024-07-29,08:54:00,Attend
52558,2024-07-29 08:58:00,2024-07-29,08:58:00,Attend
52534,2024-07-29 09:07:00,2024-07-29,09:07:00,Attend
52549,2024-07-29 09:07:00,2024-07-29,09:07:00,Attend
52541,2024-07-29 09:07:00,2024-07-29,09:07:00,Attend
52564,2024-07-29 09:20:00,2024-07-29,09:20:00,Attend
52540,2024-07-29 09:47:00,2024-07-29,09:47:00,Attend
52557,2024-07-29 10:35:00,2024-07-29,10:35:00,Attend
52572,2024-07-29 11:07:00,2024-07-29,11:07:00,Attend
52556,2024-07-29 13:34:00,2024-07-29,13:34:00,Leave
52548,2024-07-29 15:55:00,2024-07-29,15:55:00,Leave
52542,2024-07-29 16:29:00,2024-07-29,16:29:00,Leave
52565,2024-07-29 16:42:00,2024-07-29,16:42:00,Attend
52575,2024-07-29 17:01:00,2024-07-29,17:01:00,Leave
52566,2024-07-29 17:02:00,2024-07-29,17:02:00,Leave
52554,2024-07-29 17:04:00,2024-07-29,17:04:00,Leave
52553,2024-07-29 17:04:00,2024-07-29,17:04:00,Leave
52563,2024-07-29 17:07:00,2024-07-29,17:07:00,Leave
52562,2024-07-29 17:12:00,2024-07-29,17:12:00,Leave
53152,2024-07-29 17:05:00,2024-07-29,17:05:00,Leave
52531,2024-07-29 17:18:00,2024-07-29,17:18:00,Leave
52546,2024-07-29 17:18:00,2024-07-29,17:18:00,Leave
52538,2024-07-29 17:19:00,2024-07-29,17:19:00,Leave
52524,2024-07-29 17:24:00,2024-07-29,17:24:00,Leave
52555,2024-07-29 17:33:00,2024-07-29,17:33:00,Leave
52552,2024-07-29 17:35:00,2024-07-29,17:35:00,Leave
52570,2024-07-29 17:29:00,2024-07-29,17:29:00,Leave
52564,2024-07-29 17:32:00,2024-07-29,17:32:00,Leave
52529,2024-07-29 17:33:00,2024-07-29,17:33:00,Leave
52711,2024-07-29 17:38:00,2024-07-29,17:38:00,Leave
52558,2024-07-29 17:43:00,2024-07-29,17:43:00,Leave
52557,2024-07-29 17:51:00,2024-07-29,17:51:00,Leave
52567,2024-07-29 17:57:00,2024-07-29,17:57:00,Leave
52572,2024-07-29 17:59:00,2024-07-29,17:59:00,Leave
52530,2024-07-29 18:03:00,2024-07-29,18:03:00,Leave
52574,2024-07-29 18:24:00,2024-07-29,18:24:00,Leave
52539,2024-07-29 19:01:00,2024-07-29,19:01:00,Leave
52534,2024-07-29 18:59:00,2024-07-29,18:59:00,Leave
52549,2024-07-29 19:01:00,2024-07-29,19:01:00,Leave
52544,2024-07-29 19:43:00,2024-07-29,19:43:00,Leave
52559,2024-07-29 19:47:00,2024-07-29,19:47:00,Leave
52541,2024-07-29 17:30:00,2024-07-29,17:30:00,Leave
52535,2024-07-29 17:30:00,2024-07-29,17:30:00,Leave
52540,2024-07-29 17:30:00,2024-07-29,17:30:00,Leave
52528,2024-07-29 20:48:00,2024-07-29,20:48:00,Attend
52528,2024-07-29 20:49:00,2024-07-29,20:49:00,Leave
52548,2024-07-29 21:24:00,2024-07-29,21:24:00,Attend
52560,2024-07-29 22:02:00,2024-07-29,22:02:00,Leave
52536,2024-07-29 23:32:00,2024-07-29,23:32:00,Leave
52565,2024-07-29 23:59:00,2024-07-29,23:59:00,Leave
52565,2024-07-30 00:01:00,2024-07-30,00:01:00,Attend
52536,2024-07-30 07:26:00,2024-07-30,07:26:00,Attend
52544,2024-07-30 07:34:00,2024-07-30,07:34:00,Attend
52559,2024-07-30 07:42:00,2024-07-30,07:42:00,Attend
52530,2024-07-30 07:45:00,2024-07-30,07:45:00,Attend
52566,2024-07-30 07:47:00,2024-07-30,07:47:00,Attend
52542,2024-07-30 08:03:00,2024-07-30,08:03:00,Attend
52552,2024-07-30 08:08:00,2024-07-30,08:08:00,Attend
52711,2024-07-30 08:09:00,2024-07-30,08:09:00,Attend
52531,2024-07-30 08:13:00,2024-07-30,08:13:00,Attend
52565,2024-07-30 08:17:00,2024-07-30,08:17:00,Leave
52554,2024-07-30 08:26:00,2024-07-30,08:26:00,Attend
52553,2024-07-30 08:26:00,2024-07-30,08:26:00,Attend
52555,2024-07-30 08:30:00,2024-07-30,08:30:00,Attend
52563,2024-07-30 08:40:00,2024-07-30,08:40:00,Attend
52575,2024-07-30 08:40:00,2024-07-30,08:40:00,Attend
52539,2024-07-30 08:43:00,2024-07-30,08:43:00,Attend
52528,2024-07-30 08:46:00,2024-07-30,08:46:00,Attend
52562,2024-07-30 08:59:00,2024-07-30,08:59:00,Attend
52574,2024-07-30 09:04:00,2024-07-30,09:04:00,Attend
52546,2024-07-30 09:08:00,2024-07-30,09:08:00,Attend
52538,2024-07-30 09:08:00,2024-07-30,09:08:00,Attend
52571,2024-07-30 09:29:00,2024-07-30,09:29:00,Attend
52567,2024-07-30 09:45:00,2024-07-30,09:45:00,Attend
52560,2024-07-30 08:01:00,2024-07-30,08:01:00,Attend
53152,2024-07-30 08:05:00,2024-07-30,08:05:00,Attend
52570,2024-07-30 08:38:00,2024-07-30,08:38:00,Attend
52529,2024-07-30 08:48:00,2024-07-30,08:48:00,Attend
52564,2024-07-30 09:12:00,2024-07-30,09:12:00,Attend
52534,2024-07-30 09:31:00,2024-07-30,09:31:00,Attend
52541,2024-07-30 09:31:00,2024-07-30,09:31:00,Attend
52524,2024-07-30 09:39:00,2024-07-30,09:39:00,Attend
52558,2024-07-30 10:01:00,2024-07-30,10:01:00,Attend
52540,2024-07-30 10:59:00,2024-07-30,10:59:00,Attend
52571,2024-07-30 14:53:00,2024-07-30,14:53:00,Leave
52563,2024-07-30 15:31:00,2024-07-30,15:31:00,Leave
52548,2024-07-30 15:36:00,2024-07-30,15:36:00,Leave
52542,2024-07-30 16:36:00,2024-07-30,16:36:00,Leave
53152,2024-07-30 16:38:00,2024-07-30,16:38:00,Leave
52565,2024-07-30 16:43:00,2024-07-30,16:43:00,Attend
52554,2024-07-30 16:53:00,2024-07-30,16:53:00,Leave
52553,2024-07-30 16:53:00,2024-07-30,16:53:00,Leave
52524,2024-07-30 17:01:00,2024-07-30,17:01:00,Leave
52566,2024-07-30 17:04:00,2024-07-30,17:04:00,Leave
52531,2024-07-30 17:05:00,2024-07-30,17:05:00,Leave
52575,2024-07-30 17:11:00,2024-07-30,17:11:00,Leave
52711,2024-07-30 16:49:00,2024-07-30,16:49:00,Leave
52546,2024-07-30 17:14:00,2024-07-30,17:14:00,Leave
52538,2024-07-30 17:14:00,2024-07-30,17:14:00,Leave
52528,2024-07-30 17:27:00,2024-07-30,17:27:00,Leave
52562,2024-07-30 17:30:00,2024-07-30,17:30:00,Leave
52574,2024-07-30 17:32:00,2024-07-30,17:32:00,Leave
52555,2024-07-30 17:38:00,2024-07-30,17:38:00,Leave
52552,2024-07-30 17:38:00,2024-07-30,17:38:00,Leave
52530,2024-07-30 17:38:00,2024-07-30,17:38:00,Leave
52570,2024-07-30 17:30:00,2024-07-30,17:30:00,Leave
52564,2024-07-30 17:33:00,2024-07-30,17:33:00,Leave
52529,2024-07-30 17:36:00,2024-07-30,17:36:00,Leave
52558,2024-07-30 17:44:00,2024-07-30,17:44:00,Leave
52567,2024-07-30 18:03:00,2024-07-30,18:03:00,Leave
52541,2024-07-30 18:01:00,2024-07-30,18:01:00,Leave
52534,2024-07-30 18:11:00,2024-07-30,18:11:00,Leave
52559,2024-07-30 19:03:00,2024-07-30,19:03:00,Leave
52544,2024-07-30 19:04:00,2024-07-30,19:04:00,Leave
52539,2024-07-30 17:30:00,2024-07-30,17:30:00,Leave
52540,2024-07-30 17:30:00,2024-07-30,17:30:00,Leave
52560,2024-07-30 17:30:00,2024-07-30,17:30:00,Leave
52536,2024-07-30 23:34:00,2024-07-30,23:34:00,Leave
52565,2024-07-30 23:58:00,2024-07-30,23:58:00,Leave
52565,2024-07-31 00:01:00,2024-07-31,00:01:00,Attend
52536,2024-07-31 07:15:00,2024-07-31,07:15:00,Attend
52544,2024-07-31 07:32:00,2024-07-31,07:32:00,Attend
52530,2024-07-31 07:40:00,2024-07-31,07:40:00,Attend
52566,2024-07-31 07:41:00,2024-07-31,07:41:00,Attend
52559,2024-07-31 07:48:00,2024-07-31,07:48:00,Attend
52542,2024-07-31 08:03:00,2024-07-31,08:03:00,Attend
52552,2024-07-31 08:08:00,2024-07-31,08:08:00,Attend
52531,2024-07-31 08:08:00,2024-07-31,08:08:00,Attend
52555,2024-07-31 08:09:00,2024-07-31,08:09:00,Attend
52571,2024-07-31 08:12:00,2024-07-31,08:12:00,Attend
52565,2024-07-31 08:17:00,2024-07-31,08:17:00,Leave
52554,2024-07-31 08:18:00,2024-07-31,08:18:00,Attend
52575,2024-07-31 08:22:00,2024-07-31,08:22:00,Attend
52528,2024-07-31 08:27:00,2024-07-31,08:27:00,Attend
52539,2024-07-31 08:30:00,2024-07-31,08:30:00,Attend
52562,2024-07-31 08:54:00,2024-07-31,08:54:00,Attend
52546,2024-07-31 08:57:00,2024-07-31,08:57:00,Attend
52538,2024-07-31 08:58:00,2024-07-31,08:58:00,Attend
52574,2024-07-31 08:59:00,2024-07-31,08:59:00,Attend
52540,2024-07-31 09:00:00,2024-07-31,09:00:00,Attend
52558,2024-07-31 09:04:00,2024-07-31,09:04:00,Attend
52524,2024-07-31 09:05:00,2024-07-31,09:05:00,Attend
52548,2024-07-30 22:44:00,2024-07-30,22:44:00,Attend
52535,2024-07-31 08:53:00,2024-07-31,08:53:00,Attend
53152,2024-07-31 08:53:00,2024-07-31,08:53:00,Attend
52570,2024-07-31 08:53:00,2024-07-31,08:53:00,Attend
52560,2024-07-31 08:54:00,2024-07-31,08:54:00,Attend
52540,2024-07-31 08:56:00,2024-07-31,08:56:00,Attend
52541,2024-07-31 09:05:00,2024-07-31,09:05:00,Attend
52549,2024-07-31 09:05:00,2024-07-31,09:05:00,Attend
52534,2024-07-31 09:05:00,2024-07-31,09:05:00,Attend
52558,2024-07-31 09:05:00,2024-07-31,09:05:00,Attend
52564,2024-07-31 09:14:00,2024-07-31,09:14:00,Attend
52567,2024-07-31 10:05:00,2024-07-31,10:05:00,Attend
52572,2024-07-31 11:37:00,2024-07-31,11:37:00,Attend
52529,2024-07-31 12:06:00,2024-07-31,12:06:00,Attend
52548,2024-07-31 15:48:00,2024-07-31,15:48:00,Leave
52542,2024-07-31 16:30:00,2024-07-31,16:30:00,Leave
52565,2024-07-31 16:42:00,2024-07-31,16:42:00,Attend
53152,2024-07-31 16:47:00,2024-07-31,16:47:00,Leave
52555,2024-07-31 17:03:00,2024-07-31,17:03:00,Leave
52552,2024-07-31 17:04:00,2024-07-31,17:04:00,Leave
52531,2024-07-31 17:04:00,2024-07-31,17:04:00,Leave
52544,2024-07-31 17:04:00,2024-07-31,17:04:00,Leave
52575,2024-07-31 17:09:00,2024-07-31,17:09:00,Leave
52566,2024-07-31 17:09:00,2024-07-31,17:09:00,Leave
52559,2024-07-31 17:12:00,2024-07-31,17:12:00,Leave
52554,2024-07-31 17:14:00,2024-07-31,17:14:00,Leave
52562,2024-07-31 17:20:00,2024-07-31,17:20:00,Leave
52539,2024-07-31 17:28:00,2024-07-31,17:28:00,Leave
52540,2024-07-31 17:30:00,2024-07-31,17:30:00,Leave
52535,2024-07-31 17:28:00,2024-07-31,17:28:00,Leave
52558,2024-07-31 17:28:00,2024-07-31,17:28:00,Leave
52528,2024-07-31 17:34:00,2024-07-31,17:34:00,Leave
52530,2024-07-31 17:35:00,2024-07-31,17:35:00,Leave
52546,2024-07-31 17:40:00,2024-07-31,17:40:00,Leave
52538,2024-07-31 17:41:00,2024-07-31,17:41:00,Leave
52572,2024-07-31 17:41:00,2024-07-31,17:41:00,Leave
52570,2024-07-31 17:32:00,2024-07-31,17:32:00,Leave
52529,2024-07-31 17:36:00,2024-07-31,17:36:00,Leave
52564,2024-07-31 17:38:00,2024-07-31,17:38:00,Leave
52534,2024-07-31 18:01:00,2024-07-31,18:01:00,Leave
52549,2024-07-31 18:01:00,2024-07-31,18:01:00,Leave
52541,2024-07-31 18:02:00,2024-07-31,18:02:00,Leave
52567,2024-07-31 18:30:00,2024-07-31,18:30:00,Leave
52571,2024-07-31 17:00:00,2024-07-31,17:00:00,Leave
52524,2024-07-31 17:30:00,2024-07-31,17:30:00,Leave
52574,2024-07-31 17:30:00,2024-07-31,17:30:00,Leave
52548,2024-07-31 22:21:00,2024-07-31,22:21:00,Attend
52560,2024-07-31 22:31:00,2024-07-31,22:31:00,Leave
52560,2024-07-31 22:32:00,2024-07-31,22:32:00,Leave
52536,2024-07-31 23:36:00,2024-07-31,23:36:00,Leave
52565,2024-07-31 23:58:00,2024-07-31,23:58:00,Leave
52565,2024-08-01 00:01:00,2024-08-01,00:01:00,Attend
52544,2024-08-01 07:22:00,2024-08-01,07:22:00,Attend
52536,2024-08-01 07:25:00,2024-08-01,07:25:00,Attend
52530,2024-08-01 07:38:00,2024-08-01,07:38:00,Attend
52559,2024-08-01 07:42:00,2024-08-01,07:42:00,Attend
52566,2024-08-01 07:46:00,2024-08-01,07:46:00,Attend
52542,2024-08-01 08:01:00,2024-08-01,08:01:00,Attend
52531,2024-08-01 08:15:00,2024-08-01,08:15:00,Attend
52552,2024-08-01 08:15:00,2024-08-01,08:15:00,Attend
52555,2024-08-01 08:15:00,2024-08-01,08:15:00,Attend
52575,2024-08-01 08:20:00,2024-08-01,08:20:00,Attend
52565,2024-08-01 08:20:00,2024-08-01,08:20:00,Leave
52554,2024-08-01 08:25:00,2024-08-01,08:25:00,Attend
52551,2024-08-01 08:29:00,2024-08-01,08:29:00,Attend
52528,2024-08-01 08:30:00,2024-08-01,08:30:00,Attend
53152,2024-08-01 08:06:00,2024-08-01,08:06:00,Attend
52539,2024-08-01 08:38:00,2024-08-01,08:38:00,Attend
52546,2024-08-01 08:50:00,2024-08-01,08:50:00,Attend
52562,2024-08-01 08:51:00,2024-08-01,08:51:00,Attend
52538,2024-08-01 08:52:00,2024-08-01,08:52:00,Attend
52572,2024-08-01 08:55:00,2024-08-01,08:55:00,Attend
52535,2024-08-01 08:31:00,2024-08-01,08:31:00,Attend
52570,2024-08-01 08:38:00,2024-08-01,08:38:00,Attend
52574,2024-08-01 09:06:00,2024-08-01,09:06:00,Attend
52540,2024-08-01 09:08:00,2024-08-01,09:08:00,Attend
52549,2024-08-01 09:10:00,2024-08-01,09:10:00,Attend
52558,2024-08-01 09:14:00,2024-08-01,09:14:00,Attend
52557,2024-08-01 09:19:00,2024-08-01,09:19:00,Attend
52572,2024-08-01 09:23:00,2024-08-01,09:23:00,Attend
52541,2024-08-01 09:13:00,2024-08-01,09:13:00,Attend
52534,2024-08-01 09:13:00,2024-08-01,09:13:00,Attend
52558,2024-08-01 09:15:00,2024-08-01,09:15:00,Attend
52567,2024-08-01 09:37:00,2024-08-01,09:37:00,Attend
52564,2024-08-01 09:55:00,2024-08-01,09:55:00,Attend
52711,2024-08-01 11:07:00,2024-08-01,11:07:00,Attend
52529,2024-08-01 11:20:00,2024-08-01,11:20:00,Attend
52542,2024-08-01 12:00:00,2024-08-01,12:00:00,Leave
52551,2024-08-01 12:14:00,2024-08-01,12:14:00,Leave
52552,2024-08-01 12:27:00,2024-08-01,12:27:00,Leave
52556,2024-08-01 12:30:00,2024-08-01,12:30:00,Attend
52575,2024-08-01 12:38:00,2024-08-01,12:38:00,Leave
52562,2024-08-01 12:46:00,2024-08-01,12:46:00,Leave
52559,2024-08-01 13:17:00,2024-08-01,13:17:00,Leave
52530,2024-08-01 14:10:00,2024-08-01,14:10:00,Leave
52544,2024-08-01 14:10:00,2024-08-01,14:10:00,Leave
52546,2024-08-01 15:17:00,2024-08-01,15:17:00,Leave
52538,2024-08-01 15:22:00,2024-08-01,15:22:00,Leave
52555,2024-08-01 15:42:00,2024-08-01,15:42:00,Leave
52564,2024-08-01 15:31:00,2024-08-01,15:31:00,Leave
52548,2024-08-01 15:42:00,2024-08-01,15:42:00,Leave
52531,2024-08-01 16:20:00,2024-08-01,16:20:00,Leave
52565,2024-08-01 16:25:00,2024-08-01,16:25:00,Attend
53152,2024-08-01 16:37:00,2024-08-01,16:37:00,Leave
52570,2024-08-01 16:49:00,2024-08-01,16:49:00,Leave
52566,2024-08-01 17:15:00,2024-08-01,17:15:00,Leave
52528,2024-08-01 17:18:00,2024-08-01,17:18:00,Leave
52556,2024-08-01 17:19:00,2024-08-01,17:19:00,Leave
52557,2024-08-01 17:28:00,2024-08-01,17:28:00,Leave
52574,2024-08-01 17:32:00,2024-08-01,17:32:00,Leave
52539,2024-08-01 19:14:00,2024-08-01,19:14:00,Leave
52554,2024-08-01 17:00:00,2024-08-01,17:00:00,Leave
52541,2024-08-01 17:30:00,2024-08-01,17:30:00,Leave
52572,2024-08-01 17:30:00,2024-08-01,17:30:00,Leave
52540,2024-08-01 17:30:00,2024-08-01,17:30:00,Leave
52536,2024-08-01 23:31:00,2024-08-01,23:31:00,Leave
52565,2024-08-01 23:59:00,2024-08-01,23:59:00,Leave
52565,2024-08-02 00:02:00,2024-08-02,00:02:00,Attend
52536,2024-08-02 07:11:00,2024-08-02,07:11:00,Attend
52566,2024-08-02 07:56:00,2024-08-02,07:56:00,Attend
52565,2024-08-02 08:06:00,2024-08-02,08:06:00,Leave
52531,2024-08-02 08:15:00,2024-08-02,08:15:00,Attend
52556,2024-08-02 08:39:00,2024-08-02,08:39:00,Attend
52528,2024-08-02 08:39:00,2024-08-02,08:39:00,Attend
52565,2024-08-02 16:15:00,2024-08-02,16:15:00,Attend
52531,2024-08-02 17:01:00,2024-08-02,17:01:00,Leave
52566,2024-08-02 17:04:00,2024-08-02,17:04:00,Leave
52528,2024-08-02 20:43:00,2024-08-02,20:43:00,Leave
52556,2024-08-02 20:43:00,2024-08-02,20:43:00,Leave
52536,2024-08-02 23:30:00,2024-08-02,23:30:00,Leave
52565,2024-08-02 23:59:00,2024-08-02,23:59:00,Leave
52565,2024-08-03 00:01:00,2024-08-03,00:01:00,Attend
52565,2024-08-03 00:02:00,2024-08-03,00:02:00,Attend
52536,2024-08-03 07:16:00,2024-08-03,07:16:00,Attend
52566,2024-08-03 07:45:00,2024-08-03,07:45:00,Attend
52542,2024-08-03 07:46:00,2024-08-03,07:46:00,Attend
52531,2024-08-03 08:01:00,2024-08-03,08:01:00,Attend
52552,2024-08-03 08:02:00,2024-08-03,08:02:00,Attend
52530,2024-08-03 08:12:00,2024-08-03,08:12:00,Attend
52544,2024-08-03 08:15:00,2024-08-03,08:15:00,Attend
52555,2024-08-03 08:19:00,2024-08-03,08:19:00,Attend
52539,2024-08-03 08:35:00,2024-08-03,08:35:00,Attend
52540,2024-08-03 08:44:00,2024-08-03,08:44:00,Attend
52528,2024-08-03 08:45:00,2024-08-03,08:45:00,Attend
52556,2024-08-03 08:45:00,2024-08-03,08:45:00,Attend
52559,2024-08-03 08:59:00,2024-08-03,08:59:00,Attend
52546,2024-08-03 09:01:00,2024-08-03,09:01:00,Attend
52574,2024-08-03 09:05:00,2024-08-03,09:05:00,Attend
52562,2024-08-03 09:07:00,2024-08-03,09:07:00,Attend
52565,2024-08-03 09:20:00,2024-08-03,09:20:00,Leave
52571,2024-08-03 10:20:00,2024-08-03,10:20:00,Attend
52571,2024-08-03 13:44:00,2024-08-03,13:44:00,Leave
52574,2024-08-03 15:31:00,2024-08-03,15:31:00,Leave
52539,2024-08-03 16:06:00,2024-08-03,16:06:00,Leave
52565,2024-08-03 16:26:00,2024-08-03,16:26:00,Attend
52542,2024-08-03 16:32:00,2024-08-03,16:32:00,Leave
52531,2024-08-03 17:05:00,2024-08-03,17:05:00,Leave
52566,2024-08-03 17:06:00,2024-08-03,17:06:00,Leave
52562,2024-08-03 17:08:00,2024-08-03,17:08:00,Leave
52528,2024-08-03 17:11:00,2024-08-03,17:11:00,Leave
52556,2024-08-03 17:12:00,2024-08-03,17:12:00,Leave
52546,2024-08-03 17:13:00,2024-08-03,17:13:00,Leave
52555,2024-08-03 17:14:00,2024-08-03,17:14:00,Leave
52552,2024-08-03 17:14:00,2024-08-03,17:14:00,Leave
52544,2024-08-03 19:18:00,2024-08-03,19:18:00,Leave
52559,2024-08-03 19:23:00,2024-08-03,19:23:00,Leave
52530,2024-08-03 17:00:00,2024-08-03,17:00:00,Leave
52540,2024-08-03 17:30:00,2024-08-03,17:30:00,Leave
52536,2024-08-03 23:35:00,2024-08-03,23:35:00,Leave
52565,2024-08-03 23:58:00,2024-08-03,23:58:00,Leave
52565,2024-08-04 00:01:00,2024-08-04,00:01:00,Attend
52536,2024-08-04 07:16:00,2024-08-04,07:16:00,Attend
52544,2024-08-04 07:25:00,2024-08-04,07:25:00,Attend
52530,2024-08-04 07:32:00,2024-08-04,07:32:00,Attend
52566,2024-08-04 07:41:00,2024-08-04,07:41:00,Attend
52559,2024-08-04 07:44:00,2024-08-04,07:44:00,Attend
52711,2024-08-04 08:00:00,2024-08-04,08:00:00,Attend
52542,2024-08-04 08:00:00,2024-08-04,08:00:00,Attend
52565,2024-08-04 08:02:00,2024-08-04,08:02:00,Leave
52552,2024-08-04 08:07:00,2024-08-04,08:07:00,Attend
52531,2024-08-04 08:08:00,2024-08-04,08:08:00,Attend
52555,2024-08-04 08:24:00,2024-08-04,08:24:00,Attend
52575,2024-08-04 08:29:00,2024-08-04,08:29:00,Attend
52539,2024-08-04 08:40:00,2024-08-04,08:40:00,Attend
52528,2024-08-04 08:42:00,2024-08-04,08:42:00,Attend
52556,2024-08-04 08:43:00,2024-08-04,08:43:00,Attend
52549,2024-08-04 08:58:00,2024-08-04,08:58:00,Attend
52574,2024-08-04 09:00:00,2024-08-04,09:00:00,Attend
52572,2024-08-04 09:10:00,2024-08-04,09:10:00,Attend
52562,2024-08-04 09:11:00,2024-08-04,09:11:00,Attend
52529,2024-08-04 09:19:00,2024-08-04,09:19:00,Attend
52571,2024-08-04 09:19:00,2024-08-04,09:19:00,Attend
52567,2024-08-04 09:55:00,2024-08-04,09:55:00,Attend
52554,2024-08-04 09:59:00,2024-08-04,09:59:00,Attend
52557,2024-08-04 10:51:00,2024-08-04,10:51:00,Attend
52535,2024-08-01 17:33:00,2024-08-01,17:33:00,Leave
52529,2024-08-01 17:33:00,2024-08-01,17:33:00,Leave
52558,2024-08-01 17:36:00,2024-08-01,17:36:00,Leave
52711,2024-08-01 18:10:00,2024-08-01,18:10:00,Leave
52567,2024-08-01 18:10:00,2024-08-01,18:10:00,Leave
52534,2024-08-01 19:27:00,2024-08-01,19:27:00,Leave
52549,2024-08-01 19:31:00,2024-08-01,19:31:00,Leave
52548,2024-08-01 20:56:00,2024-08-01,20:56:00,Attend
52560,2024-08-01 09:00:00,2024-08-01,09:00:00,Attend
52560,2024-08-01 21:35:00,2024-08-01,21:35:00,Leave
52535,2024-08-03 17:30:00,2024-08-03,17:30:00,Leave
52535,2024-08-03 08:29:00,2024-08-03,08:29:00,Attend
52560,2024-08-03 08:29:00,2024-08-03,08:29:00,Attend
52573,2024-08-03 08:57:00,2024-08-03,08:57:00,Attend
52573,2024-08-03 17:34:00,2024-08-03,17:34:00,Leave
52560,2024-08-03 17:43:00,2024-08-03,17:43:00,Leave
52560,2024-08-04 07:51:00,2024-08-04,07:51:00,Attend
52570,2024-08-04 08:44:00,2024-08-04,08:44:00,Attend
52573,2024-08-04 08:57:00,2024-08-04,08:57:00,Attend
52534,2024-08-04 09:02:00,2024-08-04,09:02:00,Attend
52564,2024-08-04 09:53:00,2024-08-04,09:53:00,Attend
53152,2024-08-04 09:59:00,2024-08-04,09:59:00,Attend
52558,2024-08-04 10:01:00,2024-08-04,10:01:00,Attend
52524,2024-08-04 10:42:00,2024-08-04,10:42:00,Attend
52540,2024-08-04 10:48:00,2024-08-04,10:48:00,Attend
52548,2024-08-04 15:42:00,2024-08-04,15:42:00,Leave
52542,2024-08-04 16:31:00,2024-08-04,16:31:00,Leave
52565,2024-08-04 16:33:00,2024-08-04,16:33:00,Attend
52555,2024-08-04 17:00:00,2024-08-04,17:00:00,Leave
52552,2024-08-04 17:00:00,2024-08-04,17:00:00,Leave
52531,2024-08-04 17:00:00,2024-08-04,17:00:00,Leave
52566,2024-08-04 17:02:00,2024-08-04,17:02:00,Leave
52562,2024-08-04 17:05:00,2024-08-04,17:05:00,Leave
52575,2024-08-04 17:11:00,2024-08-04,17:11:00,Leave
52539,2024-08-04 17:25:00,2024-08-04,17:25:00,Leave
52540,2024-08-04 17:30:00,2024-08-04,17:30:00,Leave
52574,2024-08-04 17:32:00,2024-08-04,17:32:00,Leave
52528,2024-08-04 17:37:00,2024-08-04,17:37:00,Leave
52556,2024-08-04 17:38:00,2024-08-04,17:38:00,Leave
52572,2024-08-04 17:39:00,2024-08-04,17:39:00,Leave
52554,2024-08-04 18:17:00,2024-08-04,18:17:00,Leave
52557,2024-08-04 19:33:00,2024-08-04,19:33:00,Leave
52530,2024-08-04 19:57:00,2024-08-04,19:57:00,Leave
52571,2024-08-04 17:00:00,2024-08-04,17:00:00,Leave
53152,2024-08-04 17:30:00,2024-08-04,17:30:00,Leave
52559,2024-08-04 20:47:00,2024-08-04,20:47:00,Leave
52553,2024-08-04 21:55:00,2024-08-04,21:55:00,Attend
52553,2024-08-04 21:56:00,2024-08-04,21:56:00,Leave
52544,2024-08-04 22:57:00,2024-08-04,22:57:00,Leave
52536,2024-08-04 23:35:00,2024-08-04,23:35:00,Leave
52565,2024-08-04 23:59:00,2024-08-04,23:59:00,Leave
52565,2024-08-05 00:01:00,2024-08-05,00:01:00,Attend
52536,2024-08-05 07:16:00,2024-08-05,07:16:00,Attend
52544,2024-08-05 07:39:00,2024-08-05,07:39:00,Attend
52530,2024-08-05 07:46:00,2024-08-05,07:46:00,Attend
52559,2024-08-05 07:46:00,2024-08-05,07:46:00,Attend
52566,2024-08-05 07:47:00,2024-08-05,07:47:00,Attend
52542,2024-08-05 07:56:00,2024-08-05,07:56:00,Attend
52565,2024-08-05 08:03:00,2024-08-05,08:03:00,Leave
52554,2024-08-05 08:13:00,2024-08-05,08:13:00,Attend
52553,2024-08-05 08:15:00,2024-08-05,08:15:00,Attend
52575,2024-08-05 08:23:00,2024-08-05,08:23:00,Attend
52555,2024-08-05 08:26:00,2024-08-05,08:26:00,Attend
52552,2024-08-05 08:26:00,2024-08-05,08:26:00,Attend
52551,2024-08-05 08:26:00,2024-08-05,08:26:00,Attend
52543,2024-08-05 08:27:00,2024-08-05,08:27:00,Attend
52531,2024-08-05 08:33:00,2024-08-05,08:33:00,Attend
52528,2024-08-05 08:38:00,2024-08-05,08:38:00,Attend
52539,2024-08-05 08:41:00,2024-08-05,08:41:00,Attend
52546,2024-08-05 08:55:00,2024-08-05,08:55:00,Attend
52538,2024-08-05 08:55:00,2024-08-05,08:55:00,Attend
52574,2024-08-05 09:03:00,2024-08-05,09:03:00,Attend
52540,2024-08-05 09:11:00,2024-08-05,09:11:00,Attend
52572,2024-08-05 09:11:00,2024-08-05,09:11:00,Attend
52549,2024-08-05 09:15:00,2024-08-05,09:15:00,Attend
52571,2024-08-05 09:24:00,2024-08-05,09:24:00,Attend
52567,2024-08-05 10:12:00,2024-08-05,10:12:00,Attend
52557,2024-08-05 10:28:00,2024-08-05,10:28:00,Attend
52711,2024-08-05 10:55:00,2024-08-05,10:55:00,Attend
52711,2024-08-04 16:48:00,2024-08-04,16:48:00,Leave
52524,2024-08-04 17:22:00,2024-08-04,17:22:00,Leave
52558,2024-08-04 17:31:00,2024-08-04,17:31:00,Leave
52564,2024-08-04 17:31:00,2024-08-04,17:31:00,Leave
52573,2024-08-04 17:31:00,2024-08-04,17:31:00,Leave
52529,2024-08-04 17:32:00,2024-08-04,17:32:00,Leave
52549,2024-08-04 17:39:00,2024-08-04,17:39:00,Leave
52534,2024-08-04 17:39:00,2024-08-04,17:39:00,Leave
52570,2024-08-04 17:39:00,2024-08-04,17:39:00,Leave
52567,2024-08-04 17:59:00,2024-08-04,17:59:00,Leave
52557,2024-08-04 19:29:00,2024-08-04,19:29:00,Leave
52548,2024-08-04 22:11:00,2024-08-04,22:11:00,Attend
52560,2024-08-04 22:14:00,2024-08-04,22:14:00,Leave
52560,2024-08-05 08:02:00,2024-08-05,08:02:00,Attend
53152,2024-08-05 08:09:00,2024-08-05,08:09:00,Attend
52570,2024-08-05 08:26:00,2024-08-05,08:26:00,Attend
52573,2024-08-05 08:53:00,2024-08-05,08:53:00,Attend
52558,2024-08-05 09:05:00,2024-08-05,09:05:00,Attend
52540,2024-08-05 09:13:00,2024-08-05,09:13:00,Attend
52564,2024-08-05 09:13:00,2024-08-05,09:13:00,Attend
52524,2024-08-05 11:25:00,2024-08-05,11:25:00,Attend
52529,2024-08-05 11:59:00,2024-08-05,11:59:00,Attend
52571,2024-08-05 15:03:00,2024-08-05,15:03:00,Leave
52571,2024-08-05 15:27:00,2024-08-05,15:27:00,Leave
52548,2024-08-05 15:44:00,2024-08-05,15:44:00,Leave
52542,2024-08-05 16:30:00,2024-08-05,16:30:00,Leave
53152,2024-08-05 16:39:00,2024-08-05,16:39:00,Leave
52570,2024-08-05 16:39:00,2024-08-05,16:39:00,Leave
52565,2024-08-05 16:43:00,2024-08-05,16:43:00,Attend
52553,2024-08-05 16:54:00,2024-08-05,16:54:00,Leave
52554,2024-08-05 16:54:00,2024-08-05,16:54:00,Leave
52555,2024-08-05 17:01:00,2024-08-05,17:01:00,Leave
52546,2024-08-05 17:01:00,2024-08-05,17:01:00,Leave
52538,2024-08-05 17:02:00,2024-08-05,17:02:00,Leave
52575,2024-08-05 17:05:00,2024-08-05,17:05:00,Leave
52543,2024-08-05 17:15:00,2024-08-05,17:15:00,Leave
52531,2024-08-05 17:16:00,2024-08-05,17:16:00,Leave
52540,2024-08-05 17:18:00,2024-08-05,17:18:00,Leave
52551,2024-08-05 17:21:00,2024-08-05,17:21:00,Attend
52552,2024-08-05 17:21:00,2024-08-05,17:21:00,Leave
52551,2024-08-05 17:22:00,2024-08-05,17:22:00,Leave
52549,2024-08-05 17:23:00,2024-08-05,17:23:00,Leave
52539,2024-08-05 17:26:00,2024-08-05,17:26:00,Leave
52574,2024-08-05 17:32:00,2024-08-05,17:32:00,Leave
52558,2024-08-05 17:15:00,2024-08-05,17:15:00,Leave
52524,2024-08-05 17:17:00,2024-08-05,17:17:00,Leave
52564,2024-08-05 17:31:00,2024-08-05,17:31:00,Leave
52573,2024-08-05 17:34:00,2024-08-05,17:34:00,Leave
52572,2024-08-05 17:43:00,2024-08-05,17:43:00,Leave
52566,2024-08-05 17:55:00,2024-08-05,17:55:00,Leave
52567,2024-08-05 18:15:00,2024-08-05,18:15:00,Leave
52528,2024-08-05 18:26:00,2024-08-05,18:26:00,Leave
52530,2024-08-05 18:31:00,2024-08-05,18:31:00,Leave
52544,2024-08-05 18:33:00,2024-08-05,18:33:00,Leave
52529,2024-08-05 18:20:00,2024-08-05,18:20:00,Leave
52559,2024-08-05 18:51:00,2024-08-05,18:51:00,Leave
