EmployeeId,Transdate,DayOfWeek,CheckInTime,CheckOutTime,hours,CheckInHour,CheckOutHour,CheckInMinutes,CheckOutMinutes,cluster,Cluster
52524,2024-06-02,6,09:00:00,17:34:00,8.566666666666666,9,17,540.0,1054.0,1,1
52524,2024-06-03,6,09:50:00,18:39:00,8.816666666666666,9,18,590.0,1119.0,1,1
52524,2024-06-04,0,12:14:00,17:30:00,5.266666666666667,12,17,734.0,1050.0,4,4
52524,2024-06-05,0,10:12:00,17:55:00,7.716666666666667,10,17,612.0,1075.0,1,1
52524,2024-06-06,1,07:40:00,17:09:00,9.483333333333333,7,17,460.0,1029.0,1,1
52524,2024-06-08,1,12:18:00,19:26:00,7.133333333333334,12,19,738.0,1166.0,4,4
52524,2024-06-10,2,09:57:00,20:27:00,10.5,9,20,597.0,1227.0,2,2
52524,2024-06-11,2,09:00:00,18:18:00,9.3,9,18,540.0,1098.0,1,1
52524,2024-06-12,3,09:54:00,17:46:00,7.866666666666666,9,17,594.0,1066.0,1,1
52524,2024-06-13,3,09:00:00,13:35:00,4.583333333333333,9,13,540.0,815.0,0,0
52524,2024-06-23,5,08:54:00,17:53:00,8.983333333333333,8,17,534.0,1073.0,1,1
52524,2024-07-08,5,09:00:00,17:48:00,8.8,9,17,540.0,1068.0,1,1
52524,2024-07-09,0,09:11:00,17:41:00,8.5,9,17,551.0,1061.0,1,1
52524,2024-07-10,0,09:53:00,17:28:00,7.583333333333333,9,17,593.0,1048.0,1,1
52524,2024-07-14,1,09:44:00,17:27:00,7.716666666666667,9,17,584.0,1047.0,1,1
52524,2024-07-15,1,09:15:00,17:59:00,8.733333333333333,9,17,555.0,1079.0,1,1
52524,2024-07-16,2,09:45:00,17:33:00,7.8,9,17,585.0,1053.0,1,1
52524,2024-07-17,2,10:08:00,17:22:00,7.233333333333333,10,17,608.0,1042.0,1,1
52524,2024-07-18,3,09:30:00,17:18:00,7.8,9,17,570.0,1038.0,1,1
52524,2024-07-20,3,12:10:00,18:00:00,5.833333333333333,12,18,730.0,1080.0,4,4
52524,2024-07-21,6,11:30:00,17:38:00,6.133333333333334,11,17,690.0,1058.0,4,4
52524,2024-07-23,6,12:06:00,17:35:00,5.483333333333333,12,17,726.0,1055.0,4,4
52524,2024-07-24,0,10:08:00,18:13:00,8.083333333333334,10,18,608.0,1093.0,1,1
52524,2024-07-28,0,09:41:00,17:30:00,7.816666666666666,9,17,581.0,1050.0,1,1
52524,2024-07-29,1,09:54:00,17:24:00,7.5,9,17,594.0,1044.0,1,1
52524,2024-07-30,1,09:39:00,17:01:00,7.366666666666666,9,17,579.0,1021.0,1,1
52524,2024-07-31,2,09:05:00,17:30:00,8.416666666666666,9,17,545.0,1050.0,1,1
52524,2024-08-04,2,10:42:00,17:22:00,6.666666666666667,10,17,642.0,1042.0,4,4
52524,2024-08-05,6,11:25:00,17:17:00,5.866666666666666,11,17,685.0,1037.0,4,4
52528,2024-06-24,6,14:26:00,17:22:00,2.933333333333333,14,17,866.0,1042.0,4,4
52528,2024-06-25,0,08:25:00,19:31:00,11.1,8,19,505.0,1171.0,1,1
52528,2024-06-26,0,08:33:00,17:17:00,8.733333333333333,8,17,513.0,1037.0,1,1
52528,2024-06-27,1,08:31:00,17:17:00,8.766666666666667,8,17,511.0,1037.0,1,1
52528,2024-06-28,1,08:33:00,19:29:00,10.933333333333334,8,19,513.0,1169.0,1,1
52528,2024-06-29,2,08:35:00,17:20:00,8.75,8,17,515.0,1040.0,1,1
52528,2024-06-30,2,08:32:00,17:19:00,8.783333333333333,8,17,512.0,1039.0,1,1
52528,2024-07-01,3,08:31:00,17:30:00,8.983333333333333,8,17,511.0,1050.0,1,1
52528,2024-07-02,3,08:30:00,17:27:00,8.95,8,17,510.0,1047.0,1,1
52528,2024-07-03,5,08:46:00,17:00:00,8.233333333333333,8,17,526.0,1020.0,1,1
52528,2024-07-04,5,08:36:00,17:19:00,8.716666666666667,8,17,516.0,1039.0,1,1
52528,2024-07-05,6,08:43:00,19:59:00,11.266666666666667,8,19,523.0,1199.0,2,2
52528,2024-07-06,6,08:47:00,13:03:00,4.266666666666667,8,13,527.0,783.0,0,0
52528,2024-07-07,1,13:09:00,17:00:00,3.85,13,17,789.0,1020.0,4,4
52528,2024-07-11,1,08:42:00,18:27:00,9.75,8,18,522.0,1107.0,1,1
52528,2024-07-12,2,08:39:00,19:17:00,10.633333333333333,8,19,519.0,1157.0,1,1
52528,2024-07-13,2,08:57:00,17:47:00,8.833333333333334,8,17,537.0,1067.0,1,1
52528,2024-07-14,6,08:35:00,17:18:00,8.716666666666667,8,17,515.0,1038.0,1,1
52528,2024-07-15,6,08:43:00,17:34:00,8.85,8,17,523.0,1054.0,1,1
52528,2024-07-16,0,08:34:00,17:32:00,8.966666666666667,8,17,514.0,1052.0,1,1
52528,2024-07-17,0,08:41:00,17:19:00,8.633333333333333,8,17,521.0,1039.0,1,1
52528,2024-07-18,1,08:32:00,17:00:00,8.466666666666667,8,17,512.0,1020.0,1,1
52528,2024-07-21,1,10:58:00,17:00:00,6.033333333333333,10,17,658.0,1020.0,4,4
52528,2024-07-22,2,09:23:00,14:54:00,5.516666666666667,9,14,563.0,894.0,0,0
52528,2024-07-30,6,08:46:00,17:27:00,8.683333333333334,8,17,526.0,1047.0,1,1
52528,2024-07-31,6,08:27:00,17:34:00,9.116666666666667,8,17,507.0,1054.0,1,1
52528,2024-08-01,0,08:30:00,17:18:00,8.8,8,17,510.0,1038.0,1,1
52528,2024-08-02,0,08:39:00,20:43:00,12.066666666666666,8,20,519.0,1243.0,2,2
52528,2024-08-03,0,08:45:00,17:11:00,8.433333333333334,8,17,525.0,1031.0,1,1
52528,2024-08-04,0,08:42:00,17:37:00,8.916666666666666,8,17,522.0,1057.0,1,1
52528,2024-08-05,1,08:38:00,18:26:00,9.8,8,18,518.0,1106.0,1,1
52529,2024-06-01,1,10:04:00,16:06:00,6.033333333333333,10,16,604.0,966.0,1,1
52529,2024-06-02,2,12:38:00,17:39:00,5.016666666666667,12,17,758.0,1059.0,4,4
52529,2024-06-03,2,12:24:00,17:26:00,5.033333333333333,12,17,744.0,1046.0,4,4
52529,2024-06-04,3,10:54:00,17:32:00,6.633333333333334,10,17,654.0,1052.0,4,4
52529,2024-06-05,3,09:21:00,18:02:00,8.683333333333334,9,18,561.0,1082.0,1,1
52529,2024-06-06,4,08:54:00,17:46:00,8.866666666666667,8,17,534.0,1066.0,1,1
52529,2024-06-12,4,09:57:00,18:45:00,8.8,9,18,597.0,1125.0,1,1
52529,2024-06-23,5,10:40:00,17:33:00,6.883333333333334,10,17,640.0,1053.0,4,4
52529,2024-06-24,6,09:21:00,17:41:00,8.333333333333334,9,17,561.0,1061.0,1,1
52529,2024-06-25,6,09:00:00,17:36:00,8.6,9,17,540.0,1056.0,1,1
52529,2024-06-27,0,12:31:00,17:27:00,4.933333333333334,12,17,751.0,1047.0,4,4
52529,2024-06-29,0,08:55:00,17:54:00,8.983333333333333,8,17,535.0,1074.0,1,1
52529,2024-06-30,1,11:09:00,17:03:00,5.9,11,17,669.0,1023.0,4,4
52529,2024-07-01,1,08:51:00,17:33:00,8.7,8,17,531.0,1053.0,1,1
52529,2024-07-03,2,08:59:00,17:31:00,8.533333333333333,8,17,539.0,1051.0,1,1
52529,2024-07-04,2,12:00:00,17:30:00,5.5,12,17,720.0,1050.0,4,4
52529,2024-07-07,3,10:03:00,17:39:00,7.6,10,17,603.0,1059.0,1,1
52529,2024-07-09,4,09:04:00,17:43:00,8.65,9,17,544.0,1063.0,1,1
52529,2024-07-10,4,09:18:00,17:39:00,8.35,9,17,558.0,1059.0,1,1
52529,2024-07-13,5,10:39:00,16:52:00,6.216666666666667,10,16,639.0,1012.0,4,4
52529,2024-07-14,5,11:56:00,17:29:00,5.55,11,17,716.0,1049.0,4,4
52529,2024-07-17,6,11:39:00,17:29:00,5.833333333333333,11,17,699.0,1049.0,4,4
52529,2024-07-18,3,09:16:00,17:36:00,8.333333333333334,9,17,556.0,1056.0,1,1
52529,2024-07-21,3,09:57:00,17:34:00,7.616666666666666,9,17,597.0,1054.0,1,1
52529,2024-07-22,4,08:36:00,17:34:00,8.966666666666667,8,17,516.0,1054.0,1,1
52529,2024-07-23,4,11:13:00,17:30:00,6.283333333333333,11,17,673.0,1050.0,4,4
52529,2024-07-24,5,08:09:00,17:33:00,9.4,8,17,489.0,1053.0,1,1
52529,2024-07-27,5,10:05:00,17:04:00,6.983333333333333,10,17,605.0,1024.0,1,1
52529,2024-07-28,6,11:19:00,17:27:00,6.133333333333334,11,17,679.0,1047.0,4,4
52529,2024-07-29,6,08:49:00,17:33:00,8.733333333333333,8,17,529.0,1053.0,1,1
52529,2024-07-30,0,08:48:00,17:36:00,8.8,8,17,528.0,1056.0,1,1
52529,2024-07-31,0,12:06:00,17:36:00,5.5,12,17,726.0,1056.0,4,4
52529,2024-08-01,1,11:20:00,17:33:00,6.216666666666667,11,17,680.0,1053.0,4,4
52529,2024-08-04,1,09:19:00,17:32:00,8.216666666666667,9,17,559.0,1052.0,1,1
52529,2024-08-05,2,11:59:00,18:20:00,6.35,11,18,719.0,1100.0,4,4
52530,2024-06-22,2,08:35:00,17:07:00,8.533333333333333,8,17,515.0,1027.0,1,1
52530,2024-06-23,3,08:25:00,21:44:00,13.316666666666666,8,21,505.0,1304.0,2,2
52530,2024-06-24,3,08:02:00,22:08:00,14.1,8,22,482.0,1328.0,2,2
52530,2024-06-25,6,08:14:00,20:02:00,11.8,8,20,494.0,1202.0,2,2
52530,2024-06-26,6,08:04:00,18:32:00,10.466666666666669,8,18,484.0,1112.0,1,1
52530,2024-06-27,0,07:48:00,15:47:00,7.983333333333333,7,15,468.0,947.0,1,1
52530,2024-06-29,0,08:18:00,17:00:00,8.7,8,17,498.0,1020.0,1,1
52530,2024-06-30,0,07:58:00,20:23:00,12.416666666666666,7,20,478.0,1223.0,2,2
52530,2024-07-01,0,07:41:00,17:57:00,10.266666666666667,7,17,461.0,1077.0,1,1
52530,2024-07-02,1,07:45:00,17:00:00,9.25,7,17,465.0,1020.0,1,1
52530,2024-07-03,1,07:45:00,17:33:00,9.8,7,17,465.0,1053.0,1,1
52530,2024-07-04,2,07:44:00,14:22:00,6.633333333333334,7,14,464.0,862.0,0,0
52530,2024-07-06,2,10:48:00,17:00:00,6.2,10,17,648.0,1020.0,4,4
52530,2024-07-07,3,07:53:00,20:11:00,12.3,7,20,473.0,1211.0,2,2
52530,2024-07-08,3,08:30:00,19:57:00,11.45,8,19,510.0,1197.0,2,2
52530,2024-07-09,4,07:47:00,18:14:00,10.45,7,18,467.0,1094.0,1,1
52530,2024-07-10,4,14:01:00,21:30:00,7.483333333333333,14,21,841.0,1290.0,4,4
52530,2024-07-11,5,08:00:00,13:46:00,5.766666666666667,8,13,480.0,826.0,0,0
52530,2024-07-13,5,15:47:00,22:15:00,6.466666666666667,15,22,947.0,1335.0,4,4
52530,2024-07-14,6,08:01:00,17:44:00,9.716666666666669,8,17,481.0,1064.0,1,1
52530,2024-07-15,6,07:29:00,19:45:00,12.266666666666667,7,19,449.0,1185.0,2,2
52530,2024-07-16,0,07:36:00,17:10:00,9.566666666666666,7,17,456.0,1030.0,1,1
52530,2024-07-17,0,07:46:00,18:09:00,10.383333333333333,7,18,466.0,1089.0,1,1
52530,2024-07-18,5,07:46:00,13:47:00,6.016666666666667,7,13,466.0,827.0,0,0
52530,2024-07-20,5,08:07:00,21:16:00,13.15,8,21,487.0,1276.0,2,2
52530,2024-07-21,6,07:39:00,21:30:00,13.85,7,21,459.0,1290.0,2,2
52530,2024-07-22,6,07:42:00,18:34:00,10.866666666666667,7,18,462.0,1114.0,1,1
52530,2024-07-23,0,07:46:00,19:23:00,11.616666666666667,7,19,466.0,1163.0,1,1
52530,2024-07-24,0,08:09:00,18:31:00,10.366666666666667,8,18,489.0,1111.0,1,1
52530,2024-07-25,1,07:46:00,15:15:00,7.483333333333333,7,15,466.0,915.0,0,0
52530,2024-07-27,1,08:13:00,17:00:00,8.783333333333333,8,17,493.0,1020.0,1,1
52530,2024-07-28,2,07:43:00,17:44:00,10.016666666666667,7,17,463.0,1064.0,1,1
52530,2024-07-29,2,07:34:00,18:03:00,10.483333333333333,7,18,454.0,1083.0,1,1
52530,2024-07-30,3,07:45:00,17:38:00,9.883333333333333,7,17,465.0,1058.0,1,1
52530,2024-07-31,3,07:40:00,17:35:00,9.916666666666666,7,17,460.0,1055.0,1,1
52530,2024-08-01,2,07:38:00,14:10:00,6.533333333333333,7,14,458.0,850.0,0,0
52530,2024-08-03,2,08:12:00,17:00:00,8.8,8,17,492.0,1020.0,1,1
52530,2024-08-04,3,07:32:00,19:57:00,12.416666666666666,7,19,452.0,1197.0,2,2
52530,2024-08-05,3,07:46:00,18:31:00,10.75,7,18,466.0,1111.0,1,1
52531,2024-06-23,6,08:30:00,17:12:00,8.7,8,17,510.0,1032.0,1,1
52531,2024-06-24,6,08:22:00,17:01:00,8.65,8,17,502.0,1021.0,1,1
52531,2024-06-25,0,08:15:00,17:02:00,8.783333333333333,8,17,495.0,1022.0,1,1
52531,2024-06-26,0,08:18:00,17:04:00,8.766666666666667,8,17,498.0,1024.0,1,1
52531,2024-06-27,1,08:17:00,12:01:00,3.733333333333333,8,12,497.0,721.0,0,0
52531,2024-06-29,1,08:06:00,17:02:00,8.933333333333334,8,17,486.0,1022.0,1,1
52531,2024-06-30,3,08:05:00,17:03:00,8.966666666666667,8,17,485.0,1023.0,1,1
52531,2024-07-01,3,08:15:00,17:05:00,8.833333333333334,8,17,495.0,1025.0,1,1
52531,2024-07-02,5,08:19:00,17:05:00,8.766666666666667,8,17,499.0,1025.0,1,1
52531,2024-07-03,5,08:18:00,17:00:00,8.7,8,17,498.0,1020.0,1,1
52531,2024-07-04,6,08:24:00,12:42:00,4.3,8,12,504.0,762.0,0,0
52531,2024-07-06,6,08:21:00,17:03:00,8.7,8,17,501.0,1023.0,1,1
52531,2024-07-07,0,08:29:00,17:11:00,8.7,8,17,509.0,1031.0,1,1
52531,2024-07-08,0,08:20:00,17:18:00,8.966666666666667,8,17,500.0,1038.0,1,1
52531,2024-07-09,2,08:15:00,17:06:00,8.85,8,17,495.0,1026.0,1,1
52531,2024-07-10,2,08:18:00,17:11:00,8.883333333333333,8,17,498.0,1031.0,1,1
52531,2024-07-13,3,08:16:00,17:13:00,8.95,8,17,496.0,1033.0,1,1
52531,2024-07-14,3,08:19:00,17:04:00,8.75,8,17,499.0,1024.0,1,1
52531,2024-07-15,6,08:17:00,17:01:00,8.733333333333333,8,17,497.0,1021.0,1,1
52531,2024-07-16,6,08:12:00,17:53:00,9.683333333333334,8,17,492.0,1073.0,1,1
52531,2024-07-17,0,08:25:00,17:03:00,8.633333333333333,8,17,505.0,1023.0,1,1
52531,2024-07-18,0,08:02:00,13:03:00,5.016666666666667,8,13,482.0,783.0,0,0
52531,2024-07-20,1,07:59:00,17:06:00,9.116666666666667,7,17,479.0,1026.0,1,1
52531,2024-07-21,1,08:09:00,17:07:00,8.966666666666667,8,17,489.0,1027.0,1,1
52531,2024-07-22,2,08:04:00,17:00:00,8.933333333333334,8,17,484.0,1020.0,1,1
52531,2024-07-23,2,08:12:00,17:15:00,9.05,8,17,492.0,1035.0,1,1
52531,2024-07-24,5,08:06:00,16:44:00,8.633333333333333,8,16,486.0,1004.0,1,1
52531,2024-07-27,5,08:18:00,17:02:00,8.733333333333333,8,17,498.0,1022.0,1,1
52531,2024-07-28,6,08:25:00,17:06:00,8.683333333333334,8,17,505.0,1026.0,1,1
52531,2024-07-29,6,08:12:00,17:18:00,9.1,8,17,492.0,1038.0,1,1
52531,2024-07-30,0,08:13:00,17:05:00,8.866666666666667,8,17,493.0,1025.0,1,1
52531,2024-07-31,2,08:08:00,17:04:00,8.933333333333334,8,17,488.0,1024.0,1,1
52531,2024-08-01,2,08:15:00,16:20:00,8.083333333333334,8,16,495.0,980.0,1,1
52531,2024-08-02,3,08:15:00,17:01:00,8.766666666666667,8,17,495.0,1021.0,1,1
52531,2024-08-03,3,08:01:00,17:05:00,9.066666666666666,8,17,481.0,1025.0,1,1
52531,2024-08-04,6,08:08:00,17:00:00,8.866666666666667,8,17,488.0,1020.0,1,1
52531,2024-08-05,6,08:33:00,17:16:00,8.716666666666667,8,17,513.0,1036.0,1,1
52532,2024-06-24,0,10:44:00,17:01:00,6.283333333333333,10,17,644.0,1021.0,4,4
52532,2024-06-25,0,08:33:00,17:03:00,8.5,8,17,513.0,1023.0,1,1
52532,2024-06-26,1,08:27:00,17:00:00,8.55,8,17,507.0,1020.0,1,1
52532,2024-07-06,1,08:44:00,17:00:00,8.266666666666667,8,17,524.0,1020.0,1,1
52532,2024-07-07,2,08:01:00,17:06:00,9.083333333333334,8,17,481.0,1026.0,1,1
52532,2024-07-08,2,08:19:00,19:12:00,10.883333333333333,8,19,499.0,1152.0,1,1
52532,2024-07-14,5,12:49:00,17:33:00,4.733333333333333,12,17,769.0,1053.0,4,4
52532,2024-07-15,5,08:30:00,18:32:00,10.033333333333331,8,18,510.0,1112.0,1,1
52532,2024-07-16,6,08:09:00,16:48:00,8.65,8,16,489.0,1008.0,1,1
52532,2024-07-17,6,08:17:00,17:33:00,9.266666666666667,8,17,497.0,1053.0,1,1
52532,2024-07-19,0,08:12:00,17:12:00,9.0,8,17,492.0,1032.0,1,1
52532,2024-07-20,0,08:35:00,16:42:00,8.116666666666667,8,16,515.0,1002.0,1,1
52532,2024-07-22,1,10:18:00,17:28:00,7.166666666666667,10,17,618.0,1048.0,4,4
52532,2024-07-25,1,08:37:00,18:17:00,9.666666666666666,8,18,517.0,1097.0,1,1
52534,2024-07-07,2,09:08:00,17:18:00,8.166666666666666,9,17,548.0,1038.0,1,1
52534,2024-07-08,2,10:48:00,17:45:00,6.95,10,17,648.0,1065.0,4,4
52534,2024-07-09,3,09:13:00,17:39:00,8.433333333333334,9,17,553.0,1059.0,1,1
52534,2024-07-10,3,09:04:00,19:46:00,10.7,9,19,544.0,1186.0,1,1
52534,2024-07-14,6,09:11:00,18:07:00,8.933333333333334,9,18,551.0,1087.0,1,1
52534,2024-07-15,6,09:08:00,18:11:00,9.05,9,18,548.0,1091.0,1,1
52534,2024-07-16,0,09:05:00,17:39:00,8.566666666666666,9,17,545.0,1059.0,1,1
52534,2024-07-17,0,09:11:00,17:46:00,8.583333333333334,9,17,551.0,1066.0,1,1
52534,2024-07-18,5,09:07:00,17:30:00,8.383333333333333,9,17,547.0,1050.0,1,1
52534,2024-07-21,5,08:56:00,18:04:00,9.133333333333333,8,18,536.0,1084.0,1,1
52534,2024-07-22,6,08:56:00,19:19:00,10.383333333333333,8,19,536.0,1159.0,1,1
52534,2024-07-23,6,09:20:00,17:59:00,8.65,9,17,560.0,1079.0,1,1
52534,2024-07-24,0,09:19:00,18:17:00,8.966666666666667,9,18,559.0,1097.0,1,1
52534,2024-07-28,0,09:05:00,17:40:00,8.583333333333334,9,17,545.0,1060.0,1,1
52534,2024-07-29,1,09:07:00,18:59:00,9.866666666666667,9,18,547.0,1139.0,1,1
52534,2024-07-30,1,09:31:00,18:11:00,8.666666666666666,9,18,571.0,1091.0,1,1
52534,2024-07-31,2,09:05:00,18:01:00,8.933333333333334,9,18,545.0,1081.0,1,1
52534,2024-08-01,2,09:13:00,19:27:00,10.233333333333333,9,19,553.0,1167.0,1,1
52534,2024-08-04,3,09:02:00,17:39:00,8.616666666666667,9,17,542.0,1059.0,1,1
52535,2024-06-02,3,10:29:00,17:26:00,6.95,10,17,629.0,1046.0,4,4
52535,2024-06-04,5,08:36:00,17:30:00,8.9,8,17,516.0,1050.0,1,1
52535,2024-06-05,5,12:01:00,17:49:00,5.8,12,17,721.0,1069.0,4,4
52535,2024-06-06,6,09:00:00,17:27:00,8.45,9,17,540.0,1047.0,1,1
52535,2024-06-11,6,08:32:00,17:39:00,9.116666666666667,8,17,512.0,1059.0,1,1
52535,2024-06-12,0,11:26:00,15:29:00,4.05,11,15,686.0,929.0,4,4
52535,2024-06-13,0,10:28:00,17:30:00,7.033333333333333,10,17,628.0,1050.0,4,4
52535,2024-06-23,1,08:31:00,17:33:00,9.033333333333331,8,17,511.0,1053.0,1,1
52535,2024-06-24,1,08:28:00,17:29:00,9.016666666666667,8,17,508.0,1049.0,1,1
52535,2024-06-30,2,08:28:00,17:30:00,9.033333333333331,8,17,508.0,1050.0,1,1
52535,2024-07-03,2,08:21:00,17:27:00,9.1,8,17,501.0,1047.0,1,1
52535,2024-07-06,3,08:50:00,17:30:00,8.666666666666666,8,17,530.0,1050.0,1,1
52535,2024-07-07,3,08:28:00,17:26:00,8.966666666666667,8,17,508.0,1046.0,1,1
52535,2024-07-08,5,08:23:00,17:30:00,9.116666666666667,8,17,503.0,1050.0,1,1
52535,2024-07-09,5,08:29:00,17:37:00,9.133333333333333,8,17,509.0,1057.0,1,1
52535,2024-07-10,6,08:27:00,17:27:00,9.0,8,17,507.0,1047.0,1,1
52535,2024-07-16,6,08:24:00,17:30:00,9.1,8,17,504.0,1050.0,1,1
52535,2024-07-18,0,08:30:00,17:31:00,9.016666666666667,8,17,510.0,1051.0,1,1
52535,2024-07-21,0,08:28:00,17:32:00,9.066666666666666,8,17,508.0,1052.0,1,1
52535,2024-07-22,1,08:30:00,17:32:00,9.033333333333331,8,17,510.0,1052.0,1,1
52535,2024-07-24,1,08:30:00,17:31:00,9.016666666666667,8,17,510.0,1051.0,1,1
52535,2024-07-28,2,11:12:00,17:29:00,6.283333333333333,11,17,672.0,1049.0,4,4
52535,2024-07-29,2,08:33:00,17:30:00,8.95,8,17,513.0,1050.0,1,1
52535,2024-07-31,3,08:53:00,17:28:00,8.583333333333334,8,17,533.0,1048.0,1,1
52535,2024-08-01,3,08:31:00,17:33:00,9.033333333333331,8,17,511.0,1053.0,1,1
52535,2024-08-03,5,08:29:00,17:30:00,9.016666666666667,8,17,509.0,1050.0,1,1
52536,2024-06-25,5,12:58:00,20:02:00,7.066666666666666,12,20,778.0,1202.0,4,4
52536,2024-06-26,6,07:54:00,18:31:00,10.616666666666667,7,18,474.0,1111.0,1,1
52536,2024-06-27,6,07:58:00,17:00:00,9.033333333333331,7,17,478.0,1020.0,1,1
52536,2024-07-04,0,08:30:00,14:12:00,5.7,8,14,510.0,852.0,0,0
52536,2024-07-13,0,08:22:00,17:00:00,8.633333333333333,8,17,502.0,1020.0,1,1
52536,2024-07-15,1,08:18:00,23:52:00,15.566666666666666,8,23,498.0,1432.0,2,2
52536,2024-07-16,1,07:59:00,23:56:00,15.95,7,23,479.0,1436.0,2,2
52536,2024-07-17,2,07:51:00,23:30:00,15.65,7,23,471.0,1410.0,2,2
52536,2024-07-18,2,07:52:00,23:30:00,15.633333333333333,7,23,472.0,1410.0,2,2
52536,2024-07-19,3,08:04:00,23:30:00,15.433333333333334,8,23,484.0,1410.0,2,2
52536,2024-07-20,3,07:49:00,23:30:00,15.683333333333334,7,23,469.0,1410.0,2,2
52536,2024-07-21,5,07:53:00,23:33:00,15.666666666666666,7,23,473.0,1413.0,2,2
52536,2024-07-22,5,07:51:00,23:30:00,15.65,7,23,471.0,1410.0,2,2
52536,2024-07-23,6,07:59:00,23:32:00,15.55,7,23,479.0,1412.0,2,2
52536,2024-07-24,6,07:52:00,23:34:00,15.7,7,23,472.0,1414.0,2,2
52536,2024-07-25,0,07:50:00,23:30:00,15.666666666666666,7,23,470.0,1410.0,2,2
52536,2024-07-26,0,07:55:00,23:37:00,15.7,7,23,475.0,1417.0,2,2
52536,2024-07-27,1,07:45:00,23:32:00,15.783333333333331,7,23,465.0,1412.0,2,2
52536,2024-07-28,1,07:16:00,23:35:00,16.316666666666666,7,23,436.0,1415.0,2,2
52536,2024-07-29,2,07:20:00,23:32:00,16.2,7,23,440.0,1412.0,2,2
52536,2024-07-30,2,07:26:00,23:34:00,16.133333333333333,7,23,446.0,1414.0,2,2
52536,2024-07-31,3,07:15:00,23:36:00,16.35,7,23,435.0,1416.0,2,2
52536,2024-08-01,3,07:25:00,23:31:00,16.1,7,23,445.0,1411.0,2,2
52536,2024-08-02,5,07:11:00,23:30:00,16.316666666666666,7,23,431.0,1410.0,2,2
52536,2024-08-03,5,07:16:00,23:35:00,16.316666666666666,7,23,436.0,1415.0,2,2
52536,2024-08-04,6,07:16:00,23:35:00,16.316666666666666,7,23,436.0,1415.0,2,2
52537,2024-06-24,6,08:55:00,17:28:00,8.55,8,17,535.0,1048.0,1,1
52537,2024-06-25,0,08:25:00,19:35:00,11.166666666666666,8,19,505.0,1175.0,1,1
52537,2024-06-26,0,08:33:00,17:17:00,8.733333333333333,8,17,513.0,1037.0,1,1
52537,2024-06-27,1,08:31:00,17:16:00,8.75,8,17,511.0,1036.0,1,1
52537,2024-06-28,1,08:33:00,19:29:00,10.933333333333334,8,19,513.0,1169.0,1,1
52537,2024-06-29,2,08:35:00,17:20:00,8.75,8,17,515.0,1040.0,1,1
52537,2024-06-30,2,08:32:00,17:20:00,8.8,8,17,512.0,1040.0,1,1
52537,2024-07-01,3,08:31:00,17:29:00,8.966666666666667,8,17,511.0,1049.0,1,1
52537,2024-07-02,3,08:30:00,17:27:00,8.95,8,17,510.0,1047.0,1,1
52537,2024-07-03,5,08:46:00,17:00:00,8.233333333333333,8,17,526.0,1020.0,1,1
52537,2024-07-09,5,08:30:00,16:59:00,8.483333333333333,8,16,510.0,1019.0,1,1
52537,2024-07-10,6,08:28:00,17:38:00,9.166666666666666,8,17,508.0,1058.0,1,1
52537,2024-07-11,6,08:42:00,12:05:00,3.3833333333333333,8,12,522.0,725.0,0,0
52537,2024-07-13,0,08:55:00,19:55:00,11.0,8,19,535.0,1195.0,2,2
52537,2024-07-15,0,08:30:00,20:05:00,11.583333333333334,8,20,510.0,1205.0,2,2
52537,2024-07-16,6,08:29:00,17:58:00,9.483333333333333,8,17,509.0,1078.0,1,1
52537,2024-07-17,6,08:43:00,17:02:00,8.316666666666666,8,17,523.0,1022.0,1,1
52537,2024-07-18,0,08:18:00,12:30:00,4.2,8,12,498.0,750.0,0,0
52537,2024-07-20,0,14:33:00,17:15:00,2.7,14,17,873.0,1035.0,4,4
52537,2024-07-21,1,08:52:00,17:09:00,8.283333333333333,8,17,532.0,1029.0,1,1
52537,2024-07-22,1,08:26:00,17:23:00,8.95,8,17,506.0,1043.0,1,1
52537,2024-07-23,2,13:39:00,17:02:00,3.3833333333333333,13,17,819.0,1022.0,4,4
52537,2024-07-24,2,08:15:00,16:55:00,8.666666666666666,8,16,495.0,1015.0,1,1
52537,2024-07-25,3,08:00:00,12:12:00,4.2,8,12,480.0,732.0,0,0
52538,2024-06-23,3,08:30:00,14:29:00,5.983333333333333,8,14,510.0,869.0,0,0
52538,2024-06-24,5,08:47:00,13:42:00,4.916666666666667,8,13,527.0,822.0,0,0
52538,2024-06-25,5,08:38:00,15:31:00,6.883333333333334,8,15,518.0,931.0,1,1
52538,2024-07-02,6,08:54:00,17:00:00,8.1,8,17,534.0,1020.0,1,1
52538,2024-07-03,6,09:02:00,17:01:00,7.983333333333333,9,17,542.0,1021.0,1,1
52538,2024-07-04,0,09:00:00,12:02:00,3.033333333333333,9,12,540.0,722.0,0,0
52538,2024-07-06,0,08:28:00,16:52:00,8.4,8,16,508.0,1012.0,1,1
52538,2024-07-08,1,08:42:00,17:18:00,8.6,8,17,522.0,1038.0,1,1
52538,2024-07-10,1,08:45:00,17:13:00,8.466666666666667,8,17,525.0,1033.0,1,1
52538,2024-07-11,2,08:29:00,12:01:00,3.533333333333333,8,12,509.0,721.0,0,0
52538,2024-07-12,2,09:33:00,23:57:00,14.4,9,23,573.0,1437.0,2,2
52538,2024-07-13,3,00:05:00,17:00:00,16.916666666666668,0,17,5.0,1020.0,3,3
52538,2024-07-14,3,08:54:00,15:34:00,6.666666666666667,8,15,534.0,934.0,1,1
52538,2024-07-15,5,08:51:00,17:01:00,8.166666666666666,8,17,531.0,1021.0,1,1
52538,2024-07-16,5,09:14:00,15:56:00,6.7,9,15,554.0,956.0,1,1
52538,2024-07-17,6,08:50:00,17:00:00,8.166666666666666,8,17,530.0,1020.0,1,1
52538,2024-07-18,6,08:53:00,13:01:00,4.133333333333334,8,13,533.0,781.0,0,0
52538,2024-07-20,0,08:37:00,17:06:00,8.483333333333333,8,17,517.0,1026.0,1,1
52538,2024-07-21,0,08:47:00,17:04:00,8.283333333333333,8,17,527.0,1024.0,1,1
52538,2024-07-22,1,08:42:00,17:07:00,8.416666666666666,8,17,522.0,1027.0,1,1
52538,2024-07-23,1,08:46:00,17:15:00,8.483333333333333,8,17,526.0,1035.0,1,1
52538,2024-07-24,2,08:45:00,16:44:00,7.983333333333333,8,16,525.0,1004.0,1,1
52538,2024-07-29,2,08:55:00,17:19:00,8.4,8,17,535.0,1039.0,1,1
52538,2024-07-30,5,09:08:00,17:14:00,8.1,9,17,548.0,1034.0,1,1
52538,2024-07-31,5,08:58:00,17:41:00,8.716666666666667,8,17,538.0,1061.0,1,1
52538,2024-08-01,6,08:52:00,15:22:00,6.5,8,15,532.0,922.0,1,1
52538,2024-08-05,6,08:55:00,17:02:00,8.116666666666667,8,17,535.0,1022.0,1,1
52539,2024-06-02,0,08:43:00,18:00:00,9.283333333333331,8,18,523.0,1080.0,1,1
52539,2024-06-03,0,08:39:00,17:08:00,8.483333333333333,8,17,519.0,1028.0,1,1
52539,2024-06-04,1,08:36:00,18:09:00,9.55,8,18,516.0,1089.0,1,1
52539,2024-06-05,1,08:43:00,18:56:00,10.216666666666669,8,18,523.0,1136.0,1,1
52539,2024-06-06,2,08:39:00,17:29:00,8.833333333333334,8,17,519.0,1049.0,1,1
52539,2024-06-08,2,11:03:00,17:30:00,6.45,11,17,663.0,1050.0,4,4
52539,2024-06-09,3,09:00:00,17:02:00,8.033333333333333,9,17,540.0,1022.0,1,1
52539,2024-06-10,3,08:45:00,17:30:00,8.75,8,17,525.0,1050.0,1,1
52539,2024-06-12,5,08:42:00,17:31:00,8.816666666666666,8,17,522.0,1051.0,1,1
52539,2024-06-13,5,09:52:00,17:32:00,7.666666666666667,9,17,592.0,1052.0,1,1
52539,2024-06-23,6,08:39:00,17:28:00,8.816666666666666,8,17,519.0,1048.0,1,1
52539,2024-06-24,6,08:39:00,17:39:00,9.0,8,17,519.0,1059.0,1,1
52539,2024-06-25,0,08:39:00,17:34:00,8.916666666666666,8,17,519.0,1054.0,1,1
52539,2024-06-26,0,08:38:00,17:36:00,8.966666666666667,8,17,518.0,1056.0,1,1
52539,2024-06-27,1,08:35:00,17:49:00,9.233333333333333,8,17,515.0,1069.0,1,1
52539,2024-07-01,1,10:01:00,17:31:00,7.5,10,17,601.0,1051.0,1,1
52539,2024-07-02,2,08:36:00,17:45:00,9.15,8,17,516.0,1065.0,1,1
52539,2024-07-03,2,08:36:00,17:30:00,8.9,8,17,516.0,1050.0,1,1
52539,2024-07-04,5,08:32:00,17:42:00,9.166666666666666,8,17,512.0,1062.0,1,1
52539,2024-07-06,5,10:54:00,17:58:00,7.066666666666666,10,17,654.0,1078.0,4,4
52539,2024-07-07,6,08:36:00,17:30:00,8.9,8,17,516.0,1050.0,1,1
52539,2024-07-08,6,08:34:00,17:38:00,9.066666666666666,8,17,514.0,1058.0,1,1
52539,2024-07-10,0,08:33:00,17:29:00,8.933333333333334,8,17,513.0,1049.0,1,1
52539,2024-07-14,0,08:32:00,17:29:00,8.95,8,17,512.0,1049.0,1,1
52539,2024-07-15,1,08:30:00,17:33:00,9.05,8,17,510.0,1053.0,1,1
52539,2024-07-16,1,08:30:00,17:29:00,8.983333333333333,8,17,510.0,1049.0,1,1
52539,2024-07-17,2,08:31:00,17:37:00,9.1,8,17,511.0,1057.0,1,1
52539,2024-07-18,2,08:29:00,17:23:00,8.9,8,17,509.0,1043.0,1,1
52539,2024-07-20,3,08:27:00,15:34:00,7.116666666666666,8,15,507.0,934.0,1,1
52539,2024-07-21,3,08:31:00,17:30:00,8.983333333333333,8,17,511.0,1050.0,1,1
52539,2024-07-23,4,08:30:00,17:31:00,9.016666666666667,8,17,510.0,1051.0,1,1
52539,2024-07-24,4,08:36:00,17:31:00,8.916666666666666,8,17,516.0,1051.0,1,1
52539,2024-07-28,5,08:39:00,17:43:00,9.066666666666666,8,17,519.0,1063.0,1,1
52539,2024-07-29,5,08:28:00,19:01:00,10.55,8,19,508.0,1141.0,1,1
52539,2024-07-30,6,08:43:00,17:30:00,8.783333333333333,8,17,523.0,1050.0,1,1
52539,2024-07-31,6,08:30:00,17:28:00,8.966666666666667,8,17,510.0,1048.0,1,1
52539,2024-08-01,0,08:38:00,19:14:00,10.6,8,19,518.0,1154.0,1,1
52539,2024-08-03,0,08:35:00,16:06:00,7.516666666666667,8,16,515.0,966.0,1,1
52539,2024-08-04,0,08:40:00,17:25:00,8.75,8,17,520.0,1045.0,1,1
52539,2024-08-05,0,08:41:00,17:26:00,8.75,8,17,521.0,1046.0,1,1
52540,2024-06-02,1,08:33:00,17:44:00,9.183333333333334,8,17,513.0,1064.0,1,1
52540,2024-06-03,1,08:44:00,19:07:00,10.383333333333333,8,19,524.0,1147.0,1,1
52540,2024-06-04,2,08:42:00,18:41:00,9.983333333333333,8,18,522.0,1121.0,1,1
52540,2024-06-05,2,08:42:00,18:56:00,10.233333333333333,8,18,522.0,1136.0,1,1
52540,2024-06-06,5,08:51:00,17:30:00,8.65,8,17,531.0,1050.0,1,1
52540,2024-06-09,5,08:45:00,17:24:00,8.65,8,17,525.0,1044.0,1,1
52540,2024-06-10,6,08:44:00,18:34:00,9.833333333333334,8,18,524.0,1114.0,1,1
52540,2024-06-11,6,08:38:00,17:30:00,8.866666666666667,8,17,518.0,1050.0,1,1
52540,2024-06-12,0,08:46:00,17:09:00,8.383333333333333,8,17,526.0,1029.0,1,1
52540,2024-06-13,0,08:44:00,17:30:00,8.766666666666667,8,17,524.0,1050.0,1,1
52540,2024-06-23,6,08:52:00,17:33:00,8.683333333333334,8,17,532.0,1053.0,1,1
52540,2024-06-24,6,08:44:00,17:36:00,8.866666666666667,8,17,524.0,1056.0,1,1
52540,2024-06-25,0,08:50:00,17:33:00,8.716666666666667,8,17,530.0,1053.0,1,1
52540,2024-06-26,0,09:02:00,17:34:00,8.533333333333333,9,17,542.0,1054.0,1,1
52540,2024-06-30,1,08:38:00,17:36:00,8.966666666666667,8,17,518.0,1056.0,1,1
52540,2024-07-01,1,08:46:00,17:34:00,8.8,8,17,526.0,1054.0,1,1
52540,2024-07-02,2,09:02:00,17:35:00,8.55,9,17,542.0,1055.0,1,1
52540,2024-07-03,2,08:52:00,17:32:00,8.666666666666666,8,17,532.0,1052.0,1,1
52540,2024-07-04,4,09:20:00,17:30:00,8.166666666666666,9,17,560.0,1050.0,1,1
52540,2024-07-06,4,08:32:00,17:34:00,9.033333333333331,8,17,512.0,1054.0,1,1
52540,2024-07-07,5,08:51:00,17:30:00,8.65,8,17,531.0,1050.0,1,1
52540,2024-07-08,5,08:54:00,17:35:00,8.683333333333334,8,17,534.0,1055.0,1,1
52540,2024-07-09,0,08:46:00,17:38:00,8.866666666666667,8,17,526.0,1058.0,1,1
52540,2024-07-10,0,09:04:00,17:44:00,8.666666666666666,9,17,544.0,1064.0,1,1
52540,2024-07-14,3,08:51:00,17:31:00,8.666666666666666,8,17,531.0,1051.0,1,1
52540,2024-07-15,3,08:57:00,18:18:00,9.35,8,18,537.0,1098.0,1,1
52540,2024-07-16,6,08:44:00,17:33:00,8.816666666666666,8,17,524.0,1053.0,1,1
52540,2024-07-17,6,09:04:00,16:59:00,7.916666666666667,9,16,544.0,1019.0,1,1
52540,2024-07-18,0,08:43:00,17:25:00,8.7,8,17,523.0,1045.0,1,1
52540,2024-07-20,0,08:51:00,15:32:00,6.683333333333334,8,15,531.0,932.0,1,1
52540,2024-07-21,1,08:52:00,17:34:00,8.7,8,17,532.0,1054.0,1,1
52540,2024-07-22,1,09:00:00,17:31:00,8.516666666666667,9,17,540.0,1051.0,1,1
52540,2024-07-23,2,08:47:00,17:30:00,8.716666666666667,8,17,527.0,1050.0,1,1
52540,2024-07-28,2,08:57:00,17:31:00,8.566666666666666,8,17,537.0,1051.0,1,1
52540,2024-07-29,6,09:47:00,17:30:00,7.716666666666667,9,17,587.0,1050.0,1,1
52540,2024-07-30,6,10:59:00,17:30:00,6.516666666666667,10,17,659.0,1050.0,4,4
52540,2024-07-31,0,08:56:00,17:30:00,8.566666666666666,8,17,536.0,1050.0,1,1
52540,2024-08-01,0,09:08:00,17:30:00,8.366666666666667,9,17,548.0,1050.0,1,1
52540,2024-08-03,1,08:44:00,17:30:00,8.766666666666667,8,17,524.0,1050.0,1,1
52540,2024-08-04,1,10:48:00,17:30:00,6.7,10,17,648.0,1050.0,4,4
52540,2024-08-05,2,09:11:00,17:18:00,8.116666666666667,9,17,551.0,1038.0,1,1
52541,2024-06-02,2,12:17:00,16:33:00,4.266666666666667,12,16,737.0,993.0,4,4
52541,2024-06-03,3,10:37:00,17:30:00,6.883333333333334,10,17,637.0,1050.0,4,4
52541,2024-06-04,3,11:27:00,17:30:00,6.05,11,17,687.0,1050.0,4,4
52541,2024-06-06,6,11:24:00,17:30:00,6.1,11,17,684.0,1050.0,4,4
52541,2024-06-09,6,13:00:00,17:22:00,4.366666666666666,13,17,780.0,1042.0,4,4
52541,2024-06-10,0,09:33:00,18:33:00,9.0,9,18,573.0,1113.0,1,1
52541,2024-06-11,0,12:56:00,18:02:00,5.1,12,18,776.0,1082.0,4,4
52541,2024-06-12,1,09:12:00,18:10:00,8.966666666666667,9,18,552.0,1090.0,1,1
52541,2024-06-13,1,10:52:00,14:14:00,3.3666666666666667,10,14,652.0,854.0,0,0
52541,2024-06-24,2,08:57:00,17:33:00,8.6,8,17,537.0,1053.0,1,1
52541,2024-06-25,2,09:27:00,15:42:00,6.25,9,15,567.0,942.0,1,1
52541,2024-06-26,6,13:42:00,17:29:00,3.783333333333333,13,17,822.0,1049.0,4,4
52541,2024-06-27,6,12:48:00,15:32:00,2.7333333333333334,12,15,768.0,932.0,4,4
52541,2024-06-30,0,09:10:00,14:43:00,5.55,9,14,550.0,883.0,0,0
52541,2024-07-01,0,09:01:00,17:34:00,8.55,9,17,541.0,1054.0,1,1
52541,2024-07-02,1,09:34:00,15:47:00,6.216666666666667,9,15,574.0,947.0,1,1
52541,2024-07-03,1,08:59:00,17:30:00,8.516666666666667,8,17,539.0,1050.0,1,1
52541,2024-07-07,2,09:08:00,17:30:00,8.366666666666667,9,17,548.0,1050.0,1,1
52541,2024-07-08,2,09:00:00,17:45:00,8.75,9,17,540.0,1065.0,1,1
52541,2024-07-09,3,09:13:00,17:39:00,8.433333333333334,9,17,553.0,1059.0,1,1
52541,2024-07-14,3,09:11:00,17:43:00,8.533333333333333,9,17,551.0,1063.0,1,1
52541,2024-07-15,6,09:08:00,18:09:00,9.016666666666667,9,18,548.0,1089.0,1,1
52541,2024-07-16,6,09:05:00,17:38:00,8.55,9,17,545.0,1058.0,1,1
52541,2024-07-17,6,09:11:00,17:45:00,8.566666666666666,9,17,551.0,1065.0,1,1
52541,2024-07-18,6,09:07:00,17:32:00,8.416666666666666,9,17,547.0,1052.0,1,1
52541,2024-07-23,1,09:19:00,17:59:00,8.666666666666666,9,17,559.0,1079.0,1,1
52541,2024-07-24,1,09:18:00,17:30:00,8.2,9,17,558.0,1050.0,1,1
52541,2024-07-29,2,09:07:00,17:30:00,8.383333333333333,9,17,547.0,1050.0,1,1
52541,2024-07-30,2,09:31:00,18:01:00,8.5,9,18,571.0,1081.0,1,1
52541,2024-07-31,3,09:05:00,18:02:00,8.95,9,18,545.0,1082.0,1,1
52541,2024-08-01,3,09:13:00,17:30:00,8.283333333333333,9,17,553.0,1050.0,1,1
52542,2024-06-22,1,08:01:00,16:33:00,8.533333333333333,8,16,481.0,993.0,1,1
52542,2024-06-23,1,08:15:00,16:51:00,8.6,8,16,495.0,1011.0,1,1
52542,2024-06-24,2,08:01:00,17:00:00,8.983333333333333,8,17,481.0,1020.0,1,1
52542,2024-06-25,2,08:04:00,17:00:00,8.933333333333334,8,17,484.0,1020.0,1,1
52542,2024-06-26,3,08:14:00,17:00:00,8.766666666666667,8,17,494.0,1020.0,1,1
52542,2024-06-27,3,08:02:00,12:00:00,3.966666666666667,8,12,482.0,720.0,0,0
52542,2024-06-29,6,08:53:00,17:01:00,8.133333333333333,8,17,533.0,1021.0,1,1
52542,2024-06-30,6,08:22:00,11:44:00,3.3666666666666667,8,11,502.0,704.0,0,0
52542,2024-07-01,0,08:06:00,17:01:00,8.916666666666666,8,17,486.0,1021.0,1,1
52542,2024-07-02,0,07:59:00,17:02:00,9.05,7,17,479.0,1022.0,1,1
52542,2024-07-06,6,07:55:00,17:00:00,9.083333333333334,7,17,475.0,1020.0,1,1
52542,2024-07-07,6,08:13:00,17:01:00,8.8,8,17,493.0,1021.0,1,1
52542,2024-07-08,2,07:51:00,17:00:00,9.15,7,17,471.0,1020.0,1,1
52542,2024-07-09,2,07:54:00,17:00:00,9.1,7,17,474.0,1020.0,1,1
52542,2024-07-10,5,07:40:00,17:00:00,9.333333333333334,7,17,460.0,1020.0,1,1
52542,2024-07-11,5,07:58:00,12:30:00,4.533333333333333,7,12,478.0,750.0,0,0
52542,2024-07-13,6,07:59:00,15:00:00,7.016666666666667,7,15,479.0,900.0,0,0
52542,2024-07-14,6,08:12:00,16:42:00,8.5,8,16,492.0,1002.0,1,1
52542,2024-07-15,0,07:56:00,16:30:00,8.566666666666666,7,16,476.0,990.0,1,1
52542,2024-07-16,0,07:58:00,17:54:00,9.933333333333334,7,17,478.0,1074.0,1,1
52542,2024-07-17,1,08:02:00,16:33:00,8.516666666666667,8,16,482.0,993.0,1,1
52542,2024-07-18,1,07:49:00,12:06:00,4.283333333333333,7,12,469.0,726.0,0,0
52542,2024-07-20,2,07:51:00,16:34:00,8.716666666666667,7,16,471.0,994.0,1,1
52542,2024-07-21,2,07:48:00,14:35:00,6.783333333333333,7,14,468.0,875.0,0,0
52542,2024-07-22,1,08:06:00,16:38:00,8.533333333333333,8,16,486.0,998.0,1,1
52542,2024-07-23,1,08:21:00,16:51:00,8.5,8,16,501.0,1011.0,1,1
52542,2024-07-24,3,07:50:00,16:33:00,8.716666666666667,7,16,470.0,993.0,1,1
52542,2024-07-27,3,08:16:00,16:52:00,8.6,8,16,496.0,1012.0,1,1
52542,2024-07-29,6,07:55:00,16:29:00,8.566666666666666,7,16,475.0,989.0,1,1
52542,2024-07-30,6,08:03:00,16:36:00,8.55,8,16,483.0,996.0,1,1
52542,2024-07-31,0,08:03:00,16:30:00,8.45,8,16,483.0,990.0,1,1
52542,2024-08-01,0,08:01:00,12:00:00,3.983333333333333,8,12,481.0,720.0,0,0
52542,2024-08-03,2,07:46:00,16:32:00,8.766666666666667,7,16,466.0,992.0,1,1
52542,2024-08-04,2,08:00:00,16:31:00,8.516666666666667,8,16,480.0,991.0,1,1
52542,2024-08-05,6,07:56:00,16:30:00,8.566666666666666,7,16,476.0,990.0,1,1
52543,2024-06-21,0,07:02:00,17:00:00,9.966666666666669,7,17,422.0,1020.0,1,1
52543,2024-06-22,0,06:57:00,17:00:00,10.05,6,17,417.0,1020.0,1,1
52543,2024-07-04,2,08:33:00,17:00:00,8.45,8,17,513.0,1020.0,1,1
52543,2024-07-05,2,07:47:00,17:00:00,9.216666666666669,7,17,467.0,1020.0,1,1
52543,2024-07-06,3,07:03:00,17:00:00,9.95,7,17,423.0,1020.0,1,1
52543,2024-07-07,3,07:20:00,17:00:00,9.666666666666666,7,17,440.0,1020.0,1,1
52543,2024-07-08,5,07:38:00,17:00:00,9.366666666666667,7,17,458.0,1020.0,1,1
52543,2024-07-09,5,07:10:00,17:00:00,9.833333333333334,7,17,430.0,1020.0,1,1
52543,2024-07-10,1,07:27:00,17:00:00,9.55,7,17,447.0,1020.0,1,1
52543,2024-07-12,1,07:01:00,17:00:00,9.983333333333333,7,17,421.0,1020.0,1,1
52543,2024-07-13,2,07:31:00,17:00:00,9.483333333333333,7,17,451.0,1020.0,1,1
52543,2024-07-14,2,07:27:00,17:00:00,9.55,7,17,447.0,1020.0,1,1
52543,2024-07-15,3,07:18:00,23:21:00,16.05,7,23,438.0,1401.0,2,2
52543,2024-07-16,3,07:07:00,23:39:00,16.533333333333335,7,23,427.0,1419.0,2,2
52543,2024-07-17,3,07:14:00,23:51:00,16.616666666666667,7,23,434.0,1431.0,2,2
52543,2024-07-18,3,07:10:00,23:32:00,16.366666666666667,7,23,430.0,1412.0,2,2
52543,2024-07-19,5,07:31:00,23:47:00,16.266666666666666,7,23,451.0,1427.0,2,2
52543,2024-07-20,5,07:22:00,23:45:00,16.383333333333333,7,23,442.0,1425.0,2,2
52543,2024-07-21,0,07:48:00,23:47:00,15.983333333333333,7,23,468.0,1427.0,2,2
52543,2024-07-22,0,07:14:00,23:46:00,16.533333333333335,7,23,434.0,1426.0,2,2
52543,2024-07-23,1,07:32:00,23:46:00,16.233333333333334,7,23,452.0,1426.0,2,2
52543,2024-07-24,1,07:21:00,23:45:00,16.4,7,23,441.0,1425.0,2,2
52543,2024-07-25,2,07:00:00,23:46:00,16.766666666666666,7,23,420.0,1426.0,2,2
52543,2024-07-26,2,06:42:00,23:39:00,16.95,6,23,402.0,1419.0,2,2
52543,2024-07-27,3,07:29:00,17:00:00,9.516666666666667,7,17,449.0,1020.0,1,1
52543,2024-08-05,3,08:27:00,17:15:00,8.8,8,17,507.0,1035.0,1,1
52544,2024-06-22,4,08:35:00,17:11:00,8.6,8,17,515.0,1031.0,1,1
52544,2024-06-23,4,08:10:00,17:25:00,9.25,8,17,490.0,1045.0,1,1
52544,2024-06-24,5,07:35:00,18:21:00,10.766666666666667,7,18,455.0,1101.0,1,1
52544,2024-06-25,5,07:51:00,17:18:00,9.45,7,17,471.0,1038.0,1,1
52544,2024-06-26,6,07:54:00,18:14:00,10.333333333333334,7,18,474.0,1094.0,1,1
52544,2024-06-27,6,07:54:00,16:18:00,8.4,7,16,474.0,978.0,1,1
52544,2024-06-29,0,08:19:00,19:39:00,11.333333333333334,8,19,499.0,1179.0,1,1
52544,2024-06-30,0,07:42:00,20:45:00,13.05,7,20,462.0,1245.0,2,2
52544,2024-07-01,1,08:00:00,17:16:00,9.266666666666667,8,17,480.0,1036.0,1,1
52544,2024-07-02,1,07:53:00,17:37:00,9.733333333333333,7,17,473.0,1057.0,1,1
52544,2024-07-03,2,07:41:00,18:17:00,10.6,7,18,461.0,1097.0,1,1
52544,2024-07-04,2,07:47:00,14:08:00,6.35,7,14,467.0,848.0,0,0
52544,2024-07-06,3,08:14:00,17:09:00,8.916666666666666,8,17,494.0,1029.0,1,1
52544,2024-07-07,3,07:45:00,17:42:00,9.95,7,17,465.0,1062.0,1,1
52544,2024-07-08,4,07:33:00,17:18:00,9.75,7,17,453.0,1038.0,1,1
52544,2024-07-09,4,07:28:00,17:02:00,9.566666666666666,7,17,448.0,1022.0,1,1
52544,2024-07-10,5,07:43:00,17:09:00,9.433333333333334,7,17,463.0,1029.0,1,1
52544,2024-07-11,5,07:41:00,13:46:00,6.083333333333333,7,13,461.0,826.0,0,0
52544,2024-07-13,6,08:13:00,17:58:00,9.75,8,17,493.0,1078.0,1,1
52544,2024-07-14,6,07:43:00,17:38:00,9.916666666666666,7,17,463.0,1058.0,1,1
52544,2024-07-15,0,07:31:00,19:39:00,12.133333333333333,7,19,451.0,1179.0,2,2
52544,2024-07-16,0,07:34:00,17:08:00,9.566666666666666,7,17,454.0,1028.0,1,1
52544,2024-07-17,1,07:28:00,17:24:00,9.933333333333334,7,17,448.0,1044.0,1,1
52544,2024-07-18,1,07:28:00,14:00:00,6.533333333333333,7,14,448.0,840.0,0,0
52544,2024-07-20,2,08:07:00,20:16:00,12.15,8,20,487.0,1216.0,2,2
52544,2024-07-21,2,07:25:00,18:05:00,10.666666666666666,7,18,445.0,1085.0,1,1
52544,2024-07-22,3,07:27:00,18:20:00,10.883333333333333,7,18,447.0,1100.0,1,1
52544,2024-07-23,3,07:29:00,20:28:00,12.983333333333333,7,20,449.0,1228.0,2,2
52544,2024-07-24,4,07:36:00,18:30:00,10.9,7,18,456.0,1110.0,1,1
52544,2024-07-25,4,07:56:00,15:16:00,7.333333333333333,7,15,476.0,916.0,0,0
52544,2024-07-27,5,08:14:00,17:59:00,9.75,8,17,494.0,1079.0,1,1
52544,2024-07-28,5,07:19:00,19:49:00,12.5,7,19,439.0,1189.0,2,2
52544,2024-07-29,6,07:17:00,19:43:00,12.433333333333334,7,19,437.0,1183.0,2,2
52544,2024-07-30,6,07:34:00,19:04:00,11.5,7,19,454.0,1144.0,1,1
52544,2024-07-31,0,07:32:00,17:04:00,9.533333333333331,7,17,452.0,1024.0,1,1
52544,2024-08-01,0,07:22:00,14:10:00,6.8,7,14,442.0,850.0,0,0
52544,2024-08-03,1,08:15:00,19:18:00,11.05,8,19,495.0,1158.0,1,1
52544,2024-08-04,1,07:25:00,22:57:00,15.533333333333331,7,22,445.0,1377.0,2,2
52544,2024-08-05,2,07:39:00,18:33:00,10.9,7,18,459.0,1113.0,1,1
52546,2024-06-24,2,08:47:00,13:42:00,4.916666666666667,8,13,527.0,822.0,0,0
52546,2024-06-25,3,08:44:00,16:20:00,7.6,8,16,524.0,980.0,1,1
52546,2024-06-26,3,09:12:00,17:01:00,7.816666666666666,9,17,552.0,1021.0,1,1
52546,2024-07-01,4,08:52:00,16:31:00,7.65,8,16,532.0,991.0,1,1
52546,2024-07-02,4,08:54:00,17:19:00,8.416666666666666,8,17,534.0,1039.0,1,1
52546,2024-07-03,5,09:02:00,17:02:00,8.0,9,17,542.0,1022.0,1,1
52546,2024-07-04,5,09:00:00,12:03:00,3.05,9,12,540.0,723.0,0,0
52546,2024-07-06,6,08:28:00,16:52:00,8.4,8,16,508.0,1012.0,1,1
52546,2024-07-07,6,08:39:00,17:22:00,8.716666666666667,8,17,519.0,1042.0,1,1
52546,2024-07-08,0,08:42:00,17:18:00,8.6,8,17,522.0,1038.0,1,1
52546,2024-07-09,0,08:46:00,17:06:00,8.333333333333334,8,17,526.0,1026.0,1,1
52546,2024-07-10,1,08:45:00,17:33:00,8.8,8,17,525.0,1053.0,1,1
52546,2024-07-11,1,08:29:00,12:01:00,3.533333333333333,8,12,509.0,721.0,0,0
52546,2024-07-12,2,09:32:00,23:59:00,14.45,9,23,572.0,1439.0,2,2
52546,2024-07-13,2,00:07:00,17:00:00,16.883333333333333,0,17,7.0,1020.0,3,3
52546,2024-07-20,1,08:37:00,17:07:00,8.5,8,17,517.0,1027.0,1,1
52546,2024-07-21,1,08:47:00,17:07:00,8.333333333333334,8,17,527.0,1027.0,1,1
52546,2024-07-22,2,08:41:00,17:08:00,8.45,8,17,521.0,1028.0,1,1
52546,2024-07-23,2,08:44:00,17:15:00,8.516666666666667,8,17,524.0,1035.0,1,1
52546,2024-07-24,3,08:45:00,16:44:00,7.983333333333333,8,16,525.0,1004.0,1,1
52546,2024-07-27,3,08:59:00,17:30:00,8.516666666666667,8,17,539.0,1050.0,1,1
52546,2024-07-29,5,08:55:00,17:18:00,8.383333333333333,8,17,535.0,1038.0,1,1
52546,2024-07-30,5,09:08:00,17:14:00,8.1,9,17,548.0,1034.0,1,1
52546,2024-07-31,0,08:57:00,17:40:00,8.716666666666667,8,17,537.0,1060.0,1,1
52546,2024-08-01,0,08:50:00,15:17:00,6.45,8,15,530.0,917.0,1,1
52546,2024-08-03,1,09:01:00,17:13:00,8.2,9,17,541.0,1033.0,1,1
52546,2024-08-05,1,08:55:00,17:01:00,8.1,8,17,535.0,1021.0,1,1
52548,2024-06-02,2,12:31:00,19:57:00,7.433333333333334,12,19,751.0,1197.0,4,4
52548,2024-06-04,3,13:34:00,20:51:00,7.283333333333333,13,20,814.0,1251.0,4,4
52548,2024-06-05,3,14:54:00,20:38:00,5.733333333333333,14,20,894.0,1238.0,4,4
52548,2024-06-06,5,14:19:00,20:56:00,6.616666666666666,14,20,859.0,1256.0,4,4
52548,2024-06-09,5,12:42:00,23:59:00,11.283333333333331,12,23,762.0,1439.0,4,4
52548,2024-06-10,6,11:29:00,19:12:00,7.716666666666667,11,19,689.0,1152.0,4,4
52548,2024-06-11,6,06:00:00,15:05:00,9.083333333333334,6,15,360.0,905.0,0,0
52548,2024-06-12,0,12:34:00,21:01:00,8.45,12,21,754.0,1261.0,4,4
52548,2024-06-13,0,12:27:00,15:27:00,3.0,12,15,747.0,927.0,4,4
52548,2024-06-24,1,14:00:00,23:14:00,9.233333333333333,14,23,840.0,1394.0,4,4
52548,2024-06-26,2,14:55:00,21:06:00,6.183333333333334,14,21,895.0,1266.0,4,4
52548,2024-07-01,3,06:00:00,17:03:00,11.05,6,17,360.0,1023.0,1,1
52548,2024-07-04,6,12:38:00,23:59:00,11.35,12,23,758.0,1439.0,4,4
52548,2024-07-07,0,06:00:00,22:29:00,16.483333333333334,6,22,360.0,1349.0,2,2
52548,2024-07-24,5,06:00:00,15:44:00,9.733333333333333,6,15,360.0,944.0,0,0
52548,2024-07-28,0,17:16:00,22:33:00,5.283333333333333,17,22,1036.0,1353.0,4,4
52549,2024-06-01,4,11:27:00,17:30:00,6.05,11,17,687.0,1050.0,4,4
52549,2024-06-02,4,08:49:00,17:18:00,8.483333333333333,8,17,529.0,1038.0,1,1
52549,2024-06-03,5,08:57:00,17:17:00,8.333333333333334,8,17,537.0,1037.0,1,1
52549,2024-06-04,5,10:06:00,18:09:00,8.05,10,18,606.0,1089.0,1,1
52549,2024-06-06,6,08:52:00,17:16:00,8.4,8,17,532.0,1036.0,1,1
52549,2024-06-09,6,09:04:00,17:16:00,8.2,9,17,544.0,1036.0,1,1
52549,2024-06-10,0,09:06:00,19:28:00,10.366666666666667,9,19,546.0,1168.0,1,1
52549,2024-06-11,0,09:06:00,17:21:00,8.25,9,17,546.0,1041.0,1,1
52549,2024-06-12,1,09:02:00,17:25:00,8.383333333333333,9,17,542.0,1045.0,1,1
52549,2024-06-23,1,09:22:00,17:16:00,7.9,9,17,562.0,1036.0,1,1
52549,2024-06-24,2,08:53:00,17:27:00,8.566666666666666,8,17,533.0,1047.0,1,1
52549,2024-06-25,2,08:57:00,17:52:00,8.916666666666666,8,17,537.0,1072.0,1,1
52549,2024-06-26,3,09:17:00,17:26:00,8.15,9,17,557.0,1046.0,1,1
52549,2024-06-27,3,08:50:00,17:48:00,8.966666666666667,8,17,530.0,1068.0,1,1
52549,2024-06-30,5,10:51:00,14:43:00,3.8666666666666663,10,14,651.0,883.0,4,4
52549,2024-07-01,5,09:01:00,17:33:00,8.533333333333333,9,17,541.0,1053.0,1,1
52549,2024-07-02,6,08:54:00,17:30:00,8.6,8,17,534.0,1050.0,1,1
52549,2024-07-03,6,09:09:00,17:25:00,8.266666666666667,9,17,549.0,1045.0,1,1
52549,2024-07-04,0,08:54:00,18:48:00,9.9,8,18,534.0,1128.0,1,1
52549,2024-07-07,0,08:57:00,18:09:00,9.2,8,18,537.0,1089.0,1,1
52549,2024-07-08,1,09:00:00,17:45:00,8.75,9,17,540.0,1065.0,1,1
52549,2024-07-09,1,09:00:00,17:00:00,8.0,9,17,540.0,1020.0,1,1
52549,2024-07-10,2,09:34:00,17:00:00,7.433333333333334,9,17,574.0,1020.0,1,1
52549,2024-07-13,2,11:06:00,17:30:00,6.4,11,17,666.0,1050.0,4,4
52549,2024-07-14,0,08:45:00,17:41:00,8.933333333333334,8,17,525.0,1061.0,1,1
52549,2024-07-16,0,08:44:00,17:39:00,8.916666666666666,8,17,524.0,1059.0,1,1
52549,2024-07-17,1,08:48:00,17:45:00,8.95,8,17,528.0,1065.0,1,1
52549,2024-07-18,1,08:59:00,17:27:00,8.466666666666667,8,17,539.0,1047.0,1,1
52549,2024-07-21,2,08:44:00,17:28:00,8.733333333333333,8,17,524.0,1048.0,1,1
52549,2024-07-22,2,08:46:00,17:37:00,8.85,8,17,526.0,1057.0,1,1
52549,2024-07-23,3,09:18:00,17:54:00,8.6,9,17,558.0,1074.0,1,1
52549,2024-07-24,3,09:14:00,18:17:00,9.05,9,18,554.0,1097.0,1,1
52549,2024-07-27,0,10:36:00,17:23:00,6.783333333333333,10,17,636.0,1043.0,4,4
52549,2024-07-28,0,09:05:00,17:41:00,8.6,9,17,545.0,1061.0,1,1
52549,2024-07-29,6,09:04:00,19:01:00,9.95,9,19,544.0,1141.0,1,1
52549,2024-07-31,6,09:05:00,18:01:00,8.933333333333334,9,18,545.0,1081.0,1,1
52549,2024-08-01,0,09:10:00,19:31:00,10.35,9,19,550.0,1171.0,1,1
52549,2024-08-04,0,08:58:00,17:39:00,8.683333333333334,8,17,538.0,1059.0,1,1
52549,2024-08-05,1,09:15:00,17:23:00,8.133333333333333,9,17,555.0,1043.0,1,1
52550,2024-06-02,1,08:13:00,17:30:00,9.283333333333331,8,17,493.0,1050.0,1,1
52550,2024-06-03,2,09:00:00,17:58:00,8.966666666666667,9,17,540.0,1078.0,1,1
52551,2024-06-23,2,09:02:00,13:02:00,4.0,9,13,542.0,782.0,0,0
52551,2024-06-25,3,08:09:00,15:15:00,7.1,8,15,489.0,915.0,0,0
52551,2024-06-27,3,08:11:00,12:16:00,4.083333333333333,8,12,491.0,736.0,0,0
52551,2024-06-29,5,08:19:00,17:00:00,8.683333333333334,8,17,499.0,1020.0,1,1
52551,2024-07-01,5,08:18:00,17:00:00,8.7,8,17,498.0,1020.0,1,1
52551,2024-07-03,6,08:18:00,17:21:00,9.05,8,17,498.0,1041.0,1,1
52551,2024-07-04,6,08:24:00,15:30:00,7.1,8,15,504.0,930.0,1,1
52551,2024-07-06,0,08:21:00,17:04:00,8.716666666666667,8,17,501.0,1024.0,1,1
52551,2024-07-07,0,08:29:00,17:10:00,8.683333333333334,8,17,509.0,1030.0,1,1
52551,2024-07-08,2,08:12:00,17:54:00,9.7,8,17,492.0,1074.0,1,1
52551,2024-07-09,2,08:15:00,17:06:00,8.85,8,17,495.0,1026.0,1,1
52551,2024-07-10,3,08:18:00,17:25:00,9.116666666666667,8,17,498.0,1045.0,1,1
52551,2024-07-14,3,08:18:00,17:03:00,8.75,8,17,498.0,1023.0,1,1
52551,2024-07-15,6,10:45:00,17:06:00,6.35,10,17,645.0,1026.0,4,4
52551,2024-07-21,6,10:24:00,17:36:00,7.2,10,17,624.0,1056.0,4,4
52551,2024-07-22,0,11:13:00,17:27:00,6.233333333333333,11,17,673.0,1047.0,4,4
52551,2024-07-23,0,08:21:00,17:01:00,8.666666666666666,8,17,501.0,1021.0,1,1
52551,2024-08-01,1,08:29:00,12:14:00,3.75,8,12,509.0,734.0,0,0
52551,2024-08-05,1,08:26:00,17:22:00,8.933333333333334,8,17,506.0,1042.0,1,1
52552,2024-06-23,2,08:08:00,17:00:00,8.866666666666667,8,17,488.0,1020.0,1,1
52552,2024-06-24,2,07:59:00,17:00:00,9.016666666666667,7,17,479.0,1020.0,1,1
52552,2024-06-25,3,08:03:00,17:00:00,8.95,8,17,483.0,1020.0,1,1
52552,2024-06-26,3,07:33:00,17:00:00,9.45,7,17,453.0,1020.0,1,1
52552,2024-06-27,0,07:59:00,12:30:00,4.516666666666667,7,12,479.0,750.0,0,0
52552,2024-06-29,0,07:56:00,17:00:00,9.066666666666666,7,17,476.0,1020.0,1,1
52552,2024-06-30,1,07:59:00,17:00:00,9.016666666666667,7,17,479.0,1020.0,1,1
52552,2024-07-01,1,08:00:00,17:00:00,9.0,8,17,480.0,1020.0,1,1
52552,2024-07-02,2,08:00:00,17:00:00,9.0,8,17,480.0,1020.0,1,1
52552,2024-07-03,2,07:59:00,17:00:00,9.016666666666667,7,17,479.0,1020.0,1,1
52552,2024-07-04,3,07:59:00,12:00:00,4.016666666666667,7,12,479.0,720.0,0,0
52552,2024-07-08,3,08:20:00,17:00:00,8.666666666666666,8,17,500.0,1020.0,1,1
52552,2024-07-09,5,08:15:00,17:06:00,8.85,8,17,495.0,1026.0,1,1
52552,2024-07-10,5,08:18:00,17:25:00,9.116666666666667,8,17,498.0,1045.0,1,1
52552,2024-07-11,6,06:58:00,12:00:00,5.033333333333333,6,12,418.0,720.0,0,0
52552,2024-07-13,6,08:17:00,17:14:00,8.95,8,17,497.0,1034.0,1,1
52552,2024-07-14,0,08:18:00,17:17:00,8.983333333333333,8,17,498.0,1037.0,1,1
52552,2024-07-15,0,08:16:00,17:00:00,8.733333333333333,8,17,496.0,1020.0,1,1
52552,2024-07-16,2,08:12:00,17:03:00,8.85,8,17,492.0,1023.0,1,1
52552,2024-07-17,2,07:40:00,17:02:00,9.366666666666667,7,17,460.0,1022.0,1,1
52552,2024-07-18,6,08:00:00,12:16:00,4.266666666666667,8,12,480.0,736.0,0,0
52552,2024-07-20,6,07:47:00,17:15:00,9.466666666666669,7,17,467.0,1035.0,1,1
52552,2024-07-21,0,07:45:00,17:15:00,9.5,7,17,465.0,1035.0,1,1
52552,2024-07-22,0,07:54:00,17:20:00,9.433333333333334,7,17,474.0,1040.0,1,1
52552,2024-07-23,1,07:50:00,17:20:00,9.5,7,17,470.0,1040.0,1,1
52552,2024-07-24,1,07:57:00,16:44:00,8.783333333333333,7,16,477.0,1004.0,1,1
52552,2024-07-25,2,08:03:00,12:11:00,4.133333333333334,8,12,483.0,731.0,0,0
52552,2024-07-27,2,07:48:00,17:31:00,9.716666666666669,7,17,468.0,1051.0,1,1
52552,2024-07-28,3,08:05:00,17:33:00,9.466666666666669,8,17,485.0,1053.0,1,1
52552,2024-07-29,3,07:59:00,17:35:00,9.6,7,17,479.0,1055.0,1,1
52552,2024-07-30,5,08:08:00,17:38:00,9.5,8,17,488.0,1058.0,1,1
52552,2024-07-31,5,08:08:00,17:04:00,8.933333333333334,8,17,488.0,1024.0,1,1
52552,2024-08-01,6,08:15:00,12:27:00,4.2,8,12,495.0,747.0,0,0
52552,2024-08-03,6,08:02:00,17:14:00,9.2,8,17,482.0,1034.0,1,1
52552,2024-08-04,1,08:07:00,17:00:00,8.883333333333333,8,17,487.0,1020.0,1,1
52552,2024-08-05,1,08:26:00,17:21:00,8.916666666666666,8,17,506.0,1041.0,1,1
52553,2024-06-12,2,08:30:00,16:01:00,7.516666666666667,8,16,510.0,961.0,1,1
52553,2024-06-13,2,08:11:00,12:30:00,4.316666666666666,8,12,491.0,750.0,0,0
52553,2024-06-22,6,08:13:00,18:30:00,10.283333333333331,8,18,493.0,1110.0,1,1
52553,2024-06-23,6,08:05:00,16:54:00,8.816666666666666,8,16,485.0,1014.0,1,1
52553,2024-06-24,0,08:05:00,17:09:00,9.066666666666666,8,17,485.0,1029.0,1,1
52553,2024-06-25,0,07:55:00,17:04:00,9.15,7,17,475.0,1024.0,1,1
52553,2024-06-26,1,07:56:00,17:15:00,9.316666666666666,7,17,476.0,1035.0,1,1
52553,2024-06-27,1,08:09:00,12:00:00,3.85,8,12,489.0,720.0,0,0
52553,2024-06-29,2,08:08:00,17:00:00,8.866666666666667,8,17,488.0,1020.0,1,1
52553,2024-06-30,2,08:24:00,17:00:00,8.6,8,17,504.0,1020.0,1,1
52553,2024-07-01,3,08:24:00,17:00:00,8.6,8,17,504.0,1020.0,1,1
52553,2024-07-02,3,08:27:00,17:19:00,8.866666666666667,8,17,507.0,1039.0,1,1
52553,2024-07-03,5,08:27:00,17:06:00,8.65,8,17,507.0,1026.0,1,1
52553,2024-07-04,5,08:26:00,12:11:00,3.75,8,12,506.0,731.0,0,0
52553,2024-07-06,6,08:33:00,17:03:00,8.5,8,17,513.0,1023.0,1,1
52553,2024-07-07,6,08:21:00,17:08:00,8.783333333333333,8,17,501.0,1028.0,1,1
52553,2024-07-08,0,08:26:00,17:24:00,8.966666666666667,8,17,506.0,1044.0,1,1
52553,2024-07-09,0,08:22:00,17:32:00,9.166666666666666,8,17,502.0,1052.0,1,1
52553,2024-07-10,6,08:22:00,17:48:00,9.433333333333334,8,17,502.0,1068.0,1,1
52553,2024-07-14,6,08:24:00,16:54:00,8.5,8,16,504.0,1014.0,1,1
52553,2024-07-15,0,08:19:00,17:18:00,8.983333333333333,8,17,499.0,1038.0,1,1
52553,2024-07-16,0,08:25:00,18:05:00,9.666666666666666,8,18,505.0,1085.0,1,1
52553,2024-07-17,1,08:04:00,17:23:00,9.316666666666666,8,17,484.0,1043.0,1,1
52553,2024-07-18,1,08:25:00,12:08:00,3.716666666666667,8,12,505.0,728.0,0,0
52553,2024-07-20,2,08:34:00,17:37:00,9.05,8,17,514.0,1057.0,1,1
52553,2024-07-21,2,08:28:00,17:27:00,8.983333333333333,8,17,508.0,1047.0,1,1
52553,2024-07-22,3,08:20:00,17:05:00,8.75,8,17,500.0,1025.0,1,1
52553,2024-07-23,3,08:23:00,17:00:00,8.616666666666667,8,17,503.0,1020.0,1,1
52553,2024-07-24,6,08:25:00,20:13:00,11.8,8,20,505.0,1213.0,2,2
52553,2024-07-27,6,08:46:00,17:31:00,8.75,8,17,526.0,1051.0,1,1
52553,2024-07-28,0,08:25:00,17:02:00,8.616666666666667,8,17,505.0,1022.0,1,1
52553,2024-07-29,0,08:24:00,17:04:00,8.666666666666666,8,17,504.0,1024.0,1,1
52553,2024-07-30,1,08:26:00,16:53:00,8.45,8,16,506.0,1013.0,1,1
52553,2024-08-05,2,08:15:00,16:54:00,8.65,8,16,495.0,1014.0,1,1
52554,2024-06-13,2,08:14:00,17:00:00,8.766666666666667,8,17,494.0,1020.0,1,1
52554,2024-06-22,3,09:48:00,19:28:00,9.666666666666666,9,19,588.0,1168.0,1,1
52554,2024-06-23,3,08:06:00,16:38:00,8.533333333333333,8,16,486.0,998.0,1,1
52554,2024-06-24,6,08:10:00,17:10:00,9.0,8,17,490.0,1030.0,1,1
52554,2024-06-25,6,08:06:00,16:47:00,8.683333333333334,8,16,486.0,1007.0,1,1
52554,2024-06-26,0,07:57:00,18:09:00,10.2,7,18,477.0,1089.0,1,1
52554,2024-06-27,0,08:19:00,21:04:00,12.75,8,21,499.0,1264.0,2,2
52554,2024-06-28,1,07:59:00,17:21:00,9.366666666666667,7,17,479.0,1041.0,1,1
52554,2024-06-29,1,08:33:00,17:12:00,8.65,8,17,513.0,1032.0,1,1
52554,2024-06-30,2,08:43:00,17:00:00,8.283333333333333,8,17,523.0,1020.0,1,1
52554,2024-07-01,2,08:31:00,18:14:00,9.716666666666669,8,18,511.0,1094.0,1,1
52554,2024-07-02,6,08:26:00,18:37:00,10.183333333333334,8,18,506.0,1117.0,1,1
52554,2024-07-03,6,08:24:00,17:09:00,8.75,8,17,504.0,1029.0,1,1
52554,2024-07-04,0,08:38:00,12:11:00,3.55,8,12,518.0,731.0,0,0
52554,2024-07-08,0,11:53:00,20:49:00,8.933333333333334,11,20,713.0,1249.0,4,4
52554,2024-07-09,1,08:26:00,17:51:00,9.416666666666666,8,17,506.0,1071.0,1,1
52554,2024-07-10,1,08:23:00,16:55:00,8.533333333333333,8,16,503.0,1015.0,1,1
52554,2024-07-11,2,08:26:00,17:36:00,9.166666666666666,8,17,506.0,1056.0,1,1
52554,2024-07-12,2,08:17:00,18:47:00,10.5,8,18,497.0,1127.0,1,1
52554,2024-07-13,3,08:17:00,17:54:00,9.616666666666667,8,17,497.0,1074.0,1,1
52554,2024-07-14,3,08:18:00,16:51:00,8.55,8,16,498.0,1011.0,1,1
52554,2024-07-15,5,08:25:00,17:18:00,8.883333333333333,8,17,505.0,1038.0,1,1
52554,2024-07-16,5,08:30:00,18:03:00,9.55,8,18,510.0,1083.0,1,1
52554,2024-07-17,6,08:21:00,17:23:00,9.033333333333331,8,17,501.0,1043.0,1,1
52554,2024-07-18,6,08:29:00,18:40:00,10.183333333333334,8,18,509.0,1120.0,1,1
52554,2024-07-19,0,08:20:00,13:19:00,4.983333333333333,8,13,500.0,799.0,0,0
52554,2024-07-24,0,08:31:00,17:31:00,9.0,8,17,511.0,1051.0,1,1
52554,2024-07-26,1,08:21:00,16:26:00,8.083333333333334,8,16,501.0,986.0,1,1
52554,2024-07-27,1,08:28:00,16:39:00,8.183333333333334,8,16,508.0,999.0,1,1
52554,2024-07-28,2,08:25:00,17:02:00,8.616666666666667,8,17,505.0,1022.0,1,1
52554,2024-07-29,2,08:23:00,17:04:00,8.683333333333334,8,17,503.0,1024.0,1,1
52554,2024-07-30,6,08:26:00,16:53:00,8.45,8,16,506.0,1013.0,1,1
52554,2024-07-31,6,08:18:00,17:14:00,8.933333333333334,8,17,498.0,1034.0,1,1
52554,2024-08-01,0,08:25:00,17:00:00,8.583333333333334,8,17,505.0,1020.0,1,1
52554,2024-08-04,0,09:59:00,18:17:00,8.3,9,18,599.0,1097.0,1,1
52554,2024-08-05,1,08:13:00,16:54:00,8.683333333333334,8,16,493.0,1014.0,1,1
52555,2024-07-07,1,08:57:00,17:00:00,8.05,8,17,537.0,1020.0,1,1
52555,2024-07-08,2,08:01:00,17:15:00,9.233333333333333,8,17,481.0,1035.0,1,1
52555,2024-07-09,2,08:15:00,17:06:00,8.85,8,17,495.0,1026.0,1,1
52555,2024-07-10,3,08:34:00,17:25:00,8.85,8,17,514.0,1045.0,1,1
52555,2024-07-12,3,08:17:00,23:56:00,15.65,8,23,497.0,1436.0,2,2
52555,2024-07-13,5,00:01:00,17:00:00,16.983333333333334,0,17,1.0,1020.0,3,3
52555,2024-07-14,5,08:19:00,17:17:00,8.966666666666667,8,17,499.0,1037.0,1,1
52555,2024-07-15,6,08:16:00,16:37:00,8.35,8,16,496.0,997.0,1,1
52555,2024-07-16,6,08:12:00,17:02:00,8.833333333333334,8,17,492.0,1022.0,1,1
52555,2024-07-27,0,08:42:00,17:30:00,8.8,8,17,522.0,1050.0,1,1
52555,2024-07-28,0,08:48:00,17:33:00,8.75,8,17,528.0,1053.0,1,1
52555,2024-07-29,1,08:14:00,17:33:00,9.316666666666666,8,17,494.0,1053.0,1,1
52555,2024-07-30,1,08:30:00,17:38:00,9.133333333333333,8,17,510.0,1058.0,1,1
52555,2024-07-31,6,08:09:00,17:03:00,8.9,8,17,489.0,1023.0,1,1
52555,2024-08-01,6,08:15:00,15:42:00,7.45,8,15,495.0,942.0,1,1
52555,2024-08-03,0,08:19:00,17:14:00,8.916666666666666,8,17,499.0,1034.0,1,1
52555,2024-08-04,0,08:24:00,17:00:00,8.6,8,17,504.0,1020.0,1,1
52555,2024-08-05,1,08:26:00,17:01:00,8.583333333333334,8,17,506.0,1021.0,1,1
52556,2024-06-12,1,15:15:00,17:00:00,1.75,15,17,915.0,1020.0,4,4
52556,2024-06-22,2,12:35:00,17:02:00,4.45,12,17,755.0,1022.0,4,4
52556,2024-06-23,2,08:30:00,17:12:00,8.7,8,17,510.0,1032.0,1,1
52556,2024-06-24,3,08:55:00,17:22:00,8.45,8,17,535.0,1042.0,1,1
52556,2024-06-25,3,08:25:00,19:34:00,11.15,8,19,505.0,1174.0,1,1
52556,2024-06-26,5,08:33:00,17:18:00,8.75,8,17,513.0,1038.0,1,1
52556,2024-06-27,5,08:31:00,17:17:00,8.766666666666667,8,17,511.0,1037.0,1,1
52556,2024-06-28,6,08:33:00,19:29:00,10.933333333333334,8,19,513.0,1169.0,1,1
52556,2024-06-29,6,08:35:00,17:20:00,8.75,8,17,515.0,1040.0,1,1
52556,2024-06-30,0,08:32:00,17:20:00,8.8,8,17,512.0,1040.0,1,1
52556,2024-07-01,0,08:31:00,17:29:00,8.966666666666667,8,17,511.0,1049.0,1,1
52556,2024-07-02,6,08:30:00,17:28:00,8.966666666666667,8,17,510.0,1048.0,1,1
52556,2024-07-03,6,08:45:00,13:17:00,4.533333333333333,8,13,525.0,797.0,0,0
52556,2024-07-08,0,08:41:00,17:37:00,8.933333333333334,8,17,521.0,1057.0,1,1
52556,2024-07-09,0,08:33:00,17:15:00,8.7,8,17,513.0,1035.0,1,1
52556,2024-07-10,1,08:35:00,20:59:00,12.4,8,20,515.0,1259.0,2,2
52556,2024-07-11,1,08:42:00,17:18:00,8.6,8,17,522.0,1038.0,1,1
52556,2024-07-12,3,08:39:00,19:17:00,10.633333333333333,8,19,519.0,1157.0,1,1
52556,2024-07-13,3,08:57:00,17:47:00,8.833333333333334,8,17,537.0,1067.0,1,1
52556,2024-07-14,6,08:35:00,17:18:00,8.716666666666667,8,17,515.0,1038.0,1,1
52556,2024-07-15,6,08:42:00,17:34:00,8.866666666666667,8,17,522.0,1054.0,1,1
52556,2024-07-20,0,12:48:00,17:29:00,4.683333333333334,12,17,768.0,1049.0,4,4
52556,2024-07-21,0,08:44:00,17:14:00,8.5,8,17,524.0,1034.0,1,1
52556,2024-07-22,1,08:40:00,17:18:00,8.633333333333333,8,17,520.0,1038.0,1,1
52556,2024-07-23,1,08:23:00,17:05:00,8.7,8,17,503.0,1025.0,1,1
52556,2024-07-24,2,08:23:00,17:00:00,8.616666666666667,8,17,503.0,1020.0,1,1
52556,2024-07-26,2,09:03:00,23:19:00,14.266666666666667,9,23,543.0,1399.0,2,2
52556,2024-07-27,3,08:39:00,18:15:00,9.6,8,18,519.0,1095.0,1,1
52556,2024-07-28,3,08:32:00,20:38:00,12.1,8,20,512.0,1238.0,2,2
52556,2024-07-29,0,08:40:00,13:34:00,4.9,8,13,520.0,814.0,0,0
52556,2024-08-01,0,12:30:00,17:19:00,4.816666666666666,12,17,750.0,1039.0,4,4
52556,2024-08-02,1,08:39:00,20:43:00,12.066666666666666,8,20,519.0,1243.0,2,2
52556,2024-08-03,1,08:45:00,17:12:00,8.45,8,17,525.0,1032.0,1,1
52556,2024-08-04,2,08:43:00,17:38:00,8.916666666666666,8,17,523.0,1058.0,1,1
52557,2024-06-02,2,11:00:00,19:56:00,8.933333333333334,11,19,660.0,1196.0,4,4
52557,2024-06-04,3,09:50:00,18:21:00,8.516666666666667,9,18,590.0,1101.0,1,1
52557,2024-06-05,3,09:13:00,17:09:00,7.933333333333334,9,17,553.0,1029.0,1,1
52557,2024-06-11,6,10:44:00,17:30:00,6.766666666666667,10,17,644.0,1050.0,4,4
52557,2024-06-12,6,09:29:00,21:01:00,11.533333333333331,9,21,569.0,1261.0,2,2
52557,2024-06-13,0,10:18:00,15:27:00,5.15,10,15,618.0,927.0,1,1
52557,2024-06-23,0,10:56:00,17:45:00,6.816666666666666,10,17,656.0,1065.0,4,4
52557,2024-06-24,1,09:11:00,17:44:00,8.55,9,17,551.0,1064.0,1,1
52557,2024-06-25,1,09:12:00,19:19:00,10.116666666666667,9,19,552.0,1159.0,1,1
52557,2024-06-26,2,09:12:00,21:03:00,11.85,9,21,552.0,1263.0,2,2
52557,2024-06-27,2,10:51:00,13:30:00,2.65,10,13,651.0,810.0,0,0
52557,2024-06-30,6,10:44:00,18:12:00,7.466666666666667,10,18,644.0,1092.0,4,4
52557,2024-07-01,6,09:14:00,17:32:00,8.3,9,17,554.0,1052.0,1,1
52557,2024-07-02,0,09:13:00,18:09:00,8.933333333333334,9,18,553.0,1089.0,1,1
52557,2024-07-03,0,09:14:00,17:46:00,8.533333333333333,9,17,554.0,1066.0,1,1
52557,2024-07-04,1,09:14:00,17:10:00,7.933333333333334,9,17,554.0,1030.0,1,1
52557,2024-07-07,1,10:35:00,17:33:00,6.966666666666667,10,17,635.0,1053.0,4,4
52557,2024-07-08,6,09:15:00,17:36:00,8.35,9,17,555.0,1056.0,1,1
52557,2024-07-09,6,09:00:00,18:58:00,9.966666666666669,9,18,540.0,1138.0,1,1
52557,2024-07-10,0,09:08:00,16:40:00,7.533333333333333,9,16,548.0,1000.0,1,1
52557,2024-07-14,0,11:00:00,18:51:00,7.85,11,18,660.0,1131.0,4,4
52557,2024-07-15,1,09:09:00,17:36:00,8.45,9,17,549.0,1056.0,1,1
52557,2024-07-16,1,09:08:00,15:08:00,6.0,9,15,548.0,908.0,0,0
52557,2024-07-17,2,10:58:00,19:00:00,8.033333333333333,10,19,658.0,1140.0,4,4
52557,2024-07-18,2,09:17:00,17:20:00,8.05,9,17,557.0,1040.0,1,1
52557,2024-07-21,3,11:23:00,21:08:00,9.75,11,21,683.0,1268.0,4,4
52557,2024-07-22,3,09:12:00,17:42:00,8.5,9,17,552.0,1062.0,1,1
52557,2024-07-23,1,09:10:00,19:19:00,10.15,9,19,550.0,1159.0,1,1
52557,2024-07-24,1,09:14:00,17:30:00,8.266666666666667,9,17,554.0,1050.0,1,1
52557,2024-07-29,2,10:35:00,17:51:00,7.266666666666667,10,17,635.0,1071.0,4,4
52557,2024-08-01,2,09:19:00,17:28:00,8.15,9,17,559.0,1048.0,1,1
52557,2024-08-04,0,10:51:00,19:33:00,8.7,10,19,651.0,1173.0,4,4
52558,2024-06-02,0,09:05:00,17:26:00,8.35,9,17,545.0,1046.0,1,1
52558,2024-06-03,1,09:16:00,18:15:00,8.983333333333333,9,18,556.0,1095.0,1,1
52558,2024-06-04,1,09:19:00,17:24:00,8.083333333333334,9,17,559.0,1044.0,1,1
52558,2024-06-05,2,09:11:00,18:13:00,9.033333333333331,9,18,551.0,1093.0,1,1
52558,2024-06-06,2,09:03:00,17:18:00,8.25,9,17,543.0,1038.0,1,1
52558,2024-06-09,3,09:12:00,17:23:00,8.183333333333334,9,17,552.0,1043.0,1,1
52558,2024-06-10,3,09:11:00,17:30:00,8.316666666666666,9,17,551.0,1050.0,1,1
52558,2024-06-11,5,09:10:00,17:30:00,8.333333333333334,9,17,550.0,1050.0,1,1
52558,2024-06-12,5,09:17:00,17:24:00,8.116666666666667,9,17,557.0,1044.0,1,1
52558,2024-06-13,6,08:58:00,14:32:00,5.566666666666666,8,14,538.0,872.0,0,0
52558,2024-06-23,6,08:52:00,17:35:00,8.716666666666667,8,17,532.0,1055.0,1,1
52558,2024-06-24,0,10:13:00,17:34:00,7.35,10,17,613.0,1054.0,1,1
52558,2024-06-25,0,08:50:00,17:46:00,8.933333333333334,8,17,530.0,1066.0,1,1
52558,2024-06-26,1,08:59:00,17:29:00,8.5,8,17,539.0,1049.0,1,1
52558,2024-06-27,1,09:04:00,17:35:00,8.516666666666667,9,17,544.0,1055.0,1,1
52558,2024-06-30,2,09:08:00,16:32:00,7.4,9,16,548.0,992.0,1,1
52558,2024-07-01,2,08:51:00,17:27:00,8.6,8,17,531.0,1047.0,1,1
52558,2024-07-02,3,08:46:00,17:18:00,8.533333333333333,8,17,526.0,1038.0,1,1
52558,2024-07-04,3,09:20:00,17:30:00,8.166666666666666,9,17,560.0,1050.0,1,1
52558,2024-07-07,5,09:08:00,17:28:00,8.333333333333334,9,17,548.0,1048.0,1,1
52558,2024-07-08,5,08:59:00,17:35:00,8.6,8,17,539.0,1055.0,1,1
52558,2024-07-09,6,09:02:00,17:23:00,8.35,9,17,542.0,1043.0,1,1
52558,2024-07-14,6,08:57:00,17:38:00,8.683333333333334,8,17,537.0,1058.0,1,1
52558,2024-07-15,0,09:03:00,17:39:00,8.6,9,17,543.0,1059.0,1,1
52558,2024-07-16,0,09:09:00,17:30:00,8.35,9,17,549.0,1050.0,1,1
52558,2024-07-17,1,09:13:00,17:22:00,8.15,9,17,553.0,1042.0,1,1
52558,2024-07-18,1,09:07:00,17:30:00,8.383333333333333,9,17,547.0,1050.0,1,1
52558,2024-07-21,5,09:11:00,17:32:00,8.35,9,17,551.0,1052.0,1,1
52558,2024-07-22,5,08:59:00,17:07:00,8.133333333333333,8,17,539.0,1027.0,1,1
52558,2024-07-23,6,09:05:00,17:48:00,8.716666666666667,9,17,545.0,1068.0,1,1
52558,2024-07-24,6,09:20:00,17:59:00,8.65,9,17,560.0,1079.0,1,1
52558,2024-07-28,0,09:19:00,17:40:00,8.35,9,17,559.0,1060.0,1,1
52558,2024-07-29,0,08:58:00,17:43:00,8.75,8,17,538.0,1063.0,1,1
52558,2024-07-30,1,10:01:00,17:44:00,7.716666666666667,10,17,601.0,1064.0,1,1
52558,2024-07-31,1,09:04:00,17:28:00,8.4,9,17,544.0,1048.0,1,1
52558,2024-08-01,2,09:14:00,17:36:00,8.366666666666667,9,17,554.0,1056.0,1,1
52558,2024-08-04,2,10:01:00,17:31:00,7.5,10,17,601.0,1051.0,1,1
52558,2024-08-05,3,09:05:00,17:15:00,8.166666666666666,9,17,545.0,1035.0,1,1
52559,2024-06-22,3,18:55:00,21:38:00,2.716666666666667,18,21,1135.0,1298.0,4,4
52559,2024-06-23,5,08:02:00,19:01:00,10.983333333333333,8,19,482.0,1141.0,1,1
52559,2024-06-24,5,07:35:00,21:27:00,13.866666666666667,7,21,455.0,1287.0,2,2
52559,2024-06-25,6,07:56:00,20:02:00,12.1,7,20,476.0,1202.0,2,2
52559,2024-06-26,6,07:58:00,18:13:00,10.25,7,18,478.0,1093.0,1,1
52559,2024-06-27,0,07:36:00,16:13:00,8.616666666666667,7,16,456.0,973.0,1,1
52559,2024-06-29,0,08:45:00,22:32:00,13.783333333333331,8,22,525.0,1352.0,2,2
52559,2024-06-30,1,07:35:00,17:00:00,9.416666666666666,7,17,455.0,1020.0,1,1
52559,2024-07-01,1,08:08:00,17:43:00,9.583333333333334,8,17,488.0,1063.0,1,1
52559,2024-07-02,2,07:41:00,17:23:00,9.7,7,17,461.0,1043.0,1,1
52559,2024-07-03,2,08:58:00,17:20:00,8.366666666666667,8,17,538.0,1040.0,1,1
52559,2024-07-04,3,07:27:00,13:42:00,6.25,7,13,447.0,822.0,0,0
52559,2024-07-06,3,08:22:00,17:02:00,8.666666666666666,8,17,502.0,1022.0,1,1
52559,2024-07-07,5,07:51:00,21:04:00,13.216666666666669,7,21,471.0,1264.0,2,2
52559,2024-07-08,5,07:34:00,22:49:00,15.25,7,22,454.0,1369.0,2,2
52559,2024-07-09,6,07:33:00,19:49:00,12.266666666666667,7,19,453.0,1189.0,2,2
52559,2024-07-10,6,07:31:00,17:18:00,9.783333333333331,7,17,451.0,1038.0,1,1
52559,2024-07-11,0,07:39:00,13:33:00,5.9,7,13,459.0,813.0,0,0
52559,2024-07-13,0,08:13:00,17:00:00,8.783333333333333,8,17,493.0,1020.0,1,1
52559,2024-07-14,1,07:44:00,17:29:00,9.75,7,17,464.0,1049.0,1,1
52559,2024-07-15,1,07:28:00,19:22:00,11.9,7,19,448.0,1162.0,1,1
52559,2024-07-16,2,07:30:00,17:31:00,10.016666666666667,7,17,450.0,1051.0,1,1
52559,2024-07-17,2,07:32:00,17:05:00,9.55,7,17,452.0,1025.0,1,1
52559,2024-07-18,5,07:17:00,14:09:00,6.866666666666666,7,14,437.0,849.0,0,0
52559,2024-07-20,5,08:47:00,19:44:00,10.95,8,19,527.0,1184.0,1,1
52559,2024-07-21,0,07:30:00,17:46:00,10.266666666666667,7,17,450.0,1066.0,1,1
52559,2024-07-22,0,08:21:00,18:16:00,9.916666666666666,8,18,501.0,1096.0,1,1
52559,2024-07-23,1,07:33:00,20:29:00,12.933333333333334,7,20,453.0,1229.0,2,2
52559,2024-07-24,1,07:59:00,18:28:00,10.483333333333333,7,18,479.0,1108.0,1,1
52559,2024-07-25,2,07:42:00,14:28:00,6.766666666666667,7,14,462.0,868.0,0,0
52559,2024-07-27,2,08:55:00,18:26:00,9.516666666666667,8,18,535.0,1106.0,1,1
52559,2024-07-28,3,07:48:00,18:34:00,10.766666666666667,7,18,468.0,1114.0,1,1
52559,2024-07-29,3,07:35:00,19:47:00,12.2,7,19,455.0,1187.0,2,2
52559,2024-07-30,5,07:42:00,19:03:00,11.35,7,19,462.0,1143.0,1,1
52559,2024-07-31,5,07:48:00,17:12:00,9.4,7,17,468.0,1032.0,1,1
52559,2024-08-01,6,07:42:00,13:17:00,5.583333333333333,7,13,462.0,797.0,0,0
52559,2024-08-03,6,08:59:00,19:23:00,10.4,8,19,539.0,1163.0,1,1
52559,2024-08-04,0,07:44:00,20:47:00,13.05,7,20,464.0,1247.0,2,2
52559,2024-08-05,0,07:46:00,18:51:00,11.083333333333334,7,18,466.0,1131.0,1,1
52560,2024-06-01,3,08:41:00,16:57:00,8.266666666666667,8,16,521.0,1017.0,1,1
52560,2024-06-02,3,08:13:00,19:56:00,11.716666666666669,8,19,493.0,1196.0,2,2
52560,2024-06-03,4,08:09:00,21:08:00,12.983333333333333,8,21,489.0,1268.0,2,2
52560,2024-06-04,4,07:55:00,21:59:00,14.066666666666666,7,21,475.0,1319.0,2,2
52560,2024-06-05,5,07:58:00,20:47:00,12.816666666666666,7,20,478.0,1247.0,2,2
52560,2024-06-06,5,07:37:00,20:55:00,13.3,7,20,457.0,1255.0,2,2
52560,2024-06-08,3,08:39:00,19:51:00,11.2,8,19,519.0,1191.0,2,2
52560,2024-06-09,3,07:42:00,21:06:00,13.4,7,21,462.0,1266.0,2,2
52560,2024-06-10,4,08:12:00,20:22:00,12.166666666666666,8,20,492.0,1222.0,2,2
52560,2024-06-11,4,08:01:00,22:57:00,14.933333333333334,8,22,481.0,1377.0,2,2
52560,2024-06-12,5,08:08:00,21:04:00,12.933333333333334,8,21,488.0,1264.0,2,2
52560,2024-06-13,5,08:27:00,17:32:00,9.083333333333334,8,17,507.0,1052.0,1,1
52560,2024-06-23,6,07:45:00,19:29:00,11.733333333333333,7,19,465.0,1169.0,1,1
52560,2024-06-24,6,08:02:00,23:17:00,15.25,8,23,482.0,1397.0,2,2
52560,2024-06-25,0,07:40:00,21:45:00,14.083333333333334,7,21,460.0,1305.0,2,2
52560,2024-06-26,0,08:04:00,21:30:00,13.433333333333334,8,21,484.0,1290.0,2,2
52560,2024-06-27,1,07:59:00,21:11:00,13.2,7,21,479.0,1271.0,2,2
52560,2024-06-29,1,09:10:00,19:17:00,10.116666666666667,9,19,550.0,1157.0,1,1
52560,2024-06-30,2,07:27:00,18:18:00,10.85,7,18,447.0,1098.0,1,1
52560,2024-07-01,2,08:11:00,22:30:00,14.316666666666666,8,22,491.0,1350.0,2,2
52560,2024-07-02,4,07:55:00,22:26:00,14.516666666666667,7,22,475.0,1346.0,2,2
52560,2024-07-03,4,08:11:00,23:37:00,15.433333333333334,8,23,491.0,1417.0,2,2
52560,2024-07-04,5,07:49:00,17:30:00,9.683333333333334,7,17,469.0,1050.0,1,1
52560,2024-07-06,5,08:50:00,20:36:00,11.766666666666667,8,20,530.0,1236.0,2,2
52560,2024-07-07,6,07:57:00,22:29:00,14.533333333333331,7,22,477.0,1349.0,2,2
52560,2024-07-08,6,08:04:00,21:10:00,13.1,8,21,484.0,1270.0,2,2
52560,2024-07-09,0,07:41:00,22:44:00,15.05,7,22,461.0,1364.0,2,2
52560,2024-07-10,0,08:12:00,17:30:00,9.3,8,17,492.0,1050.0,1,1
52560,2024-07-13,1,08:07:00,17:44:00,9.616666666666667,8,17,487.0,1064.0,1,1
52560,2024-07-14,1,07:57:00,22:44:00,14.783333333333331,7,22,477.0,1364.0,2,2
52560,2024-07-15,2,08:02:00,21:16:00,13.233333333333333,8,21,482.0,1276.0,2,2
52560,2024-07-16,2,07:53:00,20:21:00,12.466666666666669,7,20,473.0,1221.0,2,2
52560,2024-07-17,3,08:02:00,22:39:00,14.616666666666667,8,22,482.0,1359.0,2,2
52560,2024-07-18,3,09:00:00,22:43:00,13.716666666666669,9,22,540.0,1363.0,2,2
52560,2024-07-20,4,08:20:00,18:03:00,9.716666666666669,8,18,500.0,1083.0,1,1
52560,2024-07-21,4,07:45:00,22:40:00,14.916666666666666,7,22,465.0,1360.0,2,2
52560,2024-07-22,5,07:55:00,20:42:00,12.783333333333331,7,20,475.0,1242.0,2,2
52560,2024-07-23,5,07:59:00,21:49:00,13.833333333333334,7,21,479.0,1309.0,2,2
52560,2024-07-24,6,08:08:00,23:46:00,15.633333333333333,8,23,488.0,1426.0,2,2
52560,2024-07-27,6,08:03:00,18:24:00,10.35,8,18,483.0,1104.0,1,1
52560,2024-07-28,0,08:01:00,22:33:00,14.533333333333331,8,22,481.0,1353.0,2,2
52560,2024-07-29,0,07:47:00,22:02:00,14.25,7,22,467.0,1322.0,2,2
52560,2024-07-30,1,08:01:00,17:30:00,9.483333333333333,8,17,481.0,1050.0,1,1
52560,2024-07-31,1,08:54:00,22:32:00,13.633333333333333,8,22,534.0,1352.0,2,2
52560,2024-08-01,2,09:00:00,21:35:00,12.583333333333334,9,21,540.0,1295.0,2,2
52560,2024-08-03,2,08:29:00,17:43:00,9.233333333333333,8,17,509.0,1063.0,1,1
52560,2024-08-04,3,07:51:00,22:14:00,14.383333333333333,7,22,471.0,1334.0,2,2
52562,2024-06-22,3,09:04:00,16:48:00,7.733333333333333,9,16,544.0,1008.0,1,1
52562,2024-06-23,4,08:41:00,16:56:00,8.25,8,16,521.0,1016.0,1,1
52562,2024-06-24,4,08:37:00,17:07:00,8.5,8,17,517.0,1027.0,1,1
52562,2024-06-25,5,09:05:00,17:04:00,7.983333333333333,9,17,545.0,1024.0,1,1
52562,2024-06-26,5,08:50:00,17:08:00,8.3,8,17,530.0,1028.0,1,1
52562,2024-06-27,0,08:55:00,12:02:00,3.1166666666666667,8,12,535.0,722.0,0,0
52562,2024-06-29,0,08:48:00,16:59:00,8.183333333333334,8,16,528.0,1019.0,1,1
52562,2024-07-01,5,08:47:00,17:10:00,8.383333333333333,8,17,527.0,1030.0,1,1
52562,2024-07-02,5,08:59:00,16:51:00,7.866666666666666,8,16,539.0,1011.0,1,1
52562,2024-07-03,6,08:30:00,17:13:00,8.716666666666667,8,17,510.0,1033.0,1,1
52562,2024-07-04,6,08:48:00,12:06:00,3.3,8,12,528.0,726.0,0,0
52562,2024-07-06,0,08:26:00,16:52:00,8.433333333333334,8,16,506.0,1012.0,1,1
52562,2024-07-07,0,08:41:00,16:53:00,8.2,8,16,521.0,1013.0,1,1
52562,2024-07-08,1,08:34:00,16:48:00,8.233333333333333,8,16,514.0,1008.0,1,1
52562,2024-07-09,1,09:07:00,17:07:00,8.0,9,17,547.0,1027.0,1,1
52562,2024-07-10,2,09:29:00,17:07:00,7.633333333333334,9,17,569.0,1027.0,1,1
52562,2024-07-13,2,09:06:00,17:00:00,7.9,9,17,546.0,1020.0,1,1
52562,2024-07-14,3,08:58:00,16:50:00,7.866666666666666,8,16,538.0,1010.0,1,1
52562,2024-07-15,3,08:49:00,17:06:00,8.283333333333333,8,17,529.0,1026.0,1,1
52562,2024-07-16,5,08:41:00,17:14:00,8.55,8,17,521.0,1034.0,1,1
52562,2024-07-17,5,09:01:00,16:55:00,7.9,9,16,541.0,1015.0,1,1
52562,2024-07-18,6,08:45:00,12:59:00,4.233333333333333,8,12,525.0,779.0,0,0
52562,2024-07-20,6,08:50:00,17:14:00,8.4,8,17,530.0,1034.0,1,1
52562,2024-07-21,0,09:21:00,16:50:00,7.483333333333333,9,16,561.0,1010.0,1,1
52562,2024-07-22,0,08:53:00,17:11:00,8.3,8,17,533.0,1031.0,1,1
52562,2024-07-23,1,08:51:00,16:57:00,8.1,8,16,531.0,1017.0,1,1
52562,2024-07-24,1,09:10:00,16:28:00,7.3,9,16,550.0,988.0,1,1
52562,2024-07-27,2,09:10:00,17:16:00,8.1,9,17,550.0,1036.0,1,1
52562,2024-07-28,2,08:49:00,17:13:00,8.4,8,17,529.0,1033.0,1,1
52562,2024-07-29,3,09:06:00,17:12:00,8.1,9,17,546.0,1032.0,1,1
52562,2024-07-30,3,08:59:00,17:30:00,8.516666666666667,8,17,539.0,1050.0,1,1
52562,2024-07-31,5,08:54:00,17:20:00,8.433333333333334,8,17,534.0,1040.0,1,1
52562,2024-08-01,5,08:51:00,12:46:00,3.9166666666666665,8,12,531.0,766.0,0,0
52562,2024-08-03,6,09:07:00,17:08:00,8.016666666666667,9,17,547.0,1028.0,1,1
52562,2024-08-04,6,09:11:00,17:05:00,7.9,9,17,551.0,1025.0,1,1
52563,2024-06-24,0,08:54:00,17:23:00,8.483333333333333,8,17,534.0,1043.0,1,1
52563,2024-06-25,0,08:26:00,19:35:00,11.15,8,19,506.0,1175.0,1,1
52563,2024-06-26,1,08:57:00,17:17:00,8.333333333333334,8,17,537.0,1037.0,1,1
52563,2024-06-27,1,08:31:00,17:17:00,8.766666666666667,8,17,511.0,1037.0,1,1
52563,2024-06-28,2,08:33:00,19:29:00,10.933333333333334,8,19,513.0,1169.0,1,1
52563,2024-06-29,2,08:35:00,17:00:00,8.416666666666666,8,17,515.0,1020.0,1,1
52563,2024-06-30,3,08:32:00,17:20:00,8.8,8,17,512.0,1040.0,1,1
52563,2024-07-01,3,08:31:00,17:29:00,8.966666666666667,8,17,511.0,1049.0,1,1
52563,2024-07-02,5,08:30:00,17:27:00,8.95,8,17,510.0,1047.0,1,1
52563,2024-07-06,5,09:27:00,16:38:00,7.183333333333334,9,16,567.0,998.0,1,1
52563,2024-07-07,6,08:14:00,17:45:00,9.516666666666667,8,17,494.0,1065.0,1,1
52563,2024-07-08,6,08:35:00,17:01:00,8.433333333333334,8,17,515.0,1021.0,1,1
52563,2024-07-09,0,08:36:00,17:00:00,8.4,8,17,516.0,1020.0,1,1
52563,2024-07-10,0,08:28:00,17:38:00,9.166666666666666,8,17,508.0,1058.0,1,1
52563,2024-07-11,1,08:42:00,12:16:00,3.566666666666667,8,12,522.0,736.0,0,0
52563,2024-07-14,1,09:47:00,17:01:00,7.233333333333333,9,17,587.0,1021.0,1,1
52563,2024-07-15,2,08:16:00,17:00:00,8.733333333333333,8,17,496.0,1020.0,1,1
52563,2024-07-16,2,08:12:00,17:58:00,9.766666666666667,8,17,492.0,1078.0,1,1
52563,2024-07-17,3,08:43:00,17:06:00,8.383333333333333,8,17,523.0,1026.0,1,1
52563,2024-07-18,3,08:25:00,12:31:00,4.1,8,12,505.0,751.0,0,0
52563,2024-07-20,5,10:15:00,17:15:00,7.0,10,17,615.0,1035.0,1,1
52563,2024-07-21,5,08:52:00,17:23:00,8.516666666666667,8,17,532.0,1043.0,1,1
52563,2024-07-22,6,08:24:00,17:23:00,8.983333333333333,8,17,504.0,1043.0,1,1
52563,2024-07-23,6,07:57:00,17:16:00,9.316666666666666,7,17,477.0,1036.0,1,1
52563,2024-07-24,0,08:15:00,16:55:00,8.666666666666666,8,16,495.0,1015.0,1,1
52563,2024-07-25,0,08:00:00,17:29:00,9.483333333333333,8,17,480.0,1049.0,1,1
52563,2024-07-26,1,07:46:00,17:23:00,9.616666666666667,7,17,466.0,1043.0,1,1
52563,2024-07-27,1,08:10:00,17:02:00,8.866666666666667,8,17,490.0,1022.0,1,1
52563,2024-07-28,2,08:35:00,17:07:00,8.533333333333333,8,17,515.0,1027.0,1,1
52563,2024-07-29,2,08:34:00,17:07:00,8.55,8,17,514.0,1027.0,1,1
52563,2024-07-30,3,08:40:00,15:31:00,6.85,8,15,520.0,931.0,1,1
52564,2024-06-01,3,09:00:00,16:06:00,7.1,9,16,540.0,966.0,1,1
52564,2024-06-02,5,09:16:00,17:26:00,8.166666666666666,9,17,556.0,1046.0,1,1
52564,2024-06-03,5,09:13:00,17:42:00,8.483333333333333,9,17,553.0,1062.0,1,1
52564,2024-06-04,6,09:00:00,17:25:00,8.416666666666666,9,17,540.0,1045.0,1,1
52564,2024-06-05,6,09:00:00,17:30:00,8.5,9,17,540.0,1050.0,1,1
52564,2024-06-06,0,09:00:00,16:55:00,7.916666666666667,9,16,540.0,1015.0,1,1
52564,2024-06-09,0,09:00:00,17:30:00,8.5,9,17,540.0,1050.0,1,1
52564,2024-06-10,1,09:00:00,17:08:00,8.133333333333333,9,17,540.0,1028.0,1,1
52564,2024-06-11,1,09:00:00,15:01:00,6.016666666666667,9,15,540.0,901.0,0,0
52564,2024-06-12,2,09:00:00,17:29:00,8.483333333333333,9,17,540.0,1049.0,1,1
52564,2024-06-13,2,09:29:00,17:30:00,8.016666666666667,9,17,569.0,1050.0,1,1
52564,2024-06-23,3,09:08:00,17:36:00,8.466666666666667,9,17,548.0,1056.0,1,1
52564,2024-06-24,3,09:12:00,17:34:00,8.366666666666667,9,17,552.0,1054.0,1,1
52564,2024-06-25,5,09:14:00,18:13:00,8.983333333333333,9,18,554.0,1093.0,1,1
52564,2024-06-26,5,09:17:00,17:30:00,8.216666666666667,9,17,557.0,1050.0,1,1
52564,2024-06-29,6,11:19:00,17:31:00,6.2,11,17,679.0,1051.0,4,4
52564,2024-07-01,6,09:09:00,17:33:00,8.4,9,17,549.0,1053.0,1,1
52564,2024-07-02,0,09:22:00,17:33:00,8.183333333333334,9,17,562.0,1053.0,1,1
52564,2024-07-03,0,11:17:00,17:31:00,6.233333333333333,11,17,677.0,1051.0,4,4
52564,2024-07-04,0,09:40:00,17:31:00,7.85,9,17,580.0,1051.0,1,1
52564,2024-07-07,0,11:10:00,17:31:00,6.35,11,17,670.0,1051.0,4,4
52564,2024-07-08,1,09:10:00,17:32:00,8.366666666666667,9,17,550.0,1052.0,1,1
52564,2024-07-09,1,11:06:00,17:33:00,6.45,11,17,666.0,1053.0,4,4
52564,2024-07-10,2,09:13:00,17:30:00,8.283333333333333,9,17,553.0,1050.0,1,1
52564,2024-07-14,2,08:45:00,17:29:00,8.733333333333333,8,17,525.0,1049.0,1,1
52564,2024-07-15,0,09:26:00,17:30:00,8.066666666666666,9,17,566.0,1050.0,1,1
52564,2024-07-16,0,09:20:00,17:30:00,8.166666666666666,9,17,560.0,1050.0,1,1
52564,2024-07-18,1,09:07:00,17:32:00,8.416666666666666,9,17,547.0,1052.0,1,1
52564,2024-07-21,1,09:10:00,17:34:00,8.4,9,17,550.0,1054.0,1,1
52564,2024-07-22,2,09:13:00,16:15:00,7.033333333333333,9,16,553.0,975.0,1,1
52564,2024-07-24,2,09:19:00,17:31:00,8.2,9,17,559.0,1051.0,1,1
52564,2024-07-28,3,11:04:00,17:32:00,6.466666666666667,11,17,664.0,1052.0,4,4
52564,2024-07-29,3,09:20:00,17:32:00,8.2,9,17,560.0,1052.0,1,1
52564,2024-07-30,5,09:12:00,17:33:00,8.35,9,17,552.0,1053.0,1,1
52564,2024-07-31,5,09:14:00,17:38:00,8.4,9,17,554.0,1058.0,1,1
52564,2024-08-01,6,09:55:00,15:31:00,5.6,9,15,595.0,931.0,1,1
52564,2024-08-04,6,09:53:00,17:31:00,7.633333333333334,9,17,593.0,1051.0,1,1
52564,2024-08-05,0,09:13:00,17:31:00,8.3,9,17,553.0,1051.0,1,1
52565,2024-06-22,0,08:27:00,17:00:00,8.55,8,17,507.0,1020.0,1,1
52565,2024-06-23,1,08:15:00,17:03:00,8.8,8,17,495.0,1023.0,1,1
52565,2024-06-24,1,08:23:00,17:00:00,8.616666666666667,8,17,503.0,1020.0,1,1
52565,2024-06-25,2,08:15:00,17:02:00,8.783333333333333,8,17,495.0,1022.0,1,1
52565,2024-06-26,2,07:14:00,17:02:00,9.8,7,17,434.0,1022.0,1,1
52565,2024-06-27,3,08:18:00,20:35:00,12.283333333333331,8,20,498.0,1235.0,2,2
52565,2024-06-28,3,01:51:00,03:06:00,1.25,1,3,111.0,186.0,0,0
52565,2024-07-01,4,08:12:00,17:05:00,8.883333333333333,8,17,492.0,1025.0,1,1
52565,2024-07-02,4,08:36:00,17:05:00,8.483333333333333,8,17,516.0,1025.0,1,1
52565,2024-07-03,5,08:03:00,17:02:00,8.983333333333333,8,17,483.0,1022.0,1,1
52565,2024-07-04,5,07:51:00,17:00:00,9.15,7,17,471.0,1020.0,1,1
52565,2024-07-06,5,08:17:00,17:00:00,8.716666666666667,8,17,497.0,1020.0,1,1
52565,2024-07-07,5,07:54:00,17:09:00,9.25,7,17,474.0,1029.0,1,1
52565,2024-07-08,6,06:50:00,15:56:00,9.1,6,15,410.0,956.0,1,1
52565,2024-07-09,6,07:54:00,17:04:00,9.166666666666666,7,17,474.0,1024.0,1,1
52565,2024-07-10,0,08:02:00,17:06:00,9.066666666666666,8,17,482.0,1026.0,1,1
52565,2024-07-13,0,08:12:00,17:47:00,9.583333333333334,8,17,492.0,1067.0,1,1
52565,2024-07-14,1,08:35:00,17:18:00,8.716666666666667,8,17,515.0,1038.0,1,1
52565,2024-07-15,1,08:43:00,17:34:00,8.85,8,17,523.0,1054.0,1,1
52565,2024-07-16,2,08:34:00,17:32:00,8.966666666666667,8,17,514.0,1052.0,1,1
52565,2024-07-17,2,08:42:00,17:19:00,8.616666666666667,8,17,522.0,1039.0,1,1
52565,2024-07-18,5,08:32:00,18:23:00,9.85,8,18,512.0,1103.0,1,1
52565,2024-07-19,5,08:06:00,12:42:00,4.6,8,12,486.0,762.0,0,0
52565,2024-07-23,0,08:44:00,17:14:00,8.5,8,17,524.0,1034.0,1,1
52565,2024-07-24,0,08:03:00,17:10:00,9.116666666666667,8,17,483.0,1030.0,1,1
52565,2024-07-25,1,07:39:00,12:34:00,4.916666666666667,7,12,459.0,754.0,0,0
52565,2024-07-27,1,16:16:00,17:00:00,0.7333333333333333,16,17,976.0,1020.0,4,4
52565,2024-07-28,2,08:22:00,23:59:00,15.616666666666667,8,23,502.0,1439.0,2,2
52565,2024-07-29,2,00:01:00,23:59:00,23.966666666666665,0,23,1.0,1439.0,3,3
52565,2024-07-30,3,00:01:00,23:58:00,23.95,0,23,1.0,1438.0,3,3
52565,2024-07-31,3,00:01:00,23:58:00,23.95,0,23,1.0,1438.0,3,3
52565,2024-08-01,5,00:01:00,23:59:00,23.966666666666665,0,23,1.0,1439.0,3,3
52565,2024-08-02,5,00:02:00,23:59:00,23.95,0,23,2.0,1439.0,3,3
52565,2024-08-03,0,00:01:00,23:58:00,23.95,0,23,1.0,1438.0,3,3
52565,2024-08-04,0,00:01:00,23:59:00,23.966666666666665,0,23,1.0,1439.0,3,3
52565,2024-08-05,6,00:01:00,08:03:00,8.033333333333333,0,8,1.0,483.0,0,0
52566,2024-06-22,6,08:21:00,17:04:00,8.716666666666667,8,17,501.0,1024.0,1,1
52566,2024-06-23,0,07:47:00,17:09:00,9.366666666666667,7,17,467.0,1029.0,1,1
52566,2024-06-24,0,07:50:00,17:05:00,9.25,7,17,470.0,1025.0,1,1
52566,2024-06-25,1,07:42:00,17:05:00,9.383333333333333,7,17,462.0,1025.0,1,1
52566,2024-06-26,1,07:49:00,17:06:00,9.283333333333331,7,17,469.0,1026.0,1,1
52566,2024-06-27,2,07:50:00,17:04:00,9.233333333333333,7,17,470.0,1024.0,1,1
52566,2024-06-28,2,07:38:00,17:01:00,9.383333333333333,7,17,458.0,1021.0,1,1
52566,2024-06-29,3,07:55:00,17:03:00,9.133333333333333,7,17,475.0,1023.0,1,1
52566,2024-06-30,3,07:50:00,17:03:00,9.216666666666669,7,17,470.0,1023.0,1,1
52566,2024-07-01,6,07:49:00,17:05:00,9.266666666666667,7,17,469.0,1025.0,1,1
52566,2024-07-02,6,07:53:00,17:03:00,9.166666666666666,7,17,473.0,1023.0,1,1
52566,2024-07-03,0,08:09:00,17:03:00,8.9,8,17,489.0,1023.0,1,1
52566,2024-07-04,0,07:59:00,17:03:00,9.066666666666666,7,17,479.0,1023.0,1,1
52566,2024-07-05,1,07:58:00,17:04:00,9.1,7,17,478.0,1024.0,1,1
52566,2024-07-06,1,07:59:00,17:06:00,9.116666666666667,7,17,479.0,1026.0,1,1
52566,2024-07-07,2,07:51:00,17:03:00,9.2,7,17,471.0,1023.0,1,1
52566,2024-07-08,2,07:59:00,17:04:00,9.083333333333334,7,17,479.0,1024.0,1,1
52566,2024-07-09,3,07:53:00,17:04:00,9.183333333333334,7,17,473.0,1024.0,1,1
52566,2024-07-10,3,07:53:00,17:03:00,9.166666666666666,7,17,473.0,1023.0,1,1
52566,2024-07-11,0,07:47:00,17:14:00,9.45,7,17,467.0,1034.0,1,1
52566,2024-07-12,0,07:51:00,17:26:00,9.583333333333334,7,17,471.0,1046.0,1,1
52566,2024-07-13,1,07:53:00,17:06:00,9.216666666666669,7,17,473.0,1026.0,1,1
52566,2024-07-14,1,07:54:00,15:02:00,7.133333333333334,7,15,474.0,902.0,0,0
52566,2024-07-22,2,08:33:00,17:02:00,8.483333333333333,8,17,513.0,1022.0,1,1
52566,2024-07-23,2,07:54:00,17:03:00,9.15,7,17,474.0,1023.0,1,1
52566,2024-07-24,3,07:57:00,17:03:00,9.1,7,17,477.0,1023.0,1,1
52566,2024-07-25,3,07:51:00,17:02:00,9.183333333333334,7,17,471.0,1022.0,1,1
52566,2024-07-26,0,07:59:00,17:02:00,9.05,7,17,479.0,1022.0,1,1
52566,2024-07-27,0,07:47:00,17:07:00,9.333333333333334,7,17,467.0,1027.0,1,1
52566,2024-07-28,1,07:54:00,17:08:00,9.233333333333333,7,17,474.0,1028.0,1,1
52566,2024-07-29,1,07:38:00,17:02:00,9.4,7,17,458.0,1022.0,1,1
52566,2024-07-30,2,07:47:00,17:04:00,9.283333333333331,7,17,467.0,1024.0,1,1
52566,2024-07-31,2,07:41:00,17:09:00,9.466666666666669,7,17,461.0,1029.0,1,1
52566,2024-08-01,3,07:46:00,17:15:00,9.483333333333333,7,17,466.0,1035.0,1,1
52566,2024-08-02,3,07:56:00,17:04:00,9.133333333333333,7,17,476.0,1024.0,1,1
52566,2024-08-03,6,07:45:00,17:06:00,9.35,7,17,465.0,1026.0,1,1
52566,2024-08-04,6,07:41:00,17:02:00,9.35,7,17,461.0,1022.0,1,1
52566,2024-08-05,0,07:47:00,17:55:00,10.133333333333333,7,17,467.0,1075.0,1,1
52567,2024-06-02,0,09:15:00,18:12:00,8.95,9,18,555.0,1092.0,1,1
52567,2024-06-03,1,09:10:00,20:58:00,11.8,9,20,550.0,1258.0,2,2
52567,2024-06-04,1,11:13:00,18:57:00,7.733333333333333,11,18,673.0,1137.0,4,4
52567,2024-06-05,2,10:31:00,18:49:00,8.3,10,18,631.0,1129.0,4,4
52567,2024-06-06,2,09:33:00,17:44:00,8.183333333333334,9,17,573.0,1064.0,1,1
52567,2024-06-23,6,10:45:00,18:49:00,8.066666666666666,10,18,645.0,1129.0,4,4
52567,2024-06-24,6,10:25:00,18:50:00,8.416666666666666,10,18,625.0,1130.0,4,4
52567,2024-06-25,0,10:38:00,18:53:00,8.25,10,18,638.0,1133.0,4,4
52567,2024-06-26,0,09:52:00,17:57:00,8.083333333333334,9,17,592.0,1077.0,1,1
52567,2024-06-27,2,09:28:00,19:29:00,10.016666666666667,9,19,568.0,1169.0,1,1
52567,2024-06-29,2,10:00:00,18:59:00,8.983333333333333,10,18,600.0,1139.0,1,1
52567,2024-06-30,3,10:17:00,18:17:00,8.0,10,18,617.0,1097.0,4,4
52567,2024-07-01,3,09:16:00,17:50:00,8.566666666666666,9,17,556.0,1070.0,1,1
52567,2024-07-02,6,09:56:00,18:04:00,8.133333333333333,9,18,596.0,1084.0,1,1
52567,2024-07-03,6,10:05:00,18:43:00,8.633333333333333,10,18,605.0,1123.0,1,1
52567,2024-07-04,0,10:30:00,19:41:00,9.183333333333334,10,19,630.0,1181.0,4,4
52567,2024-07-07,0,10:06:00,18:13:00,8.116666666666667,10,18,606.0,1093.0,1,1
52567,2024-07-08,1,09:49:00,18:42:00,8.883333333333333,9,18,589.0,1122.0,1,1
52567,2024-07-09,1,09:54:00,19:35:00,9.683333333333334,9,19,594.0,1175.0,1,1
52567,2024-07-10,2,10:07:00,19:17:00,9.166666666666666,10,19,607.0,1157.0,4,4
52567,2024-07-14,2,11:01:00,19:35:00,8.566666666666666,11,19,661.0,1175.0,4,4
52567,2024-07-15,6,10:16:00,18:18:00,8.033333333333333,10,18,616.0,1098.0,4,4
52567,2024-07-16,6,10:00:00,18:01:00,8.016666666666667,10,18,600.0,1081.0,1,1
52567,2024-07-17,0,09:38:00,16:07:00,6.483333333333333,9,16,578.0,967.0,1,1
52567,2024-07-18,0,09:59:00,16:44:00,6.75,9,16,599.0,1004.0,1,1
52567,2024-07-21,1,10:13:00,18:15:00,8.033333333333333,10,18,613.0,1095.0,4,4
52567,2024-07-22,1,09:57:00,18:07:00,8.166666666666666,9,18,597.0,1087.0,1,1
52567,2024-07-23,2,11:58:00,18:26:00,6.466666666666667,11,18,718.0,1106.0,4,4
52567,2024-07-24,2,10:27:00,18:43:00,8.266666666666667,10,18,627.0,1123.0,4,4
52567,2024-07-28,3,09:59:00,18:06:00,8.116666666666667,9,18,599.0,1086.0,1,1
52567,2024-07-29,3,09:55:00,17:57:00,8.033333333333333,9,17,595.0,1077.0,1,1
52567,2024-07-30,6,09:45:00,18:03:00,8.3,9,18,585.0,1083.0,1,1
52567,2024-07-31,6,10:05:00,18:30:00,8.416666666666666,10,18,605.0,1110.0,1,1
52567,2024-08-01,5,09:37:00,18:10:00,8.55,9,18,577.0,1090.0,1,1
52567,2024-08-04,5,09:55:00,17:59:00,8.066666666666666,9,17,595.0,1079.0,1,1
52567,2024-08-05,6,10:12:00,18:15:00,8.05,10,18,612.0,1095.0,4,4
52569,2024-06-01,6,08:41:00,16:30:00,7.816666666666666,8,16,521.0,990.0,1,1
52569,2024-06-03,0,08:59:00,17:45:00,8.766666666666667,8,17,539.0,1065.0,1,1
52569,2024-06-04,0,08:45:00,17:36:00,8.85,8,17,525.0,1056.0,1,1
52569,2024-06-05,1,08:34:00,17:24:00,8.833333333333334,8,17,514.0,1044.0,1,1
52569,2024-06-06,1,08:33:00,17:11:00,8.633333333333333,8,17,513.0,1031.0,1,1
52569,2024-06-09,3,08:31:00,17:32:00,9.016666666666667,8,17,511.0,1052.0,1,1
52569,2024-06-10,3,09:06:00,17:54:00,8.8,9,17,546.0,1074.0,1,1
52569,2024-06-11,6,09:00:00,17:50:00,8.833333333333334,9,17,540.0,1070.0,1,1
52569,2024-06-12,6,08:41:00,17:20:00,8.65,8,17,521.0,1040.0,1,1
52569,2024-06-13,0,09:39:00,14:32:00,4.883333333333334,9,14,579.0,872.0,0,0
52570,2024-06-01,0,11:45:00,16:39:00,4.9,11,16,705.0,999.0,4,4
52570,2024-06-02,1,09:15:00,17:27:00,8.2,9,17,555.0,1047.0,1,1
52570,2024-06-03,1,09:10:00,17:42:00,8.533333333333333,9,17,550.0,1062.0,1,1
52570,2024-06-04,2,09:21:00,17:34:00,8.216666666666667,9,17,561.0,1054.0,1,1
52570,2024-06-05,2,09:38:00,17:30:00,7.866666666666666,9,17,578.0,1050.0,1,1
52570,2024-06-06,6,09:02:00,14:50:00,5.8,9,14,542.0,890.0,0,0
52570,2024-06-09,6,08:45:00,17:32:00,8.783333333333333,8,17,525.0,1052.0,1,1
52570,2024-06-10,0,08:36:00,17:26:00,8.833333333333334,8,17,516.0,1046.0,1,1
52570,2024-06-11,0,08:45:00,17:31:00,8.766666666666667,8,17,525.0,1051.0,1,1
52570,2024-06-12,1,08:41:00,17:30:00,8.816666666666666,8,17,521.0,1050.0,1,1
52570,2024-06-13,1,08:58:00,17:26:00,8.466666666666667,8,17,538.0,1046.0,1,1
52570,2024-06-23,2,08:39:00,17:30:00,8.85,8,17,519.0,1050.0,1,1
52570,2024-06-25,2,08:40:00,17:33:00,8.883333333333333,8,17,520.0,1053.0,1,1
52570,2024-06-26,3,08:49:00,17:30:00,8.683333333333334,8,17,529.0,1050.0,1,1
52570,2024-06-27,3,08:43:00,17:30:00,8.783333333333333,8,17,523.0,1050.0,1,1
52570,2024-06-29,6,09:49:00,17:55:00,8.1,9,17,589.0,1075.0,1,1
52570,2024-06-30,6,08:48:00,17:30:00,8.7,8,17,528.0,1050.0,1,1
52570,2024-07-01,0,08:45:00,17:30:00,8.75,8,17,525.0,1050.0,1,1
52570,2024-07-02,0,08:35:00,17:30:00,8.916666666666666,8,17,515.0,1050.0,1,1
52570,2024-07-03,1,08:32:00,17:30:00,8.966666666666667,8,17,512.0,1050.0,1,1
52570,2024-07-04,1,09:00:00,17:30:00,8.5,9,17,540.0,1050.0,1,1
52570,2024-07-07,2,09:00:00,17:28:00,8.466666666666667,9,17,540.0,1048.0,1,1
52570,2024-07-09,2,08:41:00,17:30:00,8.816666666666666,8,17,521.0,1050.0,1,1
52570,2024-07-10,3,08:44:00,17:45:00,9.016666666666667,8,17,524.0,1065.0,1,1
52570,2024-07-13,3,08:33:00,16:30:00,7.95,8,16,513.0,990.0,1,1
52570,2024-07-14,6,08:35:00,17:29:00,8.9,8,17,515.0,1049.0,1,1
52570,2024-07-15,6,08:36:00,17:31:00,8.916666666666666,8,17,516.0,1051.0,1,1
52570,2024-07-16,0,08:44:00,17:30:00,8.766666666666667,8,17,524.0,1050.0,1,1
52570,2024-07-17,0,08:49:00,17:34:00,8.75,8,17,529.0,1054.0,1,1
52570,2024-07-18,1,08:36:00,15:07:00,6.516666666666667,8,15,516.0,907.0,0,0
52570,2024-07-21,1,08:40:00,17:30:00,8.833333333333334,8,17,520.0,1050.0,1,1
52570,2024-07-22,2,08:48:00,17:35:00,8.783333333333333,8,17,528.0,1055.0,1,1
52570,2024-07-23,2,08:41:00,17:30:00,8.816666666666666,8,17,521.0,1050.0,1,1
52570,2024-07-24,5,08:40:00,17:32:00,8.866666666666667,8,17,520.0,1052.0,1,1
52570,2024-07-27,5,09:01:00,17:20:00,8.316666666666666,9,17,541.0,1040.0,1,1
52570,2024-07-28,6,08:40:00,16:53:00,8.216666666666667,8,16,520.0,1013.0,1,1
52570,2024-07-29,6,08:41:00,17:29:00,8.8,8,17,521.0,1049.0,1,1
52570,2024-07-30,1,08:38:00,17:30:00,8.866666666666667,8,17,518.0,1050.0,1,1
52570,2024-07-31,1,08:53:00,17:32:00,8.65,8,17,533.0,1052.0,1,1
52570,2024-08-01,2,08:38:00,16:49:00,8.183333333333334,8,16,518.0,1009.0,1,1
52570,2024-08-04,2,08:44:00,17:39:00,8.916666666666666,8,17,524.0,1059.0,1,1
52570,2024-08-05,3,08:26:00,16:39:00,8.216666666666667,8,16,506.0,999.0,1,1
52571,2024-06-22,3,08:41:00,16:47:00,8.1,8,16,521.0,1007.0,1,1
52571,2024-06-23,6,08:38:00,16:57:00,8.316666666666666,8,16,518.0,1017.0,1,1
52571,2024-06-24,6,08:23:00,16:51:00,8.466666666666667,8,16,503.0,1011.0,1,1
52571,2024-06-25,0,08:44:00,16:38:00,7.9,8,16,524.0,998.0,1,1
52571,2024-06-26,0,08:32:00,17:00:00,8.466666666666667,8,17,512.0,1020.0,1,1
52571,2024-06-27,1,08:31:00,12:01:00,3.5,8,12,511.0,721.0,0,0
52571,2024-06-29,1,08:47:00,16:59:00,8.2,8,16,527.0,1019.0,1,1
52571,2024-07-01,2,08:35:00,16:52:00,8.283333333333333,8,16,515.0,1012.0,1,1
52571,2024-07-02,2,08:35:00,16:52:00,8.283333333333333,8,16,515.0,1012.0,1,1
52571,2024-07-03,5,08:34:00,17:00:00,8.433333333333334,8,17,514.0,1020.0,1,1
52571,2024-07-04,5,08:39:00,12:05:00,3.433333333333333,8,12,519.0,725.0,0,0
52571,2024-07-06,6,08:46:00,17:00:00,8.233333333333333,8,17,526.0,1020.0,1,1
52571,2024-07-07,6,08:34:00,16:44:00,8.166666666666666,8,16,514.0,1004.0,1,1
52571,2024-07-09,0,08:37:00,16:48:00,8.183333333333334,8,16,517.0,1008.0,1,1
52571,2024-07-13,0,08:45:00,16:37:00,7.866666666666666,8,16,525.0,997.0,1,1
52571,2024-07-14,2,08:34:00,16:49:00,8.25,8,16,514.0,1009.0,1,1
52571,2024-07-15,2,08:40:00,14:21:00,5.683333333333334,8,14,520.0,861.0,0,0
52571,2024-07-16,3,08:32:00,17:33:00,9.016666666666667,8,17,512.0,1053.0,1,1
52571,2024-07-17,3,08:30:00,17:27:00,8.95,8,17,510.0,1047.0,1,1
52571,2024-07-18,6,08:23:00,12:26:00,4.05,8,12,503.0,746.0,0,0
52571,2024-07-20,6,08:43:00,17:00:00,8.283333333333333,8,17,523.0,1020.0,1,1
52571,2024-07-21,0,08:47:00,16:44:00,7.95,8,16,527.0,1004.0,1,1
52571,2024-07-22,0,08:39:00,14:29:00,5.833333333333333,8,14,519.0,869.0,0,0
52571,2024-07-23,6,08:42:00,16:34:00,7.866666666666666,8,16,522.0,994.0,1,1
52571,2024-07-24,6,08:39:00,14:34:00,5.916666666666667,8,14,519.0,874.0,0,0
52571,2024-07-30,0,09:29:00,14:53:00,5.4,9,14,569.0,893.0,0,0
52571,2024-07-31,0,08:12:00,17:00:00,8.8,8,17,492.0,1020.0,1,1
52571,2024-08-03,6,10:20:00,13:44:00,3.4,10,13,620.0,824.0,0,0
52571,2024-08-04,6,09:19:00,17:00:00,7.683333333333334,9,17,559.0,1020.0,1,1
52571,2024-08-05,1,09:24:00,15:27:00,6.05,9,15,564.0,927.0,1,1
52572,2024-06-02,1,09:25:00,17:32:00,8.116666666666667,9,17,565.0,1052.0,1,1
52572,2024-06-03,3,10:59:00,18:08:00,7.15,10,18,659.0,1088.0,4,4
52572,2024-06-04,3,09:30:00,18:36:00,9.1,9,18,570.0,1116.0,1,1
52572,2024-06-05,5,09:19:00,20:16:00,10.95,9,20,559.0,1216.0,2,2
52572,2024-06-06,5,10:00:00,19:04:00,9.066666666666666,10,19,600.0,1144.0,1,1
52572,2024-06-09,0,09:08:00,17:03:00,7.916666666666667,9,17,548.0,1023.0,1,1
52572,2024-06-10,0,09:03:00,17:55:00,8.866666666666667,9,17,543.0,1075.0,1,1
52572,2024-06-11,2,09:19:00,17:40:00,8.35,9,17,559.0,1060.0,1,1
52572,2024-06-12,2,09:00:00,17:52:00,8.866666666666667,9,17,540.0,1072.0,1,1
52572,2024-06-13,3,09:18:00,16:00:00,6.7,9,16,558.0,960.0,1,1
52572,2024-06-24,3,09:05:00,17:54:00,8.816666666666666,9,17,545.0,1074.0,1,1
52572,2024-06-25,5,08:56:00,18:13:00,9.283333333333331,8,18,536.0,1093.0,1,1
52572,2024-06-26,5,09:03:00,17:45:00,8.7,9,17,543.0,1065.0,1,1
52572,2024-06-27,6,09:03:00,13:30:00,4.45,9,13,543.0,810.0,0,0
52572,2024-07-01,6,10:53:00,17:50:00,6.95,10,17,653.0,1070.0,4,4
52572,2024-07-03,0,10:47:00,17:46:00,6.983333333333333,10,17,647.0,1066.0,4,4
52572,2024-07-04,0,10:15:00,17:31:00,7.266666666666667,10,17,615.0,1051.0,1,1
52572,2024-07-08,1,09:21:00,18:06:00,8.75,9,18,561.0,1086.0,1,1
52572,2024-07-09,1,09:11:00,19:14:00,10.05,9,19,551.0,1154.0,1,1
52572,2024-07-10,2,09:16:00,18:39:00,9.383333333333333,9,18,556.0,1119.0,1,1
52572,2024-07-14,2,09:06:00,17:36:00,8.5,9,17,546.0,1056.0,1,1
52572,2024-07-16,6,09:05:00,17:37:00,8.533333333333333,9,17,545.0,1057.0,1,1
52572,2024-07-17,6,09:04:00,17:33:00,8.483333333333333,9,17,544.0,1053.0,1,1
52572,2024-07-18,0,09:17:00,17:52:00,8.583333333333334,9,17,557.0,1072.0,1,1
52572,2024-07-21,0,09:05:00,17:57:00,8.866666666666667,9,17,545.0,1077.0,1,1
52572,2024-07-22,6,11:14:00,17:53:00,6.65,11,17,674.0,1073.0,4,4
52572,2024-07-23,6,09:02:00,18:35:00,9.55,9,18,542.0,1115.0,1,1
52572,2024-07-24,0,09:26:00,18:10:00,8.733333333333333,9,18,566.0,1090.0,1,1
52572,2024-07-28,0,09:13:00,18:04:00,8.85,9,18,553.0,1084.0,1,1
52572,2024-07-29,1,11:07:00,17:59:00,6.866666666666666,11,17,667.0,1079.0,4,4
52572,2024-07-31,1,11:37:00,17:41:00,6.066666666666666,11,17,697.0,1061.0,4,4
52572,2024-08-01,3,08:55:00,17:30:00,8.583333333333334,8,17,535.0,1050.0,1,1
52572,2024-08-04,3,09:10:00,17:39:00,8.483333333333333,9,17,550.0,1059.0,1,1
52572,2024-08-05,0,09:11:00,17:43:00,8.533333333333333,9,17,551.0,1063.0,1,1
52573,2024-06-02,0,09:10:00,18:00:00,8.833333333333334,9,18,550.0,1080.0,1,1
52573,2024-06-03,6,08:37:00,17:50:00,9.216666666666669,8,17,517.0,1070.0,1,1
52573,2024-06-04,6,08:37:00,17:48:00,9.183333333333334,8,17,517.0,1068.0,1,1
52573,2024-06-05,0,08:50:00,18:13:00,9.383333333333333,8,18,530.0,1093.0,1,1
52573,2024-06-08,0,09:55:00,17:30:00,7.583333333333333,9,17,595.0,1050.0,1,1
52573,2024-06-09,1,08:41:00,17:35:00,8.9,8,17,521.0,1055.0,1,1
52573,2024-06-10,1,08:44:00,19:18:00,10.566666666666666,8,19,524.0,1158.0,1,1
52573,2024-06-11,2,10:33:00,17:34:00,7.016666666666667,10,17,633.0,1054.0,4,4
52573,2024-06-12,2,08:56:00,17:37:00,8.683333333333334,8,17,536.0,1057.0,1,1
52573,2024-06-23,3,08:54:00,17:37:00,8.716666666666667,8,17,534.0,1057.0,1,1
52573,2024-06-24,3,09:00:00,17:44:00,8.733333333333333,9,17,540.0,1064.0,1,1
52573,2024-06-25,5,08:39:00,17:39:00,9.0,8,17,519.0,1059.0,1,1
52573,2024-06-26,5,09:07:00,16:01:00,6.9,9,16,547.0,961.0,1,1
52573,2024-06-29,6,08:55:00,17:42:00,8.783333333333333,8,17,535.0,1062.0,1,1
52573,2024-07-01,6,08:57:00,17:39:00,8.7,8,17,537.0,1059.0,1,1
52573,2024-07-02,0,10:45:00,17:31:00,6.766666666666667,10,17,645.0,1051.0,4,4
52573,2024-07-03,0,08:52:00,17:37:00,8.75,8,17,532.0,1057.0,1,1
52573,2024-07-06,1,08:50:00,17:38:00,8.8,8,17,530.0,1058.0,1,1
52573,2024-07-07,1,08:55:00,18:09:00,9.233333333333333,8,18,535.0,1089.0,1,1
52573,2024-07-08,2,08:54:00,17:32:00,8.633333333333333,8,17,534.0,1052.0,1,1
52573,2024-07-09,2,08:55:00,17:51:00,8.933333333333334,8,17,535.0,1071.0,1,1
52573,2024-07-10,3,08:55:00,17:46:00,8.85,8,17,535.0,1066.0,1,1
52573,2024-07-13,3,08:58:00,17:33:00,8.583333333333334,8,17,538.0,1053.0,1,1
52573,2024-07-14,0,09:18:00,17:35:00,8.283333333333333,9,17,558.0,1055.0,1,1
52573,2024-07-15,0,08:59:00,18:09:00,9.166666666666666,8,18,539.0,1089.0,1,1
52573,2024-07-16,1,08:47:00,18:25:00,9.633333333333333,8,18,527.0,1105.0,1,1
52573,2024-07-17,1,08:57:00,18:48:00,9.85,8,18,537.0,1128.0,1,1
52573,2024-07-20,2,09:10:00,17:40:00,8.5,9,17,550.0,1060.0,1,1
52573,2024-07-21,2,08:59:00,17:34:00,8.583333333333334,8,17,539.0,1054.0,1,1
52573,2024-07-22,3,08:56:00,17:37:00,8.683333333333334,8,17,536.0,1057.0,1,1
52573,2024-07-23,3,09:13:00,18:32:00,9.316666666666666,9,18,553.0,1112.0,1,1
52573,2024-07-24,5,09:00:00,17:30:00,8.5,9,17,540.0,1050.0,1,1
52573,2024-08-03,5,08:57:00,17:34:00,8.616666666666667,8,17,537.0,1054.0,1,1
52573,2024-08-04,6,08:57:00,17:31:00,8.566666666666666,8,17,537.0,1051.0,1,1
52573,2024-08-05,6,08:53:00,17:34:00,8.683333333333334,8,17,533.0,1054.0,1,1
52574,2024-06-02,0,08:55:00,17:07:00,8.2,8,17,535.0,1027.0,1,1
52574,2024-06-05,0,09:07:00,17:41:00,8.566666666666666,9,17,547.0,1061.0,1,1
52574,2024-06-06,1,09:02:00,17:29:00,8.45,9,17,542.0,1049.0,1,1
52574,2024-06-09,1,09:00:00,17:27:00,8.45,9,17,540.0,1047.0,1,1
52574,2024-06-11,2,09:03:00,17:44:00,8.683333333333334,9,17,543.0,1064.0,1,1
52574,2024-06-12,2,09:12:00,17:28:00,8.266666666666667,9,17,552.0,1048.0,1,1
52574,2024-06-13,3,09:04:00,15:29:00,6.416666666666667,9,15,544.0,929.0,1,1
52574,2024-06-23,3,08:41:00,17:30:00,8.816666666666666,8,17,521.0,1050.0,1,1
52574,2024-06-24,5,09:00:00,17:38:00,8.633333333333333,9,17,540.0,1058.0,1,1
52574,2024-06-25,5,08:55:00,17:35:00,8.666666666666666,8,17,535.0,1055.0,1,1
52574,2024-06-26,6,09:08:00,17:41:00,8.55,9,17,548.0,1061.0,1,1
52574,2024-06-27,6,08:54:00,17:45:00,8.85,8,17,534.0,1065.0,1,1
52574,2024-06-30,0,08:55:00,17:30:00,8.583333333333334,8,17,535.0,1050.0,1,1
52574,2024-07-01,0,09:01:00,17:31:00,8.5,9,17,541.0,1051.0,1,1
52574,2024-07-02,1,08:57:00,17:31:00,8.566666666666666,8,17,537.0,1051.0,1,1
52574,2024-07-03,1,08:49:00,17:33:00,8.733333333333333,8,17,529.0,1053.0,1,1
52574,2024-07-04,2,12:25:00,17:31:00,5.1,12,17,745.0,1051.0,4,4
52574,2024-07-06,2,09:00:00,17:30:00,8.5,9,17,540.0,1050.0,1,1
52574,2024-07-07,3,08:53:00,17:31:00,8.633333333333333,8,17,533.0,1051.0,1,1
52574,2024-07-08,3,08:54:00,17:35:00,8.683333333333334,8,17,534.0,1055.0,1,1
52574,2024-07-09,5,09:00:00,17:33:00,8.55,9,17,540.0,1053.0,1,1
52574,2024-07-10,5,09:03:00,15:31:00,6.466666666666667,9,15,543.0,931.0,1,1
52574,2024-07-14,6,08:53:00,17:30:00,8.616666666666667,8,17,533.0,1050.0,1,1
52574,2024-07-15,6,09:07:00,17:31:00,8.4,9,17,547.0,1051.0,1,1
52574,2024-07-16,0,08:53:00,17:30:00,8.616666666666667,8,17,533.0,1050.0,1,1
52574,2024-07-17,0,09:02:00,17:31:00,8.483333333333333,9,17,542.0,1051.0,1,1
52574,2024-07-20,1,09:01:00,17:36:00,8.583333333333334,9,17,541.0,1056.0,1,1
52574,2024-07-21,1,08:52:00,17:33:00,8.683333333333334,8,17,532.0,1053.0,1,1
52574,2024-07-22,2,09:04:00,17:31:00,8.45,9,17,544.0,1051.0,1,1
52574,2024-07-24,2,09:00:00,17:30:00,8.5,9,17,540.0,1050.0,1,1
52574,2024-07-28,3,08:54:00,17:40:00,8.766666666666667,8,17,534.0,1060.0,1,1
52574,2024-07-29,3,08:55:00,18:24:00,9.483333333333333,8,18,535.0,1104.0,1,1
52574,2024-07-30,5,09:04:00,17:32:00,8.466666666666667,9,17,544.0,1052.0,1,1
52574,2024-07-31,5,08:59:00,17:30:00,8.516666666666667,8,17,539.0,1050.0,1,1
52574,2024-08-01,6,09:06:00,17:32:00,8.433333333333334,9,17,546.0,1052.0,1,1
52574,2024-08-03,6,09:05:00,15:31:00,6.433333333333334,9,15,545.0,931.0,1,1
52574,2024-08-04,0,09:00:00,17:32:00,8.533333333333333,9,17,540.0,1052.0,1,1
52574,2024-08-05,0,09:03:00,17:32:00,8.483333333333333,9,17,543.0,1052.0,1,1
52575,2024-06-22,2,08:04:00,16:59:00,8.916666666666666,8,16,484.0,1019.0,1,1
52575,2024-06-23,2,08:11:00,17:05:00,8.9,8,17,491.0,1025.0,1,1
52575,2024-06-24,3,08:07:00,17:03:00,8.933333333333334,8,17,487.0,1023.0,1,1
52575,2024-06-25,3,08:20:00,17:02:00,8.7,8,17,500.0,1022.0,1,1
52575,2024-06-26,5,08:21:00,17:06:00,8.75,8,17,501.0,1026.0,1,1
52575,2024-06-27,5,08:16:00,12:43:00,4.45,8,12,496.0,763.0,0,0
52575,2024-06-29,6,08:07:00,17:02:00,8.916666666666666,8,17,487.0,1022.0,1,1
52575,2024-06-30,6,08:08:00,17:00:00,8.866666666666667,8,17,488.0,1020.0,1,1
52575,2024-07-01,0,08:11:00,17:02:00,8.85,8,17,491.0,1022.0,1,1
52575,2024-07-02,0,08:19:00,17:02:00,8.716666666666667,8,17,499.0,1022.0,1,1
52575,2024-07-03,1,08:18:00,17:10:00,8.866666666666667,8,17,498.0,1030.0,1,1
52575,2024-07-04,1,08:10:00,12:53:00,4.716666666666667,8,12,490.0,773.0,0,0
52575,2024-07-06,2,08:06:00,17:04:00,8.966666666666667,8,17,486.0,1024.0,1,1
52575,2024-07-07,2,08:31:00,13:00:00,4.483333333333333,8,13,511.0,780.0,0,0
52575,2024-07-08,3,08:26:00,19:31:00,11.083333333333334,8,19,506.0,1171.0,1,1
52575,2024-07-09,3,07:59:00,17:00:00,9.016666666666667,7,17,479.0,1020.0,1,1
52575,2024-07-10,5,08:38:00,17:03:00,8.416666666666666,8,17,518.0,1023.0,1,1
52575,2024-07-11,5,08:13:00,13:02:00,4.816666666666666,8,13,493.0,782.0,0,0
52575,2024-07-13,6,08:21:00,17:01:00,8.666666666666666,8,17,501.0,1021.0,1,1
52575,2024-07-14,6,08:16:00,17:01:00,8.75,8,17,496.0,1021.0,1,1
52575,2024-07-15,0,08:28:00,17:10:00,8.7,8,17,508.0,1030.0,1,1
52575,2024-07-16,0,08:14:00,17:30:00,9.266666666666667,8,17,494.0,1050.0,1,1
52575,2024-07-17,1,08:10:00,17:15:00,9.083333333333334,8,17,490.0,1035.0,1,1
52575,2024-07-18,1,08:10:00,13:01:00,4.85,8,13,490.0,781.0,0,0
52575,2024-07-20,2,08:12:00,17:19:00,9.116666666666667,8,17,492.0,1039.0,1,1
52575,2024-07-21,2,08:05:00,17:00:00,8.916666666666666,8,17,485.0,1020.0,1,1
52575,2024-07-22,3,08:36:00,17:02:00,8.433333333333334,8,17,516.0,1022.0,1,1
52575,2024-07-23,3,08:18:00,17:01:00,8.716666666666667,8,17,498.0,1021.0,1,1
52575,2024-07-24,5,08:24:00,17:01:00,8.616666666666667,8,17,504.0,1021.0,1,1
52575,2024-07-25,5,08:09:00,12:32:00,4.383333333333334,8,12,489.0,752.0,0,0
52575,2024-07-27,6,08:20:00,17:07:00,8.783333333333333,8,17,500.0,1027.0,1,1
52575,2024-07-28,6,07:54:00,17:01:00,9.116666666666667,7,17,474.0,1021.0,1,1
52575,2024-07-29,0,08:23:00,17:01:00,8.633333333333333,8,17,503.0,1021.0,1,1
52575,2024-07-30,0,08:40:00,17:11:00,8.516666666666667,8,17,520.0,1031.0,1,1
52575,2024-07-31,1,08:22:00,17:09:00,8.783333333333333,8,17,502.0,1029.0,1,1
52575,2024-08-01,1,08:20:00,12:38:00,4.3,8,12,500.0,758.0,0,0
52575,2024-08-04,2,08:29:00,17:11:00,8.7,8,17,509.0,1031.0,1,1
52575,2024-08-05,2,08:23:00,17:05:00,8.7,8,17,503.0,1025.0,1,1
52711,2024-06-23,6,08:07:00,16:38:00,8.516666666666667,8,16,487.0,998.0,1,1
52711,2024-06-24,6,08:57:00,17:43:00,8.766666666666667,8,17,537.0,1063.0,1,1
52711,2024-06-25,0,08:08:00,16:36:00,8.466666666666667,8,16,488.0,996.0,1,1
52711,2024-06-26,0,11:15:00,19:11:00,7.933333333333334,11,19,675.0,1151.0,4,4
52711,2024-06-27,1,09:03:00,13:30:00,4.45,9,13,543.0,810.0,0,0
52711,2024-07-01,1,09:27:00,17:34:00,8.116666666666667,9,17,567.0,1054.0,1,1
52711,2024-07-02,2,07:57:00,16:40:00,8.716666666666667,7,16,477.0,1000.0,1,1
52711,2024-07-03,2,11:04:00,17:46:00,6.7,11,17,664.0,1066.0,4,4
52711,2024-07-04,3,09:26:00,16:38:00,7.2,9,16,566.0,998.0,1,1
52711,2024-07-07,3,07:57:00,16:42:00,8.75,7,16,477.0,1002.0,1,1
52711,2024-07-08,5,09:04:00,17:30:00,8.433333333333334,9,17,544.0,1050.0,1,1
52711,2024-07-09,5,08:00:00,16:44:00,8.733333333333333,8,16,480.0,1004.0,1,1
52711,2024-07-10,6,09:04:00,17:28:00,8.4,9,17,544.0,1048.0,1,1
52711,2024-07-14,6,08:07:00,16:30:00,8.383333333333333,8,16,487.0,990.0,1,1
52711,2024-07-15,0,09:11:00,17:30:00,8.316666666666666,9,17,551.0,1050.0,1,1
52711,2024-07-16,0,08:29:00,17:30:00,9.016666666666667,8,17,509.0,1050.0,1,1
52711,2024-07-17,1,10:01:00,17:32:00,7.516666666666667,10,17,601.0,1052.0,1,1
52711,2024-07-20,1,09:05:00,17:31:00,8.433333333333334,9,17,545.0,1051.0,1,1
52711,2024-07-21,2,09:25:00,16:44:00,7.316666666666666,9,16,565.0,1004.0,1,1
52711,2024-07-22,2,09:07:00,17:31:00,8.4,9,17,547.0,1051.0,1,1
52711,2024-07-23,5,08:50:00,16:44:00,7.9,8,16,530.0,1004.0,1,1
52711,2024-07-24,5,09:52:00,17:41:00,7.816666666666666,9,17,592.0,1061.0,1,1
52711,2024-07-28,6,08:01:00,16:43:00,8.7,8,16,481.0,1003.0,1,1
52711,2024-07-29,6,08:54:00,17:38:00,8.733333333333333,8,17,534.0,1058.0,1,1
52711,2024-07-30,0,08:09:00,16:49:00,8.666666666666666,8,16,489.0,1009.0,1,1
52711,2024-08-01,0,11:07:00,18:10:00,7.05,11,18,667.0,1090.0,4,4
52711,2024-08-04,1,08:00:00,16:48:00,8.8,8,16,480.0,1008.0,1,1
53152,2024-07-08,1,09:39:00,17:30:00,7.85,9,17,579.0,1050.0,1,1
53152,2024-07-09,6,08:09:00,17:30:00,9.35,8,17,489.0,1050.0,1,1
53152,2024-07-10,6,08:55:00,17:29:00,8.566666666666666,8,17,535.0,1049.0,1,1
53152,2024-07-14,0,08:26:00,15:02:00,6.6,8,15,506.0,902.0,0,0
53152,2024-07-15,0,08:17:00,17:01:00,8.733333333333333,8,17,497.0,1021.0,1,1
53152,2024-07-16,3,08:31:00,17:02:00,8.516666666666667,8,17,511.0,1022.0,1,1
53152,2024-07-17,3,09:13:00,17:30:00,8.283333333333333,9,17,553.0,1050.0,1,1
53152,2024-07-18,5,08:09:00,16:39:00,8.5,8,16,489.0,999.0,1,1
53152,2024-07-28,5,08:13:00,16:44:00,8.516666666666667,8,16,493.0,1004.0,1,1
53152,2024-07-29,6,08:36:00,17:05:00,8.483333333333333,8,17,516.0,1025.0,1,1
53152,2024-07-30,6,08:05:00,16:38:00,8.55,8,16,485.0,998.0,1,1
53152,2024-07-31,0,08:53:00,16:47:00,7.9,8,16,533.0,1007.0,1,1
53152,2024-08-01,0,08:06:00,16:37:00,8.516666666666667,8,16,486.0,997.0,1,1
53152,2024-08-04,1,09:59:00,17:30:00,7.516666666666667,9,17,599.0,1050.0,1,1
53152,2024-08-05,1,08:09:00,16:39:00,8.5,8,16,489.0,999.0,1,1
