EmployeeId,Transdate,DayOfWeek,CheckInTime,CheckOutTime,hours
51835,2024-05-08,2,10:21:00,17:01:00,6.666666666666667
51835,2024-05-09,2,18:09:00,20:37:00,2.466666666666667
51835,2024-05-12,3,09:08:00,09:43:00,0.5833333333333334
51835,2024-07-01,6,08:03:00,11:59:00,3.933333333333333
51835,2024-07-02,6,07:58:00,22:05:00,14.116666666666667
51835,2024-07-03,1,08:07:00,11:54:00,3.783333333333333
51835,2024-07-04,1,08:00:00,21:58:00,13.966666666666667
51835,2024-07-06,0,08:16:00,22:07:00,13.85
51835,2024-07-07,0,08:17:00,21:50:00,13.55
51835,2024-07-08,1,08:16:00,22:16:00,14.0
51835,2024-07-09,1,08:19:00,22:00:00,13.683333333333334
51835,2024-07-10,2,08:16:00,22:02:00,13.766666666666667
51835,2024-07-11,2,08:15:00,22:02:00,13.783333333333333
51835,2024-07-13,3,08:15:00,22:05:00,13.833333333333334
51835,2024-07-14,3,08:16:00,22:05:00,13.816666666666666
51835,2024-07-15,5,08:14:00,22:02:00,13.8
51835,2024-07-16,5,08:17:00,22:03:00,13.766666666666667
51835,2024-07-17,6,08:13:00,22:01:00,13.8
51835,2024-07-18,6,08:11:00,22:03:00,13.866666666666667
51835,2024-07-20,0,08:14:00,22:03:00,13.816666666666666
51835,2024-07-21,0,08:16:00,22:05:00,13.816666666666666
51835,2024-07-22,1,08:15:00,21:56:00,13.683333333333334
51835,2024-07-23,1,08:16:00,16:15:00,7.983333333333333
51835,2024-07-24,2,08:15:00,22:21:00,14.1
51835,2024-07-25,2,08:19:00,22:24:00,14.083333333333334
51835,2024-07-27,3,08:13:00,22:18:00,14.083333333333334
51835,2024-07-28,3,08:14:00,22:01:00,13.783333333333333
51835,2024-07-29,5,11:53:00,15:57:00,4.066666666666666
51835,2024-07-30,5,08:06:00,21:55:00,13.816666666666666
51835,2024-07-31,6,08:07:00,22:03:00,13.933333333333334
51835,2024-08-01,6,08:08:00,21:57:00,13.816666666666666
51987,2024-06-30,0,20:33:00,21:10:00,0.6166666666666667
51987,2024-07-01,0,08:06:00,21:56:00,13.833333333333334
51987,2024-07-02,1,08:05:00,16:00:00,7.916666666666667
51987,2024-07-03,1,08:07:00,22:01:00,13.9
51987,2024-07-04,2,08:07:00,12:07:00,4.0
51987,2024-07-06,2,08:11:00,21:51:00,13.666666666666666
51987,2024-07-07,3,07:50:00,21:58:00,14.133333333333333
51987,2024-07-08,3,08:07:00,21:56:00,13.816666666666666
51987,2024-07-09,5,08:05:00,21:56:00,13.85
51987,2024-07-10,5,08:01:00,21:55:00,13.9
51987,2024-07-11,6,08:05:00,21:56:00,13.85
51987,2024-07-13,6,08:10:00,21:54:00,13.733333333333333
51987,2024-07-14,0,08:11:00,21:59:00,13.8
51987,2024-07-15,0,08:10:00,21:55:00,13.75
51987,2024-07-16,1,08:04:00,12:04:00,4.0
51987,2024-07-17,1,08:06:00,21:54:00,13.8
51987,2024-07-18,2,08:10:00,21:50:00,13.666666666666666
51987,2024-07-20,2,08:10:00,11:59:00,3.816666666666667
51987,2024-07-21,3,08:09:00,21:59:00,13.833333333333334
51987,2024-07-22,3,07:53:00,21:55:00,14.033333333333333
51987,2024-07-23,5,08:04:00,21:58:00,13.9
51987,2024-07-24,5,08:11:00,21:55:00,13.733333333333333
51987,2024-07-25,6,08:09:00,21:57:00,13.8
51987,2024-07-27,6,08:13:00,22:03:00,13.833333333333334
51987,2024-07-28,0,07:57:00,22:01:00,14.066666666666666
51987,2024-07-29,0,08:03:00,21:54:00,13.85
51987,2024-07-30,1,08:10:00,12:03:00,3.8833333333333333
51987,2024-07-31,1,07:56:00,21:52:00,13.933333333333334
51987,2024-08-01,2,08:08:00,22:18:00,14.166666666666666
51991,2024-06-13,2,12:05:00,22:02:00,9.95
51991,2024-06-14,3,12:58:00,22:02:00,9.066666666666666
51991,2024-06-15,3,12:17:00,22:04:00,9.783333333333333
51991,2024-06-17,6,12:02:00,22:00:00,9.966666666666667
51991,2024-06-18,6,12:03:00,22:00:00,9.95
51991,2024-06-19,0,12:06:00,22:00:00,9.9
51991,2024-06-20,0,12:04:00,22:00:00,9.933333333333334
51991,2024-06-21,1,12:55:00,22:00:00,9.083333333333334
51991,2024-06-22,1,12:03:00,22:00:00,9.95
51991,2024-06-23,2,12:09:00,22:01:00,9.866666666666667
51991,2024-06-24,2,12:05:00,22:00:00,9.916666666666666
51991,2024-06-25,3,12:08:00,22:00:00,9.866666666666667
51991,2024-06-26,3,12:03:00,22:00:00,9.95
51991,2024-06-27,5,12:01:00,22:00:00,9.983333333333333
51991,2024-06-28,5,13:04:00,22:00:00,8.933333333333334
51991,2024-06-29,6,12:05:00,22:00:00,9.916666666666666
51991,2024-06-30,6,12:04:00,22:00:00,9.933333333333334
51991,2024-07-01,0,12:00:00,22:01:00,10.016666666666667
51991,2024-07-02,0,12:03:00,22:01:00,9.966666666666667
51991,2024-07-03,1,12:02:00,22:45:00,10.716666666666667
51991,2024-07-05,1,12:59:00,21:00:00,8.016666666666667
51991,2024-07-06,2,12:01:00,22:00:00,9.983333333333333
51991,2024-07-07,2,12:06:00,22:01:00,9.916666666666666
51991,2024-07-08,3,12:00:00,22:00:00,10.0
51991,2024-07-09,3,12:05:00,22:00:00,9.916666666666666
51991,2024-07-10,5,12:08:00,22:03:00,9.916666666666666
51991,2024-07-11,5,12:01:00,21:59:00,9.966666666666667
51991,2024-07-13,6,12:04:00,22:01:00,9.95
51991,2024-07-14,0,12:02:00,22:00:00,9.966666666666667
51991,2024-07-15,0,12:03:00,22:00:00,9.95
51991,2024-07-16,1,12:17:00,22:00:00,9.716666666666667
51991,2024-07-17,1,12:04:00,22:07:00,10.05
51991,2024-07-18,2,12:06:00,22:42:00,10.6
51991,2024-07-19,2,13:09:00,22:00:00,8.85
51991,2024-07-20,3,12:03:00,22:00:00,9.95
51991,2024-07-21,3,04:00:00,22:00:00,18.0
51991,2024-07-22,5,12:05:00,22:00:00,9.916666666666666
51991,2024-07-23,5,12:05:00,22:00:00,9.916666666666666
51991,2024-07-24,6,12:07:00,22:00:00,9.883333333333333
51991,2024-07-25,6,12:12:00,22:00:00,9.8
51991,2024-07-26,0,13:11:00,22:00:00,8.816666666666666
51991,2024-07-27,0,12:05:00,22:00:00,9.916666666666666
51991,2024-07-28,1,12:01:00,22:00:00,9.983333333333333
51991,2024-07-29,1,12:04:00,22:00:00,9.933333333333334
51991,2024-07-30,2,12:04:00,22:00:00,9.933333333333334
51991,2024-07-31,2,12:08:00,22:00:00,9.866666666666667
51991,2024-08-01,3,12:02:00,22:00:00,9.966666666666667
51992,2024-06-02,3,12:07:00,16:10:00,4.05
51992,2024-06-03,5,06:10:00,20:04:00,13.9
51992,2024-06-04,5,06:07:00,20:14:00,14.116666666666667
51992,2024-06-05,6,06:07:00,20:11:00,14.066666666666666
51992,2024-06-06,6,06:10:00,12:05:00,5.916666666666667
51992,2024-06-07,0,06:13:00,10:49:00,4.6
51992,2024-06-08,0,06:26:00,20:11:00,13.75
51992,2024-06-09,1,06:14:00,20:09:00,13.916666666666666
51992,2024-06-10,1,06:11:00,20:01:00,13.833333333333334
51992,2024-06-11,2,06:05:00,20:07:00,14.033333333333333
51992,2024-06-12,2,06:08:00,20:01:00,13.883333333333333
51992,2024-06-13,3,06:07:00,20:05:00,13.966666666666667
51992,2024-06-14,3,06:08:00,17:08:00,11.0
51992,2024-06-15,3,06:09:00,16:04:00,9.916666666666666
51992,2024-06-16,3,08:11:00,22:03:00,13.866666666666667
51992,2024-06-17,4,06:08:00,20:02:00,13.9
51992,2024-06-19,4,06:11:00,20:09:00,13.966666666666667
51992,2024-06-20,5,06:09:00,20:04:00,13.916666666666666
51992,2024-06-21,5,06:09:00,20:04:00,13.916666666666666
51992,2024-06-22,0,06:10:00,20:02:00,13.866666666666667
51992,2024-06-23,0,06:09:00,22:45:00,16.6
51992,2024-06-24,1,06:11:00,20:05:00,13.9
51992,2024-06-25,1,06:07:00,20:07:00,14.0
51992,2024-06-26,2,12:09:00,16:05:00,3.933333333333333
51992,2024-06-27,2,06:07:00,20:01:00,13.9
51992,2024-06-28,3,06:09:00,17:06:00,10.95
51992,2024-06-29,3,06:10:00,20:04:00,13.9
51992,2024-06-30,4,06:06:00,12:04:00,5.966666666666667
51992,2024-07-01,4,06:12:00,20:02:00,13.833333333333334
51992,2024-07-02,5,06:10:00,20:03:00,13.883333333333333
51992,2024-07-03,5,06:11:00,20:03:00,13.866666666666667
51992,2024-07-04,6,06:12:00,20:05:00,13.883333333333333
51992,2024-07-05,6,06:16:00,20:04:00,13.8
51992,2024-07-06,0,06:08:00,20:02:00,13.9
51992,2024-07-07,0,06:08:00,20:04:00,13.933333333333334
51992,2024-07-08,1,06:11:00,20:02:00,13.85
51992,2024-07-09,1,06:12:00,20:04:00,13.866666666666667
51992,2024-07-10,2,06:10:00,20:11:00,14.016666666666667
51992,2024-07-11,2,06:24:00,20:30:00,14.1
51992,2024-07-12,3,10:52:00,16:08:00,5.266666666666667
51992,2024-07-13,3,06:09:00,20:00:00,13.85
51992,2024-07-14,4,06:13:00,20:10:00,13.95
51992,2024-07-15,4,06:11:00,20:08:00,13.95
51992,2024-07-16,5,06:13:00,20:03:00,13.833333333333334
51992,2024-07-17,5,06:10:00,20:02:00,13.866666666666667
51992,2024-07-18,6,06:35:00,20:00:00,13.416666666666666
51992,2024-07-19,6,06:10:00,20:00:00,13.833333333333334
51992,2024-07-20,0,06:12:00,23:08:00,16.933333333333334
51992,2024-07-21,0,06:10:00,20:02:00,13.866666666666667
51992,2024-07-22,1,06:10:00,12:05:00,5.916666666666667
51992,2024-07-23,1,06:11:00,20:16:00,14.083333333333334
51992,2024-07-24,2,06:12:00,20:05:00,13.883333333333333
51992,2024-07-25,2,06:06:00,20:03:00,13.95
51992,2024-07-26,4,06:04:00,20:03:00,13.983333333333333
51992,2024-07-27,4,06:06:00,20:01:00,13.916666666666666
51992,2024-07-28,5,06:03:00,20:01:00,13.966666666666667
51992,2024-07-29,5,06:05:00,20:02:00,13.95
51992,2024-07-30,6,06:06:00,20:09:00,14.05
51992,2024-07-31,6,06:09:00,20:11:00,14.033333333333333
51992,2024-08-01,0,06:10:00,20:01:00,13.85
51992,2024-08-02,0,06:06:00,10:57:00,4.85
51994,2024-06-02,5,12:11:00,16:08:00,3.95
51994,2024-06-03,5,08:07:00,22:05:00,13.966666666666667
51994,2024-06-04,6,08:08:00,22:03:00,13.916666666666666
51994,2024-06-05,6,08:06:00,22:02:00,13.933333333333334
51994,2024-06-06,0,08:06:00,22:04:00,13.966666666666667
51994,2024-06-07,0,13:03:00,22:02:00,8.983333333333333
51994,2024-06-08,1,08:05:00,23:33:00,15.466666666666667
51994,2024-06-09,1,08:05:00,22:00:00,13.916666666666666
51994,2024-06-10,2,08:05:00,22:04:00,13.983333333333333
51994,2024-06-11,2,08:06:00,18:04:00,9.966666666666667
51994,2024-06-12,3,08:04:00,22:02:00,13.966666666666667
51994,2024-06-13,3,08:08:00,22:04:00,13.933333333333334
51994,2024-06-14,4,13:06:00,22:05:00,8.983333333333333
51994,2024-06-15,4,08:07:00,22:07:00,14.0
51994,2024-06-16,5,12:08:00,22:07:00,9.983333333333333
51994,2024-06-18,5,11:59:00,22:02:00,10.05
51994,2024-06-19,6,08:04:00,22:04:00,14.0
51994,2024-06-20,6,08:08:00,22:04:00,13.933333333333334
51994,2024-06-21,0,13:11:00,22:01:00,8.833333333333334
51994,2024-06-22,0,08:08:00,22:08:00,14.0
51994,2024-06-23,2,08:06:00,22:01:00,13.916666666666666
51994,2024-06-24,2,08:05:00,22:02:00,13.95
51994,2024-06-25,3,08:08:00,22:03:00,13.916666666666666
51994,2024-06-26,3,08:06:00,22:41:00,14.583333333333334
51994,2024-06-27,4,08:04:00,22:06:00,14.033333333333333
51994,2024-06-28,4,13:04:00,20:29:00,7.416666666666667
51994,2024-06-29,5,08:06:00,22:05:00,13.983333333333333
51994,2024-06-30,5,08:04:00,22:00:00,13.933333333333334
51994,2024-07-01,6,08:01:00,22:05:00,14.066666666666666
51994,2024-07-02,6,08:03:00,22:04:00,14.016666666666667
51994,2024-07-03,0,08:03:00,22:02:00,13.983333333333333
51994,2024-07-04,0,08:05:00,22:01:00,13.933333333333334
51994,2024-07-05,1,13:11:00,22:02:00,8.85
51994,2024-07-06,1,08:06:00,23:31:00,15.416666666666666
51994,2024-07-07,2,08:05:00,18:00:00,9.916666666666666
51994,2024-07-08,2,08:05:00,12:04:00,3.9833333333333334
51994,2024-07-09,3,08:06:00,18:16:00,10.166666666666666
51994,2024-07-10,3,08:07:00,22:08:00,14.016666666666667
51994,2024-07-11,4,08:05:00,16:06:00,8.016666666666667
51994,2024-07-12,4,13:10:00,22:04:00,8.9
51994,2024-07-13,5,08:07:00,22:03:00,13.933333333333334
51994,2024-07-14,5,08:08:00,12:07:00,3.9833333333333334
51994,2024-07-15,6,08:04:00,22:02:00,13.966666666666667
51994,2024-07-16,6,08:04:00,12:02:00,3.966666666666667
51994,2024-07-17,0,08:07:00,22:04:00,13.95
51994,2024-07-18,0,08:07:00,22:01:00,13.9
51994,2024-07-19,1,13:12:00,22:02:00,8.833333333333334
51994,2024-07-20,1,08:08:00,22:00:00,13.866666666666667
51994,2024-07-21,2,08:07:00,22:04:00,13.95
51994,2024-07-22,2,08:07:00,22:03:00,13.933333333333334
51994,2024-07-23,3,08:08:00,21:51:00,13.716666666666667
51994,2024-07-24,3,08:06:00,18:08:00,10.033333333333333
51994,2024-07-25,4,08:08:00,18:32:00,10.4
51994,2024-07-26,4,13:14:00,22:05:00,8.85
51994,2024-07-27,5,08:06:00,22:01:00,13.916666666666666
51994,2024-07-28,5,08:05:00,22:06:00,14.016666666666667
51994,2024-07-29,6,08:07:00,22:01:00,13.9
51994,2024-07-30,6,08:05:00,22:02:00,13.95
51994,2024-07-31,0,08:05:00,22:12:00,14.116666666666667
51994,2024-08-01,0,08:07:00,22:01:00,13.9
51996,2024-06-02,1,12:07:00,22:01:00,9.9
51996,2024-06-03,2,12:06:00,23:50:00,11.733333333333333
51996,2024-06-04,2,12:06:00,22:03:00,9.95
51996,2024-06-05,3,12:06:00,22:00:00,9.9
51996,2024-06-06,3,12:06:00,22:04:00,9.966666666666667
51996,2024-06-07,4,14:10:00,22:05:00,7.916666666666667
51996,2024-06-08,4,12:08:00,22:03:00,9.916666666666666
51996,2024-06-09,5,12:06:00,22:00:00,9.9
51996,2024-06-10,5,12:07:00,22:04:00,9.95
51996,2024-06-11,6,12:07:00,22:00:00,9.883333333333333
51996,2024-06-12,6,12:07:00,22:01:00,9.9
51996,2024-06-13,0,12:07:00,23:29:00,11.366666666666667
51996,2024-06-15,0,12:07:00,22:03:00,9.933333333333334
51996,2024-06-16,1,12:10:00,20:00:00,7.833333333333333
51996,2024-06-17,1,12:07:00,22:00:00,9.883333333333333
51996,2024-06-19,2,12:07:00,22:00:00,9.883333333333333
51996,2024-06-20,2,12:06:00,22:00:00,9.9
51996,2024-06-22,3,12:06:00,22:00:00,9.9
51996,2024-06-23,3,12:07:00,22:01:00,9.9
51996,2024-06-24,4,12:05:00,22:04:00,9.983333333333333
51996,2024-06-25,4,12:08:00,22:04:00,9.933333333333334
51996,2024-06-26,5,12:02:00,22:35:00,10.55
51996,2024-06-27,5,12:02:00,22:01:00,9.983333333333333
51996,2024-06-29,6,12:04:00,22:01:00,9.95
51996,2024-06-30,6,12:04:00,22:00:00,9.933333333333334
51996,2024-07-01,0,12:01:00,22:01:00,10.0
51996,2024-07-02,0,12:02:00,22:03:00,10.016666666666667
51996,2024-07-03,1,12:03:00,22:02:00,9.983333333333333
51996,2024-07-04,1,12:02:00,22:01:00,9.983333333333333
51996,2024-07-06,2,12:03:00,22:00:00,9.95
51996,2024-07-07,2,12:01:00,22:00:00,9.983333333333333
51996,2024-07-08,3,12:02:00,22:00:00,9.966666666666667
51996,2024-07-09,3,12:05:00,23:58:00,11.883333333333333
51996,2024-07-10,4,12:03:00,22:00:00,9.95
51996,2024-07-11,4,12:05:00,22:03:00,9.966666666666667
51996,2024-07-13,5,12:03:00,22:01:00,9.966666666666667
51996,2024-07-14,6,12:03:00,22:01:00,9.966666666666667
51996,2024-07-15,6,12:03:00,22:00:00,9.95
51996,2024-07-16,0,12:03:00,22:03:00,10.0
51996,2024-07-17,0,12:04:00,22:00:00,9.933333333333334
51996,2024-07-18,1,12:04:00,22:01:00,9.95
51996,2024-07-20,1,12:04:00,22:02:00,9.966666666666667
51996,2024-07-21,2,12:04:00,23:26:00,11.366666666666667
51996,2024-07-22,2,12:05:00,22:03:00,9.966666666666667
51996,2024-07-23,3,12:04:00,22:02:00,9.966666666666667
51996,2024-07-24,3,12:05:00,20:06:00,8.016666666666667
51996,2024-07-25,4,12:05:00,22:00:00,9.916666666666666
51996,2024-07-27,4,12:04:00,22:01:00,9.95
51996,2024-07-29,0,12:02:00,22:00:00,9.966666666666667
51996,2024-07-30,1,12:03:00,22:01:00,9.966666666666667
51996,2024-07-31,1,12:03:00,22:01:00,9.966666666666667
51996,2024-08-01,2,12:02:00,23:43:00,11.683333333333334
51997,2024-06-03,3,06:12:00,16:13:00,10.016666666666667
51997,2024-06-04,4,06:07:00,16:02:00,9.916666666666666
51997,2024-06-05,4,06:02:00,16:09:00,10.116666666666667
51997,2024-06-06,5,06:05:00,16:07:00,10.033333333333333
51997,2024-06-07,5,06:08:00,16:01:00,9.883333333333333
51997,2024-06-08,6,06:00:00,16:02:00,10.033333333333333
51997,2024-06-09,6,06:11:00,16:12:00,10.016666666666667
51997,2024-06-10,0,06:05:00,16:18:00,10.216666666666667
51997,2024-06-11,0,06:05:00,16:08:00,10.05
51997,2024-06-12,1,06:13:00,16:02:00,9.816666666666666
51997,2024-06-13,1,06:04:00,16:17:00,10.216666666666667
51997,2024-06-14,2,06:07:00,16:07:00,10.0
51997,2024-06-15,2,06:05:00,16:40:00,10.583333333333334
51997,2024-06-17,3,06:00:00,16:04:00,10.066666666666666
51997,2024-06-18,4,06:13:00,16:06:00,9.883333333333333
51997,2024-06-19,4,06:01:00,16:10:00,10.15
51997,2024-06-20,5,06:00:00,16:09:00,10.15
51997,2024-06-21,5,05:58:00,16:08:00,10.166666666666666
51997,2024-06-22,6,06:12:00,16:05:00,9.883333333333333
51997,2024-06-23,6,06:02:00,16:01:00,9.983333333333333
51997,2024-06-24,0,06:11:00,16:37:00,10.433333333333334
51997,2024-06-25,0,05:57:00,16:01:00,10.066666666666666
51997,2024-06-27,1,06:06:00,16:05:00,9.983333333333333
51997,2024-06-28,1,06:09:00,16:02:00,9.883333333333333
51997,2024-06-29,2,06:06:00,16:08:00,10.033333333333333
51997,2024-06-30,2,06:03:00,16:09:00,10.1
51997,2024-07-01,3,06:07:00,16:01:00,9.9
51997,2024-07-02,3,06:09:00,16:23:00,10.233333333333333
51997,2024-07-03,4,06:05:00,16:02:00,9.95
51997,2024-07-04,4,06:09:00,16:04:00,9.916666666666666
51997,2024-07-05,5,06:14:00,16:11:00,9.95
51997,2024-07-06,5,06:06:00,16:00:00,9.9
51997,2024-07-07,6,06:11:00,16:11:00,10.0
51997,2024-07-08,6,06:06:00,16:18:00,10.2
51997,2024-07-09,0,06:09:00,16:00:00,9.85
51997,2024-07-10,0,06:08:00,16:00:00,9.866666666666667
51997,2024-07-11,1,06:04:00,16:14:00,10.166666666666666
51997,2024-07-12,1,06:12:00,16:01:00,9.816666666666666
51997,2024-07-13,2,06:02:00,16:03:00,10.016666666666667
51997,2024-07-14,2,06:11:00,16:05:00,9.9
51997,2024-07-15,3,06:12:00,16:08:00,9.933333333333334
51997,2024-07-16,3,06:13:00,16:08:00,9.916666666666666
51997,2024-07-17,4,06:09:00,16:06:00,9.95
51997,2024-07-18,4,06:08:00,16:10:00,10.033333333333333
51997,2024-07-19,5,06:10:00,16:03:00,9.883333333333333
51997,2024-07-20,5,06:09:00,16:10:00,10.016666666666667
51997,2024-07-22,6,06:10:00,16:05:00,9.916666666666666
51997,2024-07-23,0,06:02:00,16:01:00,9.983333333333333
51997,2024-07-24,0,06:00:00,16:00:00,10.0
51997,2024-07-25,1,06:00:00,16:01:00,10.016666666666667
51997,2024-07-26,1,06:00:00,16:13:00,10.216666666666667
51997,2024-07-27,2,06:04:00,16:05:00,10.016666666666667
51997,2024-07-28,2,06:00:00,16:00:00,10.0
51997,2024-07-29,3,06:00:00,16:10:00,10.166666666666666
51997,2024-07-30,3,06:00:00,16:15:00,10.25
51997,2024-07-31,4,06:00:00,16:01:00,10.016666666666667
51997,2024-08-01,4,06:05:00,16:01:00,9.933333333333334
51997,2024-08-02,5,06:08:00,16:46:00,10.633333333333333
51999,2024-06-03,3,09:45:00,15:13:00,5.466666666666667
51999,2024-06-04,4,09:27:00,15:08:00,5.683333333333334
51999,2024-06-05,4,09:30:00,15:43:00,6.216666666666667
51999,2024-06-06,5,09:11:00,15:08:00,5.95
51999,2024-06-07,5,09:23:00,15:10:00,5.783333333333333
51999,2024-06-08,6,09:31:00,19:09:00,9.633333333333333
51999,2024-06-09,6,03:15:00,09:08:00,5.883333333333334
51999,2024-06-10,0,09:09:00,15:21:00,6.2
51999,2024-06-11,0,09:15:00,15:08:00,5.883333333333334
51999,2024-06-12,1,09:05:00,15:27:00,6.366666666666666
51999,2024-06-13,1,09:15:00,15:13:00,5.966666666666667
51999,2024-06-15,2,09:23:00,19:11:00,9.8
51999,2024-06-17,3,09:20:00,15:28:00,6.133333333333334
51999,2024-06-18,4,09:12:00,15:08:00,5.933333333333334
51999,2024-06-19,4,09:31:00,15:13:00,5.7
51999,2024-06-20,5,09:09:00,15:18:00,6.15
51999,2024-06-23,6,09:01:00,15:06:00,6.083333333333333
51999,2024-06-24,1,09:09:00,15:09:00,6.0
51999,2024-06-25,1,09:11:00,15:09:00,5.966666666666667
51999,2024-06-26,2,09:03:00,15:17:00,6.233333333333333
51999,2024-06-27,2,11:59:00,22:02:00,10.05
51999,2024-06-28,3,12:59:00,22:00:00,9.016666666666667
51999,2024-06-29,3,12:05:00,22:00:00,9.916666666666666
51999,2024-06-30,4,12:04:00,22:01:00,9.95
51999,2024-07-01,4,12:01:00,22:02:00,10.016666666666667
51999,2024-07-08,5,12:00:00,22:01:00,10.016666666666667
51999,2024-07-09,5,11:59:00,22:02:00,10.05
51999,2024-07-10,6,12:07:00,22:01:00,9.9
51999,2024-07-11,6,12:01:00,22:00:00,9.983333333333333
51999,2024-07-12,0,13:01:00,22:01:00,9.0
51999,2024-07-13,0,12:02:00,22:00:00,9.966666666666667
51999,2024-07-14,1,12:02:00,22:02:00,10.0
51999,2024-07-15,1,12:03:00,22:05:00,10.033333333333333
51999,2024-07-16,2,12:02:00,22:02:00,10.0
51999,2024-07-17,2,12:04:00,22:03:00,9.983333333333333
51999,2024-07-18,3,12:03:00,22:02:00,9.983333333333333
51999,2024-07-19,3,13:06:00,22:03:00,8.95
51999,2024-07-20,4,12:05:00,22:02:00,9.95
51999,2024-07-22,5,12:05:00,22:00:00,9.916666666666666
51999,2024-07-23,5,12:05:00,22:00:00,9.916666666666666
51999,2024-07-24,6,12:08:00,22:00:00,9.866666666666667
51999,2024-07-25,6,12:03:00,22:00:00,9.95
51999,2024-07-26,0,13:10:00,22:01:00,8.85
51999,2024-07-27,0,12:05:00,22:00:00,9.916666666666666
51999,2024-07-28,1,12:02:00,22:02:00,10.0
51999,2024-07-29,1,12:04:00,22:00:00,9.933333333333334
51999,2024-07-30,2,12:05:00,22:01:00,9.933333333333334
51999,2024-07-31,2,12:07:00,22:02:00,9.916666666666666
51999,2024-08-01,3,12:03:00,22:01:00,9.966666666666667
52002,2024-06-02,1,12:05:00,16:08:00,4.05
52002,2024-06-03,1,08:13:00,23:45:00,15.533333333333333
52002,2024-06-04,2,08:09:00,22:07:00,13.966666666666667
52002,2024-06-05,2,08:07:00,16:07:00,8.0
52002,2024-06-06,3,08:08:00,22:02:00,13.9
52002,2024-06-07,3,08:07:00,22:06:00,13.983333333333333
52002,2024-06-08,4,08:08:00,22:02:00,13.9
52002,2024-06-09,4,08:04:00,22:00:00,13.933333333333334
52002,2024-06-10,5,08:07:00,22:00:00,13.883333333333333
52002,2024-06-11,5,08:11:00,22:05:00,13.9
52002,2024-06-12,6,08:08:00,22:00:00,13.866666666666667
52002,2024-06-13,6,08:07:00,22:01:00,13.9
52002,2024-06-14,0,08:07:00,16:08:00,8.016666666666667
52002,2024-06-15,0,08:08:00,22:00:00,13.866666666666667
52002,2024-06-17,1,08:34:00,22:04:00,13.5
52002,2024-06-18,1,09:06:00,22:56:00,13.833333333333334
52002,2024-06-19,2,08:06:00,22:01:00,13.916666666666666
52002,2024-06-20,2,08:07:00,22:00:00,13.883333333333333
52002,2024-06-21,3,08:12:00,22:00:00,13.8
52002,2024-06-22,3,08:10:00,22:02:00,13.866666666666667
52002,2024-06-23,5,08:08:00,22:18:00,14.166666666666666
52002,2024-06-24,5,08:08:00,22:01:00,13.883333333333333
52002,2024-06-25,6,08:08:00,22:00:00,13.866666666666667
52002,2024-06-26,6,08:06:00,21:59:00,13.883333333333333
52002,2024-06-27,0,08:03:00,21:57:00,13.9
52002,2024-06-28,0,08:02:00,21:07:00,13.083333333333334
52002,2024-06-29,2,08:15:00,22:00:00,13.75
52002,2024-06-30,2,08:06:00,22:00:00,13.9
52002,2024-07-01,3,08:04:00,22:06:00,14.033333333333333
52002,2024-07-02,3,08:06:00,22:00:00,13.9
52002,2024-07-03,5,08:06:00,22:00:00,13.9
52002,2024-07-04,5,08:04:00,16:07:00,8.05
52002,2024-07-05,6,08:07:00,22:01:00,13.9
52002,2024-07-06,6,08:06:00,22:01:00,13.916666666666666
52002,2024-07-07,0,08:05:00,22:00:00,13.916666666666666
52002,2024-07-08,0,08:04:00,22:00:00,13.933333333333334
52002,2024-07-09,1,08:07:00,22:00:00,13.883333333333333
52002,2024-07-10,1,08:08:00,22:05:00,13.95
52002,2024-07-11,2,08:06:00,22:00:00,13.9
52002,2024-07-12,2,08:08:00,22:07:00,13.983333333333333
52002,2024-07-13,3,08:08:00,22:00:00,13.866666666666667
52002,2024-07-14,3,08:09:00,22:01:00,13.866666666666667
52002,2024-07-15,5,08:08:00,22:02:00,13.9
52002,2024-07-16,5,08:07:00,22:01:00,13.9
52002,2024-07-17,6,08:07:00,22:01:00,13.9
52002,2024-07-18,6,08:08:00,22:00:00,13.866666666666667
52002,2024-07-19,0,08:06:00,22:00:00,13.9
52002,2024-07-20,0,08:09:00,22:04:00,13.916666666666666
52002,2024-07-21,1,08:03:00,22:00:00,13.95
52002,2024-07-22,1,08:07:00,22:01:00,13.9
52002,2024-07-23,2,08:07:00,21:58:00,13.85
52002,2024-07-24,2,08:09:00,22:00:00,13.85
52002,2024-07-25,3,08:08:00,22:00:00,13.866666666666667
52002,2024-07-26,3,08:06:00,22:00:00,13.9
52002,2024-07-27,5,08:10:00,22:03:00,13.883333333333333
52002,2024-07-28,5,08:06:00,22:01:00,13.916666666666666
52002,2024-07-29,6,08:06:00,22:00:00,13.9
52002,2024-07-30,6,08:04:00,22:00:00,13.933333333333334
52002,2024-07-31,0,08:04:00,22:00:00,13.933333333333334
52002,2024-08-01,0,08:03:00,22:01:00,13.966666666666667
52002,2024-08-02,1,08:08:00,10:58:00,2.8333333333333335
52003,2024-06-02,1,16:01:00,20:02:00,4.016666666666667
52003,2024-06-03,2,09:01:00,23:01:00,14.0
52003,2024-06-04,2,09:01:00,23:00:00,13.983333333333333
52003,2024-06-05,3,09:01:00,23:01:00,14.0
52003,2024-06-06,3,09:01:00,23:00:00,13.983333333333333
52003,2024-06-07,4,09:01:00,23:00:00,13.983333333333333
52003,2024-06-08,4,09:00:00,23:01:00,14.016666666666667
52003,2024-06-09,5,09:01:00,23:00:00,13.983333333333333
52003,2024-06-10,5,09:01:00,23:00:00,13.983333333333333
52003,2024-06-11,6,09:01:00,23:03:00,14.033333333333333
52003,2024-06-12,6,09:01:00,20:01:00,11.0
52003,2024-06-13,0,09:01:00,22:01:00,13.0
52003,2024-06-14,0,09:01:00,23:00:00,13.983333333333333
52003,2024-06-15,1,09:01:00,19:00:00,9.983333333333333
52003,2024-06-16,1,09:06:00,23:00:00,13.9
52003,2024-06-17,2,09:01:00,23:00:00,13.983333333333333
52003,2024-06-18,2,09:00:00,23:00:00,14.0
52003,2024-06-19,3,09:01:00,23:00:00,13.983333333333333
52003,2024-06-20,3,09:02:00,23:00:00,13.966666666666667
52003,2024-06-21,5,09:02:00,23:01:00,13.983333333333333
52003,2024-06-22,5,09:01:00,23:00:00,13.983333333333333
52003,2024-06-23,6,09:02:00,16:01:00,6.983333333333333
52003,2024-06-24,6,09:03:00,22:01:00,12.966666666666667
52003,2024-06-25,0,09:03:00,23:00:00,13.95
52003,2024-06-26,0,08:56:00,23:00:00,14.066666666666666
52003,2024-06-27,1,09:01:00,23:00:00,13.983333333333333
52003,2024-06-28,1,09:00:00,22:59:00,13.983333333333333
52003,2024-06-29,2,09:01:00,23:00:00,13.983333333333333
52003,2024-06-30,2,09:01:00,23:00:00,13.983333333333333
52003,2024-07-01,3,09:01:00,22:59:00,13.966666666666667
52003,2024-07-02,3,09:01:00,23:00:00,13.983333333333333
52003,2024-07-03,5,09:01:00,23:00:00,13.983333333333333
52003,2024-07-04,5,09:02:00,23:00:00,13.966666666666667
52003,2024-07-05,6,09:01:00,23:02:00,14.016666666666667
52003,2024-07-06,6,09:01:00,23:00:00,13.983333333333333
52003,2024-07-07,0,09:01:00,19:59:00,10.966666666666667
52003,2024-07-08,0,09:01:00,23:00:00,13.983333333333333
52003,2024-07-09,1,09:01:00,23:00:00,13.983333333333333
52003,2024-07-10,1,09:01:00,23:00:00,13.983333333333333
52003,2024-07-11,2,09:01:00,23:00:00,13.983333333333333
52003,2024-07-12,2,09:00:00,23:01:00,14.016666666666667
52003,2024-07-13,3,09:01:00,23:00:00,13.983333333333333
52003,2024-07-14,3,09:01:00,23:00:00,13.983333333333333
52003,2024-07-15,4,09:01:00,23:00:00,13.983333333333333
52003,2024-07-16,4,09:07:00,23:00:00,13.883333333333333
52003,2024-07-17,6,09:02:00,23:00:00,13.966666666666667
52003,2024-07-18,6,09:02:00,23:00:00,13.966666666666667
52003,2024-07-19,0,09:02:00,23:00:00,13.966666666666667
52003,2024-07-20,0,09:01:00,23:00:00,13.983333333333333
52003,2024-07-21,1,09:04:00,23:00:00,13.933333333333334
52003,2024-07-22,1,09:02:00,23:00:00,13.966666666666667
52003,2024-07-23,2,09:01:00,23:00:00,13.983333333333333
52003,2024-07-24,2,09:01:00,23:00:00,13.983333333333333
52003,2024-07-25,3,09:02:00,16:01:00,6.983333333333333
52003,2024-07-26,3,09:03:00,16:00:00,6.95
52003,2024-07-27,4,09:01:00,23:00:00,13.983333333333333
52003,2024-07-28,4,09:02:00,23:00:00,13.966666666666667
52003,2024-07-29,5,09:01:00,23:00:00,13.983333333333333
52003,2024-07-30,5,09:00:00,23:01:00,14.016666666666667
52003,2024-07-31,6,09:02:00,23:00:00,13.966666666666667
52003,2024-08-01,6,09:03:00,23:00:00,13.95
52003,2024-08-02,0,08:59:00,16:00:00,7.016666666666667
52004,2024-06-02,0,12:01:00,17:00:00,4.983333333333333
52004,2024-06-03,1,00:00:00,12:00:00,12.0
52004,2024-06-04,1,09:00:00,12:00:00,3.0
52004,2024-06-05,2,09:00:00,23:25:00,14.416666666666666
52004,2024-06-06,2,09:00:00,22:02:00,13.033333333333333
52004,2024-06-07,3,12:54:00,22:01:00,9.116666666666667
52004,2024-06-08,3,09:00:00,12:00:00,3.0
52004,2024-06-09,4,09:00:00,12:02:00,3.033333333333333
52004,2024-06-10,4,09:00:00,12:07:00,3.1166666666666667
52004,2024-06-11,5,09:00:00,23:45:00,14.75
52004,2024-06-12,5,09:00:00,21:12:00,12.2
52004,2024-06-13,6,09:00:00,12:01:00,3.0166666666666666
52004,2024-06-14,6,12:53:00,22:00:00,9.116666666666667
52004,2024-06-15,0,09:00:00,12:01:00,3.0166666666666666
52004,2024-06-16,0,10:01:00,16:00:00,5.983333333333333
52004,2024-06-18,1,12:00:00,22:01:00,10.016666666666667
52004,2024-06-19,1,09:00:00,12:00:00,3.0
52004,2024-06-20,2,09:00:00,12:03:00,3.05
52004,2024-06-21,2,12:57:00,22:00:00,9.05
52004,2024-06-22,3,09:01:00,12:00:00,2.9833333333333334
52004,2024-06-23,3,09:00:00,12:01:00,3.0166666666666666
52004,2024-06-24,4,09:00:00,20:41:00,11.683333333333334
52004,2024-06-25,4,09:00:00,23:11:00,14.183333333333334
52004,2024-06-26,5,08:55:00,12:03:00,3.1333333333333333
52004,2024-06-27,5,09:00:00,12:07:00,3.1166666666666667
52004,2024-06-28,6,12:37:00,22:00:00,9.383333333333333
52004,2024-06-29,6,09:00:00,12:01:00,3.0166666666666666
52004,2024-06-30,0,09:01:00,12:00:00,2.9833333333333334
52004,2024-07-01,0,09:00:00,12:00:00,3.0
52004,2024-07-02,1,09:00:00,12:03:00,3.05
52004,2024-07-03,1,09:00:00,12:00:00,3.0
52004,2024-07-04,3,09:00:00,12:01:00,3.0166666666666666
52004,2024-07-05,3,12:50:00,22:00:00,9.166666666666666
52004,2024-07-06,4,09:00:00,12:02:00,3.033333333333333
52004,2024-07-07,4,09:00:00,12:02:00,3.033333333333333
52004,2024-07-08,5,09:00:00,12:03:00,3.05
52004,2024-07-09,5,09:00:00,12:00:00,3.0
52004,2024-07-10,6,09:00:00,23:27:00,14.45
52004,2024-07-11,6,09:01:00,12:33:00,3.533333333333333
52004,2024-07-12,0,12:50:00,20:01:00,7.183333333333334
52004,2024-07-13,0,09:00:00,12:02:00,3.033333333333333
52004,2024-07-14,1,09:00:00,12:00:00,3.0
52004,2024-07-15,1,09:01:00,23:08:00,14.116666666666667
52004,2024-07-16,2,09:00:00,22:01:00,13.016666666666667
52004,2024-07-17,2,09:00:00,12:03:00,3.05
52004,2024-07-18,3,09:00:00,12:01:00,3.0166666666666666
52004,2024-07-19,3,12:57:00,22:01:00,9.066666666666666
52004,2024-07-20,4,09:00:00,12:02:00,3.033333333333333
52004,2024-07-21,4,09:00:00,12:00:00,3.0
52004,2024-07-22,5,08:59:00,12:01:00,3.033333333333333
52004,2024-07-23,5,08:59:00,12:02:00,3.05
52004,2024-07-24,6,08:59:00,12:02:00,3.05
52004,2024-07-25,6,08:59:00,23:01:00,14.033333333333333
52004,2024-07-26,0,12:54:00,22:00:00,9.1
52004,2024-07-27,0,08:59:00,12:01:00,3.033333333333333
52004,2024-07-28,1,08:59:00,12:01:00,3.033333333333333
52004,2024-07-29,1,08:59:00,12:01:00,3.033333333333333
52004,2024-07-30,2,08:59:00,12:00:00,3.0166666666666666
52004,2024-07-31,2,08:59:00,12:00:00,3.0166666666666666
52004,2024-08-01,3,08:59:00,12:01:00,3.033333333333333
52005,2024-06-02,4,12:06:00,16:10:00,4.066666666666666
52005,2024-06-03,4,08:07:00,22:02:00,13.916666666666666
52005,2024-06-04,5,08:08:00,22:03:00,13.916666666666666
52005,2024-06-05,5,08:05:00,22:02:00,13.95
52005,2024-06-06,6,08:07:00,22:02:00,13.916666666666666
52005,2024-06-07,6,08:06:00,22:05:00,13.983333333333333
52005,2024-06-08,0,08:07:00,22:00:00,13.883333333333333
52005,2024-06-09,0,08:06:00,23:12:00,15.1
52005,2024-06-10,1,08:07:00,22:04:00,13.95
52005,2024-06-11,1,08:07:00,22:02:00,13.916666666666666
52005,2024-06-12,2,08:07:00,22:03:00,13.933333333333334
52005,2024-06-13,2,08:07:00,22:04:00,13.95
52005,2024-06-14,3,08:11:00,18:56:00,10.75
52005,2024-06-15,3,08:09:00,22:01:00,13.866666666666667
52005,2024-06-16,4,08:12:00,22:09:00,13.95
52005,2024-06-17,4,08:08:00,22:00:00,13.866666666666667
52005,2024-06-18,5,06:27:00,20:00:00,13.55
52005,2024-06-19,5,08:08:00,22:00:00,13.866666666666667
52005,2024-06-20,6,08:10:00,22:00:00,13.833333333333334
52005,2024-06-21,6,08:06:00,22:02:00,13.933333333333334
52005,2024-06-22,0,08:06:00,22:00:00,13.9
52005,2024-06-23,0,08:08:00,22:03:00,13.916666666666666
52005,2024-06-24,1,08:05:00,22:01:00,13.933333333333334
52005,2024-06-25,1,08:10:00,22:00:00,13.833333333333334
52005,2024-06-26,2,08:06:00,22:35:00,14.483333333333333
52005,2024-06-27,2,08:04:00,22:02:00,13.966666666666667
52005,2024-06-28,3,08:02:00,22:01:00,13.983333333333333
52005,2024-06-29,3,08:07:00,22:00:00,13.883333333333333
52005,2024-06-30,4,08:06:00,22:00:00,13.9
52005,2024-07-01,4,08:03:00,22:01:00,13.966666666666667
52005,2024-07-02,5,08:04:00,23:44:00,15.666666666666666
52005,2024-07-03,5,08:04:00,22:03:00,13.983333333333333
52005,2024-07-04,6,08:06:00,22:05:00,13.983333333333333
52005,2024-07-05,6,08:02:00,22:03:00,14.016666666666667
52005,2024-07-06,0,08:05:00,22:00:00,13.916666666666666
52005,2024-07-07,0,08:07:00,22:01:00,13.9
52005,2024-07-08,1,08:05:00,22:02:00,13.95
52005,2024-07-09,1,08:09:00,23:57:00,15.8
52005,2024-07-10,2,08:07:00,22:02:00,13.916666666666666
52005,2024-07-11,2,08:07:00,22:03:00,13.933333333333334
52005,2024-07-12,3,08:06:00,22:07:00,14.016666666666667
52005,2024-07-13,3,08:06:00,22:02:00,13.933333333333334
52005,2024-07-14,4,08:07:00,22:04:00,13.95
52005,2024-07-15,4,08:06:00,12:02:00,3.933333333333333
52005,2024-07-16,0,08:06:00,12:04:00,3.966666666666667
52005,2024-07-17,1,08:05:00,22:00:00,13.916666666666666
52005,2024-07-18,1,08:06:00,22:01:00,13.916666666666666
52005,2024-07-19,2,08:02:00,22:03:00,14.016666666666667
52005,2024-07-20,2,08:08:00,22:08:00,14.0
52005,2024-07-21,3,08:07:00,23:25:00,15.3
52005,2024-07-22,3,08:07:00,22:05:00,13.966666666666667
52005,2024-07-23,4,08:07:00,18:06:00,9.983333333333333
52005,2024-07-24,4,08:07:00,22:00:00,13.883333333333333
52005,2024-07-25,5,08:07:00,22:01:00,13.9
52005,2024-07-26,5,08:02:00,22:02:00,14.0
52005,2024-07-27,6,08:07:00,22:01:00,13.9
52005,2024-07-28,6,08:06:00,22:00:00,13.9
52005,2024-07-29,0,08:07:00,22:00:00,13.883333333333333
52005,2024-07-30,0,08:06:00,22:03:00,13.95
52005,2024-07-31,1,08:06:00,22:01:00,13.916666666666666
52005,2024-08-01,1,08:07:00,23:37:00,15.5
52005,2024-08-02,2,08:11:00,10:57:00,2.7666666666666666
52009,2024-07-01,2,08:25:00,12:00:00,3.5833333333333335
52009,2024-07-02,3,08:18:00,12:00:00,3.7
52009,2024-07-03,3,00:04:00,23:59:00,23.916666666666668
52009,2024-07-04,4,08:19:00,11:59:00,3.6666666666666665
52009,2024-07-05,4,08:00:00,23:58:00,15.966666666666667
52009,2024-07-06,5,08:17:00,22:07:00,13.833333333333334
52009,2024-07-07,5,08:17:00,11:58:00,3.683333333333333
52009,2024-07-08,6,08:17:00,12:00:00,3.716666666666667
52009,2024-07-09,6,08:19:00,12:00:00,3.683333333333333
52009,2024-07-10,0,00:02:00,23:30:00,23.466666666666665
52009,2024-07-11,0,08:18:00,12:00:00,3.7
52009,2024-07-12,1,08:03:00,22:00:00,13.95
52009,2024-07-13,1,08:16:00,12:00:00,3.7333333333333334
52009,2024-07-14,2,00:22:00,12:00:00,11.633333333333333
52009,2024-07-15,2,08:21:00,12:01:00,3.6666666666666665
52009,2024-07-16,3,08:18:00,12:01:00,3.716666666666667
52009,2024-07-17,3,08:13:00,11:59:00,3.7666666666666666
52009,2024-07-18,4,08:11:00,11:59:00,3.8
52009,2024-07-19,4,08:02:00,10:54:00,2.8666666666666667
52009,2024-07-20,5,11:59:00,22:00:00,10.016666666666667
52009,2024-07-21,5,08:17:00,12:04:00,3.783333333333333
52009,2024-07-22,6,08:15:00,11:59:00,3.7333333333333334
52009,2024-07-23,6,08:16:00,12:31:00,4.25
52009,2024-07-24,0,08:16:00,12:00:00,3.7333333333333334
52009,2024-07-25,0,08:20:00,11:58:00,3.6333333333333333
52009,2024-07-26,1,08:04:00,10:50:00,2.7666666666666666
52009,2024-07-27,1,08:15:00,12:00:00,3.75
52009,2024-07-28,2,08:14:00,12:00:00,3.7666666666666666
52009,2024-07-29,2,08:02:00,22:00:00,13.966666666666667
52009,2024-07-30,3,08:16:00,22:04:00,13.8
52009,2024-07-31,3,08:12:00,12:04:00,3.8666666666666667
52009,2024-08-01,4,08:20:00,12:01:00,3.683333333333333
52009,2024-08-02,4,08:03:00,10:58:00,2.9166666666666665
52010,2024-06-03,5,08:29:00,22:05:00,13.6
52010,2024-06-26,2,08:17:00,16:20:00,8.05
52010,2024-06-29,3,08:36:00,21:52:00,13.266666666666667
52010,2024-07-01,3,11:56:00,16:14:00,4.3
52010,2024-07-02,4,08:04:00,21:46:00,13.7
52010,2024-07-03,4,09:03:00,21:52:00,12.816666666666666
52010,2024-07-04,5,08:15:00,11:57:00,3.7
52010,2024-07-06,5,08:06:00,22:02:00,13.933333333333334
52010,2024-07-07,6,08:16:00,21:37:00,13.35
52010,2024-07-08,6,08:14:00,21:56:00,13.7
52010,2024-07-09,0,08:34:00,21:54:00,13.333333333333334
52010,2024-07-10,0,08:15:00,22:02:00,13.783333333333333
52010,2024-07-11,1,08:13:00,21:44:00,13.516666666666667
52010,2024-07-13,1,08:05:00,22:06:00,14.016666666666667
52010,2024-07-14,2,08:56:00,21:58:00,13.033333333333333
52010,2024-07-15,2,08:07:00,12:04:00,3.95
52010,2024-07-16,3,08:13:00,22:01:00,13.8
52010,2024-07-17,3,07:57:00,21:58:00,14.016666666666667
52010,2024-07-18,4,08:15:00,21:36:00,13.35
52010,2024-07-20,4,11:47:00,16:35:00,4.8
52010,2024-07-21,5,08:23:00,21:49:00,13.433333333333334
52010,2024-07-22,5,08:11:00,21:54:00,13.716666666666667
52010,2024-07-23,6,07:58:00,22:01:00,14.05
52010,2024-07-24,6,07:55:00,21:49:00,13.9
52010,2024-07-25,0,08:00:00,21:32:00,13.533333333333333
52010,2024-07-27,0,11:51:00,16:20:00,4.483333333333333
52010,2024-07-28,1,08:29:00,22:07:00,13.633333333333333
52010,2024-07-29,1,08:02:00,21:57:00,13.916666666666666
52010,2024-07-30,2,08:00:00,21:53:00,13.883333333333333
52011,2024-06-08,2,07:14:00,19:47:00,12.55
52011,2024-06-10,3,07:05:00,20:00:00,12.916666666666666
52011,2024-06-11,4,07:06:00,20:10:00,13.066666666666666
52011,2024-06-12,4,07:10:00,19:55:00,12.75
52011,2024-06-13,5,07:07:00,19:59:00,12.866666666666667
52011,2024-06-15,5,07:14:00,21:56:00,14.7
52011,2024-06-18,6,07:07:00,19:43:00,12.6
52011,2024-06-19,6,07:12:00,20:00:00,12.8
52011,2024-06-20,0,07:07:00,20:28:00,13.35
52011,2024-06-21,0,15:18:00,19:43:00,4.416666666666667
52011,2024-06-22,1,07:12:00,21:02:00,13.833333333333334
52011,2024-06-23,1,07:14:00,20:00:00,12.766666666666667
52011,2024-06-24,2,07:05:00,20:53:00,13.8
52011,2024-06-25,2,07:11:00,19:58:00,12.783333333333333
52011,2024-06-26,3,07:09:00,19:58:00,12.816666666666666
52011,2024-06-27,3,07:08:00,20:00:00,12.866666666666667
52011,2024-06-29,4,07:10:00,20:01:00,12.85
52011,2024-06-30,4,07:09:00,20:07:00,12.966666666666667
52011,2024-07-01,5,07:09:00,20:07:00,12.966666666666667
52011,2024-07-02,5,07:08:00,20:04:00,12.933333333333334
52011,2024-07-03,6,07:06:00,19:57:00,12.85
52011,2024-07-04,6,07:09:00,20:10:00,13.016666666666667
52011,2024-07-06,0,07:08:00,20:04:00,12.933333333333334
52011,2024-07-07,0,07:04:00,20:16:00,13.2
52011,2024-07-08,1,07:06:00,20:20:00,13.233333333333333
52011,2024-07-10,2,07:06:00,20:12:00,13.1
52011,2024-07-11,2,07:06:00,20:14:00,13.133333333333333
52011,2024-07-13,3,07:11:00,20:13:00,13.033333333333333
52011,2024-07-14,3,07:09:00,20:09:00,13.0
52011,2024-07-15,4,07:11:00,20:00:00,12.816666666666666
52011,2024-07-16,4,07:12:00,20:25:00,13.216666666666667
52011,2024-07-17,6,07:07:00,20:01:00,12.9
52011,2024-07-18,0,07:14:00,20:03:00,12.816666666666666
52011,2024-07-20,0,07:10:00,19:57:00,12.783333333333333
52011,2024-07-22,1,07:13:00,19:55:00,12.7
52011,2024-07-23,2,07:03:00,19:59:00,12.933333333333334
52011,2024-07-24,2,07:08:00,20:11:00,13.05
52011,2024-07-25,3,07:10:00,19:43:00,12.55
52011,2024-07-27,3,07:05:00,20:04:00,12.983333333333333
52011,2024-07-28,4,07:09:00,20:14:00,13.083333333333334
52011,2024-07-29,4,07:06:00,20:13:00,13.116666666666667
52011,2024-07-30,5,07:07:00,19:16:00,12.15
52011,2024-07-31,5,09:11:00,19:14:00,10.05
52011,2024-08-01,6,09:05:00,19:35:00,10.5
52013,2024-06-03,6,10:25:00,16:07:00,5.7
52013,2024-06-04,0,10:23:00,16:05:00,5.7
52013,2024-06-05,0,10:23:00,16:04:00,5.683333333333334
52013,2024-06-07,1,13:09:00,22:13:00,9.066666666666666
52013,2024-06-08,1,10:23:00,16:03:00,5.666666666666667
52013,2024-06-09,2,10:24:00,16:08:00,5.733333333333333
52013,2024-06-10,2,10:18:00,16:11:00,5.883333333333334
52013,2024-06-11,3,16:10:00,21:24:00,5.233333333333333
52013,2024-06-12,3,00:55:00,16:09:00,15.233333333333333
52013,2024-06-14,4,13:04:00,22:13:00,9.15
52013,2024-06-15,4,11:04:00,16:16:00,5.2
52013,2024-06-19,5,10:14:00,16:06:00,5.866666666666666
52013,2024-06-20,5,16:07:00,21:16:00,5.15
52013,2024-06-21,6,01:08:00,22:02:00,20.9
52013,2024-06-22,0,10:36:00,16:19:00,5.716666666666667
52013,2024-06-23,0,10:30:00,16:16:00,5.766666666666667
52013,2024-06-24,1,10:22:00,16:08:00,5.766666666666667
52013,2024-06-26,1,11:12:00,21:17:00,10.083333333333334
52013,2024-06-27,2,00:53:00,16:07:00,15.233333333333333
52013,2024-06-28,2,13:06:00,22:12:00,9.1
52013,2024-06-29,3,10:45:00,16:10:00,5.416666666666667
52013,2024-06-30,3,10:25:00,16:14:00,5.816666666666666
52013,2024-07-01,4,10:16:00,16:12:00,5.933333333333334
52013,2024-07-02,4,10:31:00,16:06:00,5.583333333333333
52013,2024-07-04,5,10:20:00,16:13:00,5.883333333333334
52013,2024-07-05,6,12:54:00,20:01:00,7.116666666666666
52013,2024-07-06,6,10:11:00,16:29:00,6.3
52013,2024-07-15,3,16:11:00,23:54:00,7.716666666666667
52014,2024-06-03,4,08:09:00,22:28:00,14.316666666666666
52014,2024-06-04,5,08:00:00,22:22:00,14.366666666666667
52014,2024-06-05,5,08:04:00,22:07:00,14.05
52014,2024-06-06,6,08:06:00,22:11:00,14.083333333333334
52014,2024-06-08,6,08:03:00,22:02:00,13.983333333333333
52014,2024-06-09,0,16:07:00,22:01:00,5.9
52014,2024-06-10,0,08:12:00,22:09:00,13.95
52014,2024-06-11,0,08:32:00,12:07:00,3.5833333333333335
52014,2024-06-12,0,08:24:00,22:15:00,13.85
52014,2024-06-13,1,08:26:00,16:07:00,7.683333333333334
52014,2024-06-15,1,08:20:00,22:01:00,13.683333333333334
52014,2024-06-18,2,16:06:00,22:01:00,5.916666666666667
52014,2024-06-19,2,08:02:00,21:58:00,13.933333333333334
52014,2024-06-20,3,08:02:00,16:06:00,8.066666666666666
52014,2024-06-22,3,08:02:00,22:04:00,14.033333333333333
52014,2024-06-23,4,08:03:00,22:00:00,13.95
52014,2024-06-24,4,08:40:00,21:56:00,13.266666666666667
52014,2024-06-25,5,08:09:00,22:04:00,13.916666666666666
52014,2024-06-26,5,08:07:00,22:00:00,13.883333333333333
52014,2024-06-27,6,08:08:00,22:09:00,14.016666666666667
52014,2024-06-29,6,08:03:00,22:05:00,14.033333333333333
52014,2024-06-30,0,08:17:00,22:01:00,13.733333333333333
52014,2024-07-01,0,08:14:00,16:10:00,7.933333333333334
52014,2024-07-02,1,08:06:00,22:36:00,14.5
52014,2024-07-03,1,08:07:00,22:22:00,14.25
52014,2024-07-04,2,08:38:00,22:03:00,13.416666666666666
52014,2024-07-06,2,08:09:00,22:05:00,13.933333333333334
52014,2024-07-08,3,09:58:00,16:01:00,6.05
52014,2024-07-09,3,10:01:00,16:07:00,6.1
52014,2024-07-10,4,09:59:00,16:00:00,6.016666666666667
52014,2024-07-11,4,10:14:00,16:07:00,5.883333333333334
52014,2024-07-13,5,10:21:00,16:05:00,5.733333333333333
52014,2024-07-14,6,09:55:00,16:09:00,6.233333333333333
52014,2024-07-15,6,10:09:00,20:52:00,10.716666666666667
52014,2024-07-16,0,00:59:00,16:05:00,15.1
52014,2024-07-17,0,10:02:00,16:06:00,6.066666666666666
52014,2024-07-19,1,13:05:00,21:59:00,8.9
52014,2024-07-20,1,10:03:00,16:18:00,6.25
52014,2024-07-21,2,10:05:00,16:05:00,6.0
52014,2024-07-22,2,10:02:00,16:10:00,6.133333333333334
52014,2024-07-23,3,10:07:00,16:04:00,5.95
52014,2024-07-24,3,10:08:00,16:05:00,5.95
52014,2024-07-26,4,13:13:00,22:02:00,8.816666666666666
52014,2024-07-27,4,10:05:00,16:04:00,5.983333333333333
52014,2024-07-28,5,10:02:00,16:02:00,6.0
52014,2024-07-29,5,10:03:00,16:07:00,6.066666666666666
52014,2024-07-30,6,10:05:00,21:01:00,10.933333333333334
52014,2024-07-31,6,00:57:00,16:06:00,15.15
52015,2024-06-02,0,11:16:00,16:07:00,4.85
52015,2024-06-03,1,08:07:00,21:58:00,13.85
52015,2024-06-04,1,08:05:00,12:05:00,4.0
52015,2024-06-05,2,08:05:00,16:09:00,8.066666666666666
52015,2024-06-06,2,08:05:00,16:09:00,8.066666666666666
52015,2024-06-07,3,08:05:00,22:08:00,14.05
52015,2024-06-08,3,08:07:00,22:03:00,13.933333333333334
52015,2024-06-09,4,08:05:00,21:54:00,13.816666666666666
52015,2024-06-10,4,08:05:00,16:11:00,8.1
52015,2024-06-11,6,08:05:00,21:54:00,13.816666666666666
52015,2024-06-12,0,08:07:00,22:04:00,13.95
52015,2024-06-13,0,08:07:00,21:53:00,13.766666666666667
52015,2024-06-14,1,08:02:00,16:16:00,8.233333333333333
52015,2024-06-15,1,08:07:00,11:50:00,3.716666666666667
52015,2024-06-17,2,11:55:00,15:57:00,4.033333333333333
52015,2024-06-18,2,08:31:00,21:49:00,13.3
52015,2024-06-19,3,08:06:00,16:10:00,8.066666666666666
52015,2024-06-20,3,08:05:00,21:54:00,13.816666666666666
52015,2024-06-21,4,08:08:00,16:07:00,7.983333333333333
52015,2024-06-22,4,08:07:00,21:54:00,13.783333333333333
52015,2024-06-23,5,08:05:00,16:07:00,8.033333333333333
52015,2024-06-24,5,08:08:00,22:05:00,13.95
52015,2024-06-25,6,08:05:00,21:53:00,13.8
52015,2024-06-26,6,08:05:00,21:52:00,13.783333333333333
52015,2024-06-27,0,08:05:00,22:08:00,14.05
52015,2024-06-28,0,08:05:00,21:57:00,13.866666666666667
52015,2024-06-29,1,08:07:00,22:00:00,13.883333333333333
52015,2024-06-30,1,08:05:00,21:56:00,13.85
52015,2024-07-01,2,08:29:00,22:00:00,13.516666666666667
52015,2024-07-02,2,08:08:00,22:23:00,14.25
52015,2024-07-03,3,08:05:00,22:06:00,14.016666666666667
52015,2024-07-04,3,08:05:00,21:52:00,13.783333333333333
52015,2024-07-05,4,08:06:00,16:09:00,8.05
52015,2024-07-06,4,08:05:00,21:54:00,13.816666666666666
52015,2024-07-07,5,08:05:00,11:57:00,3.8666666666666667
52015,2024-07-09,6,08:05:00,16:08:00,8.05
52015,2024-07-10,6,08:07:00,21:55:00,13.8
52015,2024-07-11,0,08:06:00,12:07:00,4.016666666666667
52015,2024-07-12,0,08:08:00,22:05:00,13.95
52015,2024-07-13,1,08:06:00,21:54:00,13.8
52015,2024-07-14,1,08:06:00,21:55:00,13.816666666666666
52015,2024-07-15,2,08:05:00,21:55:00,13.833333333333334
52015,2024-07-16,2,08:05:00,21:53:00,13.8
52015,2024-07-17,3,08:06:00,21:52:00,13.766666666666667
52015,2024-07-18,3,08:05:00,21:53:00,13.8
52015,2024-07-19,4,08:08:00,21:53:00,13.75
52015,2024-07-20,4,08:06:00,21:54:00,13.8
52015,2024-07-21,5,08:06:00,22:02:00,13.933333333333334
52015,2024-07-22,5,08:06:00,11:54:00,3.8
52015,2024-07-23,6,08:07:00,21:54:00,13.783333333333333
52015,2024-07-24,6,08:20:00,21:52:00,13.533333333333333
52015,2024-07-25,0,08:06:00,21:51:00,13.75
52015,2024-07-26,0,08:06:00,21:52:00,13.766666666666667
52015,2024-07-27,1,08:06:00,21:53:00,13.783333333333333
52015,2024-07-28,1,08:05:00,22:07:00,14.033333333333333
52015,2024-07-29,2,08:06:00,21:51:00,13.75
52015,2024-07-30,2,08:06:00,21:53:00,13.783333333333333
52015,2024-07-31,3,08:06:00,21:54:00,13.8
52015,2024-08-01,3,08:06:00,21:54:00,13.8
52015,2024-08-02,4,08:06:00,16:08:00,8.033333333333333
52018,2024-06-03,5,09:56:00,15:59:00,6.05
52018,2024-06-06,5,00:55:00,10:03:00,9.133333333333333
52018,2024-06-09,6,10:09:00,15:59:00,5.833333333333333
52018,2024-06-10,0,10:11:00,15:59:00,5.8
52018,2024-06-11,0,10:07:00,15:59:00,5.866666666666666
52018,2024-06-13,1,00:49:00,15:59:00,15.166666666666666
52018,2024-06-17,2,08:11:00,15:59:00,7.8
52018,2024-06-27,5,10:10:00,19:49:00,9.65
52018,2024-06-28,6,12:52:00,20:05:00,7.216666666666667
52018,2024-06-29,6,10:17:00,20:05:00,9.8
52018,2024-06-30,0,11:00:00,19:58:00,8.966666666666667
52018,2024-07-01,0,10:09:00,20:13:00,10.066666666666666
52018,2024-07-02,1,10:21:00,20:18:00,9.95
52018,2024-07-03,1,12:19:00,20:17:00,7.966666666666667
52018,2024-07-04,2,10:09:00,20:03:00,9.9
52018,2024-07-05,2,13:00:00,20:00:00,7.0
52018,2024-07-07,3,10:28:00,20:15:00,9.783333333333333
52018,2024-07-08,3,10:22:00,20:07:00,9.75
52018,2024-07-09,4,10:17:00,20:13:00,9.933333333333334
52018,2024-07-10,4,10:31:00,20:21:00,9.833333333333334
52018,2024-07-12,5,13:05:00,20:00:00,6.916666666666667
52018,2024-07-13,5,10:12:00,20:21:00,10.15
52018,2024-07-14,6,10:48:00,20:15:00,9.45
52018,2024-07-15,6,10:18:00,20:11:00,9.883333333333333
52018,2024-07-16,0,10:34:00,15:50:00,5.266666666666667
52018,2024-07-17,0,10:34:00,19:58:00,9.4
52018,2024-07-18,1,10:12:00,20:07:00,9.916666666666666
52018,2024-07-19,1,12:49:00,20:00:00,7.183333333333334
52018,2024-07-20,2,10:14:00,20:00:00,9.766666666666667
52018,2024-07-21,2,10:14:00,19:58:00,9.733333333333333
52018,2024-07-22,3,10:39:00,18:55:00,8.266666666666667
52018,2024-07-23,3,10:59:00,16:03:00,5.066666666666666
52019,2024-06-23,0,11:45:00,20:02:00,8.283333333333333
52019,2024-06-24,1,09:55:00,20:01:00,10.1
52019,2024-06-25,1,10:33:00,20:17:00,9.733333333333333
52019,2024-06-26,2,10:01:00,20:22:00,10.35
52019,2024-06-27,2,07:46:00,17:08:00,9.366666666666667
52019,2024-06-29,3,09:42:00,20:02:00,10.333333333333334
52019,2024-06-30,3,09:40:00,19:27:00,9.783333333333333
52019,2024-07-01,4,07:06:00,17:07:00,10.016666666666667
52019,2024-07-02,4,10:10:00,20:09:00,9.983333333333333
52019,2024-07-03,5,10:03:00,20:02:00,9.983333333333333
52019,2024-07-04,5,10:00:00,20:02:00,10.033333333333333
52019,2024-07-07,6,09:57:00,20:24:00,10.45
52019,2024-07-08,6,10:07:00,19:58:00,9.85
52019,2024-07-09,0,10:07:00,19:55:00,9.8
52019,2024-07-10,0,10:05:00,20:06:00,10.016666666666667
52019,2024-07-11,1,10:12:00,20:04:00,9.866666666666667
52019,2024-07-13,1,10:02:00,19:52:00,9.833333333333334
52019,2024-07-14,2,10:08:00,15:26:00,5.3
52019,2024-07-15,2,10:26:00,20:14:00,9.8
52019,2024-07-16,3,10:02:00,19:57:00,9.916666666666666
52019,2024-07-17,3,10:10:00,20:04:00,9.9
52019,2024-07-18,4,10:07:00,19:51:00,9.733333333333333
52019,2024-07-20,4,10:09:00,19:57:00,9.8
52019,2024-07-21,6,10:07:00,20:16:00,10.15
52019,2024-07-22,6,10:09:00,19:54:00,9.75
52019,2024-07-23,0,10:01:00,19:57:00,9.933333333333334
52019,2024-07-24,0,10:01:00,20:54:00,10.883333333333333
52019,2024-07-25,1,10:29:00,20:06:00,9.616666666666667
52019,2024-07-27,1,10:07:00,20:01:00,9.9
52019,2024-07-28,2,07:02:00,17:09:00,10.116666666666667
52019,2024-07-29,2,07:26:00,17:35:00,10.15
52019,2024-07-30,3,10:09:00,20:01:00,9.866666666666667
52019,2024-07-31,3,10:02:00,17:47:00,7.75
52021,2024-06-08,5,10:02:00,20:02:00,10.0
52021,2024-06-13,1,10:02:00,15:59:00,5.95
52021,2024-06-15,2,10:08:00,20:00:00,9.866666666666667
52021,2024-06-19,3,00:48:00,10:10:00,9.366666666666667
52021,2024-06-20,3,00:48:00,15:59:00,15.183333333333334
52021,2024-06-21,4,01:01:00,03:59:00,2.966666666666667
52021,2024-06-24,5,00:55:00,10:04:00,9.15
52021,2024-06-25,0,00:59:00,15:59:00,15.0
52021,2024-06-26,0,01:06:00,10:07:00,9.016666666666667
52021,2024-06-27,1,01:05:00,10:08:00,9.05
52021,2024-06-28,1,01:04:00,11:36:00,10.533333333333333
52021,2024-06-29,2,01:04:00,10:03:00,8.983333333333333
52021,2024-06-30,2,01:03:00,09:57:00,8.9
52021,2024-07-01,3,01:10:00,10:18:00,9.133333333333333
52021,2024-07-02,3,01:04:00,10:18:00,9.233333333333333
52021,2024-07-03,4,01:06:00,10:13:00,9.116666666666667
52021,2024-07-04,4,01:06:00,10:07:00,9.016666666666667
52021,2024-07-05,5,01:15:00,10:56:00,9.683333333333334
52021,2024-07-07,5,01:03:00,10:05:00,9.033333333333333
52021,2024-07-08,6,01:02:00,15:59:00,14.95
52021,2024-07-09,6,01:04:00,10:09:00,9.083333333333334
52021,2024-07-10,0,01:04:00,10:12:00,9.133333333333333
52021,2024-07-11,0,01:01:00,10:15:00,9.233333333333333
52021,2024-07-12,1,01:03:00,11:00:00,9.95
52021,2024-07-13,1,01:02:00,10:11:00,9.15
52021,2024-07-14,2,01:03:00,10:14:00,9.183333333333334
52021,2024-07-15,2,01:03:00,10:25:00,9.366666666666667
52021,2024-07-16,3,01:07:00,10:09:00,9.033333333333333
52021,2024-07-17,3,01:04:00,10:12:00,9.133333333333333
52021,2024-07-18,4,01:02:00,10:11:00,9.15
52021,2024-07-19,4,01:07:00,10:57:00,9.833333333333334
52021,2024-07-20,5,01:06:00,15:59:00,14.883333333333333
52021,2024-07-22,5,01:05:00,10:16:00,9.183333333333334
52021,2024-07-23,6,01:07:00,10:12:00,9.083333333333334
52021,2024-07-24,6,01:07:00,15:59:00,14.866666666666667
52024,2024-06-05,4,04:47:00,17:41:00,12.9
52024,2024-06-09,6,04:16:00,17:11:00,12.916666666666666
52024,2024-06-14,2,04:25:00,18:13:00,13.8
52024,2024-06-20,4,04:01:00,18:01:00,14.0
52024,2024-06-21,4,04:19:00,18:10:00,13.85
52024,2024-06-22,5,04:00:00,18:09:00,14.15
52024,2024-06-23,5,04:04:00,18:06:00,14.033333333333333
52024,2024-06-24,6,04:01:00,18:07:00,14.1
52024,2024-06-25,6,04:26:00,18:06:00,13.666666666666666
52027,2024-06-06,6,08:30:00,17:02:00,8.533333333333333
52027,2024-06-13,1,08:38:00,16:43:00,8.083333333333334
52027,2024-06-18,2,08:34:00,11:43:00,3.15
52027,2024-06-19,2,08:25:00,17:12:00,8.783333333333333
52027,2024-06-22,3,08:46:00,16:48:00,8.033333333333333
52027,2024-06-23,4,08:30:00,14:08:00,5.633333333333334
52027,2024-06-26,5,08:38:00,16:47:00,8.15
52027,2024-06-27,5,16:37:00,22:06:00,5.483333333333333
52027,2024-06-30,6,08:57:00,16:14:00,7.283333333333333
52027,2024-07-01,6,08:30:00,16:37:00,8.116666666666667
52027,2024-07-03,0,16:32:00,22:16:00,5.733333333333333
52027,2024-07-06,0,08:43:00,22:00:00,13.283333333333333
52027,2024-07-08,1,08:38:00,12:15:00,3.6166666666666667
52027,2024-07-10,1,13:24:00,16:44:00,3.3333333333333335
52027,2024-07-11,2,08:36:00,16:54:00,8.3
52027,2024-07-14,2,17:02:00,21:56:00,4.9
52027,2024-07-15,3,09:07:00,16:39:00,7.533333333333333
52027,2024-07-18,4,08:41:00,16:49:00,8.133333333333333
52027,2024-07-21,5,04:00:00,22:05:00,18.083333333333332
52027,2024-07-24,6,16:54:00,21:57:00,5.05
52027,2024-07-25,0,08:42:00,13:56:00,5.233333333333333
52027,2024-07-27,1,16:52:00,22:01:00,5.15
52027,2024-07-29,2,08:55:00,16:22:00,7.45
52027,2024-07-30,2,08:24:00,16:34:00,8.166666666666666
52027,2024-07-31,3,08:30:00,16:35:00,8.083333333333334
52027,2024-08-01,3,08:39:00,16:38:00,7.983333333333333
52028,2024-06-30,4,16:11:00,22:00:00,5.816666666666666
52028,2024-07-01,4,08:04:00,11:59:00,3.9166666666666665
52028,2024-07-02,5,08:01:00,12:00:00,3.9833333333333334
52028,2024-07-03,5,08:00:00,22:00:00,14.0
52028,2024-07-04,6,08:00:00,21:59:00,13.983333333333333
52028,2024-07-05,6,08:00:00,22:02:00,14.033333333333333
52028,2024-07-06,0,08:02:00,22:07:00,14.083333333333334
52028,2024-07-07,0,08:00:00,22:00:00,14.0
52028,2024-07-08,1,08:16:00,22:15:00,13.983333333333333
52028,2024-07-09,1,08:19:00,22:02:00,13.716666666666667
52028,2024-07-10,2,08:16:00,22:03:00,13.783333333333333
52028,2024-07-11,2,08:15:00,22:01:00,13.766666666666667
52028,2024-07-12,3,08:03:00,22:04:00,14.016666666666667
52028,2024-07-13,3,08:15:00,22:01:00,13.766666666666667
52028,2024-07-14,4,08:16:00,22:00:00,13.733333333333333
52028,2024-07-15,4,08:14:00,22:03:00,13.816666666666666
52028,2024-07-16,5,08:17:00,22:02:00,13.75
52028,2024-07-17,5,08:13:00,22:05:00,13.866666666666667
52028,2024-07-18,6,08:12:00,22:02:00,13.833333333333334
52028,2024-07-19,6,08:02:00,10:54:00,2.8666666666666667
52028,2024-07-20,0,08:14:00,22:02:00,13.8
52028,2024-07-21,0,08:16:00,21:59:00,13.716666666666667
52028,2024-07-22,1,08:15:00,16:14:00,7.983333333333333
52028,2024-07-23,1,08:15:00,16:15:00,8.0
52028,2024-07-24,2,08:15:00,22:21:00,14.1
52028,2024-07-25,2,08:19:00,22:24:00,14.083333333333334
52028,2024-07-26,3,08:03:00,22:00:00,13.95
52028,2024-07-27,3,08:13:00,22:18:00,14.083333333333334
52028,2024-07-28,4,08:14:00,22:02:00,13.8
52028,2024-07-29,4,08:01:00,22:00:00,13.983333333333333
52028,2024-07-30,5,08:02:00,22:03:00,14.016666666666667
52028,2024-07-31,5,08:03:00,21:59:00,13.933333333333334
52028,2024-08-01,6,08:02:00,22:00:00,13.966666666666667
52028,2024-08-02,6,08:03:00,10:58:00,2.9166666666666665
52030,2024-06-02,0,12:13:00,15:42:00,3.4833333333333334
52030,2024-06-03,0,06:32:00,20:51:00,14.316666666666666
52030,2024-06-04,1,06:28:00,20:49:00,14.35
52030,2024-06-05,1,06:30:00,20:42:00,14.2
52030,2024-06-06,2,06:27:00,20:48:00,14.35
52030,2024-06-07,2,06:29:00,20:57:00,14.466666666666667
52030,2024-06-08,3,06:29:00,20:53:00,14.4
52030,2024-06-09,3,06:29:00,20:50:00,14.35
52030,2024-06-10,4,06:27:00,20:50:00,14.383333333333333
52030,2024-06-11,4,06:25:00,20:52:00,14.45
52030,2024-06-12,5,06:28:00,20:56:00,14.466666666666667
52030,2024-06-13,5,06:26:00,20:51:00,14.416666666666666
52030,2024-06-14,6,06:27:00,20:53:00,14.433333333333334
52030,2024-06-15,6,06:24:00,20:50:00,14.433333333333334
52030,2024-06-16,0,06:48:00,21:04:00,14.266666666666667
52030,2024-06-18,0,07:48:00,20:45:00,12.95
52030,2024-06-19,1,06:26:00,20:48:00,14.366666666666667
52030,2024-06-20,1,06:29:00,15:41:00,9.2
52030,2024-06-21,2,06:25:00,20:52:00,14.45
52030,2024-06-22,2,06:27:00,20:54:00,14.45
52030,2024-06-23,3,06:28:00,20:55:00,14.45
52030,2024-06-24,3,06:25:00,20:58:00,14.55
52030,2024-06-25,4,06:29:00,20:51:00,14.366666666666667
52030,2024-06-26,4,06:26:00,20:53:00,14.45
52030,2024-06-27,5,06:30:00,20:55:00,14.416666666666666
52030,2024-06-28,5,06:26:00,20:55:00,14.483333333333333
52030,2024-06-29,6,06:29:00,20:50:00,14.35
52030,2024-06-30,6,06:27:00,20:53:00,14.433333333333334
52030,2024-07-01,0,06:28:00,20:56:00,14.466666666666667
52030,2024-07-02,0,06:16:00,20:54:00,14.633333333333333
52030,2024-07-03,1,06:18:00,20:56:00,14.633333333333333
52030,2024-07-04,1,06:15:00,20:54:00,14.65
52030,2024-07-05,2,06:23:00,20:53:00,14.5
52030,2024-07-06,2,06:24:00,20:56:00,14.533333333333333
52030,2024-07-07,3,06:20:00,20:56:00,14.6
52030,2024-07-08,3,06:25:00,20:53:00,14.466666666666667
52030,2024-07-09,4,06:24:00,20:53:00,14.483333333333333
52030,2024-07-10,4,06:26:00,20:58:00,14.533333333333333
52030,2024-07-11,5,06:24:00,20:55:00,14.516666666666667
52030,2024-07-12,5,06:26:00,20:52:00,14.433333333333334
52030,2024-07-13,6,06:29:00,20:58:00,14.483333333333333
52030,2024-07-14,6,06:27:00,20:52:00,14.416666666666666
52030,2024-07-15,0,06:26:00,20:55:00,14.483333333333333
52030,2024-07-16,0,06:23:00,20:55:00,14.533333333333333
52030,2024-07-17,1,02:49:00,15:43:00,12.9
52030,2024-07-18,1,06:18:00,20:58:00,14.666666666666666
52030,2024-07-19,2,06:25:00,20:50:00,14.416666666666666
52030,2024-07-20,2,06:28:00,20:57:00,14.483333333333333
52030,2024-07-21,3,06:22:00,20:55:00,14.55
52030,2024-07-22,3,06:23:00,20:56:00,14.55
52030,2024-07-23,4,06:25:00,20:57:00,14.533333333333333
52030,2024-07-24,4,06:25:00,20:51:00,14.433333333333334
52030,2024-07-25,6,06:26:00,20:52:00,14.433333333333334
52030,2024-07-26,6,06:27:00,20:51:00,14.4
52030,2024-07-27,0,06:22:00,20:51:00,14.483333333333333
52030,2024-07-28,0,06:07:00,20:53:00,14.766666666666667
52030,2024-07-29,1,06:15:00,20:53:00,14.633333333333333
52030,2024-07-30,1,06:25:00,21:01:00,14.6
52030,2024-07-31,2,06:23:00,20:50:00,14.45
52030,2024-08-01,2,06:17:00,20:52:00,14.583333333333334
52030,2024-08-02,3,06:21:00,11:02:00,4.683333333333334
52031,2024-06-23,3,09:23:00,22:36:00,13.216666666666667
52031,2024-06-24,4,10:45:00,22:37:00,11.866666666666667
52031,2024-06-25,4,10:26:00,22:56:00,12.5
52031,2024-06-26,5,10:43:00,22:37:00,11.9
52031,2024-07-01,5,10:50:00,22:36:00,11.766666666666667
52031,2024-07-02,6,11:21:00,22:38:00,11.283333333333333
52031,2024-07-03,6,11:03:00,22:48:00,11.75
52031,2024-07-04,0,11:04:00,22:37:00,11.55
52031,2024-07-05,0,09:42:00,22:36:00,12.9
52031,2024-07-06,1,09:37:00,11:08:00,1.5166666666666666
52031,2024-07-07,1,11:09:00,23:01:00,11.866666666666667
52031,2024-07-08,2,11:00:00,22:36:00,11.6
52031,2024-07-09,2,11:05:00,22:55:00,11.833333333333334
52031,2024-07-10,3,11:07:00,22:39:00,11.533333333333333
52031,2024-07-11,3,11:00:00,22:37:00,11.616666666666667
52031,2024-07-12,4,10:31:00,22:35:00,12.066666666666666
52031,2024-07-13,4,11:00:00,22:37:00,11.616666666666667
52031,2024-07-14,5,11:05:00,22:37:00,11.533333333333333
52031,2024-07-15,5,11:05:00,22:35:00,11.5
52031,2024-07-16,6,11:10:00,22:42:00,11.533333333333333
52031,2024-07-17,6,11:09:00,22:38:00,11.483333333333333
52031,2024-07-18,1,11:09:00,22:47:00,11.633333333333333
52031,2024-07-19,1,09:29:00,22:40:00,13.183333333333334
52031,2024-07-20,2,11:04:00,22:44:00,11.666666666666666
52031,2024-07-21,2,10:55:00,22:39:00,11.733333333333333
52031,2024-07-22,3,11:06:00,22:39:00,11.55
52031,2024-07-23,3,11:06:00,22:36:00,11.5
52031,2024-07-24,4,11:12:00,22:36:00,11.4
52031,2024-07-25,4,11:05:00,22:43:00,11.633333333333333
52031,2024-07-26,5,09:30:00,22:38:00,13.133333333333333
52031,2024-07-27,5,11:18:00,22:40:00,11.366666666666667
52031,2024-07-28,6,11:07:00,22:38:00,11.516666666666667
52031,2024-07-29,6,10:59:00,22:41:00,11.7
52031,2024-07-30,0,11:02:00,22:36:00,11.566666666666666
52031,2024-07-31,0,10:09:00,22:39:00,12.5
52031,2024-08-01,1,10:25:00,22:43:00,12.3
52032,2024-06-07,2,02:57:00,03:59:00,1.0333333333333334
52032,2024-06-26,4,13:04:00,17:49:00,4.75
52032,2024-06-27,5,01:53:00,13:12:00,11.316666666666666
52032,2024-06-28,5,01:42:00,12:53:00,11.183333333333334
52032,2024-06-29,6,07:32:00,17:51:00,10.316666666666666
52032,2024-07-05,0,01:31:00,13:05:00,11.566666666666666
52032,2024-07-06,0,07:33:00,12:58:00,5.416666666666667
52032,2024-07-07,1,07:30:00,12:59:00,5.483333333333333
52032,2024-07-08,1,07:54:00,12:58:00,5.066666666666666
52032,2024-07-09,2,07:34:00,12:41:00,5.116666666666666
52032,2024-07-10,2,07:51:00,12:58:00,5.116666666666666
52032,2024-07-11,3,07:43:00,12:55:00,5.2
52032,2024-07-12,3,07:35:00,12:57:00,5.366666666666666
52032,2024-07-13,4,07:55:00,12:57:00,5.033333333333333
52032,2024-07-14,4,07:39:00,13:00:00,5.35
52032,2024-07-15,5,07:32:00,13:00:00,5.466666666666667
52032,2024-07-16,5,07:49:00,12:58:00,5.15
52032,2024-07-17,6,07:33:00,13:01:00,5.466666666666667
52032,2024-07-18,6,07:43:00,13:01:00,5.3
52032,2024-07-19,0,07:46:00,13:01:00,5.25
52032,2024-07-20,0,07:28:00,13:03:00,5.583333333333333
52032,2024-07-21,1,07:49:00,13:01:00,5.2
52032,2024-07-22,1,07:50:00,13:02:00,5.2
52032,2024-07-23,2,07:55:00,12:58:00,5.05
52032,2024-07-24,2,07:58:00,12:59:00,5.016666666666667
52032,2024-07-25,3,07:48:00,13:03:00,5.25
52032,2024-07-26,3,07:53:00,13:03:00,5.166666666666667
52032,2024-07-27,4,07:52:00,13:05:00,5.216666666666667
52032,2024-07-28,4,07:38:00,13:06:00,5.466666666666667
52032,2024-07-29,5,07:34:00,13:01:00,5.45
52032,2024-07-30,5,07:38:00,13:07:00,5.483333333333333
52032,2024-07-31,6,07:50:00,13:05:00,5.25
52032,2024-08-01,6,07:42:00,13:07:00,5.416666666666667
52032,2024-08-02,0,07:39:00,13:00:00,5.35
52033,2024-06-02,0,16:07:00,22:15:00,6.133333333333334
52033,2024-06-04,1,08:05:00,21:52:00,13.783333333333333
52033,2024-06-05,2,08:05:00,16:10:00,8.083333333333334
52033,2024-06-08,3,08:08:00,21:52:00,13.733333333333333
52033,2024-06-09,3,08:06:00,21:53:00,13.783333333333333
52033,2024-06-10,4,08:05:00,21:50:00,13.75
52033,2024-06-11,4,08:06:00,21:54:00,13.8
52033,2024-06-12,5,07:54:00,22:10:00,14.266666666666667
52033,2024-06-13,5,07:58:00,21:51:00,13.883333333333333
52033,2024-06-15,6,07:57:00,22:10:00,14.216666666666667
52033,2024-06-18,0,07:57:00,21:50:00,13.883333333333333
52033,2024-06-19,0,07:55:00,21:54:00,13.983333333333333
52033,2024-06-20,1,07:56:00,21:53:00,13.95
52033,2024-06-21,1,16:07:00,21:53:00,5.766666666666667
52033,2024-06-22,2,07:58:00,21:54:00,13.933333333333334
52033,2024-06-23,2,16:07:00,21:52:00,5.75
52033,2024-06-24,3,07:58:00,21:52:00,13.9
52033,2024-06-25,3,07:57:00,21:53:00,13.933333333333334
52033,2024-06-26,4,07:57:00,22:06:00,14.15
52033,2024-06-27,4,07:56:00,22:08:00,14.2
52033,2024-06-28,6,16:11:00,21:59:00,5.8
52033,2024-06-29,6,07:55:00,22:00:00,14.083333333333334
52033,2024-06-30,0,07:57:00,21:56:00,13.983333333333333
52033,2024-07-01,0,08:01:00,22:35:00,14.566666666666666
52033,2024-07-02,1,07:55:00,22:23:00,14.466666666666667
52033,2024-07-03,1,07:56:00,15:55:00,7.983333333333333
52033,2024-07-04,2,07:55:00,21:52:00,13.95
52033,2024-07-05,2,15:57:00,21:55:00,5.966666666666667
52033,2024-07-06,3,07:55:00,21:54:00,13.983333333333333
52033,2024-07-07,3,07:55:00,21:54:00,13.983333333333333
52033,2024-07-08,4,07:55:00,21:52:00,13.95
52033,2024-07-09,4,07:55:00,11:55:00,4.0
52033,2024-07-10,5,07:55:00,21:54:00,13.983333333333333
52033,2024-07-11,5,07:56:00,11:53:00,3.95
52033,2024-07-12,6,15:56:00,21:53:00,5.95
52033,2024-07-13,6,07:56:00,22:02:00,14.1
52033,2024-07-14,0,07:55:00,21:53:00,13.966666666666667
52033,2024-07-15,0,07:56:00,22:10:00,14.233333333333333
52033,2024-07-16,1,07:56:00,21:52:00,13.933333333333334
52033,2024-07-17,1,07:55:00,21:53:00,13.966666666666667
52033,2024-07-18,2,07:56:00,21:10:00,13.233333333333333
52033,2024-07-19,2,15:57:00,21:54:00,5.95
52033,2024-07-20,3,07:56:00,21:52:00,13.933333333333334
52033,2024-07-21,3,07:58:00,21:53:00,13.916666666666666
52033,2024-07-22,4,07:56:00,21:52:00,13.933333333333334
52033,2024-07-23,4,07:57:00,21:54:00,13.95
52033,2024-07-24,5,07:58:00,21:51:00,13.883333333333333
52033,2024-07-25,5,07:56:00,21:52:00,13.933333333333334
52033,2024-07-26,6,16:56:00,22:11:00,5.25
52033,2024-07-27,6,07:56:00,21:52:00,13.933333333333334
52033,2024-07-28,0,07:56:00,22:08:00,14.2
52033,2024-07-29,0,07:54:00,21:52:00,13.966666666666667
52033,2024-07-30,1,07:56:00,21:53:00,13.95
52033,2024-07-31,1,07:55:00,21:52:00,13.95
52033,2024-08-01,2,07:56:00,21:54:00,13.966666666666667
52034,2024-06-04,3,06:49:00,17:24:00,10.583333333333334
52034,2024-06-05,4,08:16:00,12:18:00,4.033333333333333
52034,2024-06-06,4,15:59:00,22:18:00,6.316666666666666
52034,2024-06-08,5,08:05:00,11:50:00,3.75
52034,2024-06-09,5,08:04:00,16:00:00,7.933333333333334
52034,2024-06-11,6,06:41:00,18:43:00,12.033333333333333
52034,2024-06-13,0,08:08:00,16:09:00,8.016666666666667
52034,2024-06-19,1,07:56:00,21:53:00,13.95
52034,2024-06-20,1,08:05:00,21:53:00,13.8
52034,2024-06-22,2,07:53:00,20:13:00,12.333333333333334
52034,2024-06-25,3,11:51:00,16:00:00,4.15
52034,2024-07-02,4,08:37:00,17:46:00,9.15
52034,2024-07-04,4,06:40:00,18:35:00,11.916666666666666
52034,2024-07-06,5,06:30:00,18:37:00,12.116666666666667
52034,2024-07-07,5,08:06:00,21:53:00,13.783333333333333
52034,2024-07-08,6,07:27:00,20:05:00,12.633333333333333
52034,2024-07-09,6,07:35:00,19:03:00,11.466666666666667
52034,2024-07-10,0,07:28:00,17:34:00,10.1
52034,2024-07-18,3,06:16:00,21:10:00,14.9
52034,2024-07-21,4,04:00:00,23:58:00,19.966666666666665
52034,2024-07-22,4,08:07:00,18:22:00,10.25
52034,2024-07-24,5,08:05:00,17:46:00,9.683333333333334
52034,2024-07-25,6,08:06:00,18:17:00,10.183333333333334
52034,2024-07-30,1,08:00:00,11:52:00,3.8666666666666667
52034,2024-07-31,2,08:01:00,21:52:00,13.85
52036,2024-06-02,3,11:54:00,16:07:00,4.216666666666667
52036,2024-06-03,4,07:57:00,21:56:00,13.983333333333333
52036,2024-06-04,4,06:50:00,21:56:00,15.1
52036,2024-06-05,5,07:54:00,21:59:00,14.083333333333334
52036,2024-06-06,5,07:54:00,21:50:00,13.933333333333334
52036,2024-06-08,6,06:47:00,21:51:00,15.066666666666666
52036,2024-06-09,0,07:54:00,21:56:00,14.033333333333333
52036,2024-06-10,0,07:54:00,11:52:00,3.966666666666667
52036,2024-06-11,1,07:52:00,23:48:00,15.933333333333334
52036,2024-06-12,1,06:47:00,22:08:00,15.35
52036,2024-06-13,2,07:57:00,21:50:00,13.883333333333333
52036,2024-06-14,2,16:01:00,22:07:00,6.1
52036,2024-06-15,3,06:39:00,11:50:00,5.183333333333334
52036,2024-06-19,3,07:55:00,21:52:00,13.95
52036,2024-06-20,4,07:01:00,21:52:00,14.85
52036,2024-06-21,4,15:56:00,21:52:00,5.933333333333334
52036,2024-06-22,5,07:57:00,21:53:00,13.933333333333334
52036,2024-06-23,5,07:55:00,21:50:00,13.916666666666666
52036,2024-06-24,6,06:42:00,21:54:00,15.2
52036,2024-06-25,6,07:55:00,22:31:00,14.6
52036,2024-06-26,0,07:55:00,21:50:00,13.916666666666666
52036,2024-06-27,0,06:44:00,11:50:00,5.1
52036,2024-06-28,1,15:57:00,21:51:00,5.9
52036,2024-06-29,1,07:55:00,22:36:00,14.683333333333334
52036,2024-06-30,2,07:56:00,22:14:00,14.3
52036,2024-07-01,2,06:32:00,11:54:00,5.366666666666666
52036,2024-07-02,3,07:55:00,21:49:00,13.9
52036,2024-07-03,3,07:55:00,21:52:00,13.95
52036,2024-07-04,4,06:40:00,21:51:00,15.183333333333334
52036,2024-07-06,4,06:31:00,21:52:00,15.35
52036,2024-07-07,5,07:55:00,21:52:00,13.95
52036,2024-07-08,5,07:56:00,11:53:00,3.95
52036,2024-07-09,6,07:55:00,21:54:00,13.983333333333333
52036,2024-07-10,6,07:55:00,21:55:00,14.0
52036,2024-07-11,0,06:43:00,11:52:00,5.15
52036,2024-07-12,0,15:55:00,21:50:00,5.916666666666667
52036,2024-07-13,1,07:00:00,21:52:00,14.866666666666667
52036,2024-07-14,1,07:55:00,21:52:00,13.95
52036,2024-07-15,2,07:55:00,21:52:00,13.95
52036,2024-07-16,2,07:55:00,11:51:00,3.933333333333333
52036,2024-07-17,3,07:56:00,21:56:00,14.0
52036,2024-07-18,3,07:56:00,20:55:00,12.983333333333333
52036,2024-07-19,4,15:57:00,21:52:00,5.916666666666667
52036,2024-07-20,4,07:55:00,11:51:00,3.933333333333333
52036,2024-07-21,0,07:55:00,21:51:00,13.933333333333334
52036,2024-07-22,0,07:55:00,21:52:00,13.95
52036,2024-07-23,1,07:56:00,21:54:00,13.966666666666667
52036,2024-07-24,1,07:56:00,11:51:00,3.9166666666666665
52036,2024-07-25,2,07:55:00,21:51:00,13.933333333333334
52036,2024-07-26,2,15:56:00,21:51:00,5.916666666666667
52036,2024-07-27,3,07:56:00,21:51:00,13.916666666666666
52036,2024-07-28,3,07:56:00,21:47:00,13.85
52036,2024-07-29,4,07:54:00,11:53:00,3.9833333333333334
52036,2024-07-30,4,07:56:00,21:51:00,13.916666666666666
52036,2024-07-31,5,07:54:00,21:52:00,13.966666666666667
52036,2024-08-01,5,07:56:00,21:52:00,13.933333333333334
52038,2024-06-03,6,01:58:00,11:51:00,9.883333333333333
52038,2024-06-04,6,02:01:00,08:51:00,6.833333333333333
52038,2024-06-05,0,02:05:00,11:51:00,9.766666666666667
52038,2024-06-06,0,02:01:00,11:53:00,9.866666666666667
52038,2024-06-07,1,01:58:00,10:57:00,8.983333333333333
52038,2024-06-10,2,01:57:00,11:52:00,9.916666666666666
52038,2024-06-11,3,01:57:00,11:54:00,9.95
52038,2024-06-12,3,02:13:00,11:53:00,9.666666666666666
52038,2024-06-13,4,02:04:00,11:52:00,9.8
52038,2024-06-14,4,02:01:00,11:00:00,8.983333333333333
52038,2024-06-15,5,02:00:00,15:59:00,13.983333333333333
52038,2024-06-17,5,02:14:00,11:53:00,9.65
52038,2024-06-18,6,02:03:00,11:50:00,9.783333333333333
52038,2024-06-19,6,01:57:00,11:52:00,9.916666666666666
52038,2024-06-20,0,02:02:00,11:57:00,9.916666666666666
52038,2024-06-21,0,02:08:00,10:59:00,8.85
52038,2024-06-24,2,02:05:00,11:53:00,9.8
52038,2024-06-25,2,02:00:00,15:59:00,13.983333333333333
52038,2024-06-26,3,01:55:00,11:51:00,9.933333333333334
52038,2024-06-27,3,02:17:00,11:56:00,9.65
52038,2024-06-28,4,02:01:00,11:00:00,8.983333333333333
52038,2024-06-29,4,02:03:00,11:53:00,9.833333333333334
52038,2024-06-30,5,02:07:00,12:06:00,9.983333333333333
52038,2024-07-01,5,02:08:00,11:55:00,9.783333333333333
52038,2024-07-02,6,02:05:00,11:52:00,9.783333333333333
52038,2024-07-03,6,02:10:00,11:55:00,9.75
52038,2024-07-04,0,02:06:00,11:53:00,9.783333333333333
52038,2024-07-05,0,02:08:00,10:53:00,8.75
52038,2024-07-06,1,02:13:00,11:54:00,9.683333333333334
52038,2024-07-07,1,02:31:00,11:54:00,9.383333333333333
52038,2024-07-08,2,02:07:00,15:59:00,13.866666666666667
52038,2024-07-09,2,02:03:00,11:52:00,9.816666666666666
52038,2024-07-10,3,02:02:00,11:53:00,9.85
52038,2024-07-11,3,02:08:00,15:59:00,13.85
52038,2024-07-13,4,02:08:00,11:52:00,9.733333333333333
52038,2024-07-14,4,02:03:00,11:52:00,9.816666666666666
52038,2024-07-15,5,02:06:00,11:51:00,9.75
52038,2024-07-16,5,01:57:00,11:53:00,9.933333333333334
52038,2024-07-17,6,02:05:00,11:52:00,9.783333333333333
52038,2024-07-18,6,02:08:00,11:52:00,9.733333333333333
52038,2024-07-19,0,02:00:00,10:47:00,8.783333333333333
52038,2024-07-20,0,02:03:00,06:23:00,4.333333333333333
52038,2024-07-21,1,02:04:00,11:52:00,9.8
52038,2024-07-22,1,01:58:00,11:52:00,9.9
52038,2024-07-23,2,02:01:00,12:06:00,10.083333333333334
52038,2024-07-24,2,02:11:00,11:52:00,9.683333333333334
52038,2024-07-25,3,01:56:00,11:52:00,9.933333333333334
52038,2024-07-26,3,01:55:00,10:44:00,8.816666666666666
52038,2024-07-27,4,01:54:00,11:51:00,9.95
52038,2024-07-28,4,01:56:00,11:51:00,9.916666666666666
52038,2024-07-29,6,02:04:00,11:54:00,9.833333333333334
52038,2024-07-30,6,01:59:00,11:52:00,9.883333333333333
52038,2024-07-31,0,01:59:00,11:51:00,9.866666666666667
52038,2024-08-01,0,01:56:00,11:52:00,9.933333333333334
52038,2024-08-02,5,02:01:00,11:03:00,9.033333333333333
52039,2024-06-02,5,13:17:00,22:51:00,9.566666666666666
52039,2024-06-03,2,10:53:00,22:55:00,12.033333333333333
52039,2024-06-04,2,11:00:00,23:01:00,12.016666666666667
52039,2024-06-05,2,11:00:00,22:59:00,11.983333333333333
52039,2024-06-06,2,11:02:00,22:58:00,11.933333333333334
52039,2024-06-07,3,10:29:00,22:58:00,12.483333333333333
52039,2024-06-08,3,11:15:00,23:04:00,11.816666666666666
52039,2024-06-09,6,11:07:00,23:02:00,11.916666666666666
52039,2024-06-10,6,11:10:00,23:00:00,11.833333333333334
52039,2024-06-11,0,11:18:00,23:01:00,11.716666666666667
52039,2024-06-12,0,11:12:00,23:03:00,11.85
52039,2024-06-13,1,11:26:00,23:01:00,11.583333333333334
52039,2024-06-14,1,10:16:00,23:04:00,12.8
52039,2024-06-15,2,10:39:00,23:06:00,12.45
52039,2024-06-16,2,11:05:00,23:07:00,12.033333333333333
52039,2024-06-17,5,11:12:00,23:03:00,11.85
52039,2024-06-18,5,10:53:00,23:05:00,12.2
52039,2024-06-19,0,11:07:00,23:05:00,11.966666666666667
52039,2024-06-20,0,11:11:00,22:57:00,11.766666666666667
52039,2024-06-21,1,10:13:00,23:00:00,12.783333333333333
52039,2024-06-22,1,11:41:00,22:57:00,11.266666666666667
52039,2024-06-23,2,11:04:00,22:54:00,11.833333333333334
52039,2024-06-24,2,11:22:00,22:59:00,11.616666666666667
52039,2024-06-25,3,11:14:00,23:00:00,11.766666666666667
52039,2024-06-26,3,11:17:00,23:03:00,11.766666666666667
52039,2024-06-27,5,11:18:00,23:05:00,11.783333333333333
52039,2024-06-28,5,10:27:00,22:52:00,12.416666666666666
52039,2024-06-29,6,11:43:00,22:59:00,11.266666666666667
52039,2024-06-30,6,11:22:00,22:58:00,11.6
52039,2024-07-01,0,11:28:00,22:56:00,11.466666666666667
52039,2024-07-02,0,11:10:00,23:00:00,11.833333333333334
52039,2024-07-03,1,11:19:00,22:57:00,11.633333333333333
52039,2024-07-04,1,10:41:00,22:57:00,12.266666666666667
52039,2024-07-05,2,10:14:00,22:52:00,12.633333333333333
52039,2024-07-06,2,11:13:00,22:53:00,11.666666666666666
52039,2024-07-07,3,11:09:00,22:57:00,11.8
52039,2024-07-08,3,11:57:00,22:57:00,11.0
52039,2024-07-09,5,10:54:00,23:00:00,12.1
52039,2024-07-10,5,11:22:00,22:51:00,11.483333333333333
52039,2024-07-11,6,11:40:00,22:57:00,11.283333333333333
52039,2024-07-12,6,10:08:00,23:00:00,12.866666666666667
52039,2024-07-13,0,10:58:00,22:52:00,11.9
52039,2024-07-14,0,10:56:00,22:59:00,12.05
52039,2024-07-15,1,11:11:00,22:56:00,11.75
52039,2024-07-16,1,11:33:00,22:57:00,11.4
52039,2024-07-17,2,11:13:00,22:49:00,11.6
52039,2024-07-18,2,11:22:00,22:54:00,11.533333333333333
52039,2024-07-19,3,10:15:00,22:51:00,12.6
52039,2024-07-20,3,11:29:00,22:52:00,11.383333333333333
52039,2024-07-21,5,11:49:00,23:00:00,11.183333333333334
52039,2024-07-22,5,11:31:00,22:58:00,11.45
52039,2024-07-23,6,11:39:00,23:00:00,11.35
52039,2024-07-24,6,11:17:00,22:53:00,11.6
52039,2024-07-25,0,11:37:00,22:52:00,11.25
52039,2024-07-26,0,10:22:00,22:57:00,12.583333333333334
52039,2024-07-27,1,11:09:00,22:50:00,11.683333333333334
52039,2024-07-28,1,11:40:00,22:45:00,11.083333333333334
52039,2024-07-29,2,11:08:00,22:47:00,11.65
52039,2024-07-30,2,11:00:00,22:50:00,11.833333333333334
52039,2024-07-31,3,11:21:00,22:55:00,11.566666666666666
52039,2024-08-01,3,11:41:00,22:50:00,11.15
52042,2024-06-16,1,09:54:00,23:56:00,14.033333333333333
52043,2024-06-08,2,11:02:00,15:59:00,4.95
52043,2024-06-22,5,11:29:00,22:55:00,11.433333333333334
52043,2024-06-29,4,11:01:00,23:00:00,11.983333333333333
52043,2024-07-06,2,10:58:00,22:59:00,12.016666666666667
52043,2024-07-13,5,10:50:00,23:08:00,12.3
52043,2024-07-20,1,10:51:00,22:58:00,12.116666666666667
52043,2024-07-27,5,11:19:00,22:50:00,11.516666666666667
52048,2024-06-02,5,15:55:00,19:58:00,4.05
52048,2024-06-03,6,00:03:00,15:57:00,15.9
52048,2024-06-04,6,09:59:00,15:56:00,5.95
52048,2024-06-05,0,10:03:00,23:57:00,13.9
52048,2024-06-06,0,09:57:00,15:56:00,5.983333333333333
52048,2024-06-07,1,12:49:00,15:54:00,3.0833333333333335
52048,2024-06-08,1,08:07:00,22:07:00,14.0
52048,2024-06-09,2,08:05:00,16:07:00,8.033333333333333
52048,2024-06-10,2,08:04:00,22:00:00,13.933333333333334
52048,2024-06-11,3,08:06:00,22:12:00,14.1
52048,2024-06-12,3,08:08:00,21:55:00,13.783333333333333
52048,2024-06-13,5,08:07:00,22:10:00,14.05
52048,2024-06-14,5,08:03:00,11:00:00,2.95
52048,2024-06-15,6,08:08:00,22:16:00,14.133333333333333
52048,2024-06-17,6,09:57:00,15:57:00,6.0
52048,2024-06-18,0,08:10:00,21:50:00,13.666666666666666
52048,2024-06-19,0,07:55:00,21:55:00,14.0
52048,2024-06-20,1,07:55:00,21:53:00,13.966666666666667
52048,2024-06-21,1,07:57:00,21:52:00,13.916666666666666
52048,2024-06-22,2,07:57:00,21:53:00,13.933333333333334
52048,2024-06-23,2,07:55:00,21:51:00,13.933333333333334
52048,2024-06-24,3,07:57:00,11:54:00,3.95
52048,2024-06-25,3,07:55:00,21:52:00,13.95
52048,2024-06-26,5,07:55:00,21:52:00,13.95
52048,2024-06-27,5,07:55:00,22:09:00,14.233333333333333
52048,2024-06-28,0,07:55:00,21:58:00,14.05
52048,2024-06-29,0,07:56:00,22:01:00,14.083333333333334
52048,2024-06-30,1,07:55:00,21:57:00,14.033333333333333
52048,2024-07-01,1,08:05:00,22:50:00,14.75
52048,2024-07-02,2,08:07:00,22:41:00,14.566666666666666
52048,2024-07-03,2,08:07:00,22:19:00,14.2
52048,2024-07-04,3,08:05:00,21:51:00,13.766666666666667
52048,2024-07-05,3,08:06:00,22:06:00,14.0
52048,2024-07-06,4,08:05:00,22:09:00,14.066666666666666
52048,2024-07-07,4,08:06:00,22:10:00,14.066666666666666
52048,2024-07-08,5,08:08:00,22:07:00,13.983333333333333
52048,2024-07-09,5,08:06:00,22:12:00,14.1
52048,2024-07-10,6,08:08:00,21:55:00,13.783333333333333
52048,2024-07-11,6,08:06:00,22:08:00,14.033333333333333
52048,2024-07-12,0,08:09:00,22:07:00,13.966666666666667
52048,2024-07-13,0,08:06:00,22:07:00,14.016666666666667
52048,2024-07-14,1,08:07:00,22:10:00,14.05
52048,2024-07-15,1,08:06:00,22:09:00,14.05
52048,2024-07-16,2,07:55:00,21:52:00,13.95
52048,2024-07-17,2,07:57:00,21:52:00,13.916666666666666
52048,2024-07-18,4,07:56:00,21:53:00,13.95
52048,2024-07-19,4,07:56:00,21:52:00,13.933333333333334
52048,2024-07-20,5,07:56:00,21:52:00,13.933333333333334
52048,2024-07-21,5,07:56:00,21:51:00,13.916666666666666
52048,2024-07-22,6,07:56:00,21:51:00,13.916666666666666
52048,2024-07-23,6,07:56:00,21:55:00,13.983333333333333
52048,2024-07-24,0,07:57:00,21:51:00,13.9
52048,2024-07-25,0,07:56:00,21:51:00,13.916666666666666
52048,2024-07-26,1,07:56:00,21:53:00,13.95
52048,2024-07-27,1,07:57:00,21:52:00,13.916666666666666
52048,2024-07-28,2,07:56:00,22:26:00,14.5
52048,2024-07-29,2,07:54:00,22:20:00,14.433333333333334
52048,2024-07-30,4,07:56:00,21:53:00,13.95
52048,2024-07-31,4,07:55:00,21:51:00,13.933333333333334
52048,2024-08-01,5,08:07:00,22:11:00,14.066666666666666
52048,2024-08-02,5,08:06:00,11:03:00,2.95
52049,2024-06-02,6,16:04:00,22:17:00,6.216666666666667
52049,2024-06-03,6,08:00:00,22:03:00,14.05
52049,2024-06-04,0,08:00:00,21:52:00,13.866666666666667
52049,2024-06-05,0,07:55:00,22:03:00,14.133333333333333
52049,2024-06-06,1,07:57:00,21:58:00,14.016666666666667
52049,2024-06-07,1,16:00:00,22:04:00,6.066666666666666
52049,2024-06-08,2,07:58:00,22:08:00,14.166666666666666
52049,2024-06-09,2,07:59:00,22:08:00,14.15
52049,2024-06-10,4,07:57:00,21:59:00,14.033333333333333
52049,2024-06-11,4,07:57:00,22:08:00,14.183333333333334
52049,2024-06-12,6,07:59:00,21:55:00,13.933333333333334
52049,2024-06-13,6,06:57:00,21:05:00,14.133333333333333
52049,2024-06-14,0,16:03:00,22:11:00,6.133333333333334
52049,2024-06-15,0,08:01:00,21:58:00,13.95
52049,2024-06-16,1,08:00:00,21:56:00,13.933333333333334
52049,2024-06-18,1,08:02:00,21:59:00,13.95
52049,2024-06-19,2,08:00:00,22:08:00,14.133333333333333
52049,2024-06-20,2,07:58:00,22:03:00,14.083333333333334
52049,2024-06-21,3,16:03:00,22:02:00,5.983333333333333
52049,2024-06-22,3,07:59:00,22:04:00,14.083333333333334
52049,2024-06-23,4,07:58:00,21:43:00,13.75
52049,2024-06-24,4,07:55:00,21:57:00,14.033333333333333
52049,2024-06-25,5,08:02:00,22:30:00,14.466666666666667
52049,2024-06-26,5,07:58:00,22:02:00,14.066666666666666
52049,2024-06-27,6,07:59:00,22:13:00,14.233333333333333
52049,2024-06-28,6,16:04:00,22:04:00,6.0
52049,2024-06-29,0,08:00:00,22:05:00,14.083333333333334
52049,2024-06-30,0,08:01:00,21:57:00,13.933333333333334
52049,2024-07-01,1,08:00:00,22:51:00,14.85
52049,2024-07-02,1,08:00:00,22:37:00,14.616666666666667
52049,2024-07-03,2,07:57:00,22:07:00,14.166666666666666
52049,2024-07-04,2,07:58:00,22:03:00,14.083333333333334
52049,2024-07-05,3,16:05:00,21:58:00,5.883333333333334
52049,2024-07-06,3,08:01:00,21:58:00,13.95
52049,2024-07-07,4,07:58:00,22:01:00,14.05
52049,2024-07-08,4,07:57:00,22:03:00,14.1
52049,2024-07-09,5,07:58:00,21:59:00,14.016666666666667
52049,2024-07-10,5,06:58:00,22:25:00,15.45
52049,2024-07-11,0,07:59:00,22:00:00,14.016666666666667
52049,2024-07-12,0,16:03:00,22:00:00,5.95
52049,2024-07-13,1,07:58:00,22:01:00,14.05
52049,2024-07-14,1,07:58:00,21:58:00,14.0
52049,2024-07-15,2,07:57:00,22:04:00,14.116666666666667
52049,2024-07-16,2,08:00:00,22:03:00,14.05
52049,2024-07-17,3,07:59:00,16:05:00,8.1
52049,2024-07-18,3,07:59:00,22:03:00,14.066666666666666
52049,2024-07-19,4,16:01:00,21:58:00,5.95
52049,2024-07-20,4,07:59:00,22:04:00,14.083333333333334
52049,2024-07-21,5,07:57:00,22:00:00,14.05
52049,2024-07-22,5,07:58:00,22:07:00,14.15
52049,2024-07-23,6,08:00:00,21:55:00,13.916666666666666
52049,2024-07-24,6,08:00:00,21:57:00,13.95
52049,2024-07-25,0,07:58:00,22:00:00,14.033333333333333
52049,2024-07-26,0,16:00:00,22:01:00,6.016666666666667
52049,2024-07-27,1,07:58:00,22:00:00,14.033333333333333
52049,2024-07-28,1,07:58:00,22:26:00,14.466666666666667
52049,2024-07-29,2,07:58:00,22:27:00,14.483333333333333
52049,2024-07-30,2,07:59:00,15:59:00,8.0
52049,2024-07-31,3,08:01:00,22:04:00,14.05
52049,2024-08-01,3,07:58:00,21:59:00,14.016666666666667
52050,2024-06-19,3,04:07:00,17:33:00,13.433333333333334
52050,2024-06-22,5,04:03:00,17:45:00,13.7
52050,2024-06-23,5,04:04:00,17:29:00,13.416666666666666
52050,2024-06-24,6,04:01:00,17:27:00,13.433333333333334
52050,2024-06-25,6,04:01:00,17:27:00,13.433333333333334
52050,2024-06-26,0,04:10:00,17:27:00,13.283333333333333
52050,2024-06-27,0,04:05:00,17:23:00,13.3
52050,2024-06-28,1,04:13:00,17:38:00,13.416666666666666
52050,2024-06-29,1,05:55:00,17:43:00,11.8
52050,2024-06-30,2,05:58:00,17:17:00,11.316666666666666
52050,2024-07-01,2,05:55:00,17:09:00,11.233333333333333
52050,2024-07-02,3,05:57:00,17:11:00,11.233333333333333
52050,2024-07-03,3,05:49:00,17:23:00,11.566666666666666
52050,2024-07-04,4,05:58:00,17:23:00,11.416666666666666
52050,2024-07-05,4,05:58:00,17:44:00,11.766666666666667
52050,2024-07-06,5,05:56:00,17:22:00,11.433333333333334
52050,2024-07-07,5,05:56:00,17:33:00,11.616666666666667
52050,2024-07-08,6,05:56:00,17:20:00,11.4
52050,2024-07-09,6,05:57:00,17:27:00,11.5
52050,2024-07-10,0,05:58:00,17:30:00,11.533333333333333
52050,2024-07-11,0,05:54:00,17:38:00,11.733333333333333
52050,2024-07-12,1,05:57:00,17:31:00,11.566666666666666
52050,2024-07-13,1,05:57:00,17:57:00,12.0
52050,2024-07-14,2,05:58:00,17:29:00,11.516666666666667
52050,2024-07-15,2,05:56:00,17:27:00,11.516666666666667
52050,2024-07-16,3,05:56:00,17:29:00,11.55
52050,2024-07-17,3,05:56:00,17:30:00,11.566666666666666
52050,2024-07-18,4,05:56:00,17:34:00,11.633333333333333
52050,2024-07-19,4,05:57:00,17:29:00,11.533333333333333
52050,2024-07-20,5,05:57:00,17:29:00,11.533333333333333
52050,2024-07-21,5,05:58:00,17:31:00,11.55
52050,2024-07-22,6,05:58:00,17:32:00,11.566666666666666
52050,2024-07-23,6,05:57:00,17:30:00,11.55
52050,2024-07-24,0,05:58:00,17:35:00,11.616666666666667
52050,2024-07-25,0,06:00:00,17:42:00,11.7
52050,2024-07-26,1,06:00:00,17:29:00,11.483333333333333
52050,2024-07-27,1,05:03:00,17:27:00,12.4
52050,2024-07-28,2,05:05:00,17:32:00,12.45
52050,2024-07-29,2,05:05:00,17:30:00,12.416666666666666
52050,2024-07-30,3,05:04:00,17:30:00,12.433333333333334
52050,2024-07-31,3,05:05:00,17:30:00,12.416666666666666
52050,2024-08-01,4,05:05:00,17:31:00,12.433333333333334
52051,2024-06-25,5,21:35:00,23:35:00,2.0
52051,2024-07-01,5,10:08:00,16:03:00,5.916666666666667
52051,2024-07-02,6,09:59:00,15:58:00,5.983333333333333
52051,2024-07-03,6,10:00:00,16:00:00,6.0
52051,2024-07-04,0,09:57:00,16:00:00,6.05
52051,2024-07-05,0,12:47:00,16:07:00,3.3333333333333335
52051,2024-07-06,1,09:57:00,16:01:00,6.066666666666666
52051,2024-07-07,1,09:57:00,16:01:00,6.066666666666666
52051,2024-07-08,2,10:00:00,16:00:00,6.0
52051,2024-07-09,2,09:56:00,15:57:00,6.016666666666667
52051,2024-07-10,3,11:10:00,16:03:00,4.883333333333334
52051,2024-07-11,3,10:58:00,15:56:00,4.966666666666667
52051,2024-07-12,4,12:51:00,16:00:00,3.15
52051,2024-07-13,4,11:15:00,15:57:00,4.7
52051,2024-07-14,1,11:10:00,15:56:00,4.766666666666667
52051,2024-07-15,1,11:01:00,15:57:00,4.933333333333334
52051,2024-07-16,0,10:59:00,15:57:00,4.966666666666667
52051,2024-07-17,0,11:01:00,15:57:00,4.933333333333334
52051,2024-07-18,3,11:01:00,15:57:00,4.933333333333334
52051,2024-07-19,3,12:50:00,15:59:00,3.15
52051,2024-07-20,5,11:06:00,15:58:00,4.866666666666666
52051,2024-07-21,6,11:01:00,15:57:00,4.933333333333334
52051,2024-07-22,6,11:00:00,15:56:00,4.933333333333334
52051,2024-07-23,0,10:58:00,16:00:00,5.033333333333333
52051,2024-07-24,0,10:59:00,15:56:00,4.95
52051,2024-07-25,1,08:03:00,21:59:00,13.933333333333334
52051,2024-07-26,1,12:48:00,15:58:00,3.1666666666666665
52051,2024-07-27,3,10:58:00,15:59:00,5.016666666666667
52051,2024-07-28,3,10:57:00,15:59:00,5.033333333333333
52051,2024-07-29,4,10:58:00,16:03:00,5.083333333333333
52051,2024-07-30,4,11:00:00,15:58:00,4.966666666666667
52051,2024-07-31,0,10:58:00,15:59:00,5.016666666666667
52051,2024-08-01,0,10:56:00,15:59:00,5.05
52051,2024-08-02,2,12:54:00,16:00:00,3.1
52052,2024-06-19,2,16:18:00,21:54:00,5.6
52052,2024-06-20,3,07:56:00,21:53:00,13.95
52052,2024-06-21,3,07:57:00,21:52:00,13.916666666666666
52052,2024-06-22,4,07:58:00,21:53:00,13.916666666666666
52052,2024-06-23,4,07:56:00,21:51:00,13.916666666666666
52052,2024-06-24,6,07:57:00,21:52:00,13.916666666666666
52052,2024-06-25,6,07:56:00,21:52:00,13.933333333333334
52052,2024-06-26,0,07:57:00,21:52:00,13.916666666666666
52052,2024-06-27,0,07:56:00,22:08:00,14.2
52052,2024-06-28,2,07:56:00,21:57:00,14.016666666666667
52052,2024-06-29,3,07:56:00,22:16:00,14.333333333333334
52052,2024-06-30,3,07:56:00,21:56:00,14.0
52052,2024-07-01,4,08:02:00,22:35:00,14.55
52052,2024-07-02,4,07:56:00,22:23:00,14.45
52052,2024-07-03,5,07:56:00,22:01:00,14.083333333333334
52052,2024-07-04,5,07:56:00,21:51:00,13.916666666666666
52052,2024-07-05,6,07:56:00,21:53:00,13.95
52052,2024-07-06,6,07:56:00,21:53:00,13.95
52052,2024-07-07,0,07:56:00,21:52:00,13.933333333333334
52052,2024-07-08,0,07:56:00,21:52:00,13.933333333333334
52052,2024-07-09,1,07:56:00,21:53:00,13.95
52052,2024-07-10,1,07:56:00,21:55:00,13.983333333333333
52052,2024-07-22,1,15:58:00,21:54:00,5.933333333333334
52053,2024-06-02,0,18:27:00,22:15:00,3.8
52053,2024-06-03,1,07:57:00,21:58:00,14.016666666666667
52053,2024-06-04,1,07:55:00,21:52:00,13.95
52053,2024-06-05,2,07:55:00,21:52:00,13.95
52053,2024-06-06,2,07:55:00,21:51:00,13.933333333333334
52053,2024-06-07,3,07:55:00,21:52:00,13.95
52053,2024-06-08,3,07:57:00,21:52:00,13.916666666666666
52053,2024-06-09,4,07:55:00,21:52:00,13.95
52053,2024-06-10,4,07:54:00,21:52:00,13.966666666666667
52053,2024-06-11,5,07:53:00,21:54:00,14.016666666666667
52053,2024-06-12,5,07:55:00,21:54:00,13.983333333333333
52053,2024-06-13,6,07:58:00,21:52:00,13.9
52053,2024-06-14,6,07:53:00,21:52:00,13.983333333333333
52053,2024-06-15,0,07:57:00,21:50:00,13.883333333333333
52053,2024-06-16,0,08:04:00,21:56:00,13.866666666666667
52053,2024-06-18,1,08:10:00,22:02:00,13.866666666666667
52053,2024-06-19,1,08:06:00,22:12:00,14.1
52053,2024-06-20,3,08:05:00,22:05:00,14.0
52053,2024-06-21,4,08:07:00,22:04:00,13.95
52053,2024-06-22,4,08:07:00,22:09:00,14.033333333333333
52053,2024-06-23,5,08:05:00,22:00:00,13.916666666666666
52053,2024-06-24,5,08:07:00,22:04:00,13.95
52053,2024-06-25,0,08:05:00,22:09:00,14.066666666666666
52053,2024-06-26,0,08:05:00,22:06:00,14.016666666666667
52053,2024-06-27,2,08:06:00,17:47:00,9.683333333333334
52053,2024-06-28,2,08:05:00,21:59:00,13.9
52053,2024-06-29,3,08:08:00,22:16:00,14.133333333333333
52053,2024-06-30,3,08:05:00,22:06:00,14.016666666666667
52053,2024-07-01,4,08:02:00,11:55:00,3.8833333333333333
52053,2024-07-02,4,07:56:00,17:46:00,9.833333333333334
52053,2024-07-03,6,07:55:00,17:52:00,9.95
52053,2024-07-04,6,07:55:00,22:08:00,14.216666666666667
52053,2024-07-05,0,07:56:00,21:55:00,13.983333333333333
52053,2024-07-06,0,07:56:00,21:54:00,13.966666666666667
52053,2024-07-07,1,07:55:00,21:52:00,13.95
52053,2024-07-08,1,07:56:00,21:52:00,13.933333333333334
52053,2024-07-09,2,07:56:00,21:53:00,13.95
52053,2024-07-10,2,07:56:00,21:55:00,13.983333333333333
52053,2024-07-11,3,07:55:00,21:52:00,13.95
52053,2024-07-12,3,07:58:00,21:51:00,13.883333333333333
52053,2024-07-13,5,07:55:00,21:52:00,13.95
52053,2024-07-14,5,07:56:00,21:53:00,13.95
52053,2024-07-15,6,07:56:00,21:52:00,13.933333333333334
52053,2024-07-16,6,08:05:00,22:07:00,14.033333333333333
52053,2024-07-17,0,08:06:00,22:05:00,13.983333333333333
52053,2024-07-18,0,08:05:00,22:06:00,14.016666666666667
52053,2024-07-19,1,08:08:00,22:08:00,14.0
52053,2024-07-20,1,08:05:00,21:57:00,13.866666666666667
52053,2024-07-21,2,08:06:00,22:03:00,13.95
52053,2024-07-22,2,08:05:00,22:06:00,14.016666666666667
52053,2024-07-23,3,08:06:00,22:02:00,13.933333333333334
52053,2024-07-24,3,08:08:00,22:06:00,13.966666666666667
52053,2024-07-25,6,08:06:00,22:05:00,13.983333333333333
52053,2024-07-26,6,08:06:00,22:04:00,13.966666666666667
52053,2024-07-27,0,08:06:00,22:10:00,14.066666666666666
52053,2024-07-28,0,08:05:00,17:58:00,9.883333333333333
52053,2024-07-29,1,08:05:00,17:53:00,9.8
52053,2024-07-30,1,08:06:00,17:54:00,9.8
52053,2024-07-31,2,08:06:00,21:58:00,13.866666666666667
52053,2024-08-01,2,07:56:00,17:58:00,10.033333333333333
52053,2024-08-02,3,07:56:00,11:02:00,3.1
52054,2024-06-03,3,00:03:00,15:55:00,15.866666666666667
52054,2024-06-04,5,09:58:00,15:55:00,5.95
52054,2024-06-05,5,10:03:00,23:59:00,13.933333333333334
52054,2024-06-06,6,09:56:00,15:56:00,6.0
52054,2024-06-07,6,13:18:00,15:56:00,2.6333333333333333
52054,2024-06-08,0,09:56:00,15:53:00,5.95
52054,2024-06-09,0,10:01:00,23:58:00,13.95
52054,2024-06-10,1,09:57:00,23:55:00,13.966666666666667
52054,2024-06-11,1,09:59:00,15:52:00,5.883333333333334
52054,2024-06-12,2,09:54:00,15:55:00,6.016666666666667
52054,2024-06-13,2,09:59:00,15:56:00,5.95
52054,2024-06-14,3,13:11:00,19:58:00,6.783333333333333
52054,2024-06-15,3,00:01:00,15:55:00,15.9
52054,2024-06-17,5,09:57:00,15:56:00,5.983333333333333
52054,2024-06-18,5,10:04:00,15:56:00,5.866666666666666
52054,2024-06-19,6,10:01:00,23:57:00,13.933333333333334
52054,2024-06-20,6,09:56:00,23:55:00,13.983333333333333
52054,2024-06-21,0,12:52:00,23:59:00,11.116666666666667
52054,2024-06-22,0,10:07:00,23:59:00,13.866666666666667
52054,2024-06-23,1,09:57:00,15:55:00,5.966666666666667
52054,2024-06-24,1,09:55:00,15:56:00,6.016666666666667
52054,2024-06-25,2,10:06:00,23:57:00,13.85
52054,2024-06-26,2,09:59:00,23:57:00,13.966666666666667
52054,2024-06-27,3,09:57:00,22:26:00,12.483333333333333
52054,2024-06-28,3,12:51:00,15:57:00,3.1
52054,2024-06-29,5,09:59:00,15:57:00,5.966666666666667
52054,2024-06-30,5,09:57:00,15:58:00,6.016666666666667
52054,2024-07-01,6,09:57:00,15:57:00,6.0
52054,2024-07-02,6,10:06:00,15:59:00,5.883333333333334
52054,2024-07-03,0,09:57:00,15:59:00,6.033333333333333
52054,2024-07-04,0,10:07:00,15:54:00,5.783333333333333
52054,2024-07-05,1,12:55:00,15:57:00,3.033333333333333
52054,2024-07-06,1,09:57:00,15:52:00,5.916666666666667
52054,2024-07-07,2,09:57:00,15:54:00,5.95
52054,2024-07-08,2,10:04:00,15:54:00,5.833333333333333
52054,2024-07-09,0,09:57:00,23:58:00,14.016666666666667
52054,2024-07-10,3,10:00:00,15:55:00,5.916666666666667
52054,2024-07-11,3,09:57:00,23:59:00,14.033333333333333
52054,2024-07-12,4,12:52:00,15:55:00,3.05
52054,2024-07-13,4,09:57:00,23:59:00,14.033333333333333
52054,2024-07-14,5,10:00:00,23:59:00,13.983333333333333
52054,2024-07-15,5,10:11:00,15:55:00,5.733333333333333
52054,2024-07-16,6,09:55:00,23:58:00,14.05
52054,2024-07-17,0,09:57:00,15:55:00,5.966666666666667
52054,2024-07-18,0,09:57:00,15:56:00,5.983333333333333
52054,2024-07-19,1,12:56:00,15:56:00,3.0
52054,2024-07-20,1,10:09:00,23:59:00,13.833333333333334
52054,2024-07-21,2,09:57:00,23:59:00,14.033333333333333
52054,2024-07-22,3,10:02:00,15:57:00,5.916666666666667
52054,2024-07-23,3,10:07:00,23:59:00,13.866666666666667
52054,2024-07-24,4,09:57:00,23:58:00,14.016666666666667
52054,2024-07-25,4,09:58:00,23:59:00,14.016666666666667
52054,2024-07-26,5,15:55:00,19:58:00,4.05
52054,2024-07-27,5,00:00:00,23:59:00,23.983333333333334
52054,2024-07-28,6,10:05:00,15:55:00,5.833333333333333
52054,2024-07-29,6,09:55:00,15:55:00,6.0
52054,2024-07-30,2,10:00:00,15:55:00,5.916666666666667
52054,2024-07-31,2,10:01:00,15:54:00,5.883333333333334
52054,2024-08-01,3,09:57:00,15:55:00,5.966666666666667
52054,2024-08-02,3,12:55:00,15:56:00,3.0166666666666666
52056,2024-06-25,4,21:35:00,23:38:00,2.05
52056,2024-07-01,4,08:04:00,12:01:00,3.95
52056,2024-07-02,5,08:01:00,12:01:00,4.0
52056,2024-07-03,6,08:01:00,12:00:00,3.9833333333333334
52056,2024-07-04,6,08:01:00,23:59:00,15.966666666666667
52056,2024-07-05,0,08:01:00,23:59:00,15.966666666666667
52056,2024-07-06,0,08:02:00,11:59:00,3.95
52056,2024-07-09,1,08:02:00,12:01:00,3.9833333333333334
52056,2024-07-10,2,08:00:00,22:03:00,14.05
52056,2024-07-11,2,08:01:00,22:03:00,14.033333333333333
52056,2024-07-12,3,08:04:00,22:01:00,13.95
52056,2024-07-13,3,08:02:00,22:01:00,13.983333333333333
52056,2024-07-14,4,08:01:00,15:55:00,7.9
52056,2024-07-15,4,08:01:00,22:00:00,13.983333333333333
52056,2024-07-16,5,08:02:00,22:01:00,13.983333333333333
52056,2024-07-17,5,07:59:00,22:00:00,14.016666666666667
52056,2024-07-18,6,08:00:00,22:06:00,14.1
52056,2024-07-19,6,08:03:00,22:01:00,13.966666666666667
52056,2024-07-20,0,08:00:00,22:02:00,14.033333333333333
52056,2024-07-21,0,08:03:00,22:00:00,13.95
52056,2024-07-22,1,08:00:00,21:58:00,13.966666666666667
52056,2024-07-23,1,08:00:00,21:59:00,13.983333333333333
52056,2024-07-24,2,08:02:00,22:00:00,13.966666666666667
52056,2024-07-25,2,08:03:00,22:00:00,13.95
52056,2024-07-26,3,08:04:00,21:59:00,13.916666666666666
52056,2024-07-27,3,08:02:00,22:00:00,13.966666666666667
52056,2024-07-28,4,08:02:00,23:58:00,15.933333333333334
52056,2024-07-29,4,08:02:00,23:08:00,15.1
52056,2024-07-30,6,08:02:00,22:55:00,14.883333333333333
52056,2024-07-31,6,08:02:00,22:57:00,14.916666666666666
52056,2024-08-01,0,08:02:00,22:58:00,14.933333333333334
52056,2024-08-02,0,08:04:00,10:57:00,2.8833333333333333
52057,2024-06-02,1,15:57:00,20:01:00,4.066666666666666
52057,2024-06-03,1,00:03:00,15:57:00,15.9
52057,2024-06-04,2,10:02:00,15:57:00,5.916666666666667
52057,2024-06-05,2,10:00:00,15:59:00,5.983333333333333
52057,2024-06-06,3,10:01:00,15:57:00,5.933333333333334
52057,2024-06-07,3,13:00:00,15:56:00,2.933333333333333
52057,2024-06-08,4,10:01:00,15:56:00,5.916666666666667
52057,2024-06-09,4,09:59:00,23:58:00,13.983333333333333
52057,2024-06-10,5,10:02:00,23:55:00,13.883333333333333
52057,2024-06-11,5,10:03:00,23:59:00,13.933333333333334
52057,2024-06-12,6,10:01:00,16:02:00,6.016666666666667
52057,2024-06-13,6,10:01:00,15:58:00,5.95
52057,2024-06-14,0,12:59:00,16:03:00,3.066666666666667
52057,2024-06-15,0,10:00:00,16:05:00,6.083333333333333
52057,2024-06-16,1,08:07:00,23:56:00,15.816666666666666
52057,2024-06-18,1,10:15:00,15:58:00,5.716666666666667
52057,2024-06-19,2,10:04:00,23:57:00,13.883333333333333
52057,2024-06-20,2,10:02:00,23:55:00,13.883333333333333
52057,2024-06-21,3,12:57:00,23:59:00,11.033333333333333
52057,2024-06-22,3,10:01:00,23:58:00,13.95
52057,2024-06-23,4,10:01:00,15:56:00,5.916666666666667
52057,2024-06-24,4,10:01:00,16:00:00,5.983333333333333
52057,2024-06-25,5,10:04:00,23:56:00,13.866666666666667
52057,2024-06-26,5,09:57:00,23:57:00,14.0
52057,2024-06-27,0,10:01:00,15:57:00,5.933333333333334
52057,2024-06-28,0,13:01:00,15:58:00,2.95
52057,2024-06-29,1,10:03:00,15:59:00,5.933333333333334
52057,2024-06-30,1,10:04:00,16:01:00,5.95
52057,2024-07-01,2,09:58:00,15:57:00,5.983333333333333
52057,2024-07-02,2,09:57:00,16:00:00,6.05
52057,2024-07-03,3,09:56:00,15:57:00,6.016666666666667
52057,2024-07-04,4,09:57:00,15:56:00,5.983333333333333
52057,2024-07-05,4,13:03:00,15:58:00,2.9166666666666665
52057,2024-07-06,5,09:58:00,15:55:00,5.95
52057,2024-07-07,5,09:57:00,15:56:00,5.983333333333333
52057,2024-07-08,0,09:57:00,23:59:00,14.033333333333333
52057,2024-07-09,0,09:57:00,23:58:00,14.016666666666667
52057,2024-07-10,1,09:55:00,23:59:00,14.066666666666666
52057,2024-07-11,1,09:59:00,15:57:00,5.966666666666667
52057,2024-07-12,2,12:53:00,15:57:00,3.066666666666667
52057,2024-07-13,2,09:55:00,15:58:00,6.05
52057,2024-07-14,3,09:58:00,15:57:00,5.983333333333333
52057,2024-07-15,3,09:58:00,15:56:00,5.966666666666667
52057,2024-07-16,0,09:59:00,23:59:00,14.0
52057,2024-07-17,0,09:57:00,15:56:00,5.983333333333333
52057,2024-07-18,1,09:56:00,15:59:00,6.05
52057,2024-07-19,1,12:57:00,15:57:00,3.0
52057,2024-07-20,2,09:57:00,15:57:00,6.0
52057,2024-07-21,2,09:59:00,23:59:00,14.0
52057,2024-07-22,3,09:58:00,15:59:00,6.016666666666667
52057,2024-07-23,4,09:58:00,16:00:00,6.033333333333333
52057,2024-07-24,4,10:00:00,15:55:00,5.916666666666667
52057,2024-07-25,5,09:54:00,15:57:00,6.05
52057,2024-07-26,5,13:01:00,15:56:00,2.9166666666666665
52057,2024-07-27,6,09:59:00,15:58:00,5.983333333333333
52057,2024-07-28,6,09:56:00,15:57:00,6.016666666666667
52057,2024-07-29,0,09:56:00,15:57:00,6.016666666666667
52057,2024-07-30,1,10:00:00,15:57:00,5.95
52057,2024-07-31,1,09:59:00,15:55:00,5.933333333333334
52057,2024-08-01,2,09:57:00,15:57:00,6.0
52057,2024-08-02,2,13:03:00,15:57:00,2.9
52058,2024-06-02,3,11:54:00,15:54:00,4.0
52058,2024-06-03,3,07:57:00,21:56:00,13.983333333333333
52058,2024-06-04,4,07:55:00,21:51:00,13.933333333333334
52058,2024-06-05,4,07:56:00,21:51:00,13.916666666666666
52058,2024-06-06,5,07:55:00,21:51:00,13.933333333333334
52058,2024-06-07,1,07:55:00,21:53:00,13.966666666666667
52058,2024-06-08,1,07:57:00,21:52:00,13.916666666666666
52058,2024-06-09,2,07:55:00,21:53:00,13.966666666666667
52058,2024-06-10,2,07:54:00,21:03:00,13.15
52058,2024-06-11,3,07:53:00,21:53:00,14.0
52058,2024-06-12,3,07:55:00,21:55:00,14.0
52058,2024-06-13,4,07:58:00,21:53:00,13.916666666666666
52058,2024-06-14,4,07:53:00,21:52:00,13.983333333333333
52058,2024-06-15,5,07:58:00,21:51:00,13.883333333333333
52058,2024-06-18,5,08:10:00,22:00:00,13.833333333333334
52058,2024-06-19,6,08:06:00,21:55:00,13.816666666666666
52058,2024-06-20,6,08:04:00,22:03:00,13.983333333333333
52058,2024-06-21,0,08:07:00,16:07:00,8.0
52058,2024-06-22,0,08:07:00,21:59:00,13.866666666666667
52058,2024-06-23,1,08:05:00,21:43:00,13.633333333333333
52058,2024-06-24,1,08:07:00,22:00:00,13.883333333333333
52058,2024-06-25,2,08:05:00,22:06:00,14.016666666666667
52058,2024-06-26,3,08:05:00,22:00:00,13.916666666666666
52058,2024-06-27,3,08:06:00,22:18:00,14.2
52058,2024-06-28,4,08:05:00,21:58:00,13.883333333333333
52058,2024-06-29,4,08:34:00,22:08:00,13.566666666666666
52058,2024-06-30,5,08:05:00,22:05:00,14.0
52058,2024-07-01,5,08:02:00,22:34:00,14.533333333333333
52058,2024-07-02,6,07:56:00,22:24:00,14.466666666666667
52058,2024-07-03,6,07:56:00,22:02:00,14.1
52058,2024-07-04,0,07:56:00,21:51:00,13.916666666666666
52058,2024-07-05,0,07:56:00,21:53:00,13.95
52058,2024-07-06,1,07:56:00,21:54:00,13.966666666666667
52058,2024-07-07,1,07:56:00,21:54:00,13.966666666666667
52058,2024-07-08,2,07:56:00,21:52:00,13.933333333333334
52058,2024-07-09,2,07:56:00,21:53:00,13.95
52058,2024-07-10,4,07:56:00,21:55:00,13.983333333333333
52058,2024-07-11,4,07:56:00,21:52:00,13.933333333333334
52058,2024-07-12,5,07:58:00,21:51:00,13.883333333333333
52058,2024-07-13,5,07:55:00,21:53:00,13.966666666666667
52058,2024-07-14,6,07:56:00,21:53:00,13.95
52058,2024-07-15,6,08:01:00,21:53:00,13.866666666666667
52058,2024-07-16,0,08:05:00,22:03:00,13.966666666666667
52058,2024-07-17,0,08:05:00,22:04:00,13.983333333333333
52058,2024-07-18,1,08:06:00,21:53:00,13.783333333333333
52058,2024-07-19,1,08:08:00,17:55:00,9.783333333333333
52058,2024-07-20,2,08:06:00,22:04:00,13.966666666666667
52058,2024-07-21,2,08:06:00,22:03:00,13.95
52058,2024-07-22,3,08:05:00,22:01:00,13.933333333333334
52058,2024-07-23,3,08:07:00,22:00:00,13.883333333333333
52058,2024-07-24,4,08:08:00,21:57:00,13.816666666666666
52058,2024-07-25,4,08:06:00,21:51:00,13.75
52058,2024-07-26,5,08:06:00,15:56:00,7.833333333333333
52058,2024-07-27,5,08:06:00,21:53:00,13.783333333333333
52058,2024-07-28,6,08:06:00,22:25:00,14.316666666666666
52058,2024-07-29,6,08:06:00,16:08:00,8.033333333333333
52058,2024-07-30,0,08:07:00,21:52:00,13.75
52058,2024-07-31,0,08:06:00,22:03:00,13.95
52058,2024-08-01,1,07:56:00,21:54:00,13.966666666666667
52059,2024-06-02,2,15:54:00,19:58:00,4.066666666666666
52059,2024-06-03,2,00:04:00,15:56:00,15.866666666666667
52059,2024-06-04,3,09:58:00,15:55:00,5.95
52059,2024-06-05,3,10:04:00,23:58:00,13.9
52059,2024-06-06,4,09:57:00,15:56:00,5.983333333333333
52059,2024-06-07,4,12:56:00,15:54:00,2.966666666666667
52059,2024-06-08,5,09:57:00,15:53:00,5.933333333333334
52059,2024-06-09,5,10:01:00,23:58:00,13.95
52059,2024-06-10,6,09:56:00,23:54:00,13.966666666666667
52059,2024-06-11,6,09:59:00,15:52:00,5.883333333333334
52059,2024-06-12,0,09:54:00,15:55:00,6.016666666666667
52059,2024-06-13,0,09:59:00,15:57:00,5.966666666666667
52059,2024-06-14,1,16:00:00,19:58:00,3.966666666666667
52059,2024-06-15,1,00:01:00,15:54:00,15.883333333333333
52059,2024-06-16,2,09:54:00,23:58:00,14.066666666666666
52059,2024-06-18,2,10:04:00,15:56:00,5.866666666666666
52059,2024-06-19,3,10:02:00,23:56:00,13.9
52059,2024-06-20,3,09:57:00,23:54:00,13.95
52059,2024-06-21,4,12:43:00,23:59:00,11.266666666666667
52059,2024-06-22,4,09:59:00,23:58:00,13.983333333333333
52059,2024-06-23,5,09:57:00,15:56:00,5.983333333333333
52059,2024-06-24,5,09:54:00,15:56:00,6.033333333333333
52059,2024-06-25,6,10:06:00,23:57:00,13.85
52059,2024-06-26,6,10:00:00,23:56:00,13.933333333333334
52059,2024-06-27,0,09:57:00,15:56:00,5.983333333333333
52059,2024-06-28,0,12:51:00,15:57:00,3.1
52059,2024-06-29,1,09:59:00,15:56:00,5.95
52059,2024-06-30,1,09:57:00,15:58:00,6.016666666666667
52059,2024-07-01,2,09:57:00,15:55:00,5.966666666666667
52059,2024-07-02,2,10:07:00,15:58:00,5.85
52059,2024-07-03,3,09:58:00,15:56:00,5.966666666666667
52059,2024-07-04,3,10:07:00,15:56:00,5.816666666666666
52059,2024-07-05,4,12:51:00,15:57:00,3.1
52059,2024-07-06,4,09:57:00,15:52:00,5.916666666666667
52059,2024-07-07,1,09:57:00,15:55:00,5.966666666666667
52059,2024-07-08,1,10:04:00,23:59:00,13.916666666666666
52059,2024-07-09,2,09:57:00,23:58:00,14.016666666666667
52059,2024-07-10,2,10:00:00,23:59:00,13.983333333333333
52059,2024-07-11,3,09:58:00,23:59:00,14.016666666666667
52059,2024-07-12,3,12:52:00,15:55:00,3.05
52059,2024-07-13,6,09:57:00,23:59:00,14.033333333333333
52059,2024-07-14,6,10:00:00,23:59:00,13.983333333333333
52059,2024-07-15,0,08:06:00,21:54:00,13.8
52059,2024-07-16,0,07:55:00,21:52:00,13.95
52059,2024-07-17,2,07:56:00,21:53:00,13.95
52059,2024-07-18,2,07:57:00,21:52:00,13.916666666666666
52059,2024-07-19,3,07:56:00,21:53:00,13.95
52059,2024-07-20,3,07:56:00,21:51:00,13.916666666666666
52059,2024-07-21,1,07:57:00,21:51:00,13.9
52059,2024-07-22,1,07:56:00,21:51:00,13.916666666666666
52059,2024-07-23,2,07:56:00,21:53:00,13.95
52059,2024-07-24,2,07:58:00,21:51:00,13.883333333333333
52059,2024-07-25,3,07:56:00,12:07:00,4.183333333333334
52059,2024-07-26,3,07:56:00,21:52:00,13.933333333333334
52059,2024-07-27,5,09:55:00,23:59:00,14.066666666666666
52059,2024-07-28,5,10:05:00,15:56:00,5.85
52059,2024-07-29,6,09:55:00,15:55:00,6.0
52059,2024-07-30,6,10:00:00,15:56:00,5.933333333333334
52059,2024-07-31,0,10:01:00,15:56:00,5.916666666666667
52059,2024-08-01,0,09:58:00,15:57:00,5.983333333333333
52059,2024-08-02,2,13:08:00,16:10:00,3.033333333333333
52060,2024-07-16,4,15:54:00,23:59:00,8.083333333333334
52060,2024-07-28,2,16:09:00,22:25:00,6.266666666666667
52060,2024-07-29,2,02:04:00,22:10:00,20.1
52060,2024-07-30,3,07:56:00,22:13:00,14.283333333333333
52060,2024-07-31,3,07:54:00,22:07:00,14.216666666666667
52060,2024-08-01,6,07:55:00,22:12:00,14.283333333333333
52062,2024-06-03,6,09:58:00,15:55:00,5.95
52062,2024-06-04,6,09:58:00,15:55:00,5.95
52062,2024-06-05,0,10:03:00,23:59:00,13.933333333333334
52062,2024-06-06,0,09:56:00,15:56:00,6.0
52062,2024-06-07,1,12:51:00,15:54:00,3.05
52062,2024-06-08,1,09:57:00,15:54:00,5.95
52062,2024-06-09,2,10:01:00,23:58:00,13.95
52062,2024-06-10,2,09:57:00,23:56:00,13.983333333333333
52062,2024-06-11,3,09:59:00,23:58:00,13.983333333333333
52062,2024-06-12,3,09:54:00,15:53:00,5.983333333333333
52062,2024-06-13,4,09:59:00,15:56:00,5.95
52062,2024-06-14,4,12:48:00,19:58:00,7.166666666666667
52062,2024-06-15,5,00:01:00,15:55:00,15.9
52062,2024-06-17,5,09:57:00,15:56:00,5.983333333333333
52062,2024-06-18,6,10:04:00,15:56:00,5.866666666666666
52062,2024-06-19,6,10:01:00,23:56:00,13.916666666666666
52062,2024-06-20,0,09:57:00,23:54:00,13.95
52062,2024-06-21,0,12:51:00,23:59:00,11.133333333333333
52062,2024-06-22,1,09:59:00,23:59:00,14.0
52062,2024-06-23,1,09:57:00,15:54:00,5.95
52062,2024-06-24,2,09:55:00,15:55:00,6.0
52062,2024-06-25,2,10:06:00,23:58:00,13.866666666666667
52062,2024-06-26,3,10:00:00,18:58:00,8.966666666666667
52062,2024-06-27,3,08:07:00,18:20:00,10.216666666666667
52062,2024-06-28,4,12:52:00,15:57:00,3.0833333333333335
52062,2024-06-29,4,09:59:00,15:57:00,5.966666666666667
52062,2024-06-30,5,09:57:00,16:03:00,6.1
52062,2024-07-01,5,09:57:00,15:56:00,5.983333333333333
52062,2024-07-02,6,10:07:00,15:59:00,5.866666666666666
52062,2024-07-03,6,09:58:00,19:14:00,9.266666666666667
52062,2024-07-04,0,10:07:00,15:55:00,5.8
52062,2024-07-05,0,12:56:00,15:58:00,3.033333333333333
52062,2024-07-06,1,09:57:00,15:52:00,5.916666666666667
52062,2024-07-07,1,08:06:00,17:44:00,9.633333333333333
52062,2024-07-08,2,08:08:00,18:09:00,10.016666666666667
52062,2024-07-09,2,09:57:00,17:52:00,7.916666666666667
52062,2024-07-10,3,10:00:00,15:56:00,5.933333333333334
52062,2024-07-11,3,09:57:00,23:59:00,14.033333333333333
52062,2024-07-12,4,12:52:00,15:55:00,3.05
52062,2024-07-13,4,09:58:00,23:59:00,14.016666666666667
52062,2024-07-14,5,10:00:00,23:59:00,13.983333333333333
52062,2024-07-15,5,10:11:00,15:55:00,5.733333333333333
52062,2024-07-16,6,09:55:00,23:58:00,14.05
52062,2024-07-17,6,09:57:00,23:59:00,14.033333333333333
52062,2024-07-18,0,09:58:00,15:56:00,5.966666666666667
52062,2024-07-19,0,12:51:00,15:56:00,3.0833333333333335
52062,2024-07-20,1,10:09:00,23:59:00,13.833333333333334
52062,2024-07-21,1,09:58:00,15:55:00,5.95
52062,2024-07-22,2,10:02:00,15:57:00,5.916666666666667
52062,2024-07-23,2,10:07:00,23:59:00,13.866666666666667
52062,2024-07-24,3,09:57:00,23:59:00,14.033333333333333
52062,2024-07-25,3,20:02:00,23:59:00,3.95
52062,2024-07-26,4,12:54:00,15:55:00,3.0166666666666666
52062,2024-07-27,4,09:55:00,17:55:00,8.0
52062,2024-07-28,6,10:05:00,17:56:00,7.85
52062,2024-07-29,6,08:06:00,17:53:00,9.783333333333333
52062,2024-07-30,0,08:07:00,17:54:00,9.783333333333333
52062,2024-07-31,0,08:06:00,18:00:00,9.9
52062,2024-08-01,1,08:06:00,18:03:00,9.95
52063,2024-06-02,2,12:05:00,16:06:00,4.016666666666667
52063,2024-06-03,2,08:08:00,21:57:00,13.816666666666666
52063,2024-06-04,3,08:05:00,21:51:00,13.766666666666667
52063,2024-06-05,3,08:05:00,22:09:00,14.066666666666666
52063,2024-06-06,4,08:05:00,21:54:00,13.816666666666666
52063,2024-06-07,4,08:05:00,10:57:00,2.8666666666666667
52063,2024-06-08,5,08:08:00,21:53:00,13.75
52063,2024-06-09,5,08:05:00,21:52:00,13.783333333333333
52063,2024-06-10,6,08:05:00,21:52:00,13.783333333333333
52063,2024-06-11,6,08:04:00,21:53:00,13.816666666666666
52063,2024-06-12,0,08:08:00,11:53:00,3.75
52063,2024-06-13,0,08:07:00,21:55:00,13.8
52063,2024-06-14,1,08:03:00,21:56:00,13.883333333333333
52063,2024-06-15,1,08:07:00,21:56:00,13.816666666666666
52063,2024-06-17,2,07:58:00,21:51:00,13.883333333333333
52063,2024-06-18,2,08:10:00,21:51:00,13.683333333333334
52063,2024-06-19,3,08:05:00,21:55:00,13.833333333333334
52063,2024-06-20,3,08:05:00,21:53:00,13.8
52063,2024-06-21,4,08:08:00,21:52:00,13.733333333333333
52063,2024-06-22,4,07:58:00,21:53:00,13.916666666666666
52063,2024-06-23,5,08:05:00,21:51:00,13.766666666666667
52063,2024-06-24,5,08:08:00,23:44:00,15.6
52063,2024-06-25,6,08:05:00,21:53:00,13.8
52063,2024-06-26,6,08:06:00,21:53:00,13.783333333333333
52063,2024-06-27,1,08:06:00,22:08:00,14.033333333333333
52063,2024-06-28,1,08:06:00,21:58:00,13.866666666666667
52063,2024-06-29,2,08:08:00,22:12:00,14.066666666666666
52063,2024-06-30,2,08:06:00,11:54:00,3.8
52063,2024-07-01,3,08:05:00,22:36:00,14.516666666666667
52063,2024-07-02,3,08:07:00,22:25:00,14.3
52063,2024-07-03,4,08:06:00,22:01:00,13.916666666666666
52063,2024-07-04,4,08:06:00,21:51:00,13.75
52063,2024-07-05,5,08:05:00,21:54:00,13.816666666666666
52063,2024-07-06,5,08:06:00,21:53:00,13.783333333333333
52063,2024-07-07,6,08:06:00,22:08:00,14.033333333333333
52063,2024-07-08,6,08:08:00,21:52:00,13.733333333333333
52063,2024-07-09,0,08:05:00,21:54:00,13.816666666666666
52063,2024-07-10,0,07:56:00,21:54:00,13.966666666666667
52063,2024-07-11,1,08:05:00,21:53:00,13.8
52063,2024-07-12,1,08:08:00,21:53:00,13.75
52063,2024-07-13,2,08:06:00,22:07:00,14.016666666666667
52063,2024-07-14,2,08:06:00,21:54:00,13.8
52063,2024-07-15,3,08:07:00,21:53:00,13.766666666666667
52063,2024-07-16,3,08:05:00,21:52:00,13.783333333333333
52063,2024-07-17,4,08:06:00,21:53:00,13.783333333333333
52063,2024-07-18,4,08:05:00,21:52:00,13.783333333333333
52063,2024-07-19,5,08:08:00,21:53:00,13.75
52063,2024-07-20,5,08:05:00,21:51:00,13.766666666666667
52063,2024-07-21,6,08:06:00,21:51:00,13.75
52063,2024-07-22,6,08:06:00,21:52:00,13.766666666666667
52063,2024-07-23,0,07:56:00,21:54:00,13.966666666666667
52063,2024-07-24,0,08:09:00,21:50:00,13.683333333333334
52063,2024-07-25,1,08:06:00,21:50:00,13.733333333333333
52063,2024-07-26,1,08:06:00,21:52:00,13.766666666666667
52063,2024-07-27,2,08:06:00,22:00:00,13.9
52063,2024-07-28,2,08:06:00,22:25:00,14.316666666666666
52063,2024-07-29,3,08:06:00,21:49:00,13.716666666666667
52063,2024-07-30,3,08:06:00,21:51:00,13.75
52063,2024-07-31,4,08:05:00,16:12:00,8.116666666666667
52063,2024-08-01,4,07:56:00,21:52:00,13.933333333333334
52063,2024-08-02,5,08:06:00,11:02:00,2.933333333333333
52064,2024-06-02,5,16:07:00,22:02:00,5.916666666666667
52064,2024-06-03,6,11:52:00,16:09:00,4.283333333333333
52064,2024-06-04,6,08:06:00,21:53:00,13.783333333333333
52064,2024-06-05,0,07:55:00,21:53:00,13.966666666666667
52064,2024-06-06,0,08:05:00,21:51:00,13.766666666666667
52064,2024-06-07,1,15:55:00,21:53:00,5.966666666666667
52064,2024-06-08,1,08:08:00,21:51:00,13.716666666666667
52064,2024-06-09,2,08:05:00,22:05:00,14.0
52064,2024-06-10,2,08:05:00,11:53:00,3.8
52064,2024-06-11,3,08:05:00,23:48:00,15.716666666666667
52064,2024-06-12,3,08:08:00,22:10:00,14.033333333333333
52064,2024-06-13,4,08:08:00,21:50:00,13.7
52064,2024-06-14,4,16:17:00,22:07:00,5.833333333333333
52064,2024-06-15,5,08:08:00,21:50:00,13.7
52064,2024-06-18,5,08:10:00,21:50:00,13.666666666666666
52064,2024-06-19,6,08:06:00,21:53:00,13.783333333333333
52064,2024-06-20,6,08:05:00,21:54:00,13.816666666666666
52064,2024-06-21,0,16:07:00,21:53:00,5.766666666666667
52064,2024-06-22,0,08:07:00,16:08:00,8.016666666666667
52064,2024-06-23,1,08:05:00,21:50:00,13.75
52064,2024-06-24,1,08:08:00,21:53:00,13.75
52064,2024-06-25,2,08:05:00,22:31:00,14.433333333333334
52064,2024-06-26,2,08:05:00,21:53:00,13.8
52064,2024-06-27,3,08:06:00,21:53:00,13.783333333333333
52064,2024-06-28,3,16:11:00,21:51:00,5.666666666666667
52064,2024-06-29,4,08:08:00,16:10:00,8.033333333333333
52064,2024-06-30,4,08:05:00,22:14:00,14.15
52064,2024-07-01,5,08:05:00,22:44:00,14.65
52064,2024-07-02,5,08:07:00,21:51:00,13.733333333333333
52064,2024-07-03,6,08:06:00,21:52:00,13.766666666666667
52064,2024-07-04,6,08:05:00,21:52:00,13.783333333333333
52064,2024-07-05,0,16:10:00,21:53:00,5.716666666666667
52064,2024-07-06,0,08:05:00,21:53:00,13.8
52064,2024-07-07,1,08:06:00,21:53:00,13.783333333333333
52064,2024-07-08,1,08:08:00,21:52:00,13.733333333333333
52064,2024-07-09,2,08:05:00,21:54:00,13.816666666666666
52064,2024-07-10,2,08:08:00,21:59:00,13.85
52064,2024-07-11,3,08:06:00,21:52:00,13.766666666666667
52064,2024-07-12,3,16:10:00,21:50:00,5.666666666666667
52064,2024-07-13,4,08:06:00,21:53:00,13.783333333333333
52064,2024-07-14,4,08:05:00,22:09:00,14.066666666666666
52064,2024-07-15,5,08:06:00,22:10:00,14.066666666666666
52064,2024-07-16,5,08:05:00,22:07:00,14.033333333333333
52064,2024-07-17,6,08:06:00,22:08:00,14.033333333333333
52064,2024-07-18,6,08:06:00,21:53:00,13.783333333333333
52064,2024-07-19,0,16:08:00,22:09:00,6.016666666666667
52064,2024-07-20,0,08:06:00,21:51:00,13.75
52064,2024-07-21,1,08:06:00,12:05:00,3.9833333333333334
52064,2024-07-22,1,08:06:00,22:07:00,14.016666666666667
52064,2024-07-23,2,08:06:00,22:07:00,14.016666666666667
52064,2024-07-24,2,08:09:00,21:51:00,13.7
52064,2024-07-25,3,08:06:00,22:07:00,14.016666666666667
52064,2024-07-26,3,08:06:00,22:08:00,14.033333333333333
52064,2024-07-27,4,08:06:00,22:01:00,13.916666666666666
52064,2024-07-28,4,08:06:00,22:25:00,14.316666666666666
52064,2024-07-29,6,08:06:00,22:23:00,14.283333333333333
52064,2024-07-30,6,08:06:00,22:12:00,14.1
52064,2024-07-31,0,08:06:00,21:59:00,13.883333333333333
52064,2024-08-01,0,08:06:00,11:52:00,3.7666666666666666
52064,2024-08-02,1,07:56:00,11:02:00,3.1
52066,2024-06-03,0,09:59:00,15:53:00,5.9
52066,2024-06-04,0,09:59:00,15:55:00,5.933333333333334
52066,2024-06-05,1,10:03:00,15:57:00,5.9
52066,2024-06-06,1,09:56:00,15:56:00,6.0
52066,2024-06-07,2,13:02:00,15:54:00,2.8666666666666667
52066,2024-06-08,2,09:57:00,15:53:00,5.933333333333334
52066,2024-06-09,3,10:01:00,23:59:00,13.966666666666667
52066,2024-06-10,3,09:57:00,23:55:00,13.966666666666667
52066,2024-06-11,4,09:59:00,15:54:00,5.916666666666667
52066,2024-06-12,4,09:54:00,15:55:00,6.016666666666667
52066,2024-06-13,4,09:59:00,15:56:00,5.95
52066,2024-06-14,4,12:47:00,15:57:00,3.1666666666666665
52066,2024-06-15,5,09:59:00,15:55:00,5.933333333333334
52066,2024-06-17,6,09:57:00,15:57:00,6.0
52066,2024-06-18,6,10:04:00,15:56:00,5.866666666666666
52066,2024-06-19,0,10:02:00,23:56:00,13.9
52066,2024-06-20,0,09:57:00,23:54:00,13.95
52066,2024-06-21,1,12:49:00,23:59:00,11.166666666666666
52066,2024-06-22,1,10:00:00,23:58:00,13.966666666666667
52066,2024-06-23,2,09:58:00,15:55:00,5.95
52066,2024-06-24,2,09:55:00,15:56:00,6.016666666666667
52066,2024-06-25,3,10:06:00,23:58:00,13.866666666666667
52066,2024-06-26,3,10:00:00,23:59:00,13.983333333333333
52066,2024-06-27,4,09:57:00,15:56:00,5.983333333333333
52066,2024-06-28,4,12:51:00,15:59:00,3.1333333333333333
52066,2024-06-29,5,10:00:00,15:57:00,5.95
52066,2024-06-30,5,09:57:00,15:58:00,6.016666666666667
52066,2024-07-01,6,09:57:00,15:56:00,5.983333333333333
52066,2024-07-02,6,10:07:00,15:58:00,5.85
52066,2024-07-03,0,09:58:00,15:56:00,5.966666666666667
52066,2024-07-04,0,10:07:00,15:55:00,5.8
52066,2024-07-05,1,12:51:00,15:57:00,3.1
52066,2024-07-06,1,09:57:00,15:52:00,5.916666666666667
52066,2024-07-07,2,09:58:00,15:56:00,5.966666666666667
52066,2024-07-08,2,10:04:00,23:59:00,13.916666666666666
52066,2024-07-09,3,09:57:00,23:58:00,14.016666666666667
52066,2024-07-10,4,10:00:00,15:54:00,5.9
52066,2024-07-11,4,09:57:00,23:59:00,14.033333333333333
52066,2024-07-12,5,12:51:00,15:55:00,3.066666666666667
52066,2024-07-13,5,09:58:00,23:59:00,14.016666666666667
52066,2024-07-14,6,10:01:00,15:55:00,5.9
52066,2024-07-15,6,10:11:00,15:55:00,5.733333333333333
52066,2024-07-16,0,09:55:00,23:58:00,14.05
52066,2024-07-17,0,09:57:00,15:55:00,5.966666666666667
52066,2024-07-18,1,09:58:00,15:56:00,5.966666666666667
52066,2024-07-19,1,12:50:00,19:55:00,7.083333333333333
52066,2024-07-20,2,10:09:00,23:59:00,13.833333333333334
52066,2024-07-21,2,09:58:00,23:59:00,14.016666666666667
52066,2024-07-22,3,10:02:00,15:56:00,5.9
52066,2024-07-23,3,10:28:00,23:59:00,13.516666666666667
52066,2024-07-24,4,09:58:00,23:59:00,14.016666666666667
52066,2024-07-25,4,09:58:00,23:59:00,14.016666666666667
52066,2024-07-26,5,12:51:00,15:55:00,3.066666666666667
52066,2024-07-27,5,09:55:00,15:56:00,6.016666666666667
52066,2024-07-28,6,10:05:00,15:55:00,5.833333333333333
52066,2024-07-29,4,09:56:00,15:55:00,5.983333333333333
52066,2024-07-30,4,10:01:00,15:55:00,5.9
52066,2024-07-31,5,10:01:00,15:53:00,5.866666666666666
52066,2024-08-01,5,09:58:00,15:57:00,5.983333333333333
52066,2024-08-02,6,13:08:00,15:55:00,2.783333333333333
52067,2024-06-02,6,12:08:00,16:08:00,4.0
52067,2024-06-03,0,08:08:00,22:14:00,14.1
52067,2024-06-04,0,08:05:00,22:08:00,14.05
52067,2024-06-05,1,08:06:00,22:09:00,14.05
52067,2024-06-06,1,08:06:00,22:07:00,14.016666666666667
52067,2024-06-07,2,08:06:00,22:04:00,13.966666666666667
52067,2024-06-08,2,08:08:00,22:01:00,13.883333333333333
52067,2024-06-09,3,08:05:00,21:53:00,13.8
52067,2024-06-10,3,08:05:00,22:04:00,13.983333333333333
52067,2024-06-11,4,08:05:00,22:12:00,14.116666666666667
52067,2024-06-12,4,08:08:00,22:08:00,14.0
52067,2024-06-13,5,08:08:00,22:09:00,14.016666666666667
52067,2024-06-14,5,08:03:00,11:01:00,2.966666666666667
52067,2024-06-15,6,08:08:00,22:14:00,14.1
52067,2024-06-17,6,07:58:00,21:49:00,13.85
52067,2024-06-18,0,07:57:00,22:02:00,14.083333333333334
52067,2024-06-19,0,07:55:00,21:55:00,14.0
52067,2024-06-20,1,07:55:00,21:53:00,13.966666666666667
52067,2024-06-21,1,08:08:00,21:52:00,13.733333333333333
52067,2024-06-22,2,07:58:00,21:53:00,13.916666666666666
52067,2024-06-23,2,07:55:00,21:51:00,13.933333333333334
52067,2024-06-24,3,07:57:00,21:52:00,13.916666666666666
52067,2024-06-25,3,07:56:00,21:53:00,13.95
52067,2024-06-26,4,07:57:00,21:52:00,13.916666666666666
52067,2024-06-27,4,07:56:00,22:09:00,14.216666666666667
52067,2024-06-28,5,07:55:00,21:57:00,14.033333333333333
52067,2024-06-29,5,07:56:00,22:01:00,14.083333333333334
52067,2024-06-30,6,07:56:00,21:57:00,14.016666666666667
52067,2024-07-01,6,08:06:00,22:50:00,14.733333333333333
52067,2024-07-02,0,08:08:00,22:40:00,14.533333333333333
52067,2024-07-03,0,08:06:00,22:19:00,14.216666666666667
52067,2024-07-04,1,08:06:00,22:07:00,14.016666666666667
52067,2024-07-05,1,08:06:00,22:07:00,14.016666666666667
52067,2024-07-06,2,08:05:00,21:54:00,13.816666666666666
52067,2024-07-07,2,08:06:00,22:10:00,14.066666666666666
52067,2024-07-08,3,08:08:00,22:06:00,13.966666666666667
52067,2024-07-09,3,08:06:00,22:11:00,14.083333333333334
52067,2024-07-10,4,08:08:00,22:12:00,14.066666666666666
52067,2024-07-11,4,08:06:00,22:07:00,14.016666666666667
52067,2024-07-12,5,08:08:00,22:07:00,13.983333333333333
52067,2024-07-13,5,08:06:00,22:06:00,14.0
52067,2024-07-14,6,08:06:00,22:03:00,13.95
52067,2024-07-15,6,08:06:00,22:10:00,14.066666666666666
52067,2024-07-16,0,07:55:00,21:52:00,13.95
52067,2024-07-17,0,07:56:00,21:52:00,13.933333333333334
52067,2024-07-18,1,07:56:00,21:52:00,13.933333333333334
52067,2024-07-19,1,07:56:00,21:52:00,13.933333333333334
52067,2024-07-20,2,07:56:00,21:51:00,13.916666666666666
52067,2024-07-21,2,07:56:00,21:51:00,13.916666666666666
52067,2024-07-22,3,07:56:00,21:51:00,13.916666666666666
52067,2024-07-23,3,07:56:00,21:52:00,13.933333333333334
52067,2024-07-24,4,07:57:00,21:51:00,13.9
52067,2024-07-25,4,07:56:00,21:51:00,13.916666666666666
52067,2024-07-26,6,07:56:00,21:51:00,13.916666666666666
52067,2024-07-27,6,07:57:00,21:51:00,13.9
52067,2024-07-28,0,07:56:00,22:26:00,14.5
52067,2024-07-29,0,07:55:00,22:20:00,14.416666666666666
52067,2024-07-30,1,07:57:00,21:53:00,13.933333333333334
52067,2024-07-31,1,07:54:00,21:51:00,13.95
52067,2024-08-01,2,08:07:00,22:12:00,14.083333333333334
52067,2024-08-02,2,08:06:00,11:02:00,2.933333333333333
52068,2024-06-19,3,11:37:00,22:08:00,10.516666666666667
52068,2024-06-20,3,08:05:00,22:05:00,14.0
52068,2024-06-21,5,08:07:00,16:07:00,8.0
52068,2024-06-22,5,08:07:00,22:07:00,14.0
52068,2024-06-23,6,07:04:00,21:43:00,14.65
52068,2024-06-24,6,08:08:00,16:07:00,7.983333333333333
52068,2024-06-25,0,08:05:00,23:39:00,15.566666666666666
52068,2024-06-26,0,08:05:00,22:03:00,13.966666666666667
52068,2024-06-27,1,08:06:00,22:22:00,14.266666666666667
52068,2024-06-28,1,08:06:00,21:49:00,13.716666666666667
52068,2024-06-29,2,08:08:00,22:13:00,14.083333333333334
52068,2024-06-30,2,08:05:00,22:06:00,14.016666666666667
52068,2024-07-01,3,07:56:00,22:35:00,14.65
52068,2024-07-02,3,07:56:00,21:53:00,13.95
52068,2024-07-03,4,07:55:00,22:01:00,14.1
52068,2024-07-04,4,07:56:00,21:51:00,13.916666666666666
52068,2024-07-05,5,07:56:00,21:53:00,13.95
52068,2024-07-06,5,07:55:00,22:06:00,14.183333333333334
52068,2024-07-07,1,07:55:00,21:52:00,13.95
52068,2024-07-08,1,06:47:00,21:33:00,14.766666666666667
52068,2024-07-09,2,08:05:00,21:54:00,13.816666666666666
52068,2024-07-10,2,07:56:00,21:56:00,14.0
52068,2024-07-11,3,07:56:00,21:52:00,13.933333333333334
52068,2024-07-12,3,07:58:00,22:05:00,14.116666666666667
52068,2024-07-13,4,07:56:00,22:12:00,14.266666666666667
52068,2024-07-14,4,07:56:00,21:53:00,13.95
52070,2024-06-02,0,13:16:00,23:03:00,9.783333333333333
52070,2024-06-03,1,11:21:00,23:00:00,11.65
52070,2024-06-04,1,10:54:00,23:02:00,12.133333333333333
52070,2024-06-05,2,11:02:00,23:02:00,12.0
52070,2024-06-06,2,10:48:00,23:01:00,12.216666666666667
52070,2024-06-07,3,10:20:00,22:59:00,12.65
52070,2024-06-08,3,11:03:00,22:59:00,11.933333333333334
52070,2024-06-09,4,11:15:00,22:58:00,11.716666666666667
52070,2024-06-10,4,10:58:00,23:01:00,12.05
52070,2024-06-11,5,10:39:00,23:02:00,12.383333333333333
52070,2024-06-12,5,11:19:00,23:03:00,11.733333333333333
52070,2024-06-13,6,11:10:00,23:03:00,11.883333333333333
52070,2024-06-14,6,10:14:00,23:04:00,12.833333333333334
52070,2024-06-15,0,10:25:00,22:58:00,12.55
52070,2024-06-16,0,11:23:00,23:06:00,11.716666666666667
52070,2024-06-17,1,11:06:00,23:03:00,11.95
52070,2024-06-18,1,10:53:00,23:08:00,12.25
52070,2024-06-19,2,11:01:00,23:04:00,12.05
52070,2024-06-20,2,11:17:00,23:03:00,11.766666666666667
52070,2024-06-21,3,10:13:00,22:59:00,12.766666666666667
52070,2024-06-22,3,11:31:00,23:00:00,11.483333333333333
52070,2024-06-23,4,11:11:00,22:58:00,11.783333333333333
52070,2024-06-24,4,11:18:00,22:59:00,11.683333333333334
52070,2024-06-25,5,11:05:00,23:02:00,11.95
52070,2024-06-26,5,11:10:00,23:00:00,11.833333333333334
52070,2024-06-27,6,11:09:00,23:02:00,11.883333333333333
52070,2024-06-28,6,10:23:00,23:00:00,12.616666666666667
52070,2024-06-29,0,11:40:00,23:04:00,11.4
52070,2024-06-30,0,11:25:00,23:02:00,11.616666666666667
52070,2024-07-01,1,11:24:00,23:01:00,11.616666666666667
52070,2024-07-02,1,11:03:00,23:02:00,11.983333333333333
52070,2024-07-03,2,10:48:00,23:26:00,12.633333333333333
52070,2024-07-04,2,10:55:00,23:02:00,12.116666666666667
52070,2024-07-05,3,10:04:00,23:04:00,13.0
52070,2024-07-06,3,11:06:00,23:03:00,11.95
52070,2024-07-07,4,11:05:00,23:04:00,11.983333333333333
52070,2024-07-08,4,10:53:00,23:05:00,12.2
52070,2024-07-09,5,10:46:00,23:03:00,12.283333333333333
52070,2024-07-10,5,11:06:00,23:01:00,11.916666666666666
52070,2024-07-11,6,11:15:00,23:07:00,11.866666666666667
52070,2024-07-12,6,09:55:00,22:57:00,13.033333333333333
52070,2024-07-13,0,10:51:00,23:00:00,12.15
52070,2024-07-14,0,11:02:00,23:03:00,12.016666666666667
52070,2024-07-15,1,11:16:00,23:03:00,11.783333333333333
52070,2024-07-16,1,11:20:00,23:03:00,11.716666666666667
52070,2024-07-17,2,11:04:00,23:05:00,12.016666666666667
52070,2024-07-18,2,11:22:00,23:01:00,11.65
52070,2024-07-19,3,09:54:00,23:02:00,13.133333333333333
52070,2024-07-20,3,11:09:00,23:00:00,11.85
52070,2024-07-21,4,11:17:00,23:03:00,11.766666666666667
52070,2024-07-22,4,11:16:00,23:00:00,11.733333333333333
52070,2024-07-23,5,11:15:00,23:02:00,11.783333333333333
52070,2024-07-24,5,11:13:00,23:01:00,11.8
52070,2024-07-25,6,11:32:00,23:02:00,11.5
52070,2024-07-26,6,10:15:00,23:01:00,12.766666666666667
52070,2024-07-27,0,11:00:00,23:00:00,12.0
52070,2024-07-28,0,11:41:00,23:01:00,11.333333333333334
52070,2024-07-29,1,11:06:00,23:01:00,11.916666666666666
52070,2024-07-30,1,11:05:00,23:02:00,11.95
52070,2024-07-31,2,11:20:00,23:01:00,11.683333333333334
52070,2024-08-01,2,11:32:00,23:01:00,11.483333333333333
52072,2024-06-02,3,12:07:00,16:08:00,4.016666666666667
52072,2024-06-03,4,08:08:00,22:14:00,14.1
52072,2024-06-04,4,08:05:00,22:06:00,14.016666666666667
52072,2024-06-05,5,08:05:00,22:08:00,14.05
52072,2024-06-06,5,08:04:00,22:09:00,14.083333333333334
52072,2024-06-07,6,08:05:00,22:08:00,14.05
52072,2024-06-09,6,08:05:00,22:07:00,14.033333333333333
52072,2024-06-11,0,08:05:00,22:12:00,14.116666666666667
52072,2024-06-12,1,08:08:00,22:09:00,14.016666666666667
52072,2024-06-13,1,08:07:00,22:10:00,14.05
52072,2024-06-14,2,08:03:00,22:11:00,14.133333333333333
52072,2024-06-15,2,08:08:00,22:14:00,14.1
52072,2024-06-17,3,07:58:00,21:50:00,13.866666666666667
52072,2024-06-18,3,08:10:00,21:53:00,13.716666666666667
52072,2024-06-19,4,07:55:00,21:55:00,14.0
52072,2024-06-20,4,07:56:00,21:53:00,13.95
52072,2024-06-21,0,08:17:00,21:53:00,13.6
52072,2024-06-22,0,07:58:00,21:53:00,13.916666666666666
52072,2024-06-23,1,08:05:00,21:51:00,13.766666666666667
52072,2024-06-24,1,07:57:00,11:54:00,3.95
52072,2024-06-25,2,07:56:00,11:52:00,3.933333333333333
52072,2024-06-26,2,07:56:00,21:53:00,13.95
52072,2024-06-27,3,07:56:00,22:09:00,14.216666666666667
52072,2024-06-28,3,08:05:00,21:58:00,13.883333333333333
52072,2024-06-29,5,07:56:00,22:02:00,14.1
52072,2024-06-30,5,07:56:00,21:56:00,14.0
52072,2024-07-01,6,08:06:00,22:51:00,14.75
52072,2024-07-02,6,08:07:00,22:40:00,14.55
52072,2024-07-03,0,08:05:00,12:08:00,4.05
52072,2024-07-05,0,16:10:00,21:54:00,5.733333333333333
52072,2024-07-06,1,08:05:00,22:10:00,14.083333333333334
52072,2024-07-08,1,08:08:00,22:06:00,13.966666666666667
52072,2024-07-09,2,08:05:00,21:54:00,13.816666666666666
52072,2024-07-10,2,08:07:00,22:12:00,14.083333333333334
52072,2024-07-11,3,08:06:00,22:08:00,14.033333333333333
52072,2024-07-12,3,08:08:00,22:07:00,13.983333333333333
52072,2024-07-13,2,08:06:00,22:07:00,14.016666666666667
52072,2024-07-14,2,08:07:00,22:09:00,14.033333333333333
52072,2024-07-15,3,08:07:00,12:02:00,3.9166666666666665
52072,2024-07-16,3,07:56:00,21:52:00,13.933333333333334
52072,2024-07-17,5,07:56:00,21:52:00,13.933333333333334
52072,2024-07-18,5,07:56:00,21:53:00,13.95
52072,2024-07-19,0,07:56:00,21:52:00,13.933333333333334
52072,2024-07-20,0,08:06:00,21:52:00,13.766666666666667
52072,2024-07-21,1,07:56:00,21:51:00,13.916666666666666
52072,2024-07-22,1,07:56:00,21:52:00,13.933333333333334
52072,2024-07-23,0,07:56:00,21:55:00,13.983333333333333
52072,2024-07-24,0,07:57:00,21:51:00,13.9
52072,2024-07-25,1,08:06:00,21:51:00,13.75
52072,2024-07-26,1,08:06:00,21:51:00,13.75
52072,2024-07-27,3,07:57:00,21:53:00,13.933333333333334
52072,2024-07-28,3,07:56:00,22:26:00,14.5
52072,2024-07-29,5,07:55:00,11:53:00,3.966666666666667
52072,2024-07-30,5,07:57:00,21:52:00,13.916666666666666
52072,2024-07-31,6,07:54:00,21:51:00,13.95
52072,2024-08-01,6,08:07:00,22:12:00,14.083333333333334
52072,2024-08-02,0,08:06:00,11:02:00,2.933333333333333
52073,2024-06-04,0,07:05:00,12:00:00,4.916666666666667
52073,2024-06-05,1,07:01:00,16:06:00,9.083333333333334
52073,2024-06-06,1,07:03:00,21:59:00,14.933333333333334
52073,2024-06-07,2,16:09:00,21:57:00,5.8
52073,2024-06-08,2,07:01:00,11:58:00,4.95
52073,2024-06-09,4,06:57:00,22:37:00,15.666666666666666
52073,2024-06-10,4,07:01:00,22:02:00,15.016666666666667
52073,2024-06-11,6,06:59:00,22:07:00,15.133333333333333
52073,2024-06-12,6,07:05:00,21:58:00,14.883333333333333
52073,2024-06-13,0,07:01:00,22:18:00,15.283333333333333
52073,2024-06-14,0,16:05:00,23:47:00,7.7
52073,2024-06-15,1,07:14:00,22:52:00,15.633333333333333
52073,2024-06-19,1,07:02:00,21:58:00,14.933333333333334
52073,2024-06-20,2,07:03:00,21:54:00,14.85
52073,2024-06-22,3,16:06:00,21:58:00,5.866666666666666
52073,2024-06-23,3,07:00:00,21:57:00,14.95
52073,2024-06-24,5,07:00:00,21:58:00,14.966666666666667
52073,2024-06-25,5,12:02:00,16:08:00,4.1
52073,2024-06-26,6,06:59:00,21:57:00,14.966666666666667
52073,2024-06-27,6,07:17:00,12:13:00,4.933333333333334
52073,2024-06-28,0,16:10:00,22:24:00,6.233333333333333
52073,2024-06-29,0,07:55:00,21:59:00,14.066666666666666
52073,2024-06-30,1,06:59:00,22:00:00,15.016666666666667
52073,2024-07-01,1,06:59:00,12:00:00,5.016666666666667
52073,2024-07-02,2,07:01:00,22:16:00,15.25
52073,2024-07-03,2,07:02:00,22:05:00,15.05
52073,2024-07-04,3,07:04:00,21:56:00,14.866666666666667
52073,2024-07-05,3,16:06:00,22:02:00,5.933333333333334
52073,2024-07-06,4,07:00:00,21:57:00,14.95
52073,2024-07-07,4,07:01:00,22:33:00,15.533333333333333
52073,2024-07-08,5,07:01:00,21:58:00,14.95
52073,2024-07-09,5,07:02:00,12:01:00,4.983333333333333
52073,2024-07-10,6,07:07:00,22:00:00,14.883333333333333
52073,2024-07-11,6,07:02:00,21:57:00,14.916666666666666
52073,2024-07-12,0,16:12:00,21:57:00,5.75
52073,2024-07-13,0,07:06:00,22:06:00,15.0
52073,2024-07-14,1,07:05:00,21:57:00,14.866666666666667
52073,2024-07-15,1,07:15:00,21:55:00,14.666666666666666
52073,2024-07-16,2,07:08:00,22:03:00,14.916666666666666
52073,2024-07-17,2,07:04:00,21:59:00,14.916666666666666
52073,2024-07-18,3,07:02:00,21:59:00,14.95
52073,2024-07-20,3,07:07:00,21:54:00,14.783333333333333
52073,2024-07-21,4,07:03:00,21:57:00,14.9
52073,2024-07-22,4,07:10:00,21:59:00,14.816666666666666
52073,2024-07-23,6,07:11:00,12:02:00,4.85
52073,2024-07-24,6,07:08:00,21:57:00,14.816666666666666
52073,2024-07-25,0,07:02:00,22:01:00,14.983333333333333
52073,2024-07-26,0,16:05:00,21:56:00,5.85
52073,2024-07-27,1,07:00:00,21:59:00,14.983333333333333
52073,2024-07-28,1,07:10:00,21:56:00,14.766666666666667
52073,2024-07-29,2,07:04:00,22:00:00,14.933333333333334
52073,2024-07-30,2,07:01:00,11:59:00,4.966666666666667
52073,2024-07-31,3,07:03:00,21:56:00,14.883333333333333
52073,2024-08-01,3,06:58:00,21:58:00,15.0
52075,2024-06-02,4,11:54:00,15:55:00,4.016666666666667
52075,2024-06-03,5,07:58:00,21:56:00,13.966666666666667
52075,2024-06-04,5,07:55:00,21:52:00,13.95
52075,2024-06-05,6,07:56:00,21:51:00,13.916666666666666
52075,2024-06-06,6,07:55:00,11:54:00,3.9833333333333334
52075,2024-06-07,0,07:55:00,21:52:00,13.95
52075,2024-06-08,0,07:57:00,21:53:00,13.933333333333334
52075,2024-06-09,1,07:55:00,21:52:00,13.95
52075,2024-06-10,1,07:54:00,21:53:00,13.983333333333333
52075,2024-06-11,2,07:53:00,21:53:00,14.0
52075,2024-06-12,2,07:55:00,21:54:00,13.983333333333333
52075,2024-06-13,3,07:04:00,21:05:00,14.016666666666667
52075,2024-06-14,3,07:53:00,21:53:00,14.0
52075,2024-06-15,4,07:58:00,21:51:00,13.883333333333333
52075,2024-06-17,4,07:57:00,21:49:00,13.866666666666667
52075,2024-06-18,5,08:10:00,22:00:00,13.833333333333334
52075,2024-06-19,5,08:06:00,22:03:00,13.95
52075,2024-06-20,2,08:04:00,22:03:00,13.983333333333333
52075,2024-06-21,2,08:08:00,22:02:00,13.9
52075,2024-06-22,3,08:08:00,22:01:00,13.883333333333333
52075,2024-06-23,3,08:05:00,21:57:00,13.866666666666667
52075,2024-06-24,4,08:08:00,22:04:00,13.933333333333334
52075,2024-06-25,4,08:06:00,22:09:00,14.05
52075,2024-06-26,5,08:05:00,22:04:00,13.983333333333333
52075,2024-06-27,5,08:06:00,22:18:00,14.2
52075,2024-06-28,6,08:06:00,22:09:00,14.05
52075,2024-06-29,6,08:08:00,22:08:00,14.0
52075,2024-06-30,0,08:05:00,22:09:00,14.066666666666666
52075,2024-07-01,0,08:02:00,22:35:00,14.55
52075,2024-07-02,1,07:56:00,22:22:00,14.433333333333334
52075,2024-07-03,1,07:55:00,22:01:00,14.1
52075,2024-07-04,2,07:56:00,21:51:00,13.916666666666666
52075,2024-07-05,2,07:56:00,21:53:00,13.95
52075,2024-07-06,3,07:56:00,21:54:00,13.966666666666667
52075,2024-07-07,3,07:56:00,21:52:00,13.933333333333334
52075,2024-07-08,4,07:56:00,21:52:00,13.933333333333334
52075,2024-07-09,4,07:55:00,21:53:00,13.966666666666667
52075,2024-07-10,5,06:54:00,22:20:00,15.433333333333334
52075,2024-07-11,5,07:56:00,21:52:00,13.933333333333334
52075,2024-07-12,6,07:59:00,21:51:00,13.866666666666667
52075,2024-07-13,6,07:56:00,21:53:00,13.95
52075,2024-07-14,0,07:56:00,21:53:00,13.95
52075,2024-07-15,0,07:56:00,21:53:00,13.95
52075,2024-07-16,1,08:05:00,21:59:00,13.9
52075,2024-07-17,1,08:05:00,21:58:00,13.883333333333333
52075,2024-07-18,2,08:06:00,22:07:00,14.016666666666667
52075,2024-07-19,2,08:08:00,21:55:00,13.783333333333333
52075,2024-07-20,3,08:06:00,21:57:00,13.85
52075,2024-07-21,3,08:06:00,22:00:00,13.9
52075,2024-07-22,5,08:06:00,22:02:00,13.933333333333334
52075,2024-07-23,5,08:07:00,21:57:00,13.833333333333334
52075,2024-07-24,6,08:09:00,21:58:00,13.816666666666666
52075,2024-07-25,6,08:06:00,21:58:00,13.866666666666667
52075,2024-07-26,0,08:06:00,21:57:00,13.85
52075,2024-07-27,0,08:06:00,22:00:00,13.9
52075,2024-07-28,1,08:06:00,22:26:00,14.333333333333334
52075,2024-07-29,1,08:06:00,22:19:00,14.216666666666667
52075,2024-07-30,2,08:07:00,21:55:00,13.8
52075,2024-07-31,2,08:06:00,21:56:00,13.833333333333334
52075,2024-08-01,3,07:56:00,21:54:00,13.966666666666667
52075,2024-08-02,3,07:56:00,11:02:00,3.1
52076,2024-06-02,4,12:03:00,16:07:00,4.066666666666666
52076,2024-06-03,4,08:07:00,22:13:00,14.1
52076,2024-06-04,5,08:05:00,22:06:00,14.016666666666667
52076,2024-06-05,5,08:04:00,22:06:00,14.033333333333333
52076,2024-06-06,6,08:05:00,22:09:00,14.066666666666666
52076,2024-06-07,6,08:05:00,22:06:00,14.016666666666667
52076,2024-06-08,0,08:07:00,22:02:00,13.916666666666666
52076,2024-06-09,0,08:06:00,22:04:00,13.966666666666667
52076,2024-06-10,1,08:05:00,22:04:00,13.983333333333333
52076,2024-06-11,1,08:05:00,21:53:00,13.8
52076,2024-06-12,2,08:08:00,22:09:00,14.016666666666667
52076,2024-06-13,2,08:07:00,21:52:00,13.75
52076,2024-06-14,3,08:02:00,21:38:00,13.6
52076,2024-06-15,3,08:07:00,21:51:00,13.733333333333333
52076,2024-06-18,4,08:31:00,21:53:00,13.366666666666667
52076,2024-06-19,4,07:55:00,21:54:00,13.983333333333333
52076,2024-06-20,5,07:56:00,21:54:00,13.966666666666667
52076,2024-06-21,5,07:57:00,21:52:00,13.916666666666666
52076,2024-06-22,6,07:57:00,21:52:00,13.916666666666666
52076,2024-06-23,6,07:55:00,21:51:00,13.933333333333334
52076,2024-06-24,0,07:57:00,21:52:00,13.916666666666666
52076,2024-06-25,0,07:55:00,21:52:00,13.95
52076,2024-06-26,1,07:56:00,21:52:00,13.933333333333334
52076,2024-06-28,1,07:55:00,21:58:00,14.05
52076,2024-06-29,2,07:55:00,22:00:00,14.083333333333334
52076,2024-06-30,2,07:55:00,21:56:00,14.016666666666667
52076,2024-07-01,3,08:06:00,22:50:00,14.733333333333333
52076,2024-07-02,3,08:08:00,22:23:00,14.25
52076,2024-07-03,4,08:06:00,22:16:00,14.166666666666666
52076,2024-07-04,4,08:05:00,22:06:00,14.016666666666667
52076,2024-07-05,5,08:06:00,22:07:00,14.016666666666667
52076,2024-07-06,5,16:05:00,22:10:00,6.083333333333333
52076,2024-07-07,6,08:06:00,22:08:00,14.033333333333333
52076,2024-07-08,6,08:08:00,22:07:00,13.983333333333333
52076,2024-07-09,0,08:05:00,22:12:00,14.116666666666667
52076,2024-07-10,0,08:08:00,22:12:00,14.066666666666666
52076,2024-07-11,1,08:05:00,21:52:00,13.783333333333333
52076,2024-07-12,1,08:08:00,22:06:00,13.966666666666667
52076,2024-07-13,2,08:05:00,22:07:00,14.033333333333333
52076,2024-07-14,2,08:06:00,21:53:00,13.783333333333333
52076,2024-07-15,3,08:06:00,22:09:00,14.05
52076,2024-07-16,3,07:55:00,21:52:00,13.95
52076,2024-07-17,0,07:56:00,21:53:00,13.95
52076,2024-07-18,0,07:56:00,21:53:00,13.95
52076,2024-07-19,1,07:56:00,21:53:00,13.95
52076,2024-07-20,1,07:55:00,21:52:00,13.95
52076,2024-07-21,2,07:55:00,21:51:00,13.933333333333334
52076,2024-07-22,2,07:55:00,21:51:00,13.933333333333334
52076,2024-07-23,3,07:56:00,21:53:00,13.95
52076,2024-07-24,3,07:57:00,21:51:00,13.9
52076,2024-07-25,4,07:56:00,11:52:00,3.933333333333333
52076,2024-07-26,4,07:56:00,21:52:00,13.933333333333334
52076,2024-07-27,5,07:57:00,21:52:00,13.916666666666666
52076,2024-07-28,6,07:56:00,22:26:00,14.5
52076,2024-07-29,6,07:54:00,22:19:00,14.416666666666666
52076,2024-07-30,0,07:56:00,21:52:00,13.933333333333334
52076,2024-07-31,0,07:54:00,21:52:00,13.966666666666667
52076,2024-08-01,1,08:06:00,22:03:00,13.95
52077,2024-06-02,2,11:54:00,22:15:00,10.35
52077,2024-06-03,2,07:57:00,21:56:00,13.983333333333333
52077,2024-06-04,3,07:55:00,21:52:00,13.95
52077,2024-06-05,3,07:56:00,21:51:00,13.916666666666666
52077,2024-06-06,4,07:55:00,21:50:00,13.916666666666666
52077,2024-06-07,4,07:55:00,21:53:00,13.966666666666667
52077,2024-06-08,5,07:57:00,21:51:00,13.9
52077,2024-06-09,5,07:55:00,22:05:00,14.166666666666666
52077,2024-06-11,0,08:05:00,21:53:00,13.8
52077,2024-06-12,1,07:55:00,21:55:00,14.0
52077,2024-06-13,1,07:58:00,21:52:00,13.9
52077,2024-06-14,2,07:53:00,21:52:00,13.983333333333333
52077,2024-06-15,2,07:58:00,21:50:00,13.866666666666667
52077,2024-06-17,3,07:57:00,21:48:00,13.85
52077,2024-06-18,3,08:10:00,22:00:00,13.833333333333334
52077,2024-06-19,4,08:06:00,22:12:00,14.1
52077,2024-06-20,4,08:05:00,22:03:00,13.966666666666667
52077,2024-06-21,5,08:08:00,22:04:00,13.933333333333334
52077,2024-06-22,6,08:08:00,22:09:00,14.016666666666667
52077,2024-06-23,6,08:05:00,22:09:00,14.066666666666666
52077,2024-06-24,0,08:08:00,22:04:00,13.933333333333334
52077,2024-06-25,0,08:05:00,21:53:00,13.8
52077,2024-06-26,1,08:06:00,22:13:00,14.116666666666667
52077,2024-06-27,1,08:07:00,22:26:00,14.316666666666666
52077,2024-06-28,2,08:06:00,22:14:00,14.133333333333333
52077,2024-06-29,2,08:08:00,22:13:00,14.083333333333334
52077,2024-06-30,3,08:06:00,22:12:00,14.1
52077,2024-07-01,3,08:02:00,22:35:00,14.55
52077,2024-07-02,4,07:56:00,21:52:00,13.933333333333334
52077,2024-07-03,4,07:56:00,22:01:00,14.083333333333334
52077,2024-07-04,5,07:56:00,22:06:00,14.166666666666666
52077,2024-07-05,5,07:56:00,21:53:00,13.95
52077,2024-07-06,6,07:56:00,21:54:00,13.966666666666667
52077,2024-07-08,6,07:56:00,21:52:00,13.933333333333334
52077,2024-07-09,0,07:56:00,21:53:00,13.95
52077,2024-07-10,0,07:56:00,21:55:00,13.983333333333333
52077,2024-07-11,1,07:56:00,21:52:00,13.933333333333334
52077,2024-07-12,1,07:58:00,21:51:00,13.883333333333333
52077,2024-07-13,2,07:56:00,21:53:00,13.95
52077,2024-07-14,2,07:56:00,21:53:00,13.95
52077,2024-07-15,3,07:56:00,21:52:00,13.933333333333334
52077,2024-07-16,3,08:05:00,22:07:00,14.033333333333333
52077,2024-07-17,4,08:06:00,22:07:00,14.016666666666667
52077,2024-07-18,4,08:06:00,16:10:00,8.066666666666666
52077,2024-07-19,5,08:08:00,22:09:00,14.016666666666667
52077,2024-07-20,5,08:06:00,22:07:00,14.016666666666667
52077,2024-07-21,6,08:06:00,22:06:00,14.0
52077,2024-07-22,6,08:06:00,22:09:00,14.05
52077,2024-07-23,0,08:07:00,22:07:00,14.0
52077,2024-07-24,0,08:09:00,22:09:00,14.0
52077,2024-07-25,1,08:06:00,22:07:00,14.016666666666667
52077,2024-07-26,1,08:06:00,22:10:00,14.066666666666666
52077,2024-07-27,2,08:06:00,22:11:00,14.083333333333334
52077,2024-07-28,2,08:06:00,22:26:00,14.333333333333334
52077,2024-07-29,3,08:06:00,22:19:00,14.216666666666667
52077,2024-07-30,3,08:06:00,22:12:00,14.1
52077,2024-07-31,5,08:06:00,22:07:00,14.016666666666667
52077,2024-08-01,5,07:56:00,21:53:00,13.95
52077,2024-08-02,6,07:56:00,11:02:00,3.1
52078,2024-06-03,6,01:57:00,11:52:00,9.916666666666666
52078,2024-06-04,0,02:01:00,11:57:00,9.933333333333334
52078,2024-06-05,0,02:05:00,11:51:00,9.766666666666667
52078,2024-06-06,1,02:00:00,11:53:00,9.883333333333333
52078,2024-06-07,1,01:58:00,10:57:00,8.983333333333333
52078,2024-06-10,3,01:58:00,07:52:00,5.9
52078,2024-06-11,3,01:57:00,11:54:00,9.95
52078,2024-06-12,4,02:13:00,11:53:00,9.666666666666666
52078,2024-06-13,4,02:05:00,11:53:00,9.8
52078,2024-06-14,5,02:01:00,11:00:00,8.983333333333333
52078,2024-06-18,6,02:03:00,11:49:00,9.766666666666667
52078,2024-06-19,0,01:57:00,11:54:00,9.95
52078,2024-06-20,0,02:02:00,11:53:00,9.85
52078,2024-06-21,1,02:08:00,10:59:00,8.85
52078,2024-06-24,2,02:06:00,11:54:00,9.8
52078,2024-06-25,3,02:01:00,15:59:00,13.966666666666667
52078,2024-06-26,3,01:53:00,11:52:00,9.983333333333333
52078,2024-06-27,4,02:05:00,11:50:00,9.75
52078,2024-06-28,4,02:01:00,11:00:00,8.983333333333333
52078,2024-06-29,5,02:04:00,11:54:00,9.833333333333334
52078,2024-06-30,5,02:07:00,11:54:00,9.783333333333333
52078,2024-07-01,6,02:06:00,11:54:00,9.8
52078,2024-07-02,6,02:04:00,11:53:00,9.816666666666666
52078,2024-07-03,0,02:11:00,11:53:00,9.7
52078,2024-07-04,0,02:07:00,11:53:00,9.766666666666667
52078,2024-07-05,1,02:12:00,10:53:00,8.683333333333334
52078,2024-07-06,1,02:08:00,11:53:00,9.75
52078,2024-07-07,2,02:02:00,11:54:00,9.866666666666667
52078,2024-07-08,2,02:07:00,15:59:00,13.866666666666667
52078,2024-07-09,3,02:03:00,11:52:00,9.816666666666666
52078,2024-07-10,3,02:02:00,11:53:00,9.85
52078,2024-07-11,4,02:10:00,11:52:00,9.7
52078,2024-07-12,4,02:08:00,10:57:00,8.816666666666666
52078,2024-07-14,6,02:03:00,11:51:00,9.8
52078,2024-07-15,6,02:05:00,11:51:00,9.766666666666667
52078,2024-07-16,0,02:01:00,11:52:00,9.85
52078,2024-07-17,0,02:05:00,11:53:00,9.8
52078,2024-07-18,1,02:08:00,11:53:00,9.75
52078,2024-07-19,1,02:00:00,10:47:00,8.783333333333333
52078,2024-07-20,2,02:03:00,11:51:00,9.8
52078,2024-07-21,2,02:03:00,11:54:00,9.85
52078,2024-07-22,3,01:58:00,11:52:00,9.9
52078,2024-07-23,3,02:05:00,11:50:00,9.75
52078,2024-07-25,4,01:56:00,11:52:00,9.933333333333334
52078,2024-07-26,5,01:55:00,10:44:00,8.816666666666666
52078,2024-07-27,5,01:54:00,11:51:00,9.95
52078,2024-07-28,6,01:56:00,11:52:00,9.933333333333334
52078,2024-07-29,6,02:05:00,11:53:00,9.8
52078,2024-07-30,0,01:58:00,11:52:00,9.9
52078,2024-07-31,0,01:58:00,11:51:00,9.883333333333333
52078,2024-08-01,1,01:56:00,11:52:00,9.933333333333334
52078,2024-08-02,1,02:01:00,11:02:00,9.016666666666667
52079,2024-07-01,2,00:02:00,12:00:00,11.966666666666667
52079,2024-07-02,2,08:00:00,12:00:00,4.0
52079,2024-07-03,3,08:00:00,12:01:00,4.016666666666667
52079,2024-07-04,3,08:00:00,23:58:00,15.966666666666667
52079,2024-07-05,4,08:00:00,18:07:00,10.116666666666667
52079,2024-07-06,4,08:02:00,11:59:00,3.95
52079,2024-07-07,5,08:01:00,23:59:00,15.966666666666667
52079,2024-07-08,5,08:01:00,23:59:00,15.966666666666667
52079,2024-07-09,6,08:01:00,12:01:00,4.0
52079,2024-07-10,6,00:00:00,22:02:00,22.033333333333335
52079,2024-07-11,0,08:00:00,22:00:00,14.0
52079,2024-07-12,0,08:03:00,17:48:00,9.75
52079,2024-07-13,1,08:01:00,22:00:00,13.983333333333333
52079,2024-07-14,1,08:00:00,22:00:00,14.0
52079,2024-07-15,2,08:01:00,22:00:00,13.983333333333333
52079,2024-07-16,2,08:02:00,22:00:00,13.966666666666667
52079,2024-07-17,3,07:59:00,22:00:00,14.016666666666667
52079,2024-07-18,3,07:58:00,22:01:00,14.05
52079,2024-07-19,4,08:02:00,18:02:00,10.0
52079,2024-07-20,4,07:59:00,22:02:00,14.05
52079,2024-07-21,5,08:02:00,22:00:00,13.966666666666667
52079,2024-07-22,5,07:59:00,21:58:00,13.983333333333333
52079,2024-07-23,6,08:00:00,21:57:00,13.95
52079,2024-07-24,6,08:01:00,22:00:00,13.983333333333333
52079,2024-07-25,0,08:03:00,21:59:00,13.933333333333334
52079,2024-07-26,0,08:03:00,18:00:00,9.95
52079,2024-07-27,1,08:02:00,22:00:00,13.966666666666667
52079,2024-07-28,1,08:02:00,23:58:00,15.933333333333334
52079,2024-07-29,2,08:02:00,23:10:00,15.133333333333333
52079,2024-07-30,2,08:01:00,22:55:00,14.9
52079,2024-07-31,3,08:02:00,22:52:00,14.833333333333334
52079,2024-08-01,3,08:02:00,22:58:00,14.933333333333334
52081,2024-06-18,0,10:06:00,22:38:00,12.533333333333333
52081,2024-06-19,1,10:24:00,22:35:00,12.183333333333334
52081,2024-06-28,4,12:51:00,17:40:00,4.816666666666666
52081,2024-06-29,5,05:55:00,17:38:00,11.716666666666667
52081,2024-06-30,5,05:47:00,16:57:00,11.166666666666666
52081,2024-07-01,6,05:31:00,16:58:00,11.45
52081,2024-07-02,6,05:33:00,16:59:00,11.433333333333334
52081,2024-07-03,0,05:31:00,16:54:00,11.383333333333333
52081,2024-07-04,0,05:32:00,16:56:00,11.4
52081,2024-07-06,1,05:33:00,17:02:00,11.483333333333333
52081,2024-07-07,1,05:33:00,16:55:00,11.366666666666667
52081,2024-07-08,2,05:33:00,17:00:00,11.45
52081,2024-07-09,2,05:33:00,16:58:00,11.416666666666666
52081,2024-07-10,3,05:33:00,16:55:00,11.366666666666667
52081,2024-07-11,3,05:33:00,16:51:00,11.3
52081,2024-07-12,4,05:33:00,17:07:00,11.566666666666666
52081,2024-07-13,4,05:33:00,17:41:00,12.133333333333333
52081,2024-07-14,5,05:31:00,16:55:00,11.4
52081,2024-07-15,5,05:31:00,16:50:00,11.316666666666666
52081,2024-07-16,0,05:31:00,17:07:00,11.6
52081,2024-07-17,0,05:34:00,16:52:00,11.3
52081,2024-07-19,1,05:32:00,16:56:00,11.4
52081,2024-07-20,2,05:32:00,16:48:00,11.266666666666667
52081,2024-07-21,2,05:34:00,16:58:00,11.4
52081,2024-07-22,3,05:34:00,16:57:00,11.383333333333333
52081,2024-07-23,3,05:33:00,16:55:00,11.366666666666667
52081,2024-07-24,4,05:33:00,16:59:00,11.433333333333334
52081,2024-07-25,4,05:32:00,17:06:00,11.566666666666666
52081,2024-07-26,5,05:32:00,09:40:00,4.133333333333334
52081,2024-08-01,0,05:36:00,17:09:00,11.55
52081,2024-08-02,1,05:17:00,17:18:00,12.016666666666667
52083,2024-06-04,2,06:56:00,21:58:00,15.033333333333333
52083,2024-06-05,2,06:59:00,22:00:00,15.016666666666667
52083,2024-06-06,3,06:59:00,15:56:00,8.95
52083,2024-06-08,3,16:40:00,21:58:00,5.3
52083,2024-06-09,4,06:59:00,22:07:00,15.133333333333333
52083,2024-06-10,4,06:58:00,22:02:00,15.066666666666666
52083,2024-06-11,5,06:59:00,22:04:00,15.083333333333334
52083,2024-06-12,5,06:58:00,22:00:00,15.033333333333333
52083,2024-06-13,6,06:54:00,22:01:00,15.116666666666667
52083,2024-06-14,6,15:54:00,22:35:00,6.683333333333334
52083,2024-06-15,0,06:56:00,22:02:00,15.1
52083,2024-06-19,0,06:47:00,21:58:00,15.183333333333334
52083,2024-06-20,1,07:04:00,22:01:00,14.95
52083,2024-06-21,1,15:59:00,21:58:00,5.983333333333333
52083,2024-06-22,2,06:59:00,22:00:00,15.016666666666667
52083,2024-06-23,2,06:57:00,21:58:00,15.016666666666667
52083,2024-06-24,3,07:03:00,21:58:00,14.916666666666666
52083,2024-06-25,3,06:54:00,21:57:00,15.05
52083,2024-06-26,4,06:54:00,11:58:00,5.066666666666666
52083,2024-06-27,4,04:00:00,15:58:00,11.966666666666667
52083,2024-06-28,5,15:58:00,22:26:00,6.466666666666667
52083,2024-06-29,5,07:02:00,22:00:00,14.966666666666667
52083,2024-06-30,6,06:56:00,21:58:00,15.033333333333333
52083,2024-07-01,6,07:00:00,22:00:00,15.0
52083,2024-07-02,0,07:00:00,22:12:00,15.2
52083,2024-07-03,0,07:00:00,22:02:00,15.033333333333333
52083,2024-07-04,1,07:02:00,21:58:00,14.933333333333334
52083,2024-07-05,1,16:01:00,22:02:00,6.016666666666667
52083,2024-07-06,2,07:02:00,21:58:00,14.933333333333334
52083,2024-07-07,2,07:02:00,21:58:00,14.933333333333334
52083,2024-07-08,3,06:55:00,21:59:00,15.066666666666666
52083,2024-07-09,3,06:58:00,21:58:00,15.0
52083,2024-07-10,4,07:06:00,21:58:00,14.866666666666667
52083,2024-07-11,4,07:02:00,21:57:00,14.916666666666666
52083,2024-07-12,5,16:00:00,21:59:00,5.983333333333333
52083,2024-07-13,5,07:01:00,21:59:00,14.966666666666667
52083,2024-07-14,6,06:57:00,21:57:00,15.0
52083,2024-07-15,6,07:06:00,21:58:00,14.866666666666667
52083,2024-07-16,0,07:02:00,21:58:00,14.933333333333334
52083,2024-07-17,0,07:06:00,22:01:00,14.916666666666666
52083,2024-07-18,1,06:59:00,22:02:00,15.05
52083,2024-07-19,1,16:03:00,21:58:00,5.916666666666667
52083,2024-07-20,2,06:55:00,22:01:00,15.1
52083,2024-07-21,2,06:55:00,22:00:00,15.083333333333334
52083,2024-07-22,3,07:04:00,21:58:00,14.9
52083,2024-07-23,3,07:06:00,21:58:00,14.866666666666667
52083,2024-07-24,4,06:58:00,21:59:00,15.016666666666667
52083,2024-07-25,4,07:01:00,22:02:00,15.016666666666667
52083,2024-07-26,5,16:02:00,21:59:00,5.95
52083,2024-07-27,5,06:56:00,21:58:00,15.033333333333333
52083,2024-07-28,6,06:59:00,22:02:00,15.05
52083,2024-07-29,6,07:03:00,22:00:00,14.95
52083,2024-07-30,0,07:04:00,21:59:00,14.916666666666666
52083,2024-07-31,0,07:00:00,22:00:00,15.0
52083,2024-08-01,1,07:02:00,22:02:00,15.0
52084,2024-07-08,0,16:15:00,23:59:00,7.733333333333333
52087,2024-07-01,2,10:08:00,16:02:00,5.9
52087,2024-07-02,2,09:59:00,15:58:00,5.983333333333333
52087,2024-07-03,3,10:00:00,15:59:00,5.983333333333333
52087,2024-07-04,3,09:57:00,16:00:00,6.05
52087,2024-07-05,4,12:46:00,16:07:00,3.35
52087,2024-07-06,4,09:57:00,16:01:00,6.066666666666666
52087,2024-07-07,5,09:57:00,16:00:00,6.05
52087,2024-07-08,5,10:00:00,15:59:00,5.983333333333333
52087,2024-07-09,6,09:56:00,15:56:00,6.0
52087,2024-07-10,6,11:10:00,16:01:00,4.85
52087,2024-07-11,0,10:58:00,15:58:00,5.0
52087,2024-07-12,0,12:50:00,15:59:00,3.15
52087,2024-07-13,1,11:14:00,15:58:00,4.733333333333333
52087,2024-07-14,1,11:10:00,15:56:00,4.766666666666667
52087,2024-07-15,2,11:01:00,15:57:00,4.933333333333334
52087,2024-07-16,2,10:59:00,15:57:00,4.966666666666667
52087,2024-07-17,3,11:01:00,15:57:00,4.933333333333334
52087,2024-07-18,3,11:00:00,15:58:00,4.966666666666667
52087,2024-07-19,4,12:55:00,15:59:00,3.066666666666667
52087,2024-07-20,4,11:06:00,15:59:00,4.883333333333334
52087,2024-07-21,5,11:01:00,15:57:00,4.933333333333334
52087,2024-07-22,5,11:00:00,15:56:00,4.933333333333334
52087,2024-07-23,6,10:57:00,15:59:00,5.033333333333333
52087,2024-07-24,6,10:59:00,15:59:00,5.0
52087,2024-07-25,0,11:00:00,15:57:00,4.95
52087,2024-07-26,0,12:48:00,15:57:00,3.15
52087,2024-07-27,1,10:57:00,15:56:00,4.983333333333333
52087,2024-07-28,1,10:57:00,16:00:00,5.05
52087,2024-07-29,2,10:58:00,16:01:00,5.05
52087,2024-07-30,2,11:00:00,15:57:00,4.95
52087,2024-07-31,3,11:00:00,15:57:00,4.95
52087,2024-08-01,3,11:02:00,15:59:00,4.95
52087,2024-08-02,4,12:56:00,15:59:00,3.05
52088,2024-07-01,4,08:04:00,11:59:00,3.9166666666666665
52088,2024-07-02,5,08:01:00,12:00:00,3.9833333333333334
52088,2024-07-03,5,08:00:00,23:59:00,15.983333333333333
52088,2024-07-04,6,08:00:00,23:57:00,15.95
52088,2024-07-05,6,08:01:00,23:58:00,15.95
52088,2024-07-06,0,08:02:00,11:59:00,3.95
52088,2024-07-07,0,08:01:00,23:58:00,15.95
52088,2024-07-08,1,08:01:00,12:00:00,3.9833333333333334
52088,2024-07-09,1,08:01:00,11:59:00,3.966666666666667
52088,2024-07-10,2,07:59:00,22:03:00,14.066666666666666
52088,2024-07-11,2,08:00:00,22:00:00,14.0
52088,2024-07-12,3,08:03:00,22:00:00,13.95
52088,2024-07-13,3,08:02:00,22:00:00,13.966666666666667
52088,2024-07-14,4,08:00:00,22:00:00,14.0
52088,2024-07-15,4,08:01:00,22:00:00,13.983333333333333
52088,2024-07-16,5,08:02:00,22:00:00,13.966666666666667
52088,2024-07-17,5,07:59:00,22:00:00,14.016666666666667
52088,2024-07-18,6,07:59:00,22:01:00,14.033333333333333
52088,2024-07-19,6,08:03:00,22:00:00,13.95
52088,2024-07-20,0,07:59:00,22:02:00,14.05
52088,2024-07-21,0,08:02:00,22:00:00,13.966666666666667
52088,2024-07-22,1,08:00:00,21:58:00,13.966666666666667
52088,2024-07-23,1,08:00:00,21:56:00,13.933333333333334
52088,2024-07-24,2,08:01:00,22:00:00,13.983333333333333
52088,2024-07-25,2,08:03:00,21:59:00,13.933333333333334
52088,2024-07-26,3,08:03:00,21:57:00,13.9
52088,2024-07-27,3,08:02:00,22:00:00,13.966666666666667
52088,2024-07-28,4,08:02:00,23:58:00,15.933333333333334
52088,2024-07-29,4,08:02:00,23:09:00,15.116666666666667
52088,2024-07-30,5,08:01:00,22:58:00,14.95
52088,2024-07-31,5,08:02:00,22:51:00,14.816666666666666
52088,2024-08-01,6,08:02:00,22:58:00,14.933333333333334
52088,2024-08-02,6,08:03:00,10:57:00,2.9
52089,2024-06-03,0,09:59:00,15:55:00,5.933333333333334
52089,2024-06-04,0,09:59:00,15:55:00,5.933333333333334
52089,2024-06-05,1,10:03:00,23:57:00,13.9
52089,2024-06-06,1,09:57:00,15:56:00,5.983333333333333
52089,2024-06-07,2,12:44:00,15:54:00,3.1666666666666665
52089,2024-06-08,2,09:57:00,15:54:00,5.95
52089,2024-06-09,3,10:02:00,23:58:00,13.933333333333334
52089,2024-06-10,3,09:58:00,23:55:00,13.95
52089,2024-06-11,4,09:59:00,23:57:00,13.966666666666667
52089,2024-06-12,4,10:27:00,15:55:00,5.466666666666667
52089,2024-06-13,0,10:43:00,15:56:00,5.216666666666667
52089,2024-06-14,0,12:47:00,15:54:00,3.1166666666666667
52089,2024-06-16,5,09:54:00,23:59:00,14.083333333333334
52089,2024-06-18,2,10:04:00,15:56:00,5.866666666666666
52089,2024-06-19,3,10:01:00,23:56:00,13.916666666666666
52089,2024-06-20,3,09:57:00,23:55:00,13.966666666666667
52089,2024-06-21,5,12:41:00,23:59:00,11.3
52089,2024-06-22,5,09:59:00,23:58:00,13.983333333333333
52089,2024-06-23,6,09:57:00,15:54:00,5.95
52089,2024-06-24,0,09:55:00,15:56:00,6.016666666666667
52089,2024-06-25,0,10:06:00,23:57:00,13.85
52089,2024-06-26,1,10:31:00,23:57:00,13.433333333333334
52089,2024-06-27,1,10:17:00,15:57:00,5.666666666666667
52089,2024-06-28,2,12:58:00,15:57:00,2.9833333333333334
52089,2024-06-29,2,10:00:00,15:57:00,5.95
52089,2024-06-30,3,09:57:00,16:01:00,6.066666666666666
52089,2024-07-01,3,09:57:00,15:55:00,5.966666666666667
52089,2024-07-02,4,10:07:00,15:59:00,5.866666666666666
52089,2024-07-03,4,09:58:00,15:54:00,5.933333333333334
52089,2024-07-04,5,10:07:00,15:55:00,5.8
52089,2024-07-05,5,12:51:00,15:57:00,3.1
52089,2024-07-07,6,09:58:00,15:55:00,5.95
52089,2024-07-08,0,10:04:00,15:54:00,5.833333333333333
52089,2024-07-09,0,09:57:00,23:58:00,14.016666666666667
52089,2024-07-10,1,10:00:00,15:55:00,5.916666666666667
52089,2024-07-11,1,09:57:00,23:59:00,14.033333333333333
52089,2024-07-12,2,12:51:00,15:55:00,3.066666666666667
52089,2024-07-13,2,09:57:00,15:55:00,5.966666666666667
52089,2024-07-14,3,10:00:00,23:59:00,13.983333333333333
52089,2024-07-15,3,10:12:00,15:56:00,5.733333333333333
52089,2024-07-16,4,09:55:00,15:54:00,5.983333333333333
52089,2024-07-17,4,09:57:00,23:59:00,14.033333333333333
52089,2024-07-18,5,09:58:00,15:56:00,5.966666666666667
52089,2024-07-19,5,12:50:00,23:59:00,11.15
52089,2024-07-20,6,10:10:00,23:59:00,13.816666666666666
52089,2024-07-21,0,09:58:00,15:55:00,5.95
52089,2024-07-22,0,10:02:00,15:57:00,5.916666666666667
52089,2024-07-23,1,10:07:00,23:59:00,13.866666666666667
52089,2024-07-24,1,09:58:00,15:53:00,5.916666666666667
52089,2024-07-25,2,09:58:00,23:59:00,14.016666666666667
52089,2024-07-26,2,12:49:00,15:55:00,3.1
52089,2024-07-27,4,09:56:00,23:59:00,14.05
52089,2024-07-28,4,10:05:00,15:55:00,5.833333333333333
52089,2024-07-29,5,09:56:00,15:55:00,5.983333333333333
52089,2024-07-30,5,10:01:00,15:55:00,5.9
52089,2024-07-31,6,10:01:00,15:54:00,5.883333333333334
52089,2024-08-01,0,09:58:00,15:55:00,5.95
52089,2024-08-02,0,12:50:00,15:56:00,3.1
52090,2024-06-19,1,11:01:00,20:49:00,9.8
52090,2024-06-20,1,07:55:00,21:48:00,13.883333333333333
52090,2024-06-22,2,07:57:00,21:50:00,13.883333333333333
52090,2024-06-23,2,07:55:00,21:50:00,13.916666666666666
52090,2024-06-24,3,07:57:00,21:49:00,13.866666666666667
52090,2024-06-25,3,07:56:00,21:51:00,13.916666666666666
52090,2024-06-26,4,07:56:00,21:49:00,13.883333333333333
52090,2024-06-27,4,07:56:00,21:55:00,13.983333333333333
52090,2024-06-29,5,07:56:00,15:57:00,8.016666666666667
52090,2024-06-30,5,07:56:00,21:52:00,13.933333333333334
52090,2024-07-01,6,08:02:00,21:49:00,13.783333333333333
52090,2024-07-02,0,07:56:00,21:46:00,13.833333333333334
52090,2024-07-03,0,07:55:00,21:46:00,13.85
52090,2024-07-04,1,07:55:00,21:50:00,13.916666666666666
52090,2024-07-06,1,07:56:00,15:53:00,7.95
52090,2024-07-07,2,07:55:00,21:51:00,13.933333333333334
52090,2024-07-08,2,07:55:00,21:51:00,13.933333333333334
52090,2024-07-10,3,07:56:00,21:51:00,13.916666666666666
52090,2024-07-11,4,07:56:00,21:50:00,13.9
52090,2024-07-13,4,07:56:00,21:50:00,13.9
52090,2024-07-14,5,07:55:00,21:49:00,13.9
52090,2024-07-15,5,07:56:00,18:35:00,10.65
52090,2024-07-16,6,07:56:00,21:48:00,13.866666666666667
52090,2024-07-17,0,07:56:00,21:49:00,13.883333333333333
52090,2024-07-18,0,07:56:00,18:02:00,10.1
52090,2024-07-20,1,07:56:00,21:51:00,13.916666666666666
52090,2024-07-21,1,07:57:00,18:02:00,10.083333333333334
52090,2024-07-22,2,07:55:00,21:48:00,13.883333333333333
52090,2024-07-23,2,07:56:00,21:48:00,13.866666666666667
52090,2024-07-24,3,07:58:00,21:47:00,13.816666666666666
52090,2024-07-25,3,07:56:00,18:04:00,10.133333333333333
52090,2024-07-27,3,08:06:00,18:02:00,9.933333333333334
52090,2024-07-28,3,07:56:00,17:58:00,10.033333333333333
52090,2024-07-29,4,07:54:00,21:47:00,13.883333333333333
52090,2024-07-30,4,07:57:00,21:48:00,13.85
52090,2024-07-31,5,07:54:00,21:48:00,13.9
52090,2024-08-01,5,07:56:00,21:51:00,13.916666666666666
52091,2024-06-02,6,18:58:00,22:10:00,3.2
52091,2024-06-03,0,07:57:00,23:59:00,16.033333333333335
52091,2024-06-04,0,09:59:00,21:51:00,11.866666666666667
52091,2024-06-05,1,07:55:00,21:51:00,13.933333333333334
52091,2024-06-06,1,07:54:00,21:52:00,13.966666666666667
52091,2024-06-07,2,08:05:00,17:46:00,9.683333333333334
52091,2024-06-08,2,07:57:00,21:52:00,13.916666666666666
52091,2024-06-09,3,07:55:00,11:56:00,4.016666666666667
52091,2024-06-10,3,07:54:00,21:51:00,13.95
52091,2024-06-11,4,07:53:00,21:54:00,14.016666666666667
52091,2024-06-12,4,07:55:00,21:55:00,14.0
52091,2024-06-13,5,07:57:00,21:51:00,13.9
52091,2024-06-14,5,08:03:00,17:53:00,9.833333333333334
52091,2024-06-15,6,07:57:00,21:51:00,13.9
52091,2024-06-17,6,07:57:00,21:49:00,13.866666666666667
52091,2024-06-18,0,08:10:00,21:59:00,13.816666666666666
52091,2024-06-19,0,11:54:00,16:10:00,4.266666666666667
52091,2024-06-20,1,08:05:00,21:53:00,13.8
52091,2024-06-21,1,08:07:00,17:59:00,9.866666666666667
52091,2024-06-22,2,08:07:00,22:04:00,13.95
52091,2024-06-23,2,08:05:00,21:59:00,13.9
52091,2024-06-24,3,08:08:00,21:52:00,13.733333333333333
52091,2024-06-25,3,08:05:00,21:53:00,13.8
52091,2024-06-26,4,08:05:00,11:53:00,3.8
52091,2024-06-27,4,08:06:00,22:22:00,14.266666666666667
52091,2024-06-29,5,08:07:00,22:05:00,13.966666666666667
52091,2024-06-30,5,08:05:00,22:06:00,14.016666666666667
52091,2024-07-01,6,08:02:00,11:54:00,3.8666666666666667
52091,2024-07-02,6,07:55:00,21:52:00,13.95
52091,2024-07-03,0,07:55:00,22:01:00,14.1
52091,2024-07-04,0,07:55:00,21:51:00,13.933333333333334
52091,2024-07-06,1,07:56:00,21:54:00,13.966666666666667
52091,2024-07-07,1,07:55:00,21:52:00,13.95
52091,2024-07-08,2,07:55:00,21:52:00,13.95
52091,2024-07-09,2,07:55:00,21:53:00,13.966666666666667
52091,2024-07-10,3,07:55:00,21:54:00,13.983333333333333
52091,2024-07-11,3,07:55:00,21:52:00,13.95
52091,2024-07-13,4,07:56:00,21:53:00,13.95
52094,2024-06-04,5,07:11:00,16:11:00,9.0
52094,2024-06-05,5,07:12:00,22:02:00,14.833333333333334
52094,2024-06-06,6,07:13:00,22:11:00,14.966666666666667
52094,2024-06-07,6,16:11:00,22:00:00,5.816666666666666
52094,2024-06-08,0,07:12:00,22:01:00,14.816666666666666
52094,2024-06-09,0,07:18:00,21:58:00,14.666666666666666
52094,2024-06-10,1,07:21:00,22:04:00,14.716666666666667
52094,2024-06-11,1,07:17:00,21:58:00,14.683333333333334
52094,2024-06-12,2,07:13:00,22:00:00,14.783333333333333
52094,2024-06-13,2,07:15:00,22:05:00,14.833333333333334
52094,2024-06-14,3,16:10:00,22:13:00,6.05
52094,2024-06-15,3,07:54:00,23:07:00,15.216666666666667
52094,2024-06-19,4,07:18:00,22:02:00,14.733333333333333
52094,2024-06-20,4,07:13:00,22:01:00,14.8
52094,2024-06-21,5,16:12:00,22:03:00,5.85
52094,2024-06-22,5,07:16:00,22:01:00,14.75
52094,2024-06-23,6,07:17:00,22:01:00,14.733333333333333
52094,2024-06-24,6,07:18:00,22:05:00,14.783333333333333
52094,2024-06-25,0,07:41:00,22:10:00,14.483333333333333
52094,2024-06-26,0,07:19:00,11:57:00,4.633333333333334
52094,2024-06-27,1,07:24:00,22:10:00,14.766666666666667
52094,2024-06-28,1,16:15:00,22:06:00,5.85
52094,2024-06-29,2,07:30:00,22:00:00,14.5
52094,2024-06-30,2,07:15:00,22:00:00,14.75
52094,2024-07-01,3,07:18:00,22:02:00,14.733333333333333
52094,2024-07-02,3,07:27:00,22:12:00,14.75
52094,2024-07-03,4,07:15:00,22:10:00,14.916666666666666
52094,2024-07-04,4,07:15:00,22:09:00,14.9
52094,2024-07-05,5,16:15:00,21:58:00,5.716666666666667
52094,2024-07-06,5,07:14:00,22:06:00,14.866666666666667
52094,2024-07-07,6,07:17:00,21:54:00,14.616666666666667
52094,2024-07-08,6,07:15:00,11:58:00,4.716666666666667
52094,2024-07-09,0,07:19:00,12:02:00,4.716666666666667
52094,2024-07-10,0,07:24:00,22:01:00,14.616666666666667
52094,2024-07-11,1,07:15:00,22:05:00,14.833333333333334
52094,2024-07-12,1,16:09:00,22:02:00,5.883333333333334
52094,2024-07-13,2,07:14:00,22:02:00,14.8
52094,2024-07-14,2,07:16:00,22:02:00,14.766666666666667
52094,2024-07-15,3,07:14:00,21:59:00,14.75
52094,2024-07-16,3,07:12:00,21:53:00,14.683333333333334
52094,2024-07-17,6,07:16:00,22:03:00,14.783333333333333
52094,2024-07-18,6,07:17:00,21:57:00,14.666666666666666
52094,2024-07-19,0,16:15:00,21:59:00,5.733333333333333
52094,2024-07-20,0,07:17:00,22:05:00,14.8
52094,2024-07-21,1,07:39:00,22:03:00,14.4
52094,2024-07-22,1,07:12:00,22:02:00,14.833333333333334
52094,2024-07-23,2,07:29:00,21:59:00,14.5
52094,2024-07-24,2,07:18:00,21:59:00,14.683333333333334
52094,2024-07-25,3,07:17:00,22:09:00,14.866666666666667
52094,2024-07-26,3,16:09:00,22:03:00,5.9
52094,2024-07-27,4,07:17:00,21:59:00,14.7
52094,2024-07-28,4,07:41:00,22:00:00,14.316666666666666
52094,2024-07-29,5,07:18:00,22:01:00,14.716666666666667
52094,2024-07-30,5,07:22:00,21:58:00,14.6
52094,2024-07-31,6,07:45:00,22:03:00,14.3
52094,2024-08-01,6,07:20:00,22:12:00,14.866666666666667
52095,2024-06-04,1,07:15:00,22:04:00,14.816666666666666
52095,2024-06-05,1,07:11:00,22:06:00,14.916666666666666
52095,2024-06-06,2,07:09:00,22:06:00,14.95
52095,2024-06-08,3,07:13:00,22:03:00,14.833333333333334
52095,2024-06-09,3,07:11:00,21:59:00,14.8
52095,2024-06-10,4,07:11:00,22:03:00,14.866666666666667
52095,2024-06-11,4,07:17:00,21:57:00,14.666666666666666
52095,2024-06-12,5,06:59:00,22:04:00,15.083333333333334
52095,2024-06-13,5,07:11:00,22:14:00,15.05
52095,2024-06-14,0,16:09:00,22:06:00,5.95
52095,2024-06-15,0,07:10:00,12:07:00,4.95
52095,2024-06-19,1,07:09:00,22:05:00,14.933333333333334
52095,2024-06-20,1,07:06:00,22:01:00,14.916666666666666
52095,2024-06-21,2,16:07:00,21:59:00,5.866666666666666
52095,2024-06-22,2,07:07:00,22:05:00,14.966666666666667
52095,2024-06-23,3,07:13:00,21:57:00,14.733333333333333
52095,2024-06-24,3,07:47:00,22:13:00,14.433333333333334
52095,2024-06-25,4,07:11:00,21:59:00,14.8
52095,2024-06-26,4,07:12:00,22:08:00,14.933333333333334
52095,2024-06-27,5,07:10:00,21:57:00,14.783333333333333
52095,2024-06-28,5,16:15:00,22:06:00,5.85
52095,2024-06-29,6,07:11:00,21:59:00,14.8
52095,2024-06-30,6,07:11:00,22:02:00,14.85
52095,2024-07-01,0,07:14:00,22:04:00,14.833333333333334
52095,2024-07-02,0,07:23:00,16:14:00,8.85
52095,2024-07-03,1,07:10:00,22:00:00,14.833333333333334
52095,2024-07-04,1,07:16:00,22:02:00,14.766666666666667
52095,2024-07-05,2,16:11:00,21:57:00,5.766666666666667
52095,2024-07-06,2,07:12:00,22:05:00,14.883333333333333
52095,2024-07-07,3,07:11:00,21:59:00,14.8
52095,2024-07-08,3,07:08:00,16:07:00,8.983333333333333
52095,2024-07-09,4,07:08:00,22:01:00,14.883333333333333
52095,2024-07-10,4,07:12:00,21:59:00,14.783333333333333
52095,2024-07-11,5,07:08:00,21:58:00,14.833333333333334
52095,2024-07-12,5,16:15:00,22:03:00,5.8
52095,2024-07-13,6,07:09:00,16:10:00,9.016666666666667
52095,2024-07-14,6,07:15:00,22:07:00,14.866666666666667
52095,2024-07-15,0,07:07:00,22:01:00,14.9
52095,2024-07-16,0,07:09:00,22:03:00,14.9
52095,2024-07-17,1,07:09:00,22:01:00,14.866666666666667
52095,2024-07-18,1,07:10:00,21:58:00,14.8
52095,2024-07-19,2,16:09:00,21:55:00,5.766666666666667
52095,2024-07-20,2,07:11:00,21:58:00,14.783333333333333
52095,2024-07-21,3,07:09:00,16:14:00,9.083333333333334
52095,2024-07-22,3,07:11:00,21:54:00,14.716666666666667
52095,2024-07-23,4,07:10:00,21:57:00,14.783333333333333
52095,2024-07-24,4,07:12:00,21:59:00,14.783333333333333
52095,2024-07-25,5,07:14:00,21:56:00,14.7
52095,2024-07-26,5,16:06:00,22:00:00,5.9
52095,2024-07-27,6,07:08:00,21:59:00,14.85
52095,2024-07-28,6,07:04:00,22:05:00,15.016666666666667
52095,2024-07-29,0,07:07:00,22:10:00,15.05
52095,2024-07-30,0,07:09:00,21:59:00,14.833333333333334
52095,2024-07-31,1,07:11:00,22:01:00,14.833333333333334
52095,2024-08-01,1,07:06:00,22:06:00,15.0
52096,2024-06-07,3,16:19:00,22:05:00,5.766666666666667
52096,2024-06-08,4,08:23:00,12:10:00,3.783333333333333
52096,2024-06-09,4,08:07:00,22:02:00,13.916666666666666
52096,2024-06-10,5,08:09:00,21:59:00,13.833333333333334
52096,2024-06-11,5,08:11:00,22:01:00,13.833333333333334
52096,2024-06-12,6,08:14:00,22:02:00,13.8
52096,2024-06-15,6,08:06:00,22:14:00,14.133333333333333
52096,2024-06-20,0,08:06:00,11:58:00,3.8666666666666667
52096,2024-06-21,1,02:01:00,22:01:00,20.0
52096,2024-06-22,1,08:12:00,12:00:00,3.8
52096,2024-06-23,2,08:05:00,22:08:00,14.05
52096,2024-06-24,2,08:01:00,22:15:00,14.233333333333333
52096,2024-06-25,3,08:05:00,21:54:00,13.816666666666666
52096,2024-06-26,3,08:07:00,21:56:00,13.816666666666666
52096,2024-06-29,4,08:03:00,22:02:00,13.983333333333333
52096,2024-06-30,4,08:04:00,20:39:00,12.583333333333334
52096,2024-07-01,5,08:04:00,22:02:00,13.966666666666667
52096,2024-07-02,5,08:06:00,16:03:00,7.95
52096,2024-07-03,6,08:01:00,22:00:00,13.983333333333333
52096,2024-07-05,6,15:58:00,22:00:00,6.033333333333333
52096,2024-07-06,0,08:03:00,22:00:00,13.95
52096,2024-07-07,0,08:02:00,22:01:00,13.983333333333333
52096,2024-07-08,1,08:00:00,22:01:00,14.016666666666667
52096,2024-07-09,1,08:06:00,22:01:00,13.916666666666666
52096,2024-07-10,2,08:10:00,22:03:00,13.883333333333333
52096,2024-07-12,2,16:12:00,22:04:00,5.866666666666666
52096,2024-07-13,3,16:08:00,22:00:00,5.866666666666666
52096,2024-07-14,3,08:06:00,22:00:00,13.9
52096,2024-07-15,4,08:03:00,22:00:00,13.95
52096,2024-07-16,4,07:52:00,16:02:00,8.166666666666666
52096,2024-07-17,5,08:04:00,22:02:00,13.966666666666667
52096,2024-07-20,5,08:02:00,22:00:00,13.966666666666667
52096,2024-07-21,6,08:07:00,22:01:00,13.9
52096,2024-07-22,6,08:01:00,22:00:00,13.983333333333333
52096,2024-07-23,0,08:02:00,22:03:00,14.016666666666667
52096,2024-07-24,0,08:04:00,21:57:00,13.883333333333333
52096,2024-07-27,1,07:59:00,22:01:00,14.033333333333333
52096,2024-07-28,1,08:03:00,22:01:00,13.966666666666667
52096,2024-07-29,2,07:58:00,22:05:00,14.116666666666667
52096,2024-07-30,2,07:59:00,22:03:00,14.066666666666666
52096,2024-07-31,3,08:11:00,21:59:00,13.8
52099,2024-06-12,1,02:07:00,16:04:00,13.95
52102,2024-06-03,4,16:00:00,22:00:00,6.0
52102,2024-06-04,5,07:16:00,21:59:00,14.716666666666667
52102,2024-06-05,5,08:23:00,22:02:00,13.65
52102,2024-06-06,6,08:26:00,22:00:00,13.566666666666666
52102,2024-06-08,6,08:00:00,21:57:00,13.95
52102,2024-06-09,0,08:15:00,21:55:00,13.666666666666666
52102,2024-06-10,0,08:03:00,21:48:00,13.75
52102,2024-06-11,1,15:04:00,21:56:00,6.866666666666666
52102,2024-06-12,1,08:20:00,22:00:00,13.666666666666666
52102,2024-06-13,2,08:04:00,22:00:00,13.933333333333334
52102,2024-06-19,2,08:00:00,21:59:00,13.983333333333333
52102,2024-06-20,3,08:12:00,22:00:00,13.8
52102,2024-06-22,3,14:53:00,22:02:00,7.15
52102,2024-06-23,4,08:13:00,21:57:00,13.733333333333333
52102,2024-06-24,4,15:57:00,22:00:00,6.05
52102,2024-06-25,5,08:26:00,22:01:00,13.583333333333334
52102,2024-06-26,5,08:19:00,21:57:00,13.633333333333333
52102,2024-06-27,6,08:13:00,22:14:00,14.016666666666667
52102,2024-06-29,6,08:49:00,21:46:00,12.95
52102,2024-07-16,0,15:48:00,21:42:00,5.9
52102,2024-07-17,0,16:13:00,21:56:00,5.716666666666667
52102,2024-07-18,1,08:25:00,16:21:00,7.933333333333334
52102,2024-07-20,1,08:27:00,22:13:00,13.766666666666667
52102,2024-07-21,2,08:14:00,21:46:00,13.533333333333333
52102,2024-07-22,2,08:00:00,22:03:00,14.05
52102,2024-07-23,3,08:25:00,22:00:00,13.583333333333334
52102,2024-07-24,3,16:13:00,21:07:00,4.9
52102,2024-07-25,4,07:58:00,21:19:00,13.35
52102,2024-07-27,4,08:17:00,21:12:00,12.916666666666666
52102,2024-07-28,5,08:00:00,21:14:00,13.233333333333333
52102,2024-07-29,5,08:30:00,21:07:00,12.616666666666667
52102,2024-07-30,6,07:54:00,21:21:00,13.45
52102,2024-07-31,6,08:00:00,21:11:00,13.183333333333334
52102,2024-08-01,0,08:09:00,21:16:00,13.116666666666667
52103,2024-06-04,1,07:12:00,22:05:00,14.883333333333333
52103,2024-06-05,1,07:13:00,21:55:00,14.7
52103,2024-06-06,2,07:12:00,22:08:00,14.933333333333334
52103,2024-06-07,2,16:03:00,22:04:00,6.016666666666667
52103,2024-06-08,3,07:07:00,21:38:00,14.516666666666667
52103,2024-06-09,3,07:19:00,21:56:00,14.616666666666667
52103,2024-06-10,4,07:06:00,22:00:00,14.9
52103,2024-06-11,4,07:06:00,22:02:00,14.933333333333334
52103,2024-06-12,5,07:08:00,22:03:00,14.916666666666666
52103,2024-06-13,5,07:07:00,13:06:00,5.983333333333333
52103,2024-06-14,6,15:59:00,22:08:00,6.15
52103,2024-06-15,6,07:12:00,23:29:00,16.283333333333335
52103,2024-06-19,1,07:07:00,22:09:00,15.033333333333333
52103,2024-06-20,1,07:10:00,22:05:00,14.916666666666666
52103,2024-06-21,2,15:50:00,22:47:00,6.95
52103,2024-06-22,2,07:08:00,22:00:00,14.866666666666667
52103,2024-06-23,3,07:10:00,22:00:00,14.833333333333334
52103,2024-06-24,3,07:12:00,22:07:00,14.916666666666666
52103,2024-06-25,4,07:13:00,22:22:00,15.15
52103,2024-06-26,4,07:07:00,19:02:00,11.916666666666666
52103,2024-06-27,5,07:20:00,22:05:00,14.75
52103,2024-06-28,5,15:56:00,22:09:00,6.216666666666667
52103,2024-06-29,6,07:07:00,17:07:00,10.0
52103,2024-06-30,6,07:12:00,17:05:00,9.883333333333333
52103,2024-07-01,0,07:11:00,22:47:00,15.6
52103,2024-07-02,0,07:10:00,22:04:00,14.9
52103,2024-07-03,1,07:13:00,22:00:00,14.783333333333333
52103,2024-07-04,1,07:10:00,21:50:00,14.666666666666666
52103,2024-07-05,2,16:01:00,22:58:00,6.95
52103,2024-07-06,2,07:10:00,21:58:00,14.8
52103,2024-07-07,3,07:07:00,21:40:00,14.55
52103,2024-07-08,3,07:11:00,21:32:00,14.35
52103,2024-07-09,4,07:09:00,21:35:00,14.433333333333334
52103,2024-07-10,4,07:09:00,21:35:00,14.433333333333334
52103,2024-07-11,0,07:11:00,17:14:00,10.05
52103,2024-07-13,2,07:10:00,21:32:00,14.366666666666667
52103,2024-07-14,2,07:10:00,21:32:00,14.366666666666667
52103,2024-07-15,3,07:09:00,17:02:00,9.883333333333333
52103,2024-07-16,3,07:08:00,17:07:00,9.983333333333333
52103,2024-07-17,4,07:03:00,21:35:00,14.533333333333333
52103,2024-07-18,4,07:08:00,17:14:00,10.1
52103,2024-07-20,6,07:18:00,17:09:00,9.85
52103,2024-07-21,1,07:09:00,21:27:00,14.3
52103,2024-07-22,1,07:15:00,21:29:00,14.233333333333333
52103,2024-07-23,2,07:13:00,17:10:00,9.95
52103,2024-07-24,2,07:25:00,21:30:00,14.083333333333334
52103,2024-07-25,3,07:09:00,13:07:00,5.966666666666667
52103,2024-07-26,3,15:58:00,22:55:00,6.95
52103,2024-07-27,4,07:12:00,21:33:00,14.35
52103,2024-07-28,4,07:09:00,21:30:00,14.35
52103,2024-07-29,5,07:10:00,17:12:00,10.033333333333333
52103,2024-07-30,5,07:09:00,21:30:00,14.35
52103,2024-07-31,6,07:10:00,21:33:00,14.383333333333333
52103,2024-08-01,6,07:12:00,21:53:00,14.683333333333334
52105,2024-06-04,1,06:39:00,20:30:00,13.85
52105,2024-06-05,2,06:43:00,20:30:00,13.783333333333333
52105,2024-06-06,2,06:39:00,20:35:00,13.933333333333334
52105,2024-06-07,3,16:04:00,21:51:00,5.783333333333333
52105,2024-06-08,4,06:35:00,20:31:00,13.933333333333334
52105,2024-06-09,4,06:31:00,20:30:00,13.983333333333333
52105,2024-06-10,5,06:39:00,20:31:00,13.866666666666667
52105,2024-06-11,5,06:42:00,20:32:00,13.833333333333334
52105,2024-06-12,6,06:37:00,20:31:00,13.9
52105,2024-06-13,6,06:38:00,20:32:00,13.9
52105,2024-06-14,0,15:59:00,22:07:00,6.133333333333334
52105,2024-06-15,0,06:44:00,20:23:00,13.65
52105,2024-06-17,1,07:12:00,16:28:00,9.266666666666667
52105,2024-06-18,1,07:12:00,16:59:00,9.783333333333333
52105,2024-06-19,2,06:33:00,20:49:00,14.266666666666667
52105,2024-06-20,2,06:42:00,20:30:00,13.8
52105,2024-06-21,3,16:04:00,22:00:00,5.933333333333334
52105,2024-06-22,3,07:09:00,20:52:00,13.716666666666667
52105,2024-06-23,4,07:06:00,21:07:00,14.016666666666667
52105,2024-06-24,4,06:41:00,20:40:00,13.983333333333333
52105,2024-06-25,5,06:39:00,20:34:00,13.916666666666666
52105,2024-06-26,5,06:45:00,20:32:00,13.783333333333333
52105,2024-06-27,6,06:48:00,20:34:00,13.766666666666667
52105,2024-06-28,6,16:00:00,22:14:00,6.233333333333333
52105,2024-06-29,0,06:42:00,20:35:00,13.883333333333333
52105,2024-06-30,0,06:51:00,16:02:00,9.183333333333334
52105,2024-07-01,1,08:08:00,18:46:00,10.633333333333333
52105,2024-07-03,1,08:03:00,16:45:00,8.7
52105,2024-07-04,2,07:43:00,19:10:00,11.45
52105,2024-07-06,2,08:58:00,18:00:00,9.033333333333333
52105,2024-07-07,3,08:08:00,18:17:00,10.15
52105,2024-07-08,3,08:44:00,18:50:00,10.1
52105,2024-07-09,4,07:36:00,17:09:00,9.55
52105,2024-07-10,4,07:37:00,17:14:00,9.616666666666667
52105,2024-07-11,5,07:33:00,17:40:00,10.116666666666667
52105,2024-07-12,5,08:04:00,18:05:00,10.016666666666667
52105,2024-07-14,6,07:39:00,17:42:00,10.05
52105,2024-07-15,0,08:00:00,18:07:00,10.116666666666667
52105,2024-07-17,1,08:01:00,18:01:00,10.0
52105,2024-07-19,1,07:25:00,17:32:00,10.116666666666667
52105,2024-07-20,2,07:35:00,17:33:00,9.966666666666667
52105,2024-07-21,2,07:09:00,17:14:00,10.083333333333334
52105,2024-07-22,3,07:11:00,17:13:00,10.033333333333333
52105,2024-07-23,3,07:16:00,17:22:00,10.1
52105,2024-07-24,4,08:11:00,18:00:00,9.816666666666666
52105,2024-07-25,4,06:36:00,16:57:00,10.35
52105,2024-07-26,5,07:21:00,17:58:00,10.616666666666667
52105,2024-07-27,5,07:30:00,17:04:00,9.566666666666666
52105,2024-07-28,6,07:17:00,17:03:00,9.766666666666667
52105,2024-07-29,6,07:18:00,17:01:00,9.716666666666667
52105,2024-07-30,0,07:48:00,17:40:00,9.866666666666667
52105,2024-07-31,0,07:23:00,18:06:00,10.716666666666667
52105,2024-08-01,1,07:25:00,17:23:00,9.966666666666667
52107,2024-06-03,2,20:43:00,22:00:00,1.2833333333333334
52107,2024-06-04,2,08:07:00,22:00:00,13.883333333333333
52107,2024-06-05,3,08:05:00,22:00:00,13.916666666666666
52107,2024-06-06,3,08:07:00,22:04:00,13.95
52107,2024-06-07,4,08:05:00,22:00:00,13.916666666666666
52107,2024-06-08,4,08:08:00,21:57:00,13.816666666666666
52107,2024-06-09,5,08:12:00,21:57:00,13.75
52107,2024-06-10,5,08:09:00,21:59:00,13.833333333333334
52107,2024-06-11,6,08:12:00,22:21:00,14.15
52107,2024-06-12,6,08:02:00,21:58:00,13.933333333333334
52107,2024-06-13,0,08:13:00,22:09:00,13.933333333333334
52107,2024-06-14,0,08:11:00,10:43:00,2.533333333333333
52107,2024-06-15,1,08:10:00,21:59:00,13.816666666666666
52107,2024-06-17,1,08:19:00,20:10:00,11.85
52107,2024-06-18,2,08:14:00,20:13:00,11.983333333333333
52107,2024-06-19,2,08:08:00,22:01:00,13.883333333333333
52107,2024-06-20,3,08:07:00,22:05:00,13.966666666666667
52107,2024-06-21,3,08:14:00,10:41:00,2.45
52107,2024-06-22,4,08:07:00,21:59:00,13.866666666666667
52107,2024-06-23,4,08:10:00,21:57:00,13.783333333333333
52107,2024-06-24,5,08:09:00,22:03:00,13.9
52107,2024-06-25,5,08:10:00,12:09:00,3.9833333333333334
52107,2024-06-26,6,08:08:00,22:03:00,13.916666666666666
52107,2024-06-27,6,08:06:00,21:59:00,13.883333333333333
52107,2024-06-28,0,08:13:00,21:59:00,13.766666666666667
52107,2024-06-29,0,08:10:00,22:04:00,13.9
52107,2024-06-30,1,08:51:00,22:04:00,13.216666666666667
52107,2024-07-01,1,08:17:00,21:58:00,13.683333333333334
52107,2024-07-02,2,08:15:00,22:01:00,13.766666666666667
52107,2024-07-03,2,08:17:00,21:57:00,13.666666666666666
52107,2024-07-04,3,08:11:00,12:00:00,3.816666666666667
52107,2024-07-05,3,08:08:00,21:58:00,13.833333333333334
52107,2024-07-06,4,08:10:00,12:00:00,3.8333333333333335
52107,2024-07-07,4,08:13:00,22:01:00,13.8
52107,2024-07-08,1,08:18:00,22:00:00,13.7
52107,2024-07-09,1,08:11:00,22:01:00,13.833333333333334
52107,2024-07-10,0,08:16:00,21:59:00,13.716666666666667
52107,2024-07-11,0,08:05:00,21:57:00,13.866666666666667
52107,2024-07-12,1,08:20:00,22:00:00,13.666666666666666
52107,2024-07-13,1,08:21:00,22:00:00,13.65
52107,2024-07-14,2,08:14:00,22:00:00,13.766666666666667
52107,2024-07-15,2,08:20:00,22:02:00,13.7
52107,2024-07-16,3,08:07:00,22:01:00,13.9
52107,2024-07-17,3,08:11:00,21:59:00,13.8
52107,2024-07-18,4,08:05:00,22:00:00,13.916666666666666
52107,2024-07-19,4,08:05:00,22:14:00,14.15
52107,2024-07-20,5,08:10:00,22:04:00,13.9
52107,2024-07-21,5,08:03:00,22:01:00,13.966666666666667
52107,2024-07-22,6,08:21:00,12:03:00,3.7
52107,2024-07-23,6,08:09:00,21:57:00,13.8
52107,2024-07-24,0,08:06:00,22:02:00,13.933333333333334
52107,2024-07-25,0,08:12:00,21:56:00,13.733333333333333
52107,2024-07-26,1,08:08:00,22:01:00,13.883333333333333
52107,2024-07-27,1,08:20:00,22:07:00,13.783333333333333
52107,2024-07-28,2,08:16:00,22:03:00,13.783333333333333
52107,2024-07-29,2,08:05:00,22:00:00,13.916666666666666
52107,2024-07-30,3,08:13:00,22:03:00,13.833333333333334
52107,2024-07-31,3,08:14:00,21:59:00,13.75
52107,2024-08-01,4,08:10:00,12:01:00,3.85
52107,2024-08-02,4,08:09:00,10:45:00,2.6
52109,2024-06-23,4,07:49:00,16:01:00,8.2
52109,2024-06-24,4,07:51:00,22:07:00,14.266666666666667
52109,2024-06-25,5,07:53:00,22:08:00,14.25
52109,2024-06-27,5,07:58:00,12:15:00,4.283333333333333
52109,2024-06-28,6,15:57:00,22:28:00,6.516666666666667
52109,2024-06-29,6,07:49:00,22:10:00,14.35
52109,2024-06-30,0,07:58:00,22:17:00,14.316666666666666
52109,2024-07-01,0,07:53:00,22:10:00,14.283333333333333
52109,2024-07-02,1,08:01:00,22:29:00,14.466666666666667
52109,2024-07-04,1,07:56:00,22:06:00,14.166666666666666
52109,2024-07-05,2,16:04:00,22:08:00,6.066666666666666
52109,2024-07-06,2,07:58:00,22:18:00,14.333333333333334
52109,2024-07-07,4,07:53:00,22:13:00,14.333333333333334
52109,2024-07-08,4,07:55:00,22:19:00,14.4
52109,2024-07-09,5,07:51:00,22:09:00,14.3
52109,2024-07-10,5,08:00:00,22:10:00,14.166666666666666
52109,2024-07-12,6,16:02:00,22:04:00,6.033333333333333
52109,2024-07-13,0,07:53:00,22:16:00,14.383333333333333
52109,2024-07-14,0,08:01:00,22:13:00,14.2
52109,2024-07-15,1,07:54:00,22:09:00,14.25
52109,2024-07-16,1,07:58:00,22:13:00,14.25
52109,2024-07-17,2,08:00:00,22:10:00,14.166666666666666
52109,2024-07-18,2,08:02:00,22:05:00,14.05
52109,2024-07-19,3,16:15:00,22:07:00,5.866666666666666
52109,2024-07-20,3,08:02:00,22:14:00,14.2
52109,2024-07-21,4,08:03:00,22:18:00,14.25
52109,2024-07-22,4,07:57:00,22:08:00,14.183333333333334
52109,2024-07-23,5,08:01:00,22:03:00,14.033333333333333
52109,2024-07-24,5,08:04:00,22:04:00,14.0
52109,2024-07-26,6,16:02:00,22:05:00,6.05
52109,2024-07-28,0,07:59:00,22:03:00,14.066666666666666
52109,2024-07-30,2,08:02:00,22:08:00,14.1
52109,2024-07-31,3,07:57:00,22:03:00,14.1
52109,2024-08-01,3,08:06:00,22:08:00,14.033333333333333
52110,2024-06-04,5,08:07:00,22:00:00,13.883333333333333
52110,2024-06-05,5,08:05:00,22:01:00,13.933333333333334
52110,2024-06-06,6,07:53:00,22:00:00,14.116666666666667
52110,2024-06-07,6,16:05:00,21:59:00,5.9
52110,2024-06-08,0,07:49:00,22:04:00,14.25
52110,2024-06-09,0,08:03:00,22:19:00,14.266666666666667
52110,2024-06-10,1,07:42:00,22:02:00,14.333333333333334
52110,2024-06-11,1,08:02:00,22:00:00,13.966666666666667
52110,2024-06-12,2,07:41:00,22:04:00,14.383333333333333
52110,2024-06-13,2,08:01:00,22:09:00,14.133333333333333
52110,2024-06-14,3,16:03:00,22:06:00,6.05
52110,2024-06-15,3,08:04:00,22:01:00,13.95
52110,2024-06-19,4,08:02:00,22:01:00,13.983333333333333
52110,2024-06-20,4,08:06:00,21:58:00,13.866666666666667
52110,2024-06-21,6,16:04:00,21:57:00,5.883333333333334
52110,2024-06-22,6,08:03:00,21:59:00,13.933333333333334
52110,2024-06-23,0,08:05:00,11:58:00,3.8833333333333333
52110,2024-06-24,0,08:06:00,22:00:00,13.9
52110,2024-06-25,1,08:02:00,21:58:00,13.933333333333334
52110,2024-06-26,1,08:04:00,22:05:00,14.016666666666667
52110,2024-06-27,2,08:04:00,22:12:00,14.133333333333333
52110,2024-06-28,2,16:06:00,22:06:00,6.0
52110,2024-06-29,3,08:04:00,22:28:00,14.4
52110,2024-06-30,3,08:04:00,22:05:00,14.016666666666667
52110,2024-07-01,4,08:05:00,22:02:00,13.95
52110,2024-07-02,4,08:10:00,22:01:00,13.85
52110,2024-07-03,5,08:08:00,16:03:00,7.916666666666667
52110,2024-07-04,5,08:03:00,21:59:00,13.933333333333334
52110,2024-07-05,6,16:09:00,22:00:00,5.85
52110,2024-07-06,6,08:04:00,21:59:00,13.916666666666666
52110,2024-07-07,0,08:04:00,21:52:00,13.8
52110,2024-07-08,0,08:06:00,21:58:00,13.866666666666667
52110,2024-07-09,1,08:14:00,21:59:00,13.75
52110,2024-07-10,1,07:54:00,22:07:00,14.216666666666667
52110,2024-07-11,2,16:04:00,22:00:00,5.933333333333334
52110,2024-07-12,2,16:07:00,22:04:00,5.95
52110,2024-07-13,3,08:03:00,22:03:00,14.0
52110,2024-07-14,3,08:00:00,22:04:00,14.066666666666666
52110,2024-07-15,4,08:03:00,11:56:00,3.8833333333333333
52110,2024-07-16,4,07:54:00,22:00:00,14.1
52110,2024-07-17,5,08:05:00,16:03:00,7.966666666666667
52110,2024-07-18,5,08:03:00,21:57:00,13.9
52110,2024-07-19,6,16:07:00,22:14:00,6.116666666666666
52110,2024-07-20,6,08:00:00,22:02:00,14.033333333333333
52110,2024-07-21,1,12:02:00,16:03:00,4.016666666666667
52110,2024-07-22,1,08:00:00,11:58:00,3.966666666666667
52110,2024-07-23,2,08:01:00,21:57:00,13.933333333333334
52110,2024-07-24,2,08:01:00,22:06:00,14.083333333333334
52110,2024-07-25,3,12:02:00,16:06:00,4.066666666666666
52110,2024-07-26,3,16:05:00,21:58:00,5.883333333333334
52110,2024-07-27,4,08:07:00,22:01:00,13.9
52110,2024-07-28,4,07:51:00,22:00:00,14.15
52110,2024-07-29,5,08:02:00,21:53:00,13.85
52110,2024-07-30,5,07:59:00,22:00:00,14.016666666666667
52110,2024-07-31,6,08:06:00,22:06:00,14.0
52110,2024-08-01,6,07:53:00,22:05:00,14.2
52111,2024-06-03,0,16:00:00,21:30:00,5.5
52111,2024-06-04,0,07:02:00,21:27:00,14.416666666666666
52111,2024-06-05,1,07:00:00,21:37:00,14.616666666666667
52111,2024-06-06,1,07:01:00,21:32:00,14.516666666666667
52111,2024-06-07,2,16:01:00,21:58:00,5.95
52111,2024-06-08,2,07:03:00,21:28:00,14.416666666666666
52111,2024-06-09,3,07:01:00,21:29:00,14.466666666666667
52111,2024-06-10,3,07:00:00,21:41:00,14.683333333333334
52111,2024-06-11,4,07:02:00,21:36:00,14.566666666666666
52111,2024-06-12,4,07:00:00,21:30:00,14.5
52111,2024-06-13,5,07:02:00,21:28:00,14.433333333333334
52111,2024-06-14,5,15:59:00,21:59:00,6.0
52111,2024-06-15,6,07:02:00,22:17:00,15.25
52111,2024-06-19,6,07:02:00,21:31:00,14.483333333333333
52111,2024-06-20,0,07:02:00,21:25:00,14.383333333333333
52111,2024-06-21,0,15:57:00,21:49:00,5.866666666666666
52111,2024-06-22,1,07:01:00,21:30:00,14.483333333333333
52111,2024-06-23,1,07:03:00,20:57:00,13.9
52111,2024-06-24,2,07:03:00,21:31:00,14.466666666666667
52111,2024-06-25,2,07:04:00,21:28:00,14.4
52111,2024-06-26,3,07:03:00,21:28:00,14.416666666666666
52111,2024-06-27,3,07:02:00,21:37:00,14.583333333333334
52111,2024-06-28,4,15:57:00,21:59:00,6.033333333333333
52111,2024-06-29,4,07:05:00,21:30:00,14.416666666666666
52111,2024-06-30,5,07:04:00,21:43:00,14.65
52111,2024-07-01,5,07:05:00,21:27:00,14.366666666666667
52111,2024-07-02,6,07:07:00,21:31:00,14.4
52111,2024-07-03,6,07:04:00,21:32:00,14.466666666666667
52111,2024-07-04,0,07:04:00,21:24:00,14.333333333333334
52111,2024-07-05,0,15:52:00,22:00:00,6.133333333333334
52111,2024-07-06,1,07:05:00,21:26:00,14.35
52111,2024-07-07,1,07:04:00,21:43:00,14.65
52111,2024-07-08,2,07:02:00,21:20:00,14.3
52111,2024-07-09,2,07:01:00,21:29:00,14.466666666666667
52111,2024-07-10,3,07:03:00,21:30:00,14.45
52111,2024-07-11,3,07:04:00,21:26:00,14.366666666666667
52111,2024-07-12,4,16:03:00,22:00:00,5.95
52111,2024-07-13,4,07:02:00,21:25:00,14.383333333333333
52111,2024-07-14,5,07:05:00,22:00:00,14.916666666666666
52111,2024-07-15,5,08:03:00,18:10:00,10.116666666666667
52111,2024-07-16,6,08:02:00,18:09:00,10.116666666666667
52111,2024-07-17,6,08:06:00,18:01:00,9.916666666666666
52111,2024-07-18,0,08:11:00,18:12:00,10.016666666666667
52111,2024-08-02,0,16:06:00,22:00:00,5.9
52113,2024-06-04,1,07:17:00,21:58:00,14.683333333333334
52113,2024-06-05,1,07:17:00,21:57:00,14.666666666666666
52113,2024-06-06,2,07:18:00,21:57:00,14.65
52113,2024-06-07,2,16:15:00,21:58:00,5.716666666666667
52113,2024-06-08,3,07:32:00,21:24:00,13.866666666666667
52113,2024-06-09,3,07:15:00,21:58:00,14.716666666666667
52113,2024-06-10,4,07:17:00,21:57:00,14.666666666666666
52113,2024-06-11,4,07:30:00,21:58:00,14.466666666666667
52113,2024-06-12,5,08:01:00,21:58:00,13.95
52113,2024-06-13,5,07:26:00,22:08:00,14.7
52113,2024-06-14,6,16:09:00,23:46:00,7.616666666666666
52113,2024-06-15,6,07:29:00,22:11:00,14.7
52113,2024-06-19,0,07:40:00,11:59:00,4.316666666666666
52113,2024-06-20,0,07:22:00,21:57:00,14.583333333333334
52113,2024-06-21,1,16:04:00,21:57:00,5.883333333333334
52113,2024-06-22,1,07:18:00,21:56:00,14.633333333333333
52113,2024-06-23,2,07:20:00,21:55:00,14.583333333333334
52113,2024-06-24,2,07:52:00,21:57:00,14.083333333333334
52113,2024-06-25,3,08:00:00,12:01:00,4.016666666666667
52113,2024-06-26,3,07:18:00,21:55:00,14.616666666666667
52113,2024-06-27,4,07:25:00,12:01:00,4.6
52113,2024-06-28,4,16:03:00,22:09:00,6.1
52113,2024-06-29,0,07:53:00,21:56:00,14.05
52113,2024-06-30,0,07:41:00,21:55:00,14.233333333333333
52113,2024-07-01,1,07:58:00,21:57:00,13.983333333333333
52113,2024-07-02,1,08:13:00,11:58:00,3.75
52113,2024-07-03,2,16:05:00,21:56:00,5.85
52113,2024-07-04,2,07:25:00,21:52:00,14.45
52113,2024-07-05,3,16:03:00,21:55:00,5.866666666666666
52113,2024-07-06,3,07:54:00,21:58:00,14.066666666666666
52113,2024-07-07,4,07:54:00,11:57:00,4.05
52113,2024-07-08,4,07:30:00,12:03:00,4.55
52113,2024-07-09,5,07:24:00,21:58:00,14.566666666666666
52113,2024-07-10,5,08:10:00,21:55:00,13.75
52113,2024-07-11,6,07:45:00,11:59:00,4.233333333333333
52113,2024-07-12,6,16:06:00,21:57:00,5.85
52113,2024-07-13,0,07:28:00,21:56:00,14.466666666666667
52113,2024-07-14,0,07:48:00,11:58:00,4.166666666666667
52113,2024-07-15,1,07:22:00,21:58:00,14.6
52113,2024-07-16,1,07:30:00,21:55:00,14.416666666666666
52113,2024-07-17,2,07:44:00,21:59:00,14.25
52113,2024-07-18,2,07:24:00,21:56:00,14.533333333333333
52113,2024-07-19,3,16:06:00,21:55:00,5.816666666666666
52113,2024-07-20,3,07:42:00,21:57:00,14.25
52113,2024-07-21,4,07:38:00,21:59:00,14.35
52113,2024-07-22,4,16:05:00,21:54:00,5.816666666666666
52113,2024-07-23,5,07:19:00,21:56:00,14.616666666666667
52113,2024-07-24,5,08:05:00,21:56:00,13.85
52113,2024-07-25,0,07:36:00,21:56:00,14.333333333333334
52113,2024-07-26,0,16:00:00,21:58:00,5.966666666666667
52113,2024-07-27,1,07:16:00,21:58:00,14.7
52113,2024-07-28,1,07:32:00,21:55:00,14.383333333333333
52113,2024-07-29,2,07:50:00,21:59:00,14.15
52113,2024-07-30,2,07:19:00,21:58:00,14.65
52113,2024-07-31,3,07:11:00,21:58:00,14.783333333333333
52113,2024-08-01,3,07:17:00,21:56:00,14.65
52114,2024-06-04,4,08:15:00,15:57:00,7.7
52114,2024-06-05,5,08:11:00,15:58:00,7.783333333333333
52114,2024-06-06,5,08:13:00,15:53:00,7.666666666666667
52114,2024-06-08,6,08:05:00,15:53:00,7.8
52114,2024-06-09,0,08:03:00,16:14:00,8.183333333333334
52114,2024-06-10,0,08:13:00,15:53:00,7.666666666666667
52114,2024-06-11,1,08:18:00,15:54:00,7.6
52114,2024-06-12,1,08:11:00,15:59:00,7.8
52114,2024-06-13,2,08:06:00,16:00:00,7.9
52114,2024-06-15,3,08:20:00,16:10:00,7.833333333333333
52114,2024-06-19,3,08:06:00,16:03:00,7.95
52114,2024-06-20,4,08:24:00,15:48:00,7.4
52114,2024-06-22,5,08:09:00,15:57:00,7.8
52114,2024-06-23,5,08:02:00,15:47:00,7.75
52114,2024-06-24,6,08:01:00,15:56:00,7.916666666666667
52114,2024-06-25,6,08:06:00,15:53:00,7.783333333333333
52114,2024-06-26,0,08:09:00,15:52:00,7.716666666666667
52114,2024-06-27,0,08:12:00,15:59:00,7.783333333333333
52114,2024-06-29,1,08:05:00,15:50:00,7.75
52114,2024-06-30,1,08:14:00,15:58:00,7.733333333333333
52114,2024-07-01,2,08:11:00,15:56:00,7.75
52114,2024-07-02,2,08:17:00,15:57:00,7.666666666666667
52114,2024-07-03,3,08:24:00,16:03:00,7.65
52114,2024-07-04,3,08:19:00,16:03:00,7.733333333333333
52114,2024-07-07,4,08:09:00,16:01:00,7.866666666666666
52114,2024-07-08,4,08:12:00,16:02:00,7.833333333333333
52114,2024-07-09,5,08:05:00,15:58:00,7.883333333333334
52114,2024-07-10,5,08:20:00,15:58:00,7.633333333333334
52114,2024-07-11,6,08:14:00,15:59:00,7.75
52114,2024-07-13,0,08:10:00,15:57:00,7.783333333333333
52114,2024-07-14,0,08:17:00,15:52:00,7.583333333333333
52114,2024-07-15,1,08:10:00,16:03:00,7.883333333333334
52114,2024-07-16,1,08:13:00,16:03:00,7.833333333333333
52114,2024-07-17,2,08:16:00,16:02:00,7.766666666666667
52114,2024-07-18,2,08:18:00,15:59:00,7.683333333333334
52114,2024-07-20,3,08:16:00,15:54:00,7.633333333333334
52114,2024-07-21,4,08:17:00,16:01:00,7.733333333333333
52114,2024-07-22,4,08:13:00,15:54:00,7.683333333333334
52114,2024-07-23,5,08:18:00,16:01:00,7.716666666666667
52114,2024-07-24,5,08:21:00,15:58:00,7.616666666666666
52114,2024-07-25,6,08:11:00,16:02:00,7.85
52114,2024-07-27,0,08:14:00,15:57:00,7.716666666666667
52114,2024-07-29,1,08:05:00,15:54:00,7.816666666666666
52114,2024-07-30,1,08:15:00,15:59:00,7.733333333333333
52114,2024-07-31,2,08:17:00,15:58:00,7.683333333333334
52114,2024-08-01,2,08:16:00,16:13:00,7.95
52115,2024-06-04,4,08:12:00,21:55:00,13.716666666666667
52115,2024-06-05,4,08:13:00,22:03:00,13.833333333333334
52115,2024-06-06,5,08:12:00,22:11:00,13.983333333333333
52115,2024-06-07,5,16:09:00,21:53:00,5.733333333333333
52115,2024-06-08,6,08:18:00,21:57:00,13.65
52115,2024-06-09,6,08:14:00,22:36:00,14.366666666666667
52115,2024-06-10,0,08:15:00,22:01:00,13.766666666666667
52115,2024-06-11,0,08:10:00,21:59:00,13.816666666666666
52115,2024-06-12,1,08:11:00,22:00:00,13.816666666666666
52115,2024-06-13,1,08:11:00,22:05:00,13.9
52115,2024-06-15,2,08:18:00,22:44:00,14.433333333333334
52115,2024-06-19,2,08:20:00,22:01:00,13.683333333333334
52115,2024-06-20,3,08:10:00,21:59:00,13.816666666666666
52115,2024-06-21,3,16:18:00,21:58:00,5.666666666666667
52115,2024-06-22,4,08:13:00,22:40:00,14.45
52115,2024-06-23,4,08:15:00,21:57:00,13.7
52115,2024-06-24,5,08:27:00,22:03:00,13.6
52115,2024-06-25,5,08:13:00,22:05:00,13.866666666666667
52115,2024-06-26,6,08:08:00,22:03:00,13.916666666666666
52115,2024-06-27,6,08:19:00,21:58:00,13.65
52115,2024-06-29,0,08:13:00,22:00:00,13.783333333333333
52115,2024-06-30,0,08:20:00,11:58:00,3.6333333333333333
52115,2024-07-01,1,08:08:00,21:55:00,13.783333333333333
52115,2024-07-02,1,08:17:00,22:28:00,14.183333333333334
52115,2024-07-03,2,08:14:00,21:59:00,13.75
52115,2024-07-04,2,08:14:00,21:51:00,13.616666666666667
52115,2024-07-05,3,16:20:00,22:04:00,5.733333333333333
52115,2024-07-06,3,08:15:00,22:02:00,13.783333333333333
52115,2024-07-07,4,08:10:00,22:11:00,14.016666666666667
52115,2024-07-08,4,08:13:00,22:21:00,14.133333333333333
52115,2024-07-09,1,08:15:00,22:06:00,13.85
52115,2024-07-10,1,08:15:00,16:11:00,7.933333333333334
52115,2024-07-11,0,08:15:00,21:40:00,13.416666666666666
52115,2024-07-13,0,08:15:00,22:02:00,13.783333333333333
52115,2024-07-14,1,08:15:00,22:00:00,13.75
52115,2024-07-15,1,08:15:00,21:56:00,13.683333333333334
52115,2024-07-16,2,08:16:00,22:05:00,13.816666666666666
52115,2024-07-17,2,08:14:00,22:00:00,13.766666666666667
52115,2024-07-18,3,08:10:00,22:04:00,13.9
52115,2024-07-19,3,16:11:00,22:03:00,5.866666666666666
52115,2024-07-20,4,08:14:00,21:59:00,13.75
52115,2024-07-21,4,08:18:00,22:02:00,13.733333333333333
52115,2024-07-22,5,08:13:00,22:01:00,13.8
52115,2024-07-23,5,08:15:00,21:58:00,13.716666666666667
52115,2024-07-24,6,08:15:00,21:58:00,13.716666666666667
52115,2024-07-25,6,08:16:00,21:54:00,13.633333333333333
52115,2024-07-27,1,08:14:00,21:55:00,13.683333333333334
52115,2024-07-28,1,08:09:00,21:58:00,13.816666666666666
52115,2024-07-29,2,08:12:00,22:00:00,13.8
52115,2024-07-30,2,08:10:00,21:56:00,13.766666666666667
52115,2024-07-31,3,08:12:00,22:00:00,13.8
52115,2024-08-01,3,08:13:00,22:01:00,13.8
52116,2024-06-04,5,08:05:00,12:04:00,3.9833333333333334
52116,2024-06-05,5,08:05:00,22:02:00,13.95
52116,2024-06-06,6,08:05:00,22:02:00,13.95
52116,2024-06-07,6,08:06:00,22:01:00,13.916666666666666
52116,2024-06-08,0,08:05:00,22:13:00,14.133333333333333
52116,2024-06-09,0,08:05:00,22:04:00,13.983333333333333
52116,2024-06-10,1,08:04:00,22:00:00,13.933333333333334
52116,2024-06-11,1,08:02:00,22:00:00,13.966666666666667
52116,2024-06-12,2,08:03:00,22:02:00,13.983333333333333
52116,2024-06-13,2,08:04:00,22:02:00,13.966666666666667
52116,2024-06-14,3,08:05:00,22:00:00,13.916666666666666
52116,2024-06-15,3,08:06:00,21:59:00,13.883333333333333
52116,2024-06-17,4,08:09:00,21:48:00,13.65
52116,2024-06-18,4,08:08:00,21:57:00,13.816666666666666
52116,2024-06-19,5,08:05:00,21:59:00,13.9
52116,2024-06-20,5,08:05:00,22:01:00,13.933333333333334
52116,2024-06-21,6,08:03:00,22:01:00,13.966666666666667
52116,2024-06-22,6,08:05:00,22:09:00,14.066666666666666
52116,2024-06-23,0,08:05:00,22:04:00,13.983333333333333
52116,2024-06-24,0,08:06:00,22:11:00,14.083333333333334
52116,2024-06-25,1,08:06:00,22:02:00,13.933333333333334
52116,2024-06-26,1,08:03:00,22:05:00,14.033333333333333
52116,2024-06-27,2,08:05:00,22:02:00,13.95
52116,2024-06-28,2,08:09:00,22:02:00,13.883333333333333
52116,2024-06-29,3,08:09:00,22:04:00,13.916666666666666
52116,2024-06-30,3,08:04:00,21:54:00,13.833333333333334
52116,2024-07-01,4,08:05:00,22:05:00,14.0
52116,2024-07-02,4,08:05:00,22:02:00,13.95
52116,2024-07-03,5,08:07:00,22:01:00,13.9
52116,2024-07-04,5,08:05:00,22:03:00,13.966666666666667
52116,2024-07-05,6,08:05:00,22:06:00,14.016666666666667
52116,2024-07-06,6,08:06:00,22:02:00,13.933333333333334
52116,2024-07-07,0,08:05:00,22:01:00,13.933333333333334
52116,2024-07-08,0,08:08:00,22:01:00,13.883333333333333
52116,2024-07-09,1,08:06:00,22:03:00,13.95
52116,2024-07-10,1,08:05:00,22:02:00,13.95
52116,2024-07-11,2,08:04:00,22:07:00,14.05
52116,2024-07-12,2,08:08:00,22:00:00,13.866666666666667
52116,2024-07-13,3,08:04:00,22:00:00,13.933333333333334
52116,2024-07-14,3,08:05:00,22:00:00,13.916666666666666
52116,2024-07-15,4,08:08:00,22:01:00,13.883333333333333
52116,2024-07-16,4,08:05:00,22:00:00,13.916666666666666
52116,2024-07-17,6,08:07:00,22:01:00,13.9
52116,2024-07-18,6,08:01:00,22:02:00,14.016666666666667
52116,2024-07-19,0,08:08:00,22:01:00,13.883333333333333
52116,2024-07-20,0,08:04:00,22:07:00,14.05
52116,2024-07-21,1,08:07:00,22:00:00,13.883333333333333
52116,2024-07-22,1,08:07:00,22:03:00,13.933333333333334
52116,2024-07-23,2,08:09:00,22:03:00,13.9
52116,2024-07-24,2,08:05:00,22:02:00,13.95
52116,2024-07-25,3,08:06:00,22:01:00,13.916666666666666
52116,2024-07-26,3,08:06:00,22:00:00,13.9
52116,2024-07-27,4,08:07:00,22:07:00,14.0
52116,2024-07-28,4,08:06:00,22:10:00,14.066666666666666
52116,2024-07-29,5,08:06:00,22:00:00,13.9
52116,2024-07-30,5,08:04:00,22:13:00,14.15
52116,2024-07-31,6,08:06:00,22:00:00,13.9
52116,2024-08-01,6,08:05:00,22:04:00,13.983333333333333
52116,2024-08-02,0,08:07:00,10:46:00,2.65
52118,2024-06-04,1,07:18:00,21:58:00,14.666666666666666
52118,2024-06-05,1,07:14:00,22:00:00,14.766666666666667
52118,2024-06-06,2,07:12:00,22:04:00,14.866666666666667
52118,2024-06-07,2,15:55:00,21:58:00,6.05
52118,2024-06-08,3,08:00:00,21:59:00,13.983333333333333
52118,2024-06-09,3,07:11:00,16:07:00,8.933333333333334
52118,2024-06-10,4,08:04:00,21:58:00,13.9
52118,2024-06-11,4,07:20:00,21:58:00,14.633333333333333
52118,2024-06-12,5,07:09:00,22:02:00,14.883333333333333
52118,2024-06-13,5,07:19:00,21:52:00,14.55
52118,2024-06-14,6,16:09:00,22:01:00,5.866666666666666
52118,2024-06-15,6,07:19:00,22:53:00,15.566666666666666
52118,2024-06-19,1,07:17:00,21:58:00,14.683333333333334
52118,2024-06-20,1,07:17:00,21:57:00,14.666666666666666
52118,2024-06-21,2,16:03:00,21:53:00,5.833333333333333
52118,2024-06-22,2,07:16:00,21:55:00,14.65
52118,2024-06-23,3,07:40:00,21:58:00,14.3
52118,2024-06-24,3,07:54:00,21:59:00,14.083333333333334
52118,2024-06-25,4,08:04:00,21:58:00,13.9
52118,2024-06-26,4,07:19:00,22:00:00,14.683333333333334
52118,2024-06-27,5,07:13:00,21:58:00,14.75
52118,2024-06-28,5,16:06:00,21:57:00,5.85
52118,2024-06-29,6,07:55:00,21:57:00,14.033333333333333
52118,2024-06-30,6,07:18:00,21:58:00,14.666666666666666
52118,2024-07-01,0,07:59:00,21:59:00,14.0
52118,2024-07-02,0,07:34:00,22:00:00,14.433333333333334
52118,2024-07-03,1,07:23:00,21:56:00,14.55
52118,2024-07-04,1,07:27:00,21:57:00,14.5
52118,2024-07-05,2,16:07:00,21:55:00,5.8
52118,2024-07-06,2,07:09:00,21:52:00,14.716666666666667
52118,2024-07-07,3,07:39:00,21:51:00,14.2
52118,2024-07-08,3,08:51:00,11:55:00,3.066666666666667
52118,2024-07-09,4,07:13:00,21:59:00,14.766666666666667
52118,2024-07-10,4,07:07:00,22:08:00,15.016666666666667
52118,2024-07-11,5,11:58:00,16:06:00,4.133333333333334
52118,2024-07-12,5,16:12:00,21:54:00,5.7
52118,2024-07-13,6,07:16:00,21:37:00,14.35
52118,2024-07-14,6,07:43:00,21:55:00,14.2
52118,2024-07-16,0,10:14:00,21:50:00,11.6
52118,2024-07-17,0,10:13:00,21:54:00,11.683333333333334
52118,2024-07-18,1,12:37:00,21:48:00,9.183333333333334
52118,2024-07-19,1,16:06:00,21:56:00,5.833333333333333
52118,2024-07-20,2,10:12:00,11:56:00,1.7333333333333334
52118,2024-07-22,2,10:12:00,21:56:00,11.733333333333333
52118,2024-07-23,3,10:11:00,21:57:00,11.766666666666667
52118,2024-07-24,3,10:46:00,22:00:00,11.233333333333333
52118,2024-07-25,4,10:14:00,21:52:00,11.633333333333333
52118,2024-07-26,4,16:07:00,22:00:00,5.883333333333334
52118,2024-07-27,5,10:12:00,21:57:00,11.75
52118,2024-07-28,5,10:14:00,21:55:00,11.683333333333334
52118,2024-07-29,6,10:14:00,22:02:00,11.8
52118,2024-07-30,6,10:18:00,21:55:00,11.616666666666667
52118,2024-07-31,0,10:14:00,21:57:00,11.716666666666667
52118,2024-08-01,0,10:16:00,20:10:00,9.9
52119,2024-06-04,1,08:14:00,20:08:00,11.9
52119,2024-06-05,1,08:08:00,20:09:00,12.016666666666667
52119,2024-06-06,2,08:11:00,20:17:00,12.1
52119,2024-06-07,2,16:09:00,21:59:00,5.833333333333333
52119,2024-06-08,3,08:11:00,20:01:00,11.833333333333334
52119,2024-06-09,3,08:18:00,20:05:00,11.783333333333333
52119,2024-06-10,4,08:13:00,20:01:00,11.8
52119,2024-06-11,4,08:11:00,20:09:00,11.966666666666667
52119,2024-06-12,5,08:14:00,20:08:00,11.9
52119,2024-06-13,5,08:11:00,20:12:00,12.016666666666667
52119,2024-06-14,6,16:06:00,22:01:00,5.916666666666667
52119,2024-06-15,6,08:09:00,20:27:00,12.3
52119,2024-06-19,0,08:16:00,20:05:00,11.816666666666666
52119,2024-06-20,0,08:02:00,20:01:00,11.983333333333333
52119,2024-06-21,1,16:17:00,21:58:00,5.683333333333334
52119,2024-06-22,1,08:10:00,20:08:00,11.966666666666667
52119,2024-06-23,2,08:11:00,20:00:00,11.816666666666666
52119,2024-06-24,2,08:10:00,20:08:00,11.966666666666667
52119,2024-06-25,3,08:07:00,20:02:00,11.916666666666666
52119,2024-06-26,3,08:10:00,20:10:00,12.0
52119,2024-06-27,4,08:09:00,20:09:00,12.0
52119,2024-06-28,4,16:07:00,22:00:00,5.883333333333334
52119,2024-06-29,5,08:07:00,20:04:00,11.95
52119,2024-06-30,5,08:19:00,20:02:00,11.716666666666667
52119,2024-07-01,6,08:09:00,20:03:00,11.9
52119,2024-07-02,6,08:16:00,20:11:00,11.916666666666666
52119,2024-07-03,0,08:13:00,21:31:00,13.3
52119,2024-07-04,0,08:19:00,20:03:00,11.733333333333333
52119,2024-07-05,1,16:07:00,21:58:00,5.85
52119,2024-07-06,1,08:11:00,20:00:00,11.816666666666666
52119,2024-07-07,2,08:15:00,20:15:00,12.0
52119,2024-07-08,2,08:10:00,20:01:00,11.85
52119,2024-07-09,3,08:12:00,20:04:00,11.866666666666667
52119,2024-07-10,3,08:08:00,20:02:00,11.9
52119,2024-07-11,4,08:36:00,20:04:00,11.466666666666667
52119,2024-07-12,4,15:57:00,22:10:00,6.216666666666667
52119,2024-07-13,5,08:21:00,20:20:00,11.983333333333333
52119,2024-07-14,5,08:12:00,20:02:00,11.833333333333334
52119,2024-07-15,6,08:17:00,20:04:00,11.783333333333333
52119,2024-07-16,6,08:13:00,20:02:00,11.816666666666666
52119,2024-07-17,0,08:10:00,20:04:00,11.9
52119,2024-07-18,0,08:09:00,20:01:00,11.866666666666667
52119,2024-07-19,1,16:07:00,22:12:00,6.083333333333333
52119,2024-07-20,1,08:12:00,20:03:00,11.85
52119,2024-07-21,2,08:37:00,20:04:00,11.45
52119,2024-07-22,2,08:11:00,20:05:00,11.9
52119,2024-07-23,3,08:12:00,20:01:00,11.816666666666666
52119,2024-07-24,3,08:06:00,20:03:00,11.95
52119,2024-07-25,4,08:29:00,20:03:00,11.566666666666666
52119,2024-07-26,4,16:04:00,22:12:00,6.133333333333334
52119,2024-07-27,6,08:13:00,20:14:00,12.016666666666667
52119,2024-07-28,6,08:28:00,20:05:00,11.616666666666667
52119,2024-07-29,0,08:13:00,13:18:00,5.083333333333333
52119,2024-07-30,0,08:10:00,20:17:00,12.116666666666667
52119,2024-07-31,1,08:07:00,20:00:00,11.883333333333333
52119,2024-08-01,1,08:15:00,20:07:00,11.866666666666667
52120,2024-06-03,2,16:00:00,21:27:00,5.45
52120,2024-06-04,3,06:54:00,21:26:00,14.533333333333333
52120,2024-06-05,3,06:55:00,21:30:00,14.583333333333334
52120,2024-06-06,4,06:53:00,21:27:00,14.566666666666666
52120,2024-06-08,4,06:55:00,21:29:00,14.566666666666666
52120,2024-06-09,5,06:53:00,21:27:00,14.566666666666666
52120,2024-06-10,5,06:54:00,21:37:00,14.716666666666667
52120,2024-06-11,6,06:55:00,20:00:00,13.083333333333334
52120,2024-06-19,6,16:19:00,21:34:00,5.25
52120,2024-06-20,0,06:54:00,21:30:00,14.6
52120,2024-06-21,0,15:59:00,21:59:00,6.0
52120,2024-06-22,1,06:51:00,21:32:00,14.683333333333334
52120,2024-06-23,1,06:56:00,22:00:00,15.066666666666666
52120,2024-06-24,2,06:54:00,21:35:00,14.683333333333334
52120,2024-06-25,2,06:58:00,21:29:00,14.516666666666667
52120,2024-06-26,3,06:56:00,21:29:00,14.55
52120,2024-06-27,3,06:53:00,22:01:00,15.133333333333333
52120,2024-06-29,4,06:57:00,21:30:00,14.55
52120,2024-06-30,4,06:50:00,21:31:00,14.683333333333334
52120,2024-07-01,5,06:48:00,21:46:00,14.966666666666667
52120,2024-07-02,5,06:51:00,21:22:00,14.516666666666667
52120,2024-07-03,1,06:54:00,21:34:00,14.666666666666666
52120,2024-07-04,1,07:01:00,21:37:00,14.6
52120,2024-07-05,2,16:01:00,22:00:00,5.983333333333333
52120,2024-07-06,2,06:49:00,21:29:00,14.666666666666666
52120,2024-07-07,3,06:55:00,21:29:00,14.566666666666666
52120,2024-07-08,3,06:56:00,21:29:00,14.55
52120,2024-07-09,4,06:57:00,21:26:00,14.483333333333333
52120,2024-07-10,4,06:56:00,21:14:00,14.3
52120,2024-07-11,5,06:53:00,21:31:00,14.633333333333333
52120,2024-07-13,5,06:50:00,21:27:00,14.616666666666667
52120,2024-07-14,6,06:55:00,21:31:00,14.6
52120,2024-07-15,6,06:49:00,21:29:00,14.666666666666666
52120,2024-07-16,0,06:56:00,21:28:00,14.533333333333333
52120,2024-07-17,0,06:59:00,21:43:00,14.733333333333333
52120,2024-07-18,1,06:55:00,21:26:00,14.516666666666667
52120,2024-07-19,1,16:00:00,22:06:00,6.1
52120,2024-07-20,2,06:53:00,21:32:00,14.65
52120,2024-07-21,2,07:01:00,21:23:00,14.366666666666667
52120,2024-07-22,3,06:54:00,21:30:00,14.6
52120,2024-07-23,3,06:55:00,21:31:00,14.6
52120,2024-07-24,4,06:53:00,21:30:00,14.616666666666667
52120,2024-07-25,4,06:55:00,21:27:00,14.533333333333333
52120,2024-07-27,5,06:52:00,21:33:00,14.683333333333334
52120,2024-07-28,5,06:50:00,21:33:00,14.716666666666667
52120,2024-07-29,6,06:54:00,21:33:00,14.65
52120,2024-07-30,6,06:53:00,21:30:00,14.616666666666667
52120,2024-07-31,0,06:56:00,21:30:00,14.566666666666666
52120,2024-08-01,0,06:53:00,12:05:00,5.2
52120,2024-08-02,1,15:52:00,22:00:00,6.133333333333334
52121,2024-07-21,2,07:42:00,16:16:00,8.566666666666666
52121,2024-07-22,2,07:52:00,16:24:00,8.533333333333333
52121,2024-07-23,3,07:53:00,15:53:00,8.0
52121,2024-07-24,3,07:48:00,15:53:00,8.083333333333334
52121,2024-07-25,4,08:03:00,16:15:00,8.2
52121,2024-07-27,5,07:55:00,16:08:00,8.216666666666667
52121,2024-07-28,5,08:00:00,16:20:00,8.333333333333334
52121,2024-07-29,6,07:55:00,16:25:00,8.5
52121,2024-07-30,6,07:54:00,16:10:00,8.266666666666667
52121,2024-07-31,0,07:54:00,16:30:00,8.6
52121,2024-08-01,0,07:43:00,16:13:00,8.5
52122,2024-06-04,2,08:05:00,21:53:00,13.8
52122,2024-06-05,2,08:13:00,22:05:00,13.866666666666667
52122,2024-06-06,3,08:11:00,21:57:00,13.766666666666667
52122,2024-06-08,3,08:09:00,16:42:00,8.55
52122,2024-06-09,4,08:02:00,22:27:00,14.416666666666666
52122,2024-06-10,4,08:10:00,22:03:00,13.883333333333333
52122,2024-06-11,5,08:09:00,21:59:00,13.833333333333334
52122,2024-06-12,5,08:08:00,22:00:00,13.866666666666667
52122,2024-06-13,6,08:11:00,22:37:00,14.433333333333334
52122,2024-06-14,6,16:00:00,22:30:00,6.5
52122,2024-06-15,0,08:08:00,11:57:00,3.816666666666667
52122,2024-06-19,0,08:14:00,22:01:00,13.783333333333333
52122,2024-06-20,1,08:15:00,21:54:00,13.65
52122,2024-06-22,1,08:20:00,21:56:00,13.6
52122,2024-06-23,2,08:12:00,21:54:00,13.7
52122,2024-06-24,2,08:08:00,22:21:00,14.216666666666667
52122,2024-06-25,3,08:03:00,22:00:00,13.95
52122,2024-06-26,3,08:14:00,17:13:00,8.983333333333333
52122,2024-06-27,4,08:16:00,21:58:00,13.7
52122,2024-06-28,4,16:04:00,22:22:00,6.3
52122,2024-06-29,5,08:07:00,22:00:00,13.883333333333333
52122,2024-06-30,5,08:05:00,22:16:00,14.183333333333334
52122,2024-07-03,6,08:07:00,22:01:00,13.9
52122,2024-07-04,6,08:13:00,21:41:00,13.466666666666667
52122,2024-07-06,0,08:17:00,22:07:00,13.833333333333334
52122,2024-07-07,0,08:06:00,22:03:00,13.95
52122,2024-07-08,1,08:12:00,22:03:00,13.85
52122,2024-07-09,1,08:06:00,22:01:00,13.916666666666666
52122,2024-07-10,2,08:08:00,21:55:00,13.783333333333333
52122,2024-07-11,2,08:09:00,21:39:00,13.5
52122,2024-07-12,3,16:06:00,21:58:00,5.866666666666666
52122,2024-07-13,3,08:08:00,22:19:00,14.183333333333334
52122,2024-07-14,4,08:05:00,22:12:00,14.116666666666667
52122,2024-07-15,4,08:09:00,21:58:00,13.816666666666666
52122,2024-07-16,5,07:48:00,21:57:00,14.15
52122,2024-07-17,5,08:08:00,22:01:00,13.883333333333333
52122,2024-07-18,6,08:09:00,13:47:00,5.633333333333334
52122,2024-07-20,6,08:09:00,22:04:00,13.916666666666666
52122,2024-07-21,0,08:04:00,22:01:00,13.95
52122,2024-07-22,0,08:05:00,21:55:00,13.833333333333334
52122,2024-07-23,1,08:07:00,15:54:00,7.783333333333333
52122,2024-07-24,1,08:06:00,21:58:00,13.866666666666667
52122,2024-07-25,2,08:13:00,21:57:00,13.733333333333333
52122,2024-07-26,2,15:58:00,21:59:00,6.016666666666667
52122,2024-07-27,3,08:07:00,21:56:00,13.816666666666666
52122,2024-07-28,3,08:04:00,21:58:00,13.9
52122,2024-07-29,4,07:53:00,22:00:00,14.116666666666667
52122,2024-07-30,4,08:07:00,21:56:00,13.816666666666666
52122,2024-07-31,6,08:10:00,22:02:00,13.866666666666667
52122,2024-08-01,6,08:13:00,22:02:00,13.816666666666666
52123,2024-07-17,0,16:07:00,22:02:00,5.916666666666667
52123,2024-07-18,0,13:02:00,21:50:00,8.8
52123,2024-07-19,1,15:58:00,21:56:00,5.966666666666667
52123,2024-07-20,1,13:03:00,21:59:00,8.933333333333334
52123,2024-07-21,2,04:00:00,22:00:00,18.0
52123,2024-07-22,2,13:07:00,21:51:00,8.733333333333333
52123,2024-07-23,3,13:06:00,21:56:00,8.833333333333334
52123,2024-07-24,3,13:06:00,21:57:00,8.85
52123,2024-07-25,4,13:07:00,21:56:00,8.816666666666666
52123,2024-07-27,4,13:04:00,21:56:00,8.866666666666667
52123,2024-07-28,5,13:07:00,22:00:00,8.883333333333333
52123,2024-07-29,5,13:02:00,21:59:00,8.95
52123,2024-07-30,6,13:05:00,21:56:00,8.85
52123,2024-07-31,6,13:03:00,22:01:00,8.966666666666667
52123,2024-08-01,0,13:01:00,22:01:00,9.0
52124,2024-06-04,1,08:10:00,22:01:00,13.85
52124,2024-06-05,1,08:05:00,22:01:00,13.933333333333334
52124,2024-06-06,2,08:04:00,22:00:00,13.933333333333334
52124,2024-06-07,2,08:05:00,22:04:00,13.983333333333333
52124,2024-06-08,3,08:06:00,22:00:00,13.9
52124,2024-06-09,3,08:07:00,22:00:00,13.883333333333333
52124,2024-06-10,4,08:05:00,22:00:00,13.916666666666666
52124,2024-06-11,4,08:07:00,22:01:00,13.9
52124,2024-06-12,5,08:07:00,22:02:00,13.916666666666666
52124,2024-06-13,5,08:08:00,22:01:00,13.883333333333333
52124,2024-06-14,6,08:12:00,22:11:00,13.983333333333333
52124,2024-06-15,6,08:06:00,22:05:00,13.983333333333333
52124,2024-06-16,1,08:07:00,22:05:00,13.966666666666667
52124,2024-06-17,1,08:06:00,22:00:00,13.9
52124,2024-06-18,2,08:11:00,22:00:00,13.816666666666666
52124,2024-06-19,2,08:05:00,22:00:00,13.916666666666666
52124,2024-06-20,3,08:08:00,22:01:00,13.883333333333333
52124,2024-06-21,3,08:07:00,22:04:00,13.95
52124,2024-06-22,4,08:06:00,22:00:00,13.9
52124,2024-06-23,4,08:08:00,22:00:00,13.866666666666667
52124,2024-06-24,5,08:08:00,22:01:00,13.883333333333333
52124,2024-06-25,5,08:07:00,22:06:00,13.983333333333333
52124,2024-06-26,6,08:05:00,22:07:00,14.033333333333333
52124,2024-06-27,6,08:07:00,22:05:00,13.966666666666667
52124,2024-06-28,0,08:07:00,22:02:00,13.916666666666666
52124,2024-06-29,0,08:05:00,22:01:00,13.933333333333334
52124,2024-06-30,1,08:06:00,22:03:00,13.95
52124,2024-07-01,1,08:06:00,22:03:00,13.95
52124,2024-07-02,2,08:06:00,22:01:00,13.916666666666666
52124,2024-07-03,2,08:08:00,22:09:00,14.016666666666667
52124,2024-07-04,3,08:07:00,22:05:00,13.966666666666667
52124,2024-07-05,3,08:08:00,22:02:00,13.9
52124,2024-07-06,4,08:08:00,22:03:00,13.916666666666666
52124,2024-07-07,4,08:10:00,22:01:00,13.85
52124,2024-07-08,5,08:07:00,22:00:00,13.883333333333333
52124,2024-07-09,5,08:09:00,22:02:00,13.883333333333333
52124,2024-07-10,6,08:07:00,22:00:00,13.883333333333333
52124,2024-07-11,6,08:07:00,22:43:00,14.6
52124,2024-07-12,0,08:09:00,22:01:00,13.866666666666667
52124,2024-07-13,0,08:11:00,22:01:00,13.833333333333334
52124,2024-07-14,1,08:05:00,22:02:00,13.95
52124,2024-07-15,1,08:08:00,22:05:00,13.95
52124,2024-07-16,2,08:06:00,22:06:00,14.0
52124,2024-07-17,2,08:10:00,22:01:00,13.85
52124,2024-07-18,3,08:11:00,22:12:00,14.016666666666667
52124,2024-07-19,3,08:40:00,22:01:00,13.35
52124,2024-07-20,4,08:10:00,22:00:00,13.833333333333334
52124,2024-07-21,4,08:07:00,22:02:00,13.916666666666666
52124,2024-07-22,5,08:12:00,22:01:00,13.816666666666666
52124,2024-07-23,5,08:10:00,22:01:00,13.85
52124,2024-07-24,6,08:07:00,22:00:00,13.883333333333333
52124,2024-07-25,6,08:08:00,22:01:00,13.883333333333333
52124,2024-07-26,0,08:12:00,22:01:00,13.816666666666666
52124,2024-07-27,0,08:08:00,22:00:00,13.866666666666667
52124,2024-07-28,1,08:07:00,22:04:00,13.95
52124,2024-07-29,1,08:08:00,22:07:00,13.983333333333333
52124,2024-07-30,2,08:08:00,22:00:00,13.866666666666667
52124,2024-07-31,2,08:07:00,22:00:00,13.883333333333333
52124,2024-08-01,3,08:08:00,22:05:00,13.95
52124,2024-08-02,3,08:08:00,10:46:00,2.6333333333333333
52125,2024-06-04,4,08:05:00,16:04:00,7.983333333333333
52125,2024-06-05,4,08:13:00,15:57:00,7.733333333333333
52125,2024-06-06,5,08:11:00,15:54:00,7.716666666666667
52125,2024-06-08,5,08:09:00,15:58:00,7.816666666666666
52125,2024-06-11,0,08:10:00,11:54:00,3.7333333333333334
52125,2024-06-12,0,08:23:00,15:47:00,7.4
52125,2024-06-13,1,08:18:00,21:59:00,13.683333333333334
52125,2024-06-15,1,08:24:00,12:07:00,3.716666666666667
52125,2024-06-19,2,08:05:00,22:17:00,14.2
52125,2024-06-20,2,08:29:00,11:58:00,3.4833333333333334
52125,2024-06-22,3,08:12:00,22:01:00,13.816666666666666
52125,2024-06-23,3,08:18:00,16:10:00,7.866666666666666
52125,2024-06-24,4,16:12:00,22:14:00,6.033333333333333
52125,2024-06-25,4,08:30:00,22:01:00,13.516666666666667
52125,2024-06-26,5,12:06:00,16:13:00,4.116666666666666
52125,2024-06-27,5,08:19:00,12:28:00,4.15
52125,2024-06-29,6,08:20:00,22:01:00,13.683333333333334
52125,2024-06-30,6,08:15:00,22:04:00,13.816666666666666
52125,2024-07-01,0,08:19:00,22:04:00,13.75
52125,2024-07-02,0,08:09:00,12:04:00,3.9166666666666665
52125,2024-07-03,1,08:10:00,22:06:00,13.933333333333334
52125,2024-07-04,1,08:13:00,22:54:00,14.683333333333334
52125,2024-07-06,2,08:07:00,21:57:00,13.833333333333334
52125,2024-07-07,2,08:05:00,16:00:00,7.916666666666667
52125,2024-07-08,3,08:11:00,21:56:00,13.75
52125,2024-07-09,3,08:20:00,21:56:00,13.6
52125,2024-07-10,4,08:19:00,21:55:00,13.6
52125,2024-07-11,4,08:19:00,21:54:00,13.583333333333334
52125,2024-07-13,5,08:11:00,21:55:00,13.733333333333333
52125,2024-07-14,5,08:15:00,15:58:00,7.716666666666667
52125,2024-07-15,6,08:20:00,21:58:00,13.633333333333333
52125,2024-07-16,6,08:24:00,22:00:00,13.6
52125,2024-07-17,0,11:54:00,16:08:00,4.233333333333333
52125,2024-07-18,0,08:06:00,21:03:00,12.95
52125,2024-07-20,1,08:04:00,21:49:00,13.75
52125,2024-07-21,1,08:17:00,21:58:00,13.683333333333334
52125,2024-07-22,2,08:27:00,16:07:00,7.666666666666667
52125,2024-07-23,2,08:20:00,21:55:00,13.583333333333334
52125,2024-07-24,3,08:19:00,21:59:00,13.666666666666666
52125,2024-07-25,3,08:17:00,14:36:00,6.316666666666666
52125,2024-07-27,4,08:14:00,21:57:00,13.716666666666667
52125,2024-07-28,4,08:14:00,21:59:00,13.75
52125,2024-07-29,0,08:15:00,21:54:00,13.65
52125,2024-07-30,0,08:08:00,22:00:00,13.866666666666667
52125,2024-07-31,1,08:17:00,21:55:00,13.633333333333333
52125,2024-08-01,1,08:04:00,12:02:00,3.966666666666667
52126,2024-06-04,2,10:01:00,22:01:00,12.0
52126,2024-06-05,3,09:58:00,21:57:00,11.983333333333333
52126,2024-06-06,3,10:05:00,22:02:00,11.95
52126,2024-06-07,4,15:57:00,21:58:00,6.016666666666667
52126,2024-06-08,4,10:04:00,21:58:00,11.9
52126,2024-06-09,5,10:04:00,21:55:00,11.85
52126,2024-06-10,5,10:04:00,22:00:00,11.933333333333334
52126,2024-06-11,6,10:08:00,22:02:00,11.9
52126,2024-06-12,6,10:05:00,22:21:00,12.266666666666667
52126,2024-06-13,0,10:05:00,21:51:00,11.766666666666667
52126,2024-06-14,0,15:57:00,22:07:00,6.166666666666667
52126,2024-06-15,1,10:14:00,23:28:00,13.233333333333333
52126,2024-06-19,1,09:54:00,22:09:00,12.25
52126,2024-06-20,2,10:08:00,21:58:00,11.833333333333334
52126,2024-06-21,2,15:57:00,21:59:00,6.033333333333333
52126,2024-06-22,3,10:03:00,22:03:00,12.0
52126,2024-06-23,3,10:06:00,22:14:00,12.133333333333333
52126,2024-06-24,4,10:04:00,22:04:00,12.0
52126,2024-06-25,4,10:00:00,21:57:00,11.95
52126,2024-06-26,5,09:57:00,22:00:00,12.05
52126,2024-06-27,5,10:00:00,22:01:00,12.016666666666667
52126,2024-06-28,6,15:59:00,22:03:00,6.066666666666666
52126,2024-06-29,6,09:52:00,22:00:00,12.133333333333333
52126,2024-06-30,2,10:00:00,22:00:00,12.0
52126,2024-07-01,2,10:00:00,22:00:00,12.0
52126,2024-07-02,3,10:09:00,22:46:00,12.616666666666667
52126,2024-07-03,3,09:58:00,22:01:00,12.05
52126,2024-07-04,4,10:12:00,22:01:00,11.816666666666666
52126,2024-07-05,4,15:57:00,22:06:00,6.15
52126,2024-07-06,5,09:59:00,21:59:00,12.0
52126,2024-07-07,5,09:59:00,22:03:00,12.066666666666666
52126,2024-07-08,6,10:02:00,21:30:00,11.466666666666667
52126,2024-07-09,6,10:02:00,21:58:00,11.933333333333334
52126,2024-07-10,0,09:59:00,22:12:00,12.216666666666667
52126,2024-07-11,0,10:04:00,21:59:00,11.916666666666666
52126,2024-07-12,1,15:58:00,21:59:00,6.016666666666667
52126,2024-07-13,1,10:00:00,22:02:00,12.033333333333333
52126,2024-07-14,3,09:57:00,22:07:00,12.166666666666666
52126,2024-07-15,3,09:58:00,22:04:00,12.1
52126,2024-07-16,4,10:02:00,22:02:00,12.0
52126,2024-07-17,4,10:03:00,22:02:00,11.983333333333333
52126,2024-07-21,5,10:08:00,22:05:00,11.95
52126,2024-07-22,5,10:03:00,21:59:00,11.933333333333334
52126,2024-07-23,6,09:58:00,21:57:00,11.983333333333333
52126,2024-07-24,6,09:55:00,22:02:00,12.116666666666667
52126,2024-07-25,0,09:58:00,21:59:00,12.016666666666667
52126,2024-07-26,0,15:56:00,22:12:00,6.266666666666667
52126,2024-07-27,1,10:04:00,22:01:00,11.95
52126,2024-07-28,1,10:03:00,22:11:00,12.133333333333333
52127,2024-06-04,5,07:53:00,21:55:00,14.033333333333333
52127,2024-06-05,5,07:44:00,22:02:00,14.3
52127,2024-06-06,6,07:10:00,22:00:00,14.833333333333334
52127,2024-06-07,6,16:07:00,21:51:00,5.733333333333333
52127,2024-06-08,0,07:43:00,21:57:00,14.233333333333333
52127,2024-06-09,0,07:52:00,22:00:00,14.133333333333333
52127,2024-06-10,1,07:10:00,22:01:00,14.85
52127,2024-06-11,1,07:50:00,21:59:00,14.15
52127,2024-06-12,2,07:14:00,21:57:00,14.716666666666667
52127,2024-06-13,2,07:41:00,22:18:00,14.616666666666667
52127,2024-06-14,4,16:09:00,22:01:00,5.866666666666666
52127,2024-06-15,4,07:40:00,22:57:00,15.283333333333333
52127,2024-06-19,5,07:01:00,21:55:00,14.9
52127,2024-06-20,5,07:41:00,21:57:00,14.266666666666667
52127,2024-06-21,6,15:59:00,21:57:00,5.966666666666667
52127,2024-06-22,6,07:30:00,21:58:00,14.466666666666667
52127,2024-06-23,0,07:37:00,21:55:00,14.3
52127,2024-06-24,0,07:52:00,21:57:00,14.083333333333334
52127,2024-06-25,1,08:05:00,21:59:00,13.9
52127,2024-06-26,1,07:25:00,21:56:00,14.516666666666667
52127,2024-06-27,2,07:32:00,21:57:00,14.416666666666666
52127,2024-06-28,2,16:16:00,22:10:00,5.9
52127,2024-06-29,5,07:47:00,21:58:00,14.183333333333334
52127,2024-06-30,5,07:39:00,21:57:00,14.3
52127,2024-07-01,6,07:57:00,20:52:00,12.916666666666666
52127,2024-07-02,6,16:05:00,22:01:00,5.933333333333334
52127,2024-07-03,0,07:38:00,21:56:00,14.3
52127,2024-07-04,0,07:41:00,21:51:00,14.166666666666666
52127,2024-07-05,1,16:06:00,21:54:00,5.8
52127,2024-07-06,1,07:35:00,21:57:00,14.366666666666667
52127,2024-07-07,2,07:38:00,21:55:00,14.283333333333333
52127,2024-07-08,2,07:36:00,21:43:00,14.116666666666667
52127,2024-07-09,3,07:42:00,21:58:00,14.266666666666667
52127,2024-07-10,3,07:15:00,21:55:00,14.666666666666666
52127,2024-07-11,4,07:28:00,21:41:00,14.216666666666667
52127,2024-07-12,4,16:04:00,20:56:00,4.866666666666666
52127,2024-07-13,5,07:42:00,21:56:00,14.233333333333333
52127,2024-07-14,5,07:32:00,21:58:00,14.433333333333334
52127,2024-07-15,6,07:39:00,21:56:00,14.283333333333333
52127,2024-07-16,6,07:42:00,21:55:00,14.216666666666667
52127,2024-07-17,0,07:42:00,22:00:00,14.3
52127,2024-07-18,0,07:29:00,21:58:00,14.483333333333333
52127,2024-07-19,1,16:16:00,21:55:00,5.65
52127,2024-07-20,1,07:39:00,21:58:00,14.316666666666666
52127,2024-07-21,2,07:37:00,21:57:00,14.333333333333334
52127,2024-07-22,2,07:36:00,21:25:00,13.816666666666666
52127,2024-07-23,3,07:30:00,21:56:00,14.433333333333334
52127,2024-07-24,3,07:46:00,21:56:00,14.166666666666666
52127,2024-07-25,4,07:35:00,21:43:00,14.133333333333333
52127,2024-07-26,4,16:05:00,21:58:00,5.883333333333334
52127,2024-07-27,0,07:29:00,21:55:00,14.433333333333334
52127,2024-07-28,0,07:39:00,21:55:00,14.266666666666667
52127,2024-07-29,1,07:23:00,21:59:00,14.6
52127,2024-07-30,1,07:15:00,21:59:00,14.733333333333333
52127,2024-07-31,2,07:24:00,21:59:00,14.583333333333334
52127,2024-08-01,2,07:22:00,21:55:00,14.55
52128,2024-06-04,3,08:23:00,11:58:00,3.5833333333333335
52128,2024-06-05,4,08:26:00,16:14:00,7.8
52128,2024-06-06,4,08:30:00,12:09:00,3.65
52128,2024-06-08,5,12:00:00,16:21:00,4.35
52128,2024-06-09,5,08:07:00,22:02:00,13.916666666666666
52128,2024-06-10,6,08:11:00,21:57:00,13.766666666666667
52128,2024-06-11,6,12:00:00,16:26:00,4.433333333333334
52128,2024-06-12,0,12:05:00,16:14:00,4.15
52128,2024-06-13,0,08:18:00,11:58:00,3.6666666666666665
52128,2024-06-15,1,08:37:00,12:08:00,3.5166666666666666
52128,2024-06-19,1,16:33:00,21:52:00,5.316666666666666
52128,2024-06-20,2,11:56:00,16:31:00,4.583333333333333
52128,2024-06-22,2,08:18:00,21:57:00,13.65
52128,2024-06-23,3,08:36:00,21:52:00,13.266666666666667
52128,2024-06-24,3,08:32:00,21:50:00,13.3
52128,2024-06-25,4,08:40:00,21:55:00,13.25
52128,2024-06-26,4,08:10:00,16:30:00,8.333333333333334
52128,2024-06-27,0,08:32:00,16:39:00,8.116666666666667
52128,2024-06-29,0,12:07:00,16:11:00,4.066666666666666
52128,2024-06-30,1,08:18:00,22:17:00,13.983333333333333
52128,2024-07-01,1,08:27:00,16:12:00,7.75
52128,2024-07-02,2,08:25:00,22:00:00,13.583333333333334
52128,2024-07-03,2,08:39:00,21:58:00,13.316666666666666
52128,2024-07-04,3,08:21:00,16:21:00,8.0
52128,2024-07-06,3,08:29:00,12:02:00,3.55
52128,2024-07-07,4,08:26:00,22:02:00,13.6
52128,2024-07-08,4,08:19:00,21:55:00,13.6
52128,2024-07-09,5,08:26:00,16:39:00,8.216666666666667
52128,2024-07-10,5,08:25:00,12:06:00,3.683333333333333
52128,2024-07-11,6,08:32:00,12:03:00,3.5166666666666666
52128,2024-07-13,6,08:29:00,12:07:00,3.6333333333333333
52128,2024-07-14,0,08:34:00,22:03:00,13.483333333333333
52128,2024-07-15,0,12:00:00,16:21:00,4.35
52128,2024-07-16,1,08:40:00,16:27:00,7.783333333333333
52128,2024-07-17,1,12:05:00,16:27:00,4.366666666666666
52128,2024-07-18,2,08:33:00,11:59:00,3.433333333333333
52128,2024-07-20,2,08:28:00,21:54:00,13.433333333333334
52128,2024-07-21,3,10:11:00,22:01:00,11.833333333333334
52128,2024-07-22,3,08:25:00,16:36:00,8.183333333333334
52128,2024-07-23,4,08:45:00,22:06:00,13.35
52128,2024-07-24,4,08:33:00,22:04:00,13.516666666666667
52128,2024-07-25,5,08:38:00,21:53:00,13.25
52128,2024-07-27,5,08:27:00,22:00:00,13.55
52128,2024-07-28,0,08:19:00,12:00:00,3.683333333333333
52128,2024-07-29,0,08:20:00,21:57:00,13.616666666666667
52128,2024-07-30,1,08:18:00,21:58:00,13.666666666666666
52128,2024-07-31,1,08:29:00,16:11:00,7.7
52128,2024-08-01,2,08:04:00,21:57:00,13.883333333333333
52130,2024-06-04,3,07:05:00,22:06:00,15.016666666666667
52130,2024-06-05,3,07:02:00,22:07:00,15.083333333333334
52130,2024-06-06,4,07:03:00,22:07:00,15.066666666666666
52130,2024-06-07,4,16:03:00,22:03:00,6.0
52130,2024-06-08,5,07:03:00,22:03:00,15.0
52130,2024-06-09,5,07:04:00,22:01:00,14.95
52130,2024-06-10,6,07:02:00,22:07:00,15.083333333333334
52130,2024-06-11,6,07:02:00,22:01:00,14.983333333333333
52130,2024-06-12,0,07:03:00,22:06:00,15.05
52130,2024-06-13,0,07:01:00,22:10:00,15.15
52130,2024-06-14,1,16:06:00,22:02:00,5.933333333333334
52130,2024-06-15,1,07:04:00,23:14:00,16.166666666666668
52130,2024-06-19,2,07:01:00,22:07:00,15.1
52130,2024-06-20,2,07:03:00,22:00:00,14.95
52130,2024-06-21,3,16:01:00,21:58:00,5.95
52130,2024-06-22,3,07:03:00,22:02:00,14.983333333333333
52130,2024-06-23,4,07:03:00,21:57:00,14.9
52130,2024-06-24,4,07:03:00,22:05:00,15.033333333333333
52130,2024-06-25,5,07:00:00,21:59:00,14.983333333333333
52130,2024-06-26,5,07:03:00,22:00:00,14.95
52130,2024-06-27,6,07:03:00,12:01:00,4.966666666666667
52130,2024-06-28,6,16:06:00,22:07:00,6.016666666666667
52130,2024-06-29,0,07:03:00,22:01:00,14.966666666666667
52130,2024-06-30,0,07:01:00,22:01:00,15.0
52130,2024-07-01,1,07:01:00,22:01:00,15.0
52130,2024-07-02,1,07:01:00,22:02:00,15.016666666666667
52130,2024-07-03,2,07:03:00,22:01:00,14.966666666666667
52130,2024-07-04,2,07:04:00,22:00:00,14.933333333333334
52130,2024-07-05,3,16:05:00,21:59:00,5.9
52130,2024-07-06,3,07:04:00,22:00:00,14.933333333333334
52130,2024-07-07,4,07:04:00,22:06:00,15.033333333333333
52130,2024-07-08,4,07:01:00,22:00:00,14.983333333333333
52130,2024-07-09,5,07:03:00,22:02:00,14.983333333333333
52130,2024-07-10,5,07:04:00,22:00:00,14.933333333333334
52130,2024-07-11,6,07:03:00,12:03:00,5.0
52130,2024-07-12,6,16:04:00,22:00:00,5.933333333333334
52130,2024-07-13,0,07:04:00,22:02:00,14.966666666666667
52130,2024-07-14,0,07:03:00,22:01:00,14.966666666666667
52130,2024-07-15,1,07:05:00,21:59:00,14.9
52130,2024-07-16,1,07:04:00,21:57:00,14.883333333333333
52130,2024-07-17,2,07:02:00,22:02:00,15.0
52130,2024-07-18,2,07:03:00,21:57:00,14.9
52130,2024-07-19,3,16:02:00,22:04:00,6.033333333333333
52130,2024-07-20,3,07:02:00,21:59:00,14.95
52130,2024-07-21,4,07:03:00,22:01:00,14.966666666666667
52130,2024-07-22,4,07:03:00,21:55:00,14.866666666666667
52130,2024-07-23,5,07:02:00,22:01:00,14.983333333333333
52130,2024-07-24,5,07:03:00,21:58:00,14.916666666666666
52130,2024-07-25,6,07:02:00,21:58:00,14.933333333333334
52130,2024-07-26,6,16:08:00,22:00:00,5.866666666666666
52130,2024-07-27,0,07:04:00,21:59:00,14.916666666666666
52130,2024-07-28,0,07:05:00,21:58:00,14.883333333333333
52130,2024-07-29,1,07:02:00,22:06:00,15.066666666666666
52130,2024-07-30,1,07:05:00,22:00:00,14.916666666666666
52130,2024-07-31,2,07:01:00,22:01:00,15.0
52130,2024-08-01,2,07:01:00,21:58:00,14.95
52131,2024-06-04,4,10:19:00,22:05:00,11.766666666666667
52131,2024-06-05,4,10:16:00,22:03:00,11.783333333333333
52131,2024-06-06,5,10:18:00,22:13:00,11.916666666666666
52131,2024-06-07,5,16:13:00,22:02:00,5.816666666666666
52131,2024-06-08,6,10:20:00,22:05:00,11.75
52131,2024-06-09,6,10:20:00,22:00:00,11.666666666666666
52131,2024-06-10,0,10:18:00,22:08:00,11.833333333333334
52131,2024-06-11,0,10:16:00,22:02:00,11.766666666666667
52131,2024-06-12,1,10:19:00,22:04:00,11.75
52131,2024-06-13,1,10:16:00,22:14:00,11.966666666666667
52131,2024-06-14,2,16:08:00,22:06:00,5.966666666666667
52131,2024-06-15,2,10:14:00,23:48:00,13.566666666666666
52131,2024-06-19,3,10:17:00,16:15:00,5.966666666666667
52131,2024-06-21,3,16:05:00,22:01:00,5.933333333333334
52131,2024-06-22,4,10:17:00,22:05:00,11.8
52131,2024-06-23,4,10:17:00,21:58:00,11.683333333333334
52131,2024-06-24,5,10:16:00,22:04:00,11.8
52131,2024-06-25,5,10:17:00,22:00:00,11.716666666666667
52131,2024-06-26,6,10:15:00,22:00:00,11.75
52131,2024-06-27,6,10:15:00,21:59:00,11.733333333333333
52131,2024-06-28,0,16:15:00,22:09:00,5.9
52131,2024-06-29,0,10:19:00,22:00:00,11.683333333333334
52131,2024-06-30,1,10:19:00,22:03:00,11.733333333333333
52131,2024-07-01,1,10:15:00,22:04:00,11.816666666666666
52131,2024-07-02,2,10:18:00,22:05:00,11.783333333333333
52131,2024-07-03,2,10:18:00,22:04:00,11.766666666666667
52131,2024-07-04,3,10:13:00,16:05:00,5.866666666666666
52131,2024-07-05,3,16:07:00,21:58:00,5.85
52131,2024-07-06,4,10:20:00,22:02:00,11.7
52131,2024-07-07,4,10:18:00,22:18:00,12.0
52131,2024-07-08,6,10:16:00,22:00:00,11.733333333333333
52131,2024-07-09,6,10:17:00,22:00:00,11.716666666666667
52131,2024-07-10,0,10:15:00,22:01:00,11.766666666666667
52131,2024-07-11,0,10:17:00,21:59:00,11.7
52131,2024-07-12,1,16:11:00,22:01:00,5.833333333333333
52131,2024-07-13,1,10:17:00,22:20:00,12.05
52131,2024-07-14,2,10:13:00,22:02:00,11.816666666666666
52131,2024-07-15,2,13:02:00,21:59:00,8.95
52131,2024-07-16,3,10:14:00,21:57:00,11.716666666666667
52131,2024-07-17,3,10:16:00,22:01:00,11.75
52131,2024-07-18,4,10:14:00,22:01:00,11.783333333333333
52131,2024-07-19,4,16:09:00,22:05:00,5.933333333333334
52131,2024-07-20,5,10:12:00,22:01:00,11.816666666666666
52131,2024-07-21,5,10:16:00,22:03:00,11.783333333333333
52131,2024-07-22,6,10:19:00,21:56:00,11.616666666666667
52131,2024-07-23,6,10:16:00,22:00:00,11.733333333333333
52131,2024-07-24,0,10:17:00,22:00:00,11.716666666666667
52131,2024-07-25,0,10:16:00,21:58:00,11.7
52131,2024-07-26,1,16:14:00,22:51:00,6.616666666666666
52131,2024-07-27,1,10:18:00,22:00:00,11.7
52131,2024-07-28,2,10:18:00,22:05:00,11.783333333333333
52131,2024-07-29,2,07:04:00,19:12:00,12.133333333333333
52131,2024-07-30,3,07:21:00,22:03:00,14.7
52131,2024-07-31,3,07:05:00,22:01:00,14.933333333333334
52131,2024-08-01,4,16:06:00,22:03:00,5.95
52133,2024-06-04,5,10:13:00,22:01:00,11.8
52133,2024-06-05,0,10:11:00,22:03:00,11.866666666666667
52133,2024-06-06,0,10:11:00,22:02:00,11.85
52133,2024-06-07,1,16:10:00,21:58:00,5.8
52133,2024-06-08,1,10:17:00,22:03:00,11.766666666666667
52133,2024-06-09,2,10:14:00,21:58:00,11.733333333333333
52133,2024-06-10,2,10:14:00,22:03:00,11.816666666666666
52133,2024-06-11,3,10:04:00,22:02:00,11.966666666666667
52133,2024-06-12,3,10:15:00,16:49:00,6.566666666666666
52133,2024-06-13,4,10:11:00,22:00:00,11.816666666666666
52133,2024-06-14,4,16:09:00,22:06:00,5.95
52133,2024-06-19,5,10:12:00,22:02:00,11.833333333333334
52133,2024-06-20,6,10:06:00,22:07:00,12.016666666666667
52133,2024-06-21,6,16:10:00,21:58:00,5.8
52133,2024-06-22,0,10:13:00,21:59:00,11.766666666666667
52133,2024-06-23,0,10:10:00,21:57:00,11.783333333333333
52133,2024-06-24,1,10:11:00,22:04:00,11.883333333333333
52133,2024-06-25,1,10:11:00,21:59:00,11.8
52133,2024-06-26,2,10:09:00,22:00:00,11.85
52133,2024-06-27,2,12:58:00,22:01:00,9.05
52133,2024-06-28,3,16:10:00,21:59:00,5.816666666666666
52133,2024-06-29,3,10:11:00,22:00:00,11.816666666666666
52133,2024-06-30,4,10:12:00,21:57:00,11.75
52133,2024-07-01,4,10:11:00,22:05:00,11.9
52133,2024-07-02,5,10:12:00,21:59:00,11.783333333333333
52133,2024-07-03,5,10:18:00,21:57:00,11.65
52133,2024-07-04,6,10:11:00,21:57:00,11.766666666666667
52133,2024-07-05,6,16:08:00,21:57:00,5.816666666666666
52133,2024-07-06,0,10:09:00,22:02:00,11.883333333333333
52133,2024-07-07,0,13:03:00,16:05:00,3.033333333333333
52133,2024-07-08,1,10:10:00,21:58:00,11.8
52133,2024-07-09,1,10:11:00,21:59:00,11.8
52133,2024-07-10,2,10:12:00,21:59:00,11.783333333333333
52133,2024-07-11,2,10:12:00,21:58:00,11.766666666666667
52133,2024-07-12,3,16:03:00,22:00:00,5.95
52133,2024-07-13,3,10:14:00,22:00:00,11.766666666666667
52133,2024-07-14,4,10:11:00,22:00:00,11.816666666666666
52133,2024-07-15,4,11:09:00,11:58:00,0.8166666666666667
52133,2024-07-16,5,10:10:00,21:56:00,11.766666666666667
52133,2024-07-17,5,10:09:00,11:58:00,1.8166666666666667
52133,2024-07-18,6,10:14:00,21:58:00,11.733333333333333
52133,2024-07-19,6,16:13:00,22:06:00,5.883333333333334
52133,2024-07-20,0,10:10:00,21:58:00,11.8
52133,2024-07-21,0,10:52:00,12:01:00,1.15
52133,2024-07-22,1,16:04:00,21:55:00,5.85
52133,2024-07-23,1,10:10:00,22:01:00,11.85
52133,2024-07-24,2,10:08:00,21:58:00,11.833333333333334
52133,2024-07-25,2,10:14:00,21:57:00,11.716666666666667
52133,2024-07-26,3,16:12:00,22:01:00,5.816666666666666
52133,2024-07-27,3,10:14:00,12:05:00,1.85
52133,2024-07-28,4,10:09:00,22:05:00,11.933333333333334
52133,2024-07-29,4,10:15:00,22:07:00,11.866666666666667
52133,2024-07-30,5,10:12:00,12:02:00,1.8333333333333333
52133,2024-07-31,5,10:09:00,12:02:00,1.8833333333333333
52133,2024-08-01,6,10:12:00,21:58:00,11.766666666666667
52134,2024-06-04,0,07:09:00,22:02:00,14.883333333333333
52134,2024-06-05,1,07:04:00,21:59:00,14.916666666666666
52134,2024-06-06,1,07:17:00,21:53:00,14.6
52134,2024-06-07,2,16:04:00,21:58:00,5.9
52134,2024-06-08,2,07:51:00,21:58:00,14.116666666666667
52134,2024-06-09,3,07:05:00,22:00:00,14.916666666666666
52134,2024-06-10,3,07:02:00,22:02:00,15.0
52134,2024-06-11,4,07:05:00,22:02:00,14.95
52134,2024-06-12,4,07:05:00,21:57:00,14.866666666666667
52134,2024-06-13,5,07:03:00,22:19:00,15.266666666666667
52134,2024-06-14,5,16:06:00,22:23:00,6.283333333333333
52134,2024-06-15,6,07:06:00,23:12:00,16.1
52134,2024-06-19,6,07:06:00,22:00:00,14.9
52134,2024-06-20,0,07:07:00,21:58:00,14.85
52134,2024-06-21,0,16:04:00,21:57:00,5.883333333333334
52134,2024-06-22,1,06:59:00,22:40:00,15.683333333333334
52134,2024-06-23,1,16:05:00,21:57:00,5.866666666666666
52134,2024-06-24,2,07:03:00,21:58:00,14.916666666666666
52134,2024-06-25,2,07:11:00,21:58:00,14.783333333333333
52134,2024-06-26,3,07:23:00,22:00:00,14.616666666666667
52134,2024-06-27,3,07:57:00,21:59:00,14.033333333333333
52134,2024-06-28,4,16:08:00,22:33:00,6.416666666666667
52134,2024-06-29,4,07:13:00,21:56:00,14.716666666666667
52134,2024-06-30,5,07:14:00,21:58:00,14.733333333333333
52134,2024-07-01,5,07:11:00,21:55:00,14.733333333333333
52134,2024-07-02,6,07:18:00,22:34:00,15.266666666666667
52134,2024-07-03,6,07:12:00,21:56:00,14.733333333333333
52134,2024-07-04,0,07:05:00,21:59:00,14.9
52134,2024-07-05,0,16:04:00,22:06:00,6.033333333333333
52134,2024-07-06,1,13:03:00,21:57:00,8.9
52134,2024-07-08,1,16:04:00,21:59:00,5.916666666666667
52134,2024-07-09,2,16:04:00,22:45:00,6.683333333333334
52134,2024-07-10,2,07:01:00,22:05:00,15.066666666666666
52134,2024-07-11,3,07:08:00,21:57:00,14.816666666666666
52134,2024-07-12,3,16:10:00,22:08:00,5.966666666666667
52134,2024-07-13,4,07:04:00,22:26:00,15.366666666666667
52134,2024-07-14,4,07:03:00,22:04:00,15.016666666666667
52134,2024-07-15,6,07:30:00,21:58:00,14.466666666666667
52134,2024-07-16,6,07:08:00,22:00:00,14.866666666666667
52134,2024-07-17,0,07:03:00,22:00:00,14.95
52134,2024-07-19,0,16:06:00,22:04:00,5.966666666666667
52134,2024-07-20,1,07:17:00,22:02:00,14.75
52134,2024-07-21,1,07:05:00,22:04:00,14.983333333333333
52134,2024-07-22,2,07:22:00,21:56:00,14.566666666666666
52134,2024-07-23,2,07:10:00,21:59:00,14.816666666666666
52134,2024-07-24,3,07:07:00,22:02:00,14.916666666666666
52134,2024-07-25,3,07:06:00,21:59:00,14.883333333333333
52134,2024-07-26,4,16:04:00,22:04:00,6.0
52134,2024-07-27,4,07:04:00,22:00:00,14.933333333333334
52134,2024-07-28,5,07:06:00,22:00:00,14.9
52134,2024-07-29,5,07:02:00,22:03:00,15.016666666666667
52134,2024-07-30,6,07:11:00,22:00:00,14.816666666666666
52134,2024-07-31,6,07:05:00,22:01:00,14.933333333333334
52134,2024-08-01,0,07:18:00,22:01:00,14.716666666666667
52135,2024-06-04,1,07:05:00,11:58:00,4.883333333333334
52135,2024-06-06,2,07:01:00,21:58:00,14.95
52135,2024-06-07,2,16:05:00,21:58:00,5.883333333333334
52135,2024-06-08,3,06:58:00,22:00:00,15.033333333333333
52135,2024-06-09,3,06:57:00,22:01:00,15.066666666666666
52135,2024-06-10,4,07:02:00,21:59:00,14.95
52135,2024-06-11,4,07:03:00,22:03:00,15.0
52135,2024-06-12,5,07:03:00,21:58:00,14.916666666666666
52135,2024-06-13,5,06:59:00,21:57:00,14.966666666666667
52135,2024-06-14,1,16:04:00,23:45:00,7.683333333333334
52135,2024-06-15,1,07:15:00,22:51:00,15.6
52135,2024-06-19,2,07:01:00,21:58:00,14.95
52135,2024-06-20,2,07:03:00,21:58:00,14.916666666666666
52135,2024-06-21,3,16:03:00,22:00:00,5.95
52135,2024-06-22,3,07:00:00,21:59:00,14.983333333333333
52135,2024-06-23,4,07:00:00,21:57:00,14.95
52135,2024-06-24,4,07:02:00,21:58:00,14.933333333333334
52135,2024-06-25,5,07:00:00,21:59:00,14.983333333333333
52135,2024-06-26,5,06:59:00,21:58:00,14.983333333333333
52135,2024-06-27,6,07:16:00,22:20:00,15.066666666666666
52135,2024-06-28,6,16:08:00,22:10:00,6.033333333333333
52135,2024-06-29,0,07:01:00,21:58:00,14.95
52135,2024-06-30,0,07:01:00,21:58:00,14.95
52135,2024-07-01,1,06:58:00,22:00:00,15.033333333333333
52135,2024-07-02,1,07:02:00,22:12:00,15.166666666666666
52135,2024-07-03,2,07:02:00,21:57:00,14.916666666666666
52135,2024-07-04,2,07:02:00,21:58:00,14.933333333333334
52135,2024-07-05,3,16:06:00,22:17:00,6.183333333333334
52135,2024-07-06,3,07:01:00,21:58:00,14.95
52135,2024-07-07,4,07:01:00,21:58:00,14.95
52135,2024-07-08,4,07:02:00,21:59:00,14.95
52135,2024-07-09,5,07:03:00,21:58:00,14.916666666666666
52135,2024-07-10,5,07:04:00,21:59:00,14.916666666666666
52135,2024-07-11,6,07:01:00,21:56:00,14.916666666666666
52135,2024-07-12,6,16:06:00,21:57:00,5.85
52135,2024-07-13,0,07:02:00,21:59:00,14.95
52135,2024-07-14,0,07:03:00,21:57:00,14.9
52135,2024-07-15,1,16:06:00,21:55:00,5.816666666666666
52135,2024-07-16,1,07:02:00,21:58:00,14.933333333333334
52135,2024-07-17,2,07:04:00,21:59:00,14.916666666666666
52135,2024-07-18,2,07:01:00,21:57:00,14.933333333333334
52135,2024-07-19,3,16:08:00,21:58:00,5.833333333333333
52135,2024-07-20,3,07:04:00,21:57:00,14.883333333333333
52135,2024-07-21,4,07:04:00,21:57:00,14.883333333333333
52135,2024-07-22,4,07:05:00,21:57:00,14.866666666666667
52135,2024-07-23,5,07:04:00,21:56:00,14.866666666666667
52135,2024-07-24,5,07:02:00,22:10:00,15.133333333333333
52135,2024-07-25,6,07:04:00,21:57:00,14.883333333333333
52135,2024-07-26,6,16:05:00,21:58:00,5.883333333333334
52135,2024-07-27,0,07:04:00,21:58:00,14.9
52135,2024-07-28,0,07:05:00,21:56:00,14.85
52135,2024-07-29,1,07:04:00,22:01:00,14.95
52135,2024-07-30,1,07:01:00,21:59:00,14.966666666666667
52135,2024-07-31,2,07:03:00,21:59:00,14.933333333333334
52135,2024-08-01,2,07:01:00,22:16:00,15.25
52136,2024-06-04,4,08:15:00,23:01:00,14.766666666666667
52136,2024-06-05,4,08:08:00,23:02:00,14.9
52136,2024-06-06,5,08:12:00,23:16:00,15.066666666666666
52136,2024-06-07,5,16:07:00,22:56:00,6.816666666666666
52136,2024-06-08,6,08:07:00,22:59:00,14.866666666666667
52136,2024-06-09,6,08:19:00,23:02:00,14.716666666666667
52136,2024-06-10,0,08:13:00,22:58:00,14.75
52136,2024-06-11,0,08:12:00,23:08:00,14.933333333333334
52136,2024-06-12,1,08:14:00,23:01:00,14.783333333333333
52136,2024-06-13,1,08:14:00,23:00:00,14.766666666666667
52136,2024-06-14,2,16:07:00,22:59:00,6.866666666666666
52136,2024-06-15,2,08:17:00,23:21:00,15.066666666666666
52136,2024-06-19,3,07:58:00,23:12:00,15.233333333333333
52136,2024-06-20,3,08:19:00,23:10:00,14.85
52136,2024-06-21,4,16:13:00,22:54:00,6.683333333333334
52136,2024-06-22,4,08:15:00,22:50:00,14.583333333333334
52136,2024-06-23,5,08:18:00,23:03:00,14.75
52136,2024-06-24,5,08:15:00,22:55:00,14.666666666666666
52136,2024-06-25,6,08:19:00,22:56:00,14.616666666666667
52136,2024-06-26,6,08:12:00,23:00:00,14.8
52136,2024-06-27,0,08:13:00,23:09:00,14.933333333333334
52136,2024-06-28,0,16:08:00,23:03:00,6.916666666666667
52136,2024-06-29,1,08:16:00,23:04:00,14.8
52136,2024-06-30,1,08:08:00,22:59:00,14.85
52136,2024-07-01,2,08:05:00,23:13:00,15.133333333333333
52136,2024-07-02,2,08:13:00,23:07:00,14.9
52136,2024-07-03,3,08:13:00,23:11:00,14.966666666666667
52136,2024-07-04,3,08:23:00,23:38:00,15.25
52136,2024-07-05,4,16:11:00,22:55:00,6.733333333333333
52136,2024-07-06,4,08:22:00,12:02:00,3.6666666666666665
52136,2024-07-07,5,07:59:00,23:03:00,15.066666666666666
52136,2024-07-08,5,08:16:00,22:58:00,14.7
52136,2024-07-09,6,08:13:00,23:00:00,14.783333333333333
52136,2024-07-10,6,08:11:00,22:55:00,14.733333333333333
52136,2024-07-11,0,08:11:00,23:09:00,14.966666666666667
52136,2024-07-12,0,16:06:00,22:59:00,6.883333333333334
52136,2024-07-13,1,08:16:00,22:54:00,14.633333333333333
52136,2024-07-14,1,08:13:00,23:02:00,14.816666666666666
52136,2024-07-15,2,08:16:00,23:02:00,14.766666666666667
52136,2024-07-16,2,08:14:00,23:00:00,14.766666666666667
52136,2024-07-17,3,08:18:00,22:56:00,14.633333333333333
52136,2024-07-18,3,08:08:00,23:00:00,14.866666666666667
52136,2024-07-19,4,16:11:00,22:58:00,6.783333333333333
52136,2024-07-20,4,08:14:00,22:59:00,14.75
52136,2024-07-21,1,08:21:00,22:54:00,14.55
52136,2024-07-22,1,08:15:00,22:57:00,14.7
52136,2024-07-23,2,08:08:00,22:54:00,14.766666666666667
52136,2024-07-24,2,08:14:00,23:02:00,14.8
52136,2024-07-25,3,08:16:00,23:14:00,14.966666666666667
52136,2024-07-26,3,16:15:00,22:51:00,6.6
52136,2024-07-27,4,08:06:00,22:53:00,14.783333333333333
52136,2024-07-28,4,08:05:00,22:56:00,14.85
52136,2024-07-29,5,08:15:00,23:00:00,14.75
52136,2024-07-30,5,08:20:00,22:59:00,14.65
52136,2024-07-31,6,08:09:00,23:03:00,14.9
52136,2024-08-01,6,08:15:00,23:07:00,14.866666666666667
52138,2024-07-01,0,08:04:00,12:02:00,3.966666666666667
52138,2024-07-02,1,08:01:00,12:02:00,4.016666666666667
52138,2024-07-03,1,08:01:00,12:00:00,3.9833333333333334
52138,2024-07-04,2,08:00:00,23:58:00,15.966666666666667
52138,2024-07-05,2,08:01:00,23:59:00,15.966666666666667
52138,2024-07-06,3,08:05:00,11:59:00,3.9
52138,2024-07-07,3,08:01:00,23:59:00,15.966666666666667
52138,2024-07-08,4,08:02:00,23:59:00,15.95
52138,2024-07-09,4,08:02:00,12:00:00,3.966666666666667
52138,2024-07-10,5,08:00:00,22:03:00,14.05
52138,2024-07-11,5,08:01:00,22:01:00,14.0
52138,2024-07-12,6,08:04:00,22:00:00,13.933333333333334
52138,2024-07-13,6,08:02:00,22:02:00,14.0
52138,2024-07-14,0,08:01:00,22:00:00,13.983333333333333
52138,2024-07-15,0,08:01:00,21:59:00,13.966666666666667
52138,2024-07-16,1,08:02:00,22:01:00,13.983333333333333
52138,2024-07-17,1,07:59:00,22:03:00,14.066666666666666
52138,2024-07-18,2,07:59:00,22:04:00,14.083333333333334
52138,2024-07-19,2,08:03:00,22:01:00,13.966666666666667
52138,2024-07-20,3,08:00:00,22:00:00,14.0
52138,2024-07-21,3,08:03:00,22:01:00,13.966666666666667
52138,2024-07-22,4,08:00:00,21:59:00,13.983333333333333
52138,2024-07-23,4,08:00:00,21:56:00,13.933333333333334
52138,2024-07-24,5,08:02:00,22:00:00,13.966666666666667
52138,2024-07-25,5,08:03:00,22:02:00,13.983333333333333
52138,2024-07-26,6,08:03:00,21:58:00,13.916666666666666
52138,2024-07-27,6,08:02:00,22:01:00,13.983333333333333
52138,2024-07-28,0,08:01:00,23:59:00,15.966666666666667
52138,2024-07-29,0,08:02:00,23:13:00,15.183333333333334
52138,2024-07-30,1,08:02:00,22:07:00,14.083333333333334
52138,2024-07-31,1,08:02:00,22:56:00,14.9
52138,2024-08-01,2,08:02:00,23:00:00,14.966666666666667
52138,2024-08-02,2,08:03:00,10:58:00,2.9166666666666665
52139,2024-06-04,3,06:56:00,18:22:00,11.433333333333334
52139,2024-06-05,4,07:59:00,16:19:00,8.333333333333334
52139,2024-06-06,4,08:02:00,21:58:00,13.933333333333334
52139,2024-06-07,5,16:00:00,21:59:00,5.983333333333333
52139,2024-06-08,5,08:08:00,22:00:00,13.866666666666667
52139,2024-06-09,6,07:58:00,21:56:00,13.966666666666667
52139,2024-06-10,6,06:50:00,17:33:00,10.716666666666667
52139,2024-06-11,0,07:53:00,21:25:00,13.533333333333333
52139,2024-06-12,0,06:44:00,18:29:00,11.75
52139,2024-06-13,1,07:17:00,21:11:00,13.9
52139,2024-06-14,1,15:58:00,22:00:00,6.033333333333333
52139,2024-06-15,2,08:03:00,21:11:00,13.133333333333333
52139,2024-06-19,2,08:06:00,21:59:00,13.883333333333333
52139,2024-06-20,3,08:02:00,19:49:00,11.783333333333333
52139,2024-06-21,3,15:59:00,21:53:00,5.9
52139,2024-06-22,4,08:01:00,18:10:00,10.15
52139,2024-06-23,4,08:07:00,18:56:00,10.816666666666666
52139,2024-06-24,5,08:01:00,23:14:00,15.216666666666667
52139,2024-06-25,5,06:33:00,21:17:00,14.733333333333333
52139,2024-06-27,6,10:42:00,23:34:00,12.866666666666667
52139,2024-06-28,6,16:04:00,22:26:00,6.366666666666666
52139,2024-06-29,0,06:49:00,17:23:00,10.566666666666666
52139,2024-06-30,0,08:03:00,18:02:00,9.983333333333333
52139,2024-07-01,1,08:03:00,19:58:00,11.916666666666666
52139,2024-07-02,1,06:55:00,19:36:00,12.683333333333334
52139,2024-07-03,2,06:52:00,17:27:00,10.583333333333334
52139,2024-07-04,2,08:11:00,19:51:00,11.666666666666666
52139,2024-07-05,3,16:04:00,21:52:00,5.8
52139,2024-07-06,3,08:03:00,19:38:00,11.583333333333334
52139,2024-07-07,4,07:28:00,19:54:00,12.433333333333334
52139,2024-07-08,4,06:42:00,18:37:00,11.916666666666666
52139,2024-07-09,5,08:04:00,19:12:00,11.133333333333333
52139,2024-07-10,5,08:08:00,20:03:00,11.916666666666666
52139,2024-07-11,6,06:40:00,20:01:00,13.35
52139,2024-07-12,6,16:06:00,21:53:00,5.783333333333333
52139,2024-07-13,0,08:06:00,18:12:00,10.1
52139,2024-07-14,0,06:34:00,17:12:00,10.633333333333333
52139,2024-07-15,1,07:56:00,21:55:00,13.983333333333333
52139,2024-07-16,1,08:04:00,21:18:00,13.233333333333333
52139,2024-07-17,2,08:01:00,22:05:00,14.066666666666666
52139,2024-07-18,2,07:58:00,18:27:00,10.483333333333333
52139,2024-07-19,3,16:05:00,21:54:00,5.816666666666666
52139,2024-07-20,3,07:17:00,20:00:00,12.716666666666667
52139,2024-07-21,4,08:10:00,20:18:00,12.133333333333333
52139,2024-07-22,4,08:05:00,20:46:00,12.683333333333334
52139,2024-07-23,5,06:35:00,20:31:00,13.933333333333334
52139,2024-07-24,5,08:01:00,20:30:00,12.483333333333333
52139,2024-07-25,6,08:02:00,19:19:00,11.283333333333333
52139,2024-07-26,6,16:01:00,21:55:00,5.9
52139,2024-07-27,0,06:49:00,18:22:00,11.55
52139,2024-07-28,0,08:26:00,18:34:00,10.133333333333333
52139,2024-07-29,1,07:59:00,21:24:00,13.416666666666666
52139,2024-07-30,1,08:13:00,18:11:00,9.966666666666667
52139,2024-07-31,2,07:59:00,18:12:00,10.216666666666667
52139,2024-08-01,2,07:53:00,19:11:00,11.3
52140,2024-06-04,3,07:02:00,17:05:00,10.05
52140,2024-06-05,4,07:02:00,17:01:00,9.983333333333333
52140,2024-06-06,4,07:02:00,17:02:00,10.0
52140,2024-06-07,5,07:10:00,17:05:00,9.916666666666666
52140,2024-06-08,5,07:04:00,17:07:00,10.05
52140,2024-06-09,6,07:03:00,17:00:00,9.95
52140,2024-06-10,6,07:02:00,17:04:00,10.033333333333333
52140,2024-06-11,0,07:02:00,17:03:00,10.016666666666667
52140,2024-06-12,0,07:02:00,17:04:00,10.033333333333333
52140,2024-06-13,1,07:03:00,17:01:00,9.966666666666667
52140,2024-06-14,1,07:01:00,17:00:00,9.983333333333333
52140,2024-06-15,2,07:04:00,18:00:00,10.933333333333334
52140,2024-06-17,2,08:00:00,16:06:00,8.1
52140,2024-06-19,3,07:03:00,17:01:00,9.966666666666667
52140,2024-06-20,0,07:02:00,17:02:00,10.0
52140,2024-06-21,0,07:07:00,17:03:00,9.933333333333334
52140,2024-06-22,1,07:04:00,17:00:00,9.933333333333334
52140,2024-06-23,1,07:05:00,21:45:00,14.666666666666666
52140,2024-06-24,2,07:07:00,17:02:00,9.916666666666666
52140,2024-06-25,2,07:03:00,17:16:00,10.216666666666667
52140,2024-06-26,3,07:03:00,17:03:00,10.0
52140,2024-06-27,3,07:04:00,19:58:00,12.9
52140,2024-06-28,4,07:03:00,18:01:00,10.966666666666667
52140,2024-06-29,4,07:03:00,19:05:00,12.033333333333333
52140,2024-06-30,5,07:04:00,17:01:00,9.95
52140,2024-07-01,5,07:03:00,18:03:00,11.0
52140,2024-07-02,6,07:03:00,17:34:00,10.516666666666667
52140,2024-07-03,6,06:58:00,17:05:00,10.116666666666667
52140,2024-07-04,0,07:04:00,17:02:00,9.966666666666667
52140,2024-07-05,0,07:19:00,17:01:00,9.7
52140,2024-07-06,1,07:04:00,17:08:00,10.066666666666666
52140,2024-07-07,1,07:04:00,17:02:00,9.966666666666667
52140,2024-07-08,2,07:03:00,17:00:00,9.95
52140,2024-07-09,2,07:03:00,17:01:00,9.966666666666667
52140,2024-07-10,3,07:04:00,17:02:00,9.966666666666667
52140,2024-07-11,3,07:04:00,17:08:00,10.066666666666666
52140,2024-07-12,4,07:04:00,17:01:00,9.95
52140,2024-07-13,4,07:05:00,17:04:00,9.983333333333333
52140,2024-07-14,5,07:03:00,17:10:00,10.116666666666667
52140,2024-07-15,5,07:02:00,17:06:00,10.066666666666666
52140,2024-07-16,0,07:03:00,17:03:00,10.0
52140,2024-07-17,0,07:03:00,17:02:00,9.983333333333333
52140,2024-07-18,1,07:03:00,17:02:00,9.983333333333333
52140,2024-07-19,1,07:01:00,17:01:00,10.0
52140,2024-07-20,2,07:04:00,17:02:00,9.966666666666667
52140,2024-07-21,2,06:56:00,17:02:00,10.1
52140,2024-07-22,3,07:03:00,17:01:00,9.966666666666667
52140,2024-07-23,3,07:03:00,17:01:00,9.966666666666667
52140,2024-07-24,4,07:01:00,17:01:00,10.0
52140,2024-07-25,4,07:03:00,17:02:00,9.983333333333333
52140,2024-07-26,5,07:02:00,17:13:00,10.183333333333334
52140,2024-07-27,5,07:01:00,17:01:00,10.0
52140,2024-07-28,6,06:57:00,19:05:00,12.133333333333333
52140,2024-07-29,6,07:04:00,17:02:00,9.966666666666667
52140,2024-07-30,0,07:01:00,17:00:00,9.983333333333333
52140,2024-07-31,0,07:04:00,17:01:00,9.95
52140,2024-08-01,1,07:02:00,18:02:00,11.0
52140,2024-08-02,1,06:57:00,17:02:00,10.083333333333334
52141,2024-06-04,2,10:09:00,22:00:00,11.85
52141,2024-06-05,3,10:08:00,22:02:00,11.9
52141,2024-06-06,3,10:11:00,22:14:00,12.05
52141,2024-06-07,4,16:10:00,21:58:00,5.8
52141,2024-06-08,4,10:08:00,22:02:00,11.9
52141,2024-06-09,5,10:07:00,21:58:00,11.85
52141,2024-06-11,5,10:09:00,22:01:00,11.866666666666667
52141,2024-06-12,6,10:10:00,22:00:00,11.833333333333334
52141,2024-06-13,6,10:08:00,22:18:00,12.166666666666666
52141,2024-06-14,0,16:11:00,22:05:00,5.9
52141,2024-06-15,0,10:11:00,23:11:00,13.0
52141,2024-06-19,1,10:08:00,22:01:00,11.883333333333333
52141,2024-06-20,1,10:09:00,21:58:00,11.816666666666666
52141,2024-06-21,2,16:06:00,21:59:00,5.883333333333334
52141,2024-06-22,2,10:06:00,21:58:00,11.866666666666667
52141,2024-06-23,3,10:11:00,21:57:00,11.766666666666667
52141,2024-06-24,3,10:08:00,21:59:00,11.85
52141,2024-06-25,4,10:08:00,21:59:00,11.85
52141,2024-06-26,4,10:08:00,22:00:00,11.866666666666667
52141,2024-06-27,5,10:11:00,21:57:00,11.766666666666667
52141,2024-06-28,5,16:13:00,22:02:00,5.816666666666666
52141,2024-06-29,6,10:13:00,22:00:00,11.783333333333333
52141,2024-06-30,6,10:13:00,22:01:00,11.8
52141,2024-07-02,0,10:09:00,22:00:00,11.85
52141,2024-07-03,0,10:07:00,22:01:00,11.9
52141,2024-07-04,1,10:09:00,21:59:00,11.833333333333334
52141,2024-07-05,1,16:09:00,21:57:00,5.8
52141,2024-07-06,2,10:10:00,21:59:00,11.816666666666666
52141,2024-07-07,2,10:11:00,22:00:00,11.816666666666666
52141,2024-07-08,3,10:10:00,13:06:00,2.933333333333333
52141,2024-07-09,3,10:09:00,22:00:00,11.85
52141,2024-07-10,4,10:08:00,21:58:00,11.833333333333334
52141,2024-07-11,4,10:07:00,21:58:00,11.85
52141,2024-07-12,5,16:10:00,21:59:00,5.816666666666666
52141,2024-07-13,5,10:05:00,22:01:00,11.933333333333334
52141,2024-07-14,6,10:07:00,22:00:00,11.883333333333333
52141,2024-07-15,6,10:07:00,21:58:00,11.85
52141,2024-07-16,0,10:07:00,21:57:00,11.833333333333334
52141,2024-07-17,0,10:08:00,22:00:00,11.866666666666667
52141,2024-07-18,1,10:09:00,21:59:00,11.833333333333334
52141,2024-07-20,1,10:06:00,21:58:00,11.866666666666667
52141,2024-07-21,2,10:07:00,22:00:00,11.883333333333333
52141,2024-07-22,2,10:07:00,21:57:00,11.833333333333334
52141,2024-07-23,3,10:07:00,22:00:00,11.883333333333333
52141,2024-07-24,3,10:09:00,21:58:00,11.816666666666666
52141,2024-07-25,4,10:07:00,21:58:00,11.85
52141,2024-07-26,4,16:10:00,22:00:00,5.833333333333333
52141,2024-07-27,5,10:06:00,22:00:00,11.9
52141,2024-07-28,5,10:07:00,21:57:00,11.833333333333334
52141,2024-07-29,6,10:08:00,22:02:00,11.9
52141,2024-07-30,6,10:10:00,22:00:00,11.833333333333334
52141,2024-07-31,0,10:09:00,22:00:00,11.85
52141,2024-08-01,0,10:10:00,22:01:00,11.85
52142,2024-06-04,2,08:05:00,12:00:00,3.9166666666666665
52142,2024-06-05,2,08:02:00,22:01:00,13.983333333333333
52142,2024-06-06,3,08:08:00,22:02:00,13.9
52142,2024-06-07,3,08:46:00,10:44:00,1.9666666666666666
52142,2024-06-08,4,08:09:00,21:59:00,13.833333333333334
52142,2024-06-09,4,08:15:00,22:00:00,13.75
52142,2024-06-10,5,08:09:00,22:00:00,13.85
52142,2024-06-11,5,08:07:00,22:00:00,13.883333333333333
52142,2024-06-12,6,08:06:00,22:00:00,13.9
52142,2024-06-13,6,08:10:00,22:00:00,13.833333333333334
52142,2024-06-14,0,08:19:00,21:57:00,13.633333333333333
52142,2024-06-15,0,08:09:00,21:58:00,13.816666666666666
52142,2024-06-16,1,08:03:00,16:54:00,8.85
52142,2024-06-19,1,08:02:00,22:00:00,13.966666666666667
52142,2024-06-20,2,08:10:00,22:00:00,13.833333333333334
52142,2024-06-21,2,08:24:00,10:42:00,2.3
52142,2024-06-22,3,08:06:00,22:01:00,13.916666666666666
52142,2024-06-23,3,08:07:00,21:59:00,13.866666666666667
52142,2024-06-24,4,08:22:00,22:00:00,13.633333333333333
52142,2024-06-25,4,08:12:00,22:02:00,13.833333333333334
52142,2024-06-26,6,08:11:00,22:00:00,13.816666666666666
52142,2024-06-27,6,08:14:00,21:58:00,13.733333333333333
52142,2024-06-28,0,08:33:00,22:00:00,13.45
52142,2024-06-29,0,08:15:00,22:01:00,13.766666666666667
52142,2024-06-30,1,08:19:00,11:59:00,3.6666666666666665
52142,2024-07-01,1,08:03:00,22:03:00,14.0
52142,2024-07-02,2,08:15:00,22:00:00,13.75
52142,2024-07-03,2,08:11:00,21:59:00,13.8
52142,2024-07-04,3,08:18:00,21:59:00,13.683333333333334
52142,2024-07-05,3,08:34:00,10:47:00,2.216666666666667
52142,2024-07-06,4,08:11:00,21:59:00,13.8
52142,2024-07-07,4,08:02:00,21:59:00,13.95
52142,2024-07-08,5,08:13:00,12:01:00,3.8
52142,2024-07-09,5,08:13:00,12:00:00,3.783333333333333
52142,2024-07-10,6,08:04:00,22:01:00,13.95
52142,2024-07-11,6,08:03:00,21:57:00,13.9
52142,2024-07-12,0,08:18:00,22:00:00,13.7
52142,2024-07-13,0,08:10:00,22:01:00,13.85
52142,2024-07-14,1,08:11:00,11:59:00,3.8
52142,2024-07-15,1,08:13:00,22:00:00,13.783333333333333
52142,2024-07-16,2,08:16:00,22:01:00,13.75
52142,2024-07-17,2,08:17:00,22:00:00,13.716666666666667
52142,2024-07-18,3,08:06:00,22:00:00,13.9
52142,2024-07-20,3,08:13:00,22:01:00,13.8
52142,2024-07-21,4,08:16:00,22:00:00,13.733333333333333
52142,2024-07-22,4,08:17:00,21:58:00,13.683333333333334
52142,2024-07-23,5,08:15:00,22:00:00,13.75
52142,2024-07-24,5,08:09:00,22:00:00,13.85
52142,2024-07-25,0,08:11:00,22:00:00,13.816666666666666
52142,2024-07-26,0,08:14:00,22:02:00,13.8
52142,2024-07-27,1,08:07:00,22:00:00,13.883333333333333
52142,2024-07-28,1,08:09:00,21:58:00,13.816666666666666
52142,2024-07-29,2,08:05:00,22:01:00,13.933333333333334
52142,2024-07-30,2,08:09:00,21:59:00,13.833333333333334
52142,2024-07-31,3,08:08:00,23:24:00,15.266666666666667
52142,2024-08-01,3,08:16:00,22:00:00,13.733333333333333
52142,2024-08-02,4,08:33:00,10:46:00,2.216666666666667
52144,2024-06-04,5,07:09:00,22:02:00,14.883333333333333
52144,2024-06-05,5,07:13:00,22:02:00,14.816666666666666
52144,2024-06-06,6,07:28:00,22:01:00,14.55
52144,2024-06-07,6,16:05:00,21:59:00,5.9
52144,2024-06-08,0,06:59:00,22:01:00,15.033333333333333
52144,2024-06-09,0,07:10:00,21:59:00,14.816666666666666
52144,2024-06-10,1,07:20:00,22:03:00,14.716666666666667
52144,2024-06-11,1,07:12:00,22:01:00,14.816666666666666
52144,2024-06-12,2,07:08:00,12:01:00,4.883333333333334
52144,2024-06-13,2,07:06:00,22:02:00,14.933333333333334
52144,2024-06-14,3,16:05:00,22:07:00,6.033333333333333
52144,2024-06-15,3,07:03:00,23:15:00,16.2
52144,2024-06-19,4,07:08:00,23:12:00,16.066666666666666
52144,2024-06-20,4,07:06:00,21:59:00,14.883333333333333
52144,2024-06-21,5,16:08:00,22:07:00,5.983333333333333
52144,2024-06-22,5,07:29:00,21:59:00,14.5
52144,2024-06-23,6,07:52:00,21:58:00,14.1
52144,2024-06-24,6,07:06:00,21:59:00,14.883333333333333
52144,2024-06-25,0,07:02:00,12:05:00,5.05
52144,2024-06-26,0,07:12:00,22:00:00,14.8
52144,2024-06-27,1,07:09:00,21:59:00,14.833333333333334
52144,2024-06-28,1,16:01:00,22:05:00,6.066666666666666
52144,2024-06-29,2,16:26:00,22:00:00,5.566666666666666
52144,2024-06-30,2,07:08:00,22:03:00,14.916666666666666
52144,2024-07-01,3,07:13:00,22:03:00,14.833333333333334
52144,2024-07-02,3,06:58:00,22:00:00,15.033333333333333
52144,2024-07-03,4,07:09:00,21:59:00,14.833333333333334
52144,2024-07-04,4,07:14:00,21:59:00,14.75
52144,2024-07-05,5,16:10:00,22:36:00,6.433333333333334
52144,2024-07-06,5,07:13:00,22:02:00,14.816666666666666
52144,2024-07-07,6,07:01:00,22:04:00,15.05
52144,2024-07-08,6,07:10:00,22:00:00,14.833333333333334
52144,2024-07-09,0,11:59:00,16:07:00,4.133333333333334
52144,2024-07-10,0,07:10:00,22:01:00,14.85
52144,2024-07-11,1,07:12:00,21:59:00,14.783333333333333
52144,2024-07-12,1,16:08:00,22:03:00,5.916666666666667
52144,2024-07-13,2,07:12:00,22:05:00,14.883333333333333
52144,2024-07-14,2,16:04:00,22:00:00,5.933333333333334
52144,2024-07-15,3,07:15:00,22:01:00,14.766666666666667
52144,2024-07-16,3,07:10:00,22:00:00,14.833333333333334
52144,2024-07-17,4,07:13:00,22:00:00,14.783333333333333
52144,2024-07-18,4,07:22:00,22:00:00,14.633333333333333
52144,2024-07-19,5,16:08:00,22:03:00,5.916666666666667
52144,2024-07-20,5,07:07:00,21:59:00,14.866666666666667
52144,2024-07-21,6,07:09:00,22:01:00,14.866666666666667
52144,2024-07-22,6,07:11:00,11:59:00,4.8
52144,2024-07-23,0,07:13:00,22:00:00,14.783333333333333
52144,2024-07-24,0,07:13:00,22:01:00,14.8
52144,2024-07-25,1,07:18:00,21:58:00,14.666666666666666
52144,2024-07-26,1,16:09:00,22:00:00,5.85
52144,2024-07-27,2,07:16:00,21:59:00,14.716666666666667
52144,2024-07-28,2,12:02:00,16:08:00,4.1
52144,2024-07-29,3,07:14:00,12:10:00,4.933333333333334
52144,2024-07-30,3,07:16:00,21:59:00,14.716666666666667
52144,2024-07-31,4,07:13:00,22:01:00,14.8
52144,2024-08-01,4,07:15:00,22:03:00,14.8
52145,2024-06-04,6,07:36:00,21:57:00,14.35
52145,2024-06-05,6,07:44:00,18:23:00,10.65
52145,2024-06-06,0,07:35:00,21:58:00,14.383333333333333
52145,2024-06-07,0,16:00:00,21:59:00,5.983333333333333
52145,2024-06-08,1,07:26:00,21:03:00,13.616666666666667
52145,2024-06-09,1,06:31:00,22:32:00,16.016666666666666
52145,2024-06-10,2,06:26:00,19:02:00,12.6
52145,2024-06-11,2,06:32:00,18:21:00,11.816666666666666
52145,2024-06-12,3,06:33:00,18:59:00,12.433333333333334
52145,2024-06-13,3,07:04:00,18:49:00,11.75
52145,2024-06-14,4,16:02:00,22:01:00,5.983333333333333
52145,2024-06-15,4,06:29:00,18:11:00,11.7
52145,2024-06-19,5,06:40:00,18:48:00,12.133333333333333
52145,2024-06-21,6,16:00:00,21:53:00,5.883333333333334
52145,2024-06-22,6,06:25:00,20:51:00,14.433333333333334
52145,2024-06-23,0,07:07:00,18:56:00,11.816666666666666
52145,2024-06-24,0,06:54:00,21:23:00,14.483333333333333
52145,2024-06-25,1,06:50:00,18:15:00,11.416666666666666
52145,2024-06-26,1,06:26:00,19:10:00,12.733333333333333
52145,2024-06-27,2,06:58:00,19:04:00,12.1
52145,2024-06-28,2,16:03:00,22:00:00,5.95
52145,2024-06-29,3,06:37:00,21:01:00,14.4
52145,2024-06-30,3,07:26:00,22:04:00,14.633333333333333
52145,2024-07-01,4,07:27:00,20:10:00,12.716666666666667
52145,2024-07-02,4,06:37:00,18:47:00,12.166666666666666
52145,2024-07-03,2,06:28:00,19:55:00,13.45
52145,2024-07-04,2,07:31:00,20:25:00,12.9
52145,2024-07-05,3,15:53:00,21:52:00,5.983333333333333
52145,2024-07-06,3,07:32:00,21:53:00,14.35
52145,2024-07-07,4,07:00:00,18:32:00,11.533333333333333
52145,2024-07-08,4,07:00:00,19:05:00,12.083333333333334
52145,2024-07-09,5,06:58:00,18:31:00,11.55
52145,2024-07-10,5,07:30:00,21:39:00,14.15
52145,2024-07-11,6,06:55:00,21:07:00,14.2
52145,2024-07-12,6,16:03:00,21:53:00,5.833333333333333
52145,2024-07-13,0,07:25:00,21:26:00,14.016666666666667
52145,2024-07-14,0,06:29:00,17:12:00,10.716666666666667
52145,2024-07-15,1,07:27:00,21:55:00,14.466666666666667
52145,2024-07-16,1,07:32:00,21:48:00,14.266666666666667
52145,2024-07-17,2,07:31:00,22:05:00,14.566666666666666
52145,2024-07-18,2,07:30:00,20:46:00,13.266666666666667
52145,2024-07-19,3,16:07:00,21:54:00,5.783333333333333
52145,2024-07-20,3,08:03:00,21:56:00,13.883333333333333
52145,2024-07-21,4,07:40:00,21:41:00,14.016666666666667
52145,2024-07-22,4,07:43:00,20:31:00,12.8
52145,2024-07-23,5,07:57:00,21:55:00,13.966666666666667
52145,2024-07-24,5,08:02:00,22:04:00,14.033333333333333
52145,2024-07-25,6,07:39:00,21:53:00,14.233333333333333
52145,2024-07-26,6,15:54:00,21:53:00,5.983333333333333
52145,2024-07-27,0,06:51:00,18:27:00,11.6
52145,2024-07-29,1,06:56:00,18:02:00,11.1
52145,2024-07-30,1,07:03:00,18:11:00,11.133333333333333
52145,2024-07-31,2,07:05:00,18:11:00,11.1
52145,2024-08-01,2,07:02:00,22:00:00,14.966666666666667
52147,2024-06-06,4,14:08:00,23:45:00,9.616666666666667
52147,2024-06-09,5,14:05:00,23:56:00,9.85
52147,2024-06-13,0,14:05:00,23:57:00,9.866666666666667
52147,2024-06-14,0,14:10:00,23:54:00,9.733333333333333
52147,2024-06-15,1,14:09:00,23:51:00,9.7
52147,2024-06-16,1,16:14:00,23:57:00,7.716666666666667
52147,2024-06-19,2,14:06:00,23:58:00,9.866666666666667
52147,2024-06-20,2,14:08:00,23:54:00,9.766666666666667
52147,2024-06-22,3,14:09:00,23:55:00,9.766666666666667
52147,2024-06-23,3,14:06:00,23:03:00,8.95
52147,2024-06-25,4,14:20:00,23:56:00,9.6
52147,2024-06-26,4,14:06:00,23:56:00,9.833333333333334
52147,2024-06-27,5,14:04:00,23:57:00,9.883333333333333
52147,2024-06-29,5,14:06:00,23:52:00,9.766666666666667
52147,2024-07-01,6,14:02:00,23:55:00,9.883333333333333
52147,2024-07-02,6,14:07:00,23:57:00,9.833333333333334
52147,2024-07-05,0,14:08:00,23:54:00,9.766666666666667
52147,2024-07-08,1,14:06:00,23:58:00,9.866666666666667
52147,2024-07-09,1,14:07:00,23:55:00,9.8
52147,2024-07-12,2,14:09:00,23:55:00,9.766666666666667
52147,2024-07-13,3,14:09:00,23:53:00,9.733333333333333
52147,2024-07-14,3,14:06:00,23:55:00,9.816666666666666
52147,2024-07-15,4,14:09:00,23:57:00,9.8
52147,2024-07-16,4,14:08:00,23:57:00,9.816666666666666
52147,2024-07-17,6,14:05:00,23:57:00,9.866666666666667
52147,2024-07-18,6,14:10:00,23:57:00,9.783333333333333
52147,2024-07-19,0,14:06:00,23:55:00,9.816666666666666
52147,2024-07-20,0,14:06:00,23:56:00,9.833333333333334
52147,2024-07-21,1,04:00:00,23:58:00,19.966666666666665
52147,2024-07-23,1,14:08:00,23:56:00,9.8
52147,2024-07-24,2,13:58:00,23:53:00,9.916666666666666
52147,2024-07-25,2,14:09:00,23:55:00,9.766666666666667
52147,2024-07-26,3,14:06:00,23:58:00,9.866666666666667
52147,2024-07-27,3,14:00:00,23:55:00,9.916666666666666
52147,2024-07-28,4,14:05:00,23:55:00,9.833333333333334
52147,2024-07-29,4,14:06:00,23:54:00,9.8
52147,2024-07-30,5,14:17:00,23:36:00,9.316666666666666
52147,2024-07-31,5,14:06:00,23:55:00,9.816666666666666
52148,2024-06-04,6,10:05:00,22:01:00,11.933333333333334
52148,2024-06-05,0,10:06:00,22:06:00,12.0
52148,2024-06-06,0,10:04:00,22:14:00,12.166666666666666
52148,2024-06-07,1,16:10:00,22:00:00,5.833333333333333
52148,2024-06-08,1,10:10:00,22:03:00,11.883333333333333
52148,2024-06-09,2,13:05:00,21:59:00,8.9
52148,2024-06-10,2,10:11:00,22:02:00,11.85
52148,2024-06-11,3,10:09:00,22:01:00,11.866666666666667
52148,2024-06-12,3,13:07:00,22:04:00,8.95
52148,2024-06-13,4,10:07:00,22:07:00,12.0
52148,2024-06-14,4,16:08:00,22:06:00,5.966666666666667
52148,2024-06-15,5,10:08:00,23:10:00,13.033333333333333
52148,2024-06-19,5,10:09:00,22:01:00,11.866666666666667
52148,2024-06-20,6,13:05:00,21:59:00,8.9
52148,2024-06-21,6,16:07:00,22:01:00,5.9
52148,2024-06-22,0,10:06:00,21:57:00,11.85
52148,2024-06-23,0,10:08:00,21:58:00,11.833333333333334
52148,2024-06-25,1,10:06:00,21:58:00,11.866666666666667
52148,2024-06-26,1,10:08:00,21:57:00,11.816666666666666
52148,2024-06-27,2,10:11:00,21:59:00,11.8
52148,2024-06-28,2,16:10:00,22:00:00,5.833333333333333
52148,2024-06-29,3,10:09:00,21:57:00,11.8
52148,2024-06-30,3,10:07:00,21:58:00,11.85
52148,2024-07-01,4,10:08:00,21:59:00,11.85
52148,2024-07-02,4,13:06:00,22:01:00,8.916666666666666
52148,2024-07-03,5,10:08:00,21:57:00,11.816666666666666
52148,2024-07-04,5,10:08:00,21:59:00,11.85
52148,2024-07-05,6,16:08:00,21:58:00,5.833333333333333
52148,2024-07-06,6,10:09:00,22:22:00,12.216666666666667
52148,2024-07-07,0,10:10:00,22:04:00,11.9
52148,2024-07-08,0,10:08:00,21:59:00,11.85
52148,2024-07-09,1,10:10:00,22:21:00,12.183333333333334
52148,2024-07-10,1,13:04:00,21:58:00,8.9
52148,2024-07-11,2,10:04:00,21:58:00,11.9
52148,2024-07-12,2,16:11:00,22:00:00,5.816666666666666
52148,2024-07-13,3,13:06:00,22:01:00,8.916666666666666
52148,2024-07-14,3,10:06:00,21:59:00,11.883333333333333
52148,2024-07-15,4,13:05:00,21:59:00,8.9
52148,2024-07-16,4,10:10:00,22:00:00,11.833333333333334
52148,2024-07-17,5,10:05:00,22:00:00,11.916666666666666
52148,2024-07-18,5,10:07:00,22:00:00,11.883333333333333
52148,2024-07-19,6,16:09:00,22:03:00,5.9
52148,2024-07-20,6,10:09:00,22:01:00,11.866666666666667
52148,2024-07-21,0,10:07:00,21:59:00,11.866666666666667
52148,2024-07-22,0,10:07:00,21:58:00,11.85
52148,2024-07-23,1,10:07:00,22:02:00,11.916666666666666
52148,2024-07-24,1,10:06:00,21:58:00,11.866666666666667
52148,2024-07-25,2,10:07:00,21:57:00,11.833333333333334
52148,2024-07-26,2,16:07:00,22:00:00,5.883333333333334
52148,2024-07-27,3,10:10:00,21:58:00,11.8
52148,2024-07-28,3,10:05:00,21:57:00,11.866666666666667
52148,2024-07-29,4,10:08:00,22:06:00,11.966666666666667
52148,2024-07-30,4,10:05:00,21:59:00,11.9
52148,2024-07-31,5,10:10:00,22:01:00,11.85
52148,2024-08-01,5,10:09:00,22:00:00,11.85
52149,2024-06-16,5,16:05:00,23:56:00,7.85
52149,2024-06-17,6,08:05:00,15:59:00,7.9
52149,2024-06-18,6,16:00:00,23:54:00,7.9
52149,2024-06-27,4,08:00:00,22:05:00,14.083333333333334
52149,2024-06-28,4,08:04:00,22:13:00,14.15
52149,2024-06-29,5,08:01:00,22:00:00,13.983333333333333
52149,2024-06-30,5,08:02:00,22:00:00,13.966666666666667
52149,2024-07-01,6,08:00:00,21:59:00,13.983333333333333
52149,2024-07-02,6,08:02:00,22:00:00,13.966666666666667
52149,2024-07-03,0,08:01:00,22:01:00,14.0
52149,2024-07-05,0,08:04:00,22:00:00,13.933333333333334
52149,2024-07-06,1,08:01:00,21:59:00,13.966666666666667
52149,2024-07-07,1,08:01:00,22:02:00,14.016666666666667
52149,2024-07-09,2,08:01:00,22:00:00,13.983333333333333
52149,2024-07-10,3,08:01:00,22:00:00,13.983333333333333
52149,2024-07-11,3,08:00:00,21:58:00,13.966666666666667
52149,2024-07-12,4,08:01:00,22:00:00,13.983333333333333
52149,2024-07-13,4,08:34:00,22:01:00,13.45
52149,2024-07-14,5,08:00:00,12:00:00,4.0
52149,2024-07-15,5,07:59:00,22:00:00,14.016666666666667
52149,2024-07-16,6,08:00:00,22:00:00,14.0
52149,2024-07-17,6,08:01:00,22:26:00,14.416666666666666
52149,2024-07-18,0,07:58:00,22:00:00,14.033333333333333
52149,2024-07-19,0,08:03:00,22:00:00,13.95
52149,2024-07-20,1,08:02:00,12:00:00,3.966666666666667
52149,2024-07-21,1,08:03:00,22:02:00,13.983333333333333
52149,2024-07-22,2,08:00:00,21:59:00,13.983333333333333
52149,2024-07-23,2,08:00:00,22:00:00,14.0
52149,2024-07-24,3,08:02:00,22:00:00,13.966666666666667
52149,2024-07-25,3,08:02:00,22:04:00,14.033333333333333
52149,2024-07-26,4,08:02:00,22:00:00,13.966666666666667
52149,2024-07-27,4,08:03:00,22:00:00,13.95
52149,2024-07-28,6,08:01:00,15:54:00,7.883333333333334
52149,2024-07-29,6,08:01:00,22:04:00,14.05
52149,2024-07-30,0,08:05:00,22:00:00,13.916666666666666
52149,2024-07-31,0,08:00:00,22:00:00,14.0
52149,2024-08-01,1,08:02:00,22:00:00,13.966666666666667
52149,2024-08-02,1,08:04:00,10:45:00,2.683333333333333
52150,2024-07-01,2,10:10:00,16:03:00,5.883333333333334
52150,2024-07-02,2,10:00:00,15:58:00,5.966666666666667
52150,2024-07-03,3,08:01:00,23:58:00,15.95
52150,2024-07-04,3,09:57:00,16:01:00,6.066666666666666
52150,2024-07-05,4,12:47:00,16:06:00,3.316666666666667
52150,2024-07-06,4,09:57:00,16:01:00,6.066666666666666
52150,2024-07-07,6,09:57:00,16:01:00,6.066666666666666
52150,2024-07-08,6,10:00:00,16:00:00,6.0
52150,2024-07-09,0,09:56:00,15:56:00,6.0
52150,2024-07-10,0,11:10:00,16:02:00,4.866666666666666
52150,2024-07-11,1,10:57:00,15:56:00,4.983333333333333
52150,2024-07-12,1,12:51:00,16:00:00,3.15
52150,2024-07-14,2,11:10:00,15:57:00,4.783333333333333
52150,2024-07-15,3,11:01:00,16:00:00,4.983333333333333
52150,2024-07-16,3,10:59:00,15:57:00,4.966666666666667
52150,2024-07-17,4,11:01:00,15:57:00,4.933333333333334
52150,2024-07-18,4,11:00:00,15:58:00,4.966666666666667
52150,2024-07-19,5,15:59:00,20:57:00,4.966666666666667
52150,2024-07-20,5,02:00:00,15:58:00,13.966666666666667
52150,2024-07-21,0,11:01:00,15:57:00,4.933333333333334
52150,2024-07-22,0,11:00:00,15:56:00,4.933333333333334
52150,2024-07-23,1,10:57:00,16:00:00,5.05
52150,2024-07-24,1,11:00:00,15:59:00,4.983333333333333
52150,2024-07-25,2,11:00:00,15:57:00,4.95
52150,2024-07-26,2,12:49:00,15:59:00,3.1666666666666665
52150,2024-07-27,3,10:58:00,15:56:00,4.966666666666667
52150,2024-07-28,3,10:58:00,16:01:00,5.05
52150,2024-07-29,4,10:58:00,16:01:00,5.05
52150,2024-07-30,4,12:35:00,16:01:00,3.433333333333333
52150,2024-07-31,5,10:59:00,15:59:00,5.0
52150,2024-08-01,5,10:56:00,16:00:00,5.066666666666666
52150,2024-08-02,6,12:56:00,15:59:00,3.05
52151,2024-06-04,6,00:00:00,16:01:00,16.016666666666666
52151,2024-06-05,0,10:02:00,23:58:00,13.933333333333334
52151,2024-06-06,0,10:03:00,16:02:00,5.983333333333333
52151,2024-06-07,1,13:01:00,16:08:00,3.1166666666666667
52151,2024-06-10,1,10:02:00,16:01:00,5.983333333333333
52151,2024-06-11,2,10:04:00,23:56:00,13.866666666666667
52151,2024-06-12,2,10:02:00,23:55:00,13.883333333333333
52151,2024-06-13,3,10:02:00,16:03:00,6.016666666666667
52151,2024-06-14,3,12:50:00,23:57:00,11.116666666666667
52151,2024-06-15,4,10:01:00,23:59:00,13.966666666666667
52151,2024-06-16,4,09:19:00,21:50:00,12.516666666666667
52151,2024-06-18,5,09:58:00,22:20:00,12.366666666666667
52151,2024-06-19,5,10:02:00,16:02:00,6.0
52151,2024-06-20,6,10:03:00,23:57:00,13.9
52151,2024-06-21,6,12:56:00,23:55:00,10.983333333333333
52151,2024-06-22,0,10:04:00,23:56:00,13.866666666666667
52151,2024-06-23,0,10:02:00,23:56:00,13.9
52151,2024-06-24,1,10:03:00,23:55:00,13.866666666666667
52151,2024-06-25,1,10:03:00,23:56:00,13.883333333333333
52151,2024-06-26,2,10:02:00,16:04:00,6.033333333333333
52151,2024-06-27,2,10:06:00,23:58:00,13.866666666666667
52151,2024-06-28,4,13:08:00,23:56:00,10.8
52151,2024-06-29,4,10:03:00,23:55:00,13.866666666666667
52151,2024-06-30,5,12:21:00,23:56:00,11.583333333333334
52151,2024-07-01,5,10:03:00,23:57:00,13.9
52151,2024-07-02,0,10:03:00,23:58:00,13.916666666666666
52151,2024-07-03,0,10:05:00,16:03:00,5.966666666666667
52151,2024-07-04,1,10:05:00,23:54:00,13.816666666666666
52151,2024-07-05,1,13:07:00,23:55:00,10.8
52151,2024-07-06,2,10:09:00,23:58:00,13.816666666666666
52151,2024-07-07,2,10:04:00,16:02:00,5.966666666666667
52151,2024-07-08,3,13:08:00,23:56:00,10.8
52151,2024-07-09,3,10:01:00,23:56:00,13.916666666666666
52151,2024-07-10,4,10:03:00,23:57:00,13.9
52151,2024-07-11,4,10:06:00,23:57:00,13.85
52151,2024-07-12,5,13:08:00,23:55:00,10.783333333333333
52151,2024-07-13,5,10:04:00,23:59:00,13.916666666666666
52151,2024-07-14,6,10:04:00,23:55:00,13.85
52151,2024-07-15,6,10:04:00,23:57:00,13.883333333333333
52151,2024-07-16,0,10:04:00,23:57:00,13.883333333333333
52151,2024-07-17,0,10:05:00,23:59:00,13.9
52151,2024-07-18,1,10:07:00,16:01:00,5.9
52151,2024-07-19,1,13:09:00,23:57:00,10.8
52151,2024-07-20,2,10:05:00,23:56:00,13.85
52151,2024-07-21,2,10:04:00,23:56:00,13.866666666666667
52151,2024-07-22,3,10:07:00,23:56:00,13.816666666666666
52151,2024-07-23,3,10:05:00,23:56:00,13.85
52151,2024-07-24,4,10:06:00,23:56:00,13.833333333333334
52151,2024-07-25,4,10:07:00,23:55:00,13.8
52151,2024-07-26,5,13:03:00,23:58:00,10.916666666666666
52151,2024-07-27,5,10:05:00,23:57:00,13.866666666666667
52151,2024-07-28,6,10:06:00,23:58:00,13.866666666666667
52151,2024-07-29,6,10:05:00,23:57:00,13.866666666666667
52151,2024-07-30,0,10:07:00,23:57:00,13.833333333333334
52151,2024-07-31,0,10:07:00,23:57:00,13.833333333333334
52151,2024-08-01,1,12:13:00,23:56:00,11.716666666666667
52151,2024-08-02,1,13:16:00,16:02:00,2.7666666666666666
52152,2024-06-04,2,08:02:00,22:01:00,13.983333333333333
52152,2024-06-05,3,07:56:00,22:04:00,14.133333333333333
52152,2024-06-06,3,10:46:00,11:55:00,1.15
52154,2024-06-04,4,08:07:00,12:00:00,3.8833333333333333
52154,2024-06-05,5,08:08:00,22:00:00,13.866666666666667
52154,2024-06-06,5,08:09:00,22:01:00,13.866666666666667
52154,2024-06-07,6,08:06:00,22:01:00,13.916666666666666
52154,2024-06-08,6,08:06:00,22:00:00,13.9
52154,2024-06-09,0,08:05:00,12:00:00,3.9166666666666665
52154,2024-06-10,0,08:05:00,22:00:00,13.916666666666666
52154,2024-06-11,1,08:06:00,22:00:00,13.9
52154,2024-06-12,1,08:07:00,22:00:00,13.883333333333333
52154,2024-06-13,2,08:06:00,22:04:00,13.966666666666667
52154,2024-06-14,2,08:05:00,22:07:00,14.033333333333333
52154,2024-06-15,3,08:07:00,21:58:00,13.85
52154,2024-06-16,3,08:12:00,16:59:00,8.783333333333333
52154,2024-06-18,4,08:10:00,20:13:00,12.05
52154,2024-06-19,4,08:04:00,22:03:00,13.983333333333333
52154,2024-06-20,1,08:05:00,22:00:00,13.916666666666666
52154,2024-06-21,1,08:09:00,22:00:00,13.85
52154,2024-06-22,2,08:10:00,12:00:00,3.8333333333333335
52154,2024-06-23,2,08:07:00,22:06:00,13.983333333333333
52154,2024-06-24,3,08:08:00,22:00:00,13.866666666666667
52154,2024-06-25,3,08:07:00,22:00:00,13.883333333333333
52154,2024-06-26,4,08:07:00,22:00:00,13.883333333333333
52154,2024-06-27,4,08:13:00,23:33:00,15.333333333333334
52154,2024-06-28,5,08:07:00,22:13:00,14.1
52154,2024-06-29,5,08:06:00,21:58:00,13.866666666666667
52154,2024-06-30,6,08:07:00,22:00:00,13.883333333333333
52154,2024-07-01,6,08:05:00,23:33:00,15.466666666666667
52154,2024-07-02,0,08:07:00,22:07:00,14.0
52154,2024-07-03,0,08:07:00,22:03:00,13.933333333333334
52154,2024-07-04,1,08:07:00,22:01:00,13.9
52154,2024-07-05,1,08:07:00,10:46:00,2.65
52154,2024-07-06,2,16:06:00,21:59:00,5.883333333333334
52154,2024-07-07,2,08:08:00,22:06:00,13.966666666666667
52154,2024-07-08,3,08:06:00,22:01:00,13.916666666666666
52154,2024-07-09,3,08:06:00,22:09:00,14.05
52154,2024-07-10,4,08:05:00,21:59:00,13.9
52154,2024-07-11,4,08:06:00,22:00:00,13.9
52154,2024-07-12,5,08:07:00,22:00:00,13.883333333333333
52154,2024-07-13,5,08:06:00,22:01:00,13.916666666666666
52154,2024-07-14,2,08:06:00,22:00:00,13.9
52154,2024-07-15,2,16:07:00,22:00:00,5.883333333333334
52154,2024-07-16,3,08:07:00,21:59:00,13.866666666666667
52154,2024-07-17,3,08:05:00,22:07:00,14.033333333333333
52154,2024-07-18,4,08:07:00,22:03:00,13.933333333333334
52154,2024-07-19,4,08:05:00,22:00:00,13.916666666666666
52154,2024-07-20,5,08:07:00,22:00:00,13.883333333333333
52154,2024-07-21,5,08:05:00,22:00:00,13.916666666666666
52154,2024-07-22,6,08:05:00,21:59:00,13.9
52154,2024-07-23,6,16:07:00,22:00:00,5.883333333333334
52154,2024-07-24,0,08:06:00,11:59:00,3.8833333333333333
52154,2024-07-25,0,08:07:00,22:00:00,13.883333333333333
52154,2024-07-26,1,08:07:00,22:00:00,13.883333333333333
52154,2024-07-27,1,08:07:00,22:00:00,13.883333333333333
52154,2024-07-28,2,08:06:00,22:02:00,13.933333333333334
52154,2024-07-29,2,08:06:00,22:00:00,13.9
52154,2024-07-30,3,08:08:00,22:00:00,13.866666666666667
52154,2024-07-31,3,08:13:00,21:59:00,13.766666666666667
52154,2024-08-01,4,08:11:00,22:08:00,13.95
52154,2024-08-02,4,08:07:00,10:46:00,2.65
52155,2024-06-04,5,08:09:00,22:00:00,13.85
52155,2024-06-05,6,08:09:00,22:00:00,13.85
52155,2024-06-06,6,08:09:00,22:02:00,13.883333333333333
52155,2024-06-07,0,08:11:00,22:00:00,13.816666666666666
52155,2024-06-08,0,08:06:00,22:00:00,13.9
52155,2024-06-09,1,08:09:00,22:00:00,13.85
52155,2024-06-10,1,08:06:00,22:00:00,13.9
52155,2024-06-11,2,08:06:00,22:00:00,13.9
52155,2024-06-12,2,08:10:00,22:00:00,13.833333333333334
52155,2024-06-13,3,08:08:00,22:04:00,13.933333333333334
52155,2024-06-14,3,08:14:00,22:02:00,13.8
52155,2024-06-15,4,08:03:00,23:02:00,14.983333333333333
52155,2024-06-16,4,08:16:00,16:54:00,8.633333333333333
52155,2024-06-17,5,08:01:00,16:36:00,8.583333333333334
52155,2024-06-18,5,08:06:00,17:04:00,8.966666666666667
52155,2024-06-19,6,08:04:00,22:02:00,13.966666666666667
52155,2024-06-20,6,07:59:00,22:06:00,14.116666666666667
52155,2024-06-21,0,08:07:00,22:00:00,13.883333333333333
52155,2024-06-22,0,08:03:00,22:00:00,13.95
52155,2024-06-23,1,08:02:00,21:59:00,13.95
52155,2024-06-24,1,08:10:00,22:02:00,13.866666666666667
52155,2024-06-25,2,08:09:00,22:00:00,13.85
52155,2024-06-26,2,08:11:00,22:00:00,13.816666666666666
52155,2024-06-27,3,08:07:00,22:02:00,13.916666666666666
52155,2024-06-28,3,08:10:00,16:04:00,7.9
52155,2024-06-29,4,08:09:00,22:01:00,13.866666666666667
52155,2024-06-30,4,08:07:00,22:03:00,13.933333333333334
52155,2024-07-01,5,08:05:00,22:00:00,13.916666666666666
52155,2024-07-02,5,08:03:00,22:02:00,13.983333333333333
52155,2024-07-03,6,08:08:00,22:02:00,13.9
52155,2024-07-04,6,08:11:00,21:59:00,13.8
52155,2024-07-05,0,08:11:00,22:02:00,13.85
52155,2024-07-06,0,08:11:00,22:00:00,13.816666666666666
52155,2024-07-07,1,08:10:00,22:02:00,13.866666666666667
52155,2024-07-08,1,08:07:00,22:01:00,13.9
52155,2024-07-09,2,08:10:00,22:02:00,13.866666666666667
52155,2024-07-10,2,08:11:00,21:58:00,13.783333333333333
52155,2024-07-11,3,08:09:00,22:00:00,13.85
52155,2024-07-12,3,08:08:00,22:01:00,13.883333333333333
52155,2024-07-13,5,08:08:00,22:01:00,13.883333333333333
52155,2024-07-14,5,08:11:00,22:02:00,13.85
52155,2024-07-15,6,08:10:00,22:10:00,14.0
52155,2024-07-16,6,08:08:00,22:00:00,13.866666666666667
52155,2024-07-17,0,08:10:00,22:01:00,13.85
52155,2024-07-18,0,08:12:00,22:03:00,13.85
52155,2024-07-19,1,08:10:00,22:01:00,13.85
52155,2024-07-20,1,08:10:00,22:01:00,13.85
52155,2024-07-21,2,08:11:00,22:01:00,13.833333333333334
52155,2024-07-22,2,08:11:00,21:59:00,13.8
52155,2024-07-23,3,08:14:00,22:02:00,13.8
52155,2024-07-24,3,08:07:00,22:00:00,13.883333333333333
52155,2024-07-25,4,08:09:00,22:00:00,13.85
52155,2024-07-26,4,08:10:00,22:00:00,13.833333333333334
52155,2024-07-27,5,08:10:00,22:01:00,13.85
52155,2024-07-28,5,08:10:00,22:02:00,13.866666666666667
52155,2024-07-29,6,08:09:00,22:02:00,13.883333333333333
52155,2024-07-30,6,08:11:00,22:10:00,13.983333333333333
52155,2024-07-31,0,08:10:00,22:00:00,13.833333333333334
52155,2024-08-01,0,08:09:00,22:00:00,13.85
52155,2024-08-02,1,08:13:00,10:46:00,2.55
52156,2024-07-01,1,08:04:00,11:59:00,3.9166666666666665
52156,2024-07-03,2,08:00:00,23:59:00,15.983333333333333
52156,2024-07-04,3,08:02:00,23:57:00,15.916666666666666
52156,2024-07-05,3,08:01:00,23:59:00,15.966666666666667
52156,2024-07-07,4,08:04:00,23:58:00,15.9
52156,2024-07-08,6,08:01:00,23:59:00,15.966666666666667
52156,2024-07-09,6,08:02:00,11:59:00,3.95
52156,2024-07-10,0,07:59:00,22:03:00,14.066666666666666
52156,2024-07-11,0,08:01:00,21:59:00,13.966666666666667
52156,2024-07-12,1,08:03:00,22:01:00,13.966666666666667
52156,2024-07-13,1,08:01:00,12:01:00,4.0
52156,2024-07-14,2,08:16:00,22:01:00,13.75
52156,2024-07-15,2,08:01:00,22:02:00,14.016666666666667
52156,2024-07-16,3,08:02:00,12:01:00,3.9833333333333334
52156,2024-07-17,3,07:59:00,22:03:00,14.066666666666666
52156,2024-07-18,4,07:59:00,23:11:00,15.2
52156,2024-07-19,4,08:02:00,22:00:00,13.966666666666667
52156,2024-07-20,5,07:59:00,22:01:00,14.033333333333333
52156,2024-07-21,5,08:03:00,21:59:00,13.933333333333334
52156,2024-07-22,6,07:59:00,11:59:00,4.0
52156,2024-07-23,6,08:00:00,21:56:00,13.933333333333334
52156,2024-07-24,0,08:03:00,22:53:00,14.833333333333334
52156,2024-07-25,0,08:03:00,21:57:00,13.9
52156,2024-07-26,1,08:03:00,21:57:00,13.9
52156,2024-07-27,1,08:01:00,22:01:00,14.0
52156,2024-07-28,2,08:02:00,23:58:00,15.933333333333334
52156,2024-07-29,2,08:02:00,23:10:00,15.133333333333333
52156,2024-07-30,3,08:02:00,22:59:00,14.95
52156,2024-07-31,3,08:02:00,22:50:00,14.8
52156,2024-08-01,4,08:03:00,22:58:00,14.916666666666666
52156,2024-08-02,4,08:04:00,10:57:00,2.8833333333333333
52157,2024-06-04,5,08:06:00,21:53:00,13.783333333333333
52157,2024-06-05,0,08:06:00,21:46:00,13.666666666666666
52157,2024-06-06,0,08:10:00,21:47:00,13.616666666666667
52157,2024-06-08,1,08:06:00,21:02:00,12.933333333333334
52157,2024-06-09,1,08:12:00,21:56:00,13.733333333333333
52157,2024-06-10,2,08:07:00,18:57:00,10.833333333333334
52157,2024-06-11,2,07:02:00,20:56:00,13.9
52157,2024-06-13,3,07:13:00,21:19:00,14.1
52157,2024-06-15,4,08:03:00,21:01:00,12.966666666666667
52157,2024-06-19,4,07:58:00,21:56:00,13.966666666666667
52157,2024-06-20,5,07:52:00,21:52:00,14.0
52157,2024-06-22,5,07:55:00,21:58:00,14.05
52157,2024-06-23,6,07:10:00,18:40:00,11.5
52157,2024-06-24,6,07:40:00,21:57:00,14.283333333333333
52157,2024-06-25,0,07:48:00,21:53:00,14.083333333333334
52157,2024-06-26,0,07:50:00,21:52:00,14.033333333333333
52157,2024-06-27,1,07:51:00,21:40:00,13.816666666666666
52157,2024-06-29,1,07:49:00,21:54:00,14.083333333333334
52157,2024-06-30,2,07:48:00,21:51:00,14.05
52157,2024-07-01,2,07:50:00,21:54:00,14.066666666666666
52157,2024-07-02,3,07:49:00,21:55:00,14.1
52157,2024-07-03,3,07:51:00,21:51:00,14.0
52157,2024-07-04,4,07:55:00,21:52:00,13.95
52157,2024-07-06,4,07:51:00,21:54:00,14.05
52157,2024-07-07,5,07:51:00,21:44:00,13.883333333333333
52157,2024-07-08,5,07:49:00,21:53:00,14.066666666666666
52157,2024-07-09,6,07:49:00,21:52:00,14.05
52157,2024-07-10,6,08:07:00,21:43:00,13.6
52157,2024-07-11,0,08:09:00,21:57:00,13.8
52157,2024-07-13,0,08:07:00,21:59:00,13.866666666666667
52157,2024-07-14,1,08:07:00,22:00:00,13.883333333333333
52157,2024-07-15,1,08:07:00,22:00:00,13.883333333333333
52157,2024-07-16,2,08:06:00,21:57:00,13.85
52157,2024-07-17,2,08:07:00,22:00:00,13.883333333333333
52157,2024-07-18,3,08:07:00,22:00:00,13.883333333333333
52157,2024-07-20,3,08:07:00,21:58:00,13.85
52157,2024-07-21,4,08:08:00,21:59:00,13.85
52157,2024-07-22,4,08:07:00,21:57:00,13.833333333333334
52157,2024-07-23,5,08:10:00,21:59:00,13.816666666666666
52157,2024-07-24,5,08:06:00,21:59:00,13.883333333333333
52157,2024-07-25,6,08:07:00,21:53:00,13.766666666666667
52157,2024-07-27,6,08:07:00,21:58:00,13.85
52157,2024-07-28,0,08:06:00,21:57:00,13.85
52157,2024-07-29,0,08:07:00,22:00:00,13.883333333333333
52157,2024-07-30,1,08:08:00,22:00:00,13.866666666666667
52157,2024-07-31,1,08:08:00,21:57:00,13.816666666666666
52157,2024-08-01,2,08:09:00,21:58:00,13.816666666666666
52158,2024-06-04,2,08:06:00,16:05:00,7.983333333333333
52158,2024-06-05,3,08:04:00,16:07:00,8.05
52158,2024-06-06,3,08:04:00,16:07:00,8.05
52158,2024-06-08,4,08:06:00,16:04:00,7.966666666666667
52158,2024-06-09,5,08:04:00,16:06:00,8.033333333333333
52158,2024-06-10,5,08:03:00,16:05:00,8.033333333333333
52158,2024-06-11,6,08:06:00,16:04:00,7.966666666666667
52158,2024-06-12,6,08:05:00,16:03:00,7.966666666666667
52158,2024-06-13,0,08:07:00,16:06:00,7.983333333333333
52158,2024-06-15,1,08:05:00,16:05:00,8.0
52158,2024-06-19,1,08:03:00,16:06:00,8.05
52158,2024-06-20,2,08:09:00,16:02:00,7.883333333333334
52158,2024-06-22,3,08:03:00,16:06:00,8.05
52158,2024-06-23,3,08:05:00,16:04:00,7.983333333333333
52158,2024-06-24,4,08:05:00,16:04:00,7.983333333333333
52158,2024-06-25,4,08:07:00,16:03:00,7.933333333333334
52158,2024-06-26,5,08:06:00,16:04:00,7.966666666666667
52158,2024-06-27,5,08:04:00,16:04:00,8.0
52158,2024-06-29,6,08:05:00,16:43:00,8.633333333333333
52158,2024-07-01,6,08:07:00,16:03:00,7.933333333333334
52158,2024-07-02,0,08:05:00,16:05:00,8.0
52158,2024-07-03,0,08:03:00,16:06:00,8.05
52158,2024-07-04,1,10:32:00,16:04:00,5.533333333333333
52158,2024-07-06,1,08:02:00,16:04:00,8.033333333333333
52158,2024-07-07,2,08:05:00,16:04:00,7.983333333333333
52158,2024-07-08,2,08:04:00,16:04:00,8.0
52158,2024-07-09,3,08:03:00,16:05:00,8.033333333333333
52158,2024-07-10,3,08:04:00,16:04:00,8.0
52158,2024-07-11,4,08:03:00,16:03:00,8.0
52158,2024-07-13,5,08:02:00,16:05:00,8.05
52158,2024-07-14,5,08:03:00,16:06:00,8.05
52158,2024-07-15,6,08:03:00,16:06:00,8.05
52158,2024-07-16,6,08:04:00,16:03:00,7.983333333333333
52158,2024-07-17,0,08:10:00,16:06:00,7.933333333333334
52158,2024-07-18,0,08:04:00,16:03:00,7.983333333333333
52158,2024-07-20,1,08:06:00,16:06:00,8.0
52158,2024-07-21,2,08:05:00,16:01:00,7.933333333333334
52158,2024-07-22,2,08:04:00,16:04:00,8.0
52158,2024-07-23,3,08:00:00,16:05:00,8.083333333333334
52158,2024-07-24,3,08:01:00,16:05:00,8.066666666666666
52158,2024-07-25,4,08:01:00,16:05:00,8.066666666666666
52158,2024-07-27,6,08:03:00,16:04:00,8.016666666666667
52158,2024-07-28,6,08:04:00,16:03:00,7.983333333333333
52158,2024-07-29,0,08:02:00,16:03:00,8.016666666666667
52158,2024-07-30,0,08:04:00,16:04:00,8.0
52158,2024-07-31,1,08:06:00,16:04:00,7.966666666666667
52158,2024-08-01,1,08:05:00,16:03:00,7.966666666666667
52159,2024-06-04,3,10:12:00,22:04:00,11.866666666666667
52159,2024-06-05,3,10:13:00,21:59:00,11.766666666666667
52159,2024-06-06,4,10:11:00,22:07:00,11.933333333333334
52159,2024-06-07,4,16:10:00,21:58:00,5.8
52159,2024-06-08,5,10:18:00,22:03:00,11.75
52159,2024-06-09,5,10:14:00,21:58:00,11.733333333333333
52159,2024-06-10,6,10:15:00,22:04:00,11.816666666666666
52159,2024-06-11,6,10:08:00,21:59:00,11.85
52159,2024-06-12,0,10:15:00,22:01:00,11.766666666666667
52159,2024-06-13,0,10:11:00,22:21:00,12.166666666666666
52159,2024-06-14,1,16:11:00,22:05:00,5.9
52159,2024-06-15,1,10:15:00,23:17:00,13.033333333333333
52159,2024-06-19,2,10:13:00,22:04:00,11.85
52159,2024-06-20,2,10:06:00,21:58:00,11.866666666666667
52159,2024-06-21,3,16:08:00,22:00:00,5.866666666666666
52159,2024-06-23,3,10:12:00,21:58:00,11.766666666666667
52159,2024-06-24,4,10:13:00,22:09:00,11.933333333333334
52159,2024-06-25,4,10:11:00,22:00:00,11.816666666666666
52159,2024-06-26,5,10:09:00,22:00:00,11.85
52159,2024-06-27,5,10:09:00,21:57:00,11.8
52159,2024-06-28,1,16:13:00,22:00:00,5.783333333333333
52159,2024-06-29,1,10:11:00,22:00:00,11.816666666666666
52159,2024-06-30,2,10:11:00,21:58:00,11.783333333333333
52159,2024-07-01,2,10:11:00,21:59:00,11.8
52159,2024-07-02,3,13:06:00,22:01:00,8.916666666666666
52159,2024-07-03,3,10:19:00,22:01:00,11.7
52159,2024-07-04,4,10:11:00,21:59:00,11.8
52159,2024-07-05,4,16:08:00,21:57:00,5.816666666666666
52159,2024-07-06,5,10:11:00,21:59:00,11.8
52159,2024-07-07,5,10:10:00,22:02:00,11.866666666666667
52159,2024-07-08,6,10:12:00,21:59:00,11.783333333333333
52159,2024-07-09,6,10:09:00,21:59:00,11.833333333333334
52159,2024-07-10,0,10:12:00,22:02:00,11.833333333333334
52159,2024-07-11,0,13:02:00,21:58:00,8.933333333333334
52159,2024-07-12,1,16:07:00,22:00:00,5.883333333333334
52159,2024-07-13,1,10:13:00,22:02:00,11.816666666666666
52159,2024-07-14,2,16:04:00,21:59:00,5.916666666666667
52159,2024-07-15,2,10:09:00,22:00:00,11.85
52159,2024-07-16,4,07:15:00,22:01:00,14.766666666666667
52159,2024-07-17,4,07:36:00,22:02:00,14.433333333333334
52159,2024-07-18,5,07:12:00,22:05:00,14.883333333333333
52159,2024-07-19,5,16:15:00,22:00:00,5.75
52159,2024-07-20,6,16:11:00,21:59:00,5.8
52159,2024-07-21,6,07:11:00,22:02:00,14.85
52159,2024-07-22,0,08:17:00,21:59:00,13.7
52159,2024-07-23,0,07:19:00,22:10:00,14.85
52159,2024-07-24,1,07:36:00,22:00:00,14.4
52159,2024-07-25,1,08:02:00,21:57:00,13.916666666666666
52159,2024-07-26,2,16:11:00,21:59:00,5.8
52159,2024-07-27,2,07:10:00,21:57:00,14.783333333333333
52159,2024-07-28,3,08:11:00,22:03:00,13.866666666666667
52159,2024-07-29,3,16:09:00,22:04:00,5.916666666666667
52159,2024-07-30,4,08:20:00,22:02:00,13.7
52159,2024-07-31,4,07:10:00,22:01:00,14.85
52159,2024-08-01,5,07:50:00,12:06:00,4.266666666666667
52162,2024-06-04,6,07:11:00,21:59:00,14.8
52162,2024-06-05,0,07:09:00,21:56:00,14.783333333333333
52162,2024-06-06,0,07:09:00,21:57:00,14.8
52162,2024-06-07,1,16:12:00,21:58:00,5.766666666666667
52162,2024-06-08,1,07:05:00,22:00:00,14.916666666666666
52162,2024-06-09,2,07:10:00,12:03:00,4.883333333333334
52162,2024-06-10,2,07:09:00,22:04:00,14.916666666666666
52162,2024-06-11,3,07:09:00,22:01:00,14.866666666666667
52162,2024-06-12,3,07:10:00,22:00:00,14.833333333333334
52162,2024-06-13,4,07:08:00,21:58:00,14.833333333333334
52162,2024-06-14,4,16:09:00,21:58:00,5.816666666666666
52162,2024-06-15,5,07:07:00,22:53:00,15.766666666666667
52162,2024-06-19,5,07:09:00,21:59:00,14.833333333333334
52162,2024-06-20,6,07:20:00,21:58:00,14.633333333333333
52162,2024-06-21,6,16:10:00,22:00:00,5.833333333333333
52162,2024-06-22,0,07:08:00,21:58:00,14.833333333333334
52162,2024-06-23,0,07:09:00,21:59:00,14.833333333333334
52162,2024-06-24,1,07:13:00,21:59:00,14.766666666666667
52162,2024-06-25,1,07:10:00,21:59:00,14.816666666666666
52162,2024-06-26,2,07:09:00,21:57:00,14.8
52162,2024-06-27,2,07:12:00,21:57:00,14.75
52162,2024-06-28,3,16:08:00,22:11:00,6.05
52162,2024-06-29,3,07:11:00,21:58:00,14.783333333333333
52162,2024-06-30,4,07:12:00,21:59:00,14.783333333333333
52162,2024-07-01,4,07:09:00,21:59:00,14.833333333333334
52162,2024-07-02,5,07:09:00,21:59:00,14.833333333333334
52162,2024-07-03,5,07:19:00,21:57:00,14.633333333333333
52162,2024-07-04,6,07:10:00,21:59:00,14.816666666666666
52162,2024-07-05,6,16:07:00,22:01:00,5.9
52162,2024-07-06,0,07:09:00,22:00:00,14.85
52162,2024-07-07,0,07:09:00,21:59:00,14.833333333333334
52162,2024-07-08,1,07:09:00,21:59:00,14.833333333333334
52162,2024-07-09,1,07:09:00,21:59:00,14.833333333333334
52162,2024-07-10,2,07:11:00,21:59:00,14.8
52162,2024-07-11,2,07:09:00,21:58:00,14.816666666666666
52162,2024-07-12,3,16:08:00,21:57:00,5.816666666666666
52162,2024-07-13,3,07:19:00,22:02:00,14.716666666666667
52162,2024-07-14,4,07:10:00,21:58:00,14.8
52162,2024-07-15,4,07:12:00,11:57:00,4.75
52162,2024-07-16,5,07:11:00,21:57:00,14.766666666666667
52162,2024-07-17,5,07:10:00,21:58:00,14.8
52162,2024-07-18,6,07:11:00,21:45:00,14.566666666666666
52162,2024-07-19,6,16:09:00,21:59:00,5.833333333333333
52162,2024-07-20,0,07:25:00,21:57:00,14.533333333333333
52162,2024-07-21,0,07:08:00,22:00:00,14.866666666666667
52162,2024-07-22,1,07:09:00,21:56:00,14.783333333333333
52162,2024-07-23,1,07:10:00,21:56:00,14.766666666666667
52162,2024-07-24,2,07:10:00,21:55:00,14.75
52162,2024-07-25,2,07:08:00,21:56:00,14.8
52162,2024-07-26,3,16:11:00,21:59:00,5.8
52162,2024-07-27,3,07:12:00,21:56:00,14.733333333333333
52162,2024-07-28,4,07:07:00,21:58:00,14.85
52162,2024-07-29,4,07:16:00,22:04:00,14.8
52162,2024-07-30,6,07:24:00,21:59:00,14.583333333333334
52162,2024-07-31,6,07:10:00,22:01:00,14.85
52162,2024-08-01,0,07:16:00,22:00:00,14.733333333333333
52164,2024-06-04,1,08:08:00,22:00:00,13.866666666666667
52164,2024-06-05,2,08:06:00,22:00:00,13.9
52164,2024-06-06,2,08:08:00,22:06:00,13.966666666666667
52164,2024-06-07,3,07:59:00,22:00:00,14.016666666666667
52164,2024-06-08,3,08:05:00,22:01:00,13.933333333333334
52164,2024-06-09,4,07:58:00,22:00:00,14.033333333333333
52164,2024-06-10,4,08:08:00,22:02:00,13.9
52164,2024-06-11,5,08:05:00,22:00:00,13.916666666666666
52164,2024-06-12,5,08:03:00,22:00:00,13.95
52164,2024-06-13,6,08:02:00,22:03:00,14.016666666666667
52164,2024-06-14,6,08:00:00,22:00:00,14.0
52164,2024-06-15,0,08:05:00,21:59:00,13.9
52164,2024-06-16,0,08:11:00,16:54:00,8.716666666666667
52164,2024-06-17,1,08:11:00,16:36:00,8.416666666666666
52164,2024-06-18,1,07:54:00,12:03:00,4.15
52164,2024-06-19,2,08:04:00,22:00:00,13.933333333333334
52164,2024-06-20,2,08:06:00,22:00:00,13.9
52164,2024-06-21,3,08:09:00,21:59:00,13.833333333333334
52164,2024-06-22,3,07:59:00,22:01:00,14.033333333333333
52164,2024-06-23,4,08:01:00,21:59:00,13.966666666666667
52164,2024-06-24,4,08:07:00,22:00:00,13.883333333333333
52164,2024-06-25,5,08:05:00,22:00:00,13.916666666666666
52164,2024-06-26,5,08:13:00,22:00:00,13.783333333333333
52164,2024-06-27,0,07:59:00,23:33:00,15.566666666666666
52164,2024-06-28,0,08:05:00,22:02:00,13.95
52164,2024-06-29,1,08:10:00,21:59:00,13.816666666666666
52164,2024-06-30,1,08:51:00,22:00:00,13.15
52164,2024-07-01,2,08:05:00,23:33:00,15.466666666666667
52164,2024-07-02,2,08:04:00,22:01:00,13.95
52164,2024-07-03,3,08:03:00,22:00:00,13.95
52164,2024-07-04,3,08:10:00,22:00:00,13.833333333333334
52164,2024-07-05,4,07:59:00,22:03:00,14.066666666666666
52164,2024-07-06,4,08:12:00,22:02:00,13.833333333333334
52164,2024-07-07,5,08:07:00,22:00:00,13.883333333333333
52164,2024-07-08,5,08:01:00,22:01:00,14.0
52164,2024-07-09,6,08:07:00,22:02:00,13.916666666666666
52164,2024-07-10,6,08:01:00,21:59:00,13.966666666666667
52164,2024-07-11,0,07:59:00,22:00:00,14.016666666666667
52164,2024-07-12,0,08:06:00,22:04:00,13.966666666666667
52164,2024-07-13,1,08:03:00,22:00:00,13.95
52164,2024-07-14,1,08:08:00,22:12:00,14.066666666666666
52164,2024-07-15,2,07:58:00,22:00:00,14.033333333333333
52164,2024-07-16,2,08:04:00,22:00:00,13.933333333333334
52164,2024-07-17,3,08:04:00,21:59:00,13.916666666666666
52164,2024-07-18,3,08:05:00,22:29:00,14.4
52164,2024-07-19,4,08:05:00,22:00:00,13.916666666666666
52164,2024-07-20,4,08:06:00,22:00:00,13.9
52164,2024-07-21,5,08:05:00,22:07:00,14.033333333333333
52164,2024-07-22,5,08:03:00,22:02:00,13.983333333333333
52164,2024-07-23,6,08:05:00,22:00:00,13.916666666666666
52164,2024-07-24,6,08:11:00,22:00:00,13.816666666666666
52164,2024-07-25,0,08:04:00,22:00:00,13.933333333333334
52164,2024-07-26,0,08:04:00,22:00:00,13.933333333333334
52164,2024-07-27,1,08:08:00,22:00:00,13.866666666666667
52164,2024-07-28,1,08:09:00,22:00:00,13.85
52164,2024-07-29,2,08:41:00,22:02:00,13.35
52164,2024-07-30,2,08:02:00,22:38:00,14.6
52164,2024-07-31,3,08:07:00,22:03:00,13.933333333333334
52164,2024-08-01,3,08:05:00,22:01:00,13.933333333333334
52164,2024-08-02,4,08:05:00,10:46:00,2.683333333333333
52165,2024-07-01,4,07:59:00,12:01:00,4.033333333333333
52165,2024-07-02,5,08:01:00,12:06:00,4.083333333333333
52165,2024-07-03,5,08:01:00,12:00:00,3.9833333333333334
52165,2024-07-04,0,07:59:00,23:57:00,15.966666666666667
52165,2024-07-05,0,08:02:00,10:49:00,2.783333333333333
52165,2024-07-06,1,08:00:00,12:10:00,4.166666666666667
52165,2024-07-07,1,08:03:00,12:04:00,4.016666666666667
52165,2024-07-08,2,08:00:00,12:03:00,4.05
52165,2024-07-09,2,08:01:00,12:00:00,3.9833333333333334
52165,2024-07-10,3,07:57:00,22:01:00,14.066666666666666
52165,2024-07-11,3,07:59:00,22:00:00,14.016666666666667
52165,2024-07-12,4,08:00:00,22:04:00,14.066666666666666
52165,2024-07-13,4,07:58:00,22:06:00,14.133333333333333
52165,2024-07-14,5,07:56:00,22:00:00,14.066666666666666
52165,2024-07-15,5,08:02:00,22:16:00,14.233333333333333
52165,2024-07-16,6,08:00:00,22:04:00,14.066666666666666
52165,2024-07-17,6,08:02:00,22:01:00,13.983333333333333
52165,2024-07-18,0,07:57:00,22:01:00,14.066666666666666
52165,2024-07-19,0,08:02:00,22:01:00,13.983333333333333
52165,2024-07-20,1,08:02:00,22:03:00,14.016666666666667
52165,2024-07-22,1,08:04:00,21:59:00,13.916666666666666
52165,2024-07-23,2,08:05:00,21:57:00,13.866666666666667
52165,2024-07-24,2,07:58:00,22:00:00,14.033333333333333
52165,2024-07-25,3,08:02:00,21:59:00,13.95
52165,2024-07-26,3,08:05:00,22:11:00,14.1
52165,2024-07-27,4,08:07:00,22:03:00,13.933333333333334
52165,2024-07-28,4,08:03:00,23:58:00,15.916666666666666
52165,2024-07-29,5,08:03:00,23:06:00,15.05
52165,2024-07-30,5,08:03:00,22:56:00,14.883333333333333
52165,2024-07-31,6,08:01:00,22:51:00,14.833333333333334
52165,2024-08-01,6,08:11:00,23:04:00,14.883333333333333
52165,2024-08-02,0,08:19:00,10:58:00,2.65
52166,2024-07-01,0,12:04:00,15:57:00,3.8833333333333333
52166,2024-07-02,1,08:07:00,22:17:00,14.166666666666666
52166,2024-07-03,1,07:57:00,22:17:00,14.333333333333334
52166,2024-07-04,2,07:57:00,22:01:00,14.066666666666666
52166,2024-07-06,2,07:58:00,22:17:00,14.316666666666666
52166,2024-07-08,3,12:06:00,16:00:00,3.9
52166,2024-07-09,3,08:06:00,22:10:00,14.066666666666666
52166,2024-07-10,4,08:06:00,21:58:00,13.866666666666667
52166,2024-07-11,4,08:08:00,21:57:00,13.816666666666666
52166,2024-07-13,5,08:02:00,22:01:00,13.983333333333333
52166,2024-07-14,5,08:01:00,22:02:00,14.016666666666667
52166,2024-07-15,6,07:59:00,22:00:00,14.016666666666667
52166,2024-07-16,6,12:03:00,16:03:00,4.0
52166,2024-07-17,0,07:58:00,22:05:00,14.116666666666667
52166,2024-07-18,0,08:04:00,21:57:00,13.883333333333333
52166,2024-07-20,1,08:08:00,22:11:00,14.05
52166,2024-07-21,1,08:07:00,22:00:00,13.883333333333333
52166,2024-07-22,2,08:10:00,22:08:00,13.966666666666667
52166,2024-07-23,2,08:04:00,21:58:00,13.9
52166,2024-07-24,3,08:02:00,21:56:00,13.9
52166,2024-07-25,3,07:58:00,21:59:00,14.016666666666667
52166,2024-07-27,4,07:59:00,21:54:00,13.916666666666666
52166,2024-07-28,4,08:01:00,16:01:00,8.0
52166,2024-07-29,0,08:03:00,22:21:00,14.3
52166,2024-07-30,0,08:05:00,22:05:00,14.0
52166,2024-07-31,1,08:02:00,22:07:00,14.083333333333334
52166,2024-08-01,1,08:04:00,22:02:00,13.966666666666667
52170,2024-07-01,6,16:17:00,21:55:00,5.633333333333334
52170,2024-07-02,0,08:15:00,16:03:00,7.8
52170,2024-07-22,2,08:20:00,18:06:00,9.766666666666667
52179,2024-06-05,1,08:05:00,16:19:00,8.233333333333333
52179,2024-06-06,1,08:04:00,12:06:00,4.033333333333333
52179,2024-06-08,2,08:17:00,17:18:00,9.016666666666667
52179,2024-06-09,2,08:07:00,21:16:00,13.15
52179,2024-06-10,3,08:12:00,16:15:00,8.05
52179,2024-06-11,3,08:25:00,12:01:00,3.6
52179,2024-06-12,4,08:13:00,16:13:00,8.0
52179,2024-06-13,4,08:15:00,21:24:00,13.15
52179,2024-06-15,6,07:59:00,21:01:00,13.033333333333333
52179,2024-06-19,6,08:12:00,20:56:00,12.733333333333333
52179,2024-06-20,0,08:14:00,11:59:00,3.75
52179,2024-06-24,1,08:11:00,16:13:00,8.033333333333333
52179,2024-06-25,2,08:14:00,20:59:00,12.75
52179,2024-06-26,2,08:14:00,16:09:00,7.916666666666667
52179,2024-06-27,3,08:35:00,16:21:00,7.766666666666667
52179,2024-06-30,3,08:28:00,21:06:00,12.633333333333333
52179,2024-07-01,4,08:13:00,20:59:00,12.766666666666667
52179,2024-07-02,4,08:12:00,21:15:00,13.05
52179,2024-07-03,5,08:10:00,21:25:00,13.25
52179,2024-07-04,5,08:21:00,21:16:00,12.916666666666666
52179,2024-07-06,6,08:12:00,21:16:00,13.066666666666666
52179,2024-07-07,6,08:09:00,21:24:00,13.25
52179,2024-07-08,0,08:12:00,12:03:00,3.85
52179,2024-07-09,0,08:00:00,21:28:00,13.466666666666667
52179,2024-07-10,1,08:11:00,21:40:00,13.483333333333333
52179,2024-07-11,1,08:00:00,21:33:00,13.55
52179,2024-07-13,2,08:14:00,21:56:00,13.7
52179,2024-07-14,2,08:13:00,21:29:00,13.266666666666667
52179,2024-07-15,3,08:12:00,12:04:00,3.8666666666666667
52179,2024-07-16,3,08:20:00,16:07:00,7.783333333333333
52179,2024-07-17,4,08:07:00,12:28:00,4.35
52179,2024-07-18,4,08:11:00,21:01:00,12.833333333333334
52179,2024-07-20,5,08:10:00,21:08:00,12.966666666666667
52179,2024-07-21,5,08:19:00,16:07:00,7.8
52179,2024-07-22,6,08:14:00,16:08:00,7.9
52179,2024-07-23,6,08:08:00,21:13:00,13.083333333333334
52179,2024-07-24,0,08:20:00,21:01:00,12.683333333333334
52179,2024-07-25,0,08:08:00,21:18:00,13.166666666666666
52179,2024-07-27,1,08:01:00,21:27:00,13.433333333333334
52179,2024-07-28,1,08:20:00,21:11:00,12.85
52179,2024-07-29,2,08:23:00,21:04:00,12.683333333333334
52179,2024-07-30,2,08:04:00,12:10:00,4.1
52179,2024-07-31,3,08:11:00,12:26:00,4.25
52179,2024-08-01,3,08:15:00,12:05:00,3.8333333333333335
52180,2024-06-03,4,20:37:00,22:00:00,1.3833333333333333
52180,2024-06-04,4,08:08:00,21:49:00,13.683333333333334
52180,2024-06-05,0,08:11:00,22:06:00,13.916666666666666
52180,2024-06-06,0,08:16:00,21:58:00,13.7
52180,2024-06-08,1,08:09:00,21:58:00,13.816666666666666
52180,2024-06-09,1,08:09:00,22:03:00,13.9
52180,2024-06-11,2,08:09:00,21:59:00,13.833333333333334
52180,2024-06-12,2,08:08:00,16:09:00,8.016666666666667
52180,2024-06-13,3,08:12:00,22:07:00,13.916666666666666
52180,2024-06-15,3,08:09:00,22:38:00,14.483333333333333
52180,2024-06-19,4,08:14:00,22:02:00,13.8
52180,2024-06-20,4,08:15:00,21:53:00,13.633333333333333
52180,2024-06-22,5,08:14:00,21:58:00,13.733333333333333
52180,2024-06-23,5,08:11:00,21:54:00,13.716666666666667
52180,2024-06-24,6,08:02:00,22:03:00,14.016666666666667
52180,2024-06-25,6,08:03:00,22:00:00,13.95
52180,2024-06-26,0,08:14:00,21:53:00,13.65
52180,2024-06-27,0,08:08:00,21:58:00,13.833333333333334
52180,2024-06-29,1,08:07:00,22:01:00,13.9
52180,2024-06-30,1,15:49:00,21:40:00,5.85
52180,2024-07-01,2,08:08:00,22:08:00,14.0
52180,2024-07-02,2,07:57:00,22:12:00,14.25
52180,2024-07-03,3,08:07:00,21:59:00,13.866666666666667
52180,2024-07-04,3,08:14:00,21:59:00,13.75
52180,2024-07-06,4,08:19:00,22:16:00,13.95
52180,2024-07-07,4,08:06:00,22:16:00,14.166666666666666
52180,2024-07-08,5,08:08:00,22:13:00,14.083333333333334
52180,2024-07-09,5,08:07:00,22:21:00,14.233333333333333
52180,2024-07-10,6,08:08:00,22:34:00,14.433333333333334
52180,2024-07-11,6,08:09:00,21:58:00,13.816666666666666
52180,2024-07-13,0,08:09:00,22:23:00,14.233333333333333
52180,2024-07-14,0,08:06:00,22:13:00,14.116666666666667
52180,2024-07-15,1,12:28:00,15:57:00,3.4833333333333334
52180,2024-07-16,1,08:07:00,22:10:00,14.05
52180,2024-07-17,2,07:57:00,22:01:00,14.066666666666666
52180,2024-07-18,2,08:09:00,22:40:00,14.516666666666667
52180,2024-07-20,3,08:08:00,22:17:00,14.15
52180,2024-07-21,3,08:04:00,22:02:00,13.966666666666667
52180,2024-07-22,4,08:06:00,22:15:00,14.15
52180,2024-07-23,4,08:07:00,22:19:00,14.2
52180,2024-07-24,5,08:07:00,22:12:00,14.083333333333334
52180,2024-07-25,5,08:04:00,22:22:00,14.3
52180,2024-07-27,6,08:12:00,22:19:00,14.116666666666667
52180,2024-07-28,6,08:09:00,22:01:00,13.866666666666667
52180,2024-07-30,0,08:03:00,22:14:00,14.183333333333334
52180,2024-07-31,1,08:10:00,22:11:00,14.016666666666667
52180,2024-08-01,1,08:13:00,22:33:00,14.333333333333334
52181,2024-06-06,2,08:13:00,21:57:00,13.733333333333333
52181,2024-06-08,3,08:18:00,12:01:00,3.716666666666667
52181,2024-06-09,3,08:16:00,22:03:00,13.783333333333333
52181,2024-06-10,4,12:04:00,22:02:00,9.966666666666667
52181,2024-06-11,4,08:20:00,21:57:00,13.616666666666667
52181,2024-06-12,5,08:21:00,12:04:00,3.716666666666667
52181,2024-06-13,5,12:12:00,16:17:00,4.083333333333333
52181,2024-06-20,0,08:14:00,11:59:00,3.75
52181,2024-06-22,0,11:56:00,16:11:00,4.25
52181,2024-06-23,1,12:04:00,21:51:00,9.783333333333333
52181,2024-06-24,1,11:57:00,22:02:00,10.083333333333334
52181,2024-06-25,2,08:18:00,16:14:00,7.933333333333334
52181,2024-06-26,2,11:53:00,16:07:00,4.233333333333333
52181,2024-06-29,3,08:07:00,12:04:00,3.95
52181,2024-06-30,3,11:58:00,16:04:00,4.1
52181,2024-07-01,4,11:54:00,16:04:00,4.166666666666667
52181,2024-07-02,4,12:02:00,22:08:00,10.1
52181,2024-07-04,0,08:12:00,11:52:00,3.6666666666666665
52181,2024-07-06,0,08:16:00,22:07:00,13.85
52181,2024-07-07,1,08:24:00,12:05:00,3.683333333333333
52181,2024-07-08,1,16:13:00,22:21:00,6.133333333333334
52181,2024-07-09,2,12:03:00,16:17:00,4.233333333333333
52181,2024-07-15,4,08:36:00,11:59:00,3.3833333333333333
52181,2024-07-17,5,11:59:00,21:55:00,9.933333333333334
52181,2024-07-23,0,12:04:00,15:57:00,3.8833333333333333
52182,2024-06-24,4,10:27:00,16:14:00,5.783333333333333
52182,2024-06-25,4,07:27:00,21:59:00,14.533333333333333
52182,2024-06-26,5,07:12:00,21:54:00,14.7
52182,2024-06-27,5,07:14:00,21:58:00,14.733333333333333
52182,2024-06-28,6,16:25:00,22:10:00,5.75
52182,2024-06-29,6,07:14:00,21:55:00,14.683333333333334
52182,2024-06-30,0,07:21:00,21:55:00,14.566666666666666
52182,2024-07-01,0,07:18:00,22:01:00,14.716666666666667
52182,2024-07-02,1,07:08:00,22:01:00,14.883333333333333
52182,2024-07-03,1,07:20:00,21:56:00,14.6
52182,2024-07-04,2,07:15:00,21:57:00,14.7
52182,2024-07-05,2,16:10:00,21:56:00,5.766666666666667
52182,2024-07-06,3,07:09:00,21:58:00,14.816666666666666
52182,2024-07-07,3,07:08:00,21:58:00,14.833333333333334
52182,2024-07-08,5,07:07:00,21:54:00,14.783333333333333
52182,2024-07-09,5,07:19:00,22:00:00,14.683333333333334
52182,2024-07-10,6,07:17:00,21:55:00,14.633333333333333
52182,2024-07-11,6,07:16:00,21:51:00,14.583333333333334
52182,2024-07-12,0,16:05:00,21:59:00,5.9
52182,2024-07-13,0,07:12:00,22:00:00,14.8
52182,2024-07-14,1,07:07:00,22:00:00,14.883333333333333
52182,2024-07-15,2,07:19:00,21:58:00,14.65
52182,2024-07-16,3,07:28:00,22:00:00,14.533333333333333
52182,2024-07-17,3,07:28:00,22:00:00,14.533333333333333
52182,2024-07-18,4,07:22:00,21:57:00,14.583333333333334
52182,2024-07-19,4,16:16:00,21:59:00,5.716666666666667
52182,2024-07-20,5,07:24:00,21:57:00,14.55
52182,2024-07-21,5,07:17:00,22:00:00,14.716666666666667
52182,2024-07-22,6,07:08:00,21:54:00,14.766666666666667
52182,2024-07-23,6,07:23:00,21:56:00,14.55
52182,2024-07-24,0,07:26:00,21:59:00,14.55
52182,2024-07-25,0,07:18:00,21:54:00,14.6
52182,2024-07-26,1,16:13:00,21:59:00,5.766666666666667
52182,2024-07-27,1,07:11:00,21:57:00,14.766666666666667
52182,2024-07-28,2,07:17:00,21:56:00,14.65
52182,2024-07-29,2,07:12:00,21:59:00,14.783333333333333
52182,2024-07-30,3,07:10:00,21:58:00,14.8
52182,2024-07-31,3,07:12:00,22:00:00,14.8
52183,2024-06-04,5,07:09:00,22:00:00,14.85
52183,2024-06-05,5,07:12:00,22:00:00,14.8
52183,2024-06-06,6,07:07:00,22:01:00,14.9
52183,2024-06-07,6,16:12:00,21:57:00,5.75
52183,2024-06-08,0,07:16:00,22:03:00,14.783333333333333
52183,2024-06-09,0,07:20:00,22:01:00,14.683333333333334
52183,2024-06-10,1,07:17:00,22:00:00,14.716666666666667
52183,2024-06-11,1,07:20:00,21:57:00,14.616666666666667
52183,2024-06-12,2,07:22:00,21:57:00,14.583333333333334
52183,2024-06-13,2,07:27:00,22:06:00,14.65
52183,2024-06-14,3,16:11:00,22:08:00,5.95
52183,2024-06-15,3,16:16:00,22:53:00,6.616666666666666
52183,2024-06-19,4,07:24:00,11:59:00,4.583333333333333
52183,2024-06-20,4,07:33:00,12:02:00,4.483333333333333
52183,2024-06-21,5,16:02:00,22:00:00,5.966666666666667
52183,2024-06-22,5,07:10:00,22:03:00,14.883333333333333
52183,2024-06-23,6,07:14:00,22:03:00,14.816666666666666
52183,2024-06-24,6,07:11:00,22:01:00,14.833333333333334
52183,2024-06-25,0,07:23:00,21:58:00,14.583333333333334
52183,2024-06-26,0,07:16:00,21:58:00,14.7
52183,2024-06-27,1,07:14:00,21:57:00,14.716666666666667
52183,2024-06-28,1,16:15:00,22:07:00,5.866666666666666
52183,2024-06-29,2,07:12:00,21:56:00,14.733333333333333
52183,2024-06-30,2,07:18:00,21:57:00,14.65
52183,2024-07-01,3,07:13:00,22:00:00,14.783333333333333
52183,2024-07-02,3,07:08:00,22:02:00,14.9
52183,2024-07-03,4,07:18:00,21:57:00,14.65
52183,2024-07-04,4,07:15:00,21:57:00,14.7
52183,2024-07-05,5,15:58:00,22:00:00,6.033333333333333
52183,2024-07-06,5,07:14:00,22:00:00,14.766666666666667
52183,2024-07-07,6,07:19:00,21:56:00,14.616666666666667
52183,2024-07-08,6,07:09:00,21:56:00,14.783333333333333
52183,2024-07-09,0,07:21:00,15:53:00,8.533333333333333
52183,2024-07-10,0,07:07:00,21:59:00,14.866666666666667
52183,2024-07-11,1,07:09:00,21:57:00,14.8
52183,2024-07-12,1,16:10:00,21:58:00,5.8
52183,2024-07-13,2,07:10:00,22:01:00,14.85
52183,2024-07-14,2,07:40:00,21:58:00,14.3
52183,2024-07-15,3,07:13:00,22:01:00,14.8
52183,2024-07-16,3,07:08:00,21:58:00,14.833333333333334
52183,2024-07-17,4,07:16:00,22:00:00,14.733333333333333
52183,2024-07-18,4,08:16:00,21:58:00,13.7
52183,2024-07-19,5,16:01:00,22:00:00,5.983333333333333
52183,2024-07-20,5,07:03:00,15:57:00,8.9
52183,2024-07-21,6,07:00:00,21:59:00,14.983333333333333
52183,2024-07-22,6,07:14:00,22:04:00,14.833333333333334
52183,2024-07-23,0,07:01:00,21:56:00,14.916666666666666
52183,2024-07-24,0,07:04:00,21:55:00,14.85
52183,2024-07-25,1,07:22:00,21:48:00,14.433333333333334
52183,2024-07-26,1,16:02:00,22:00:00,5.966666666666667
52183,2024-07-27,2,07:03:00,21:58:00,14.916666666666666
52183,2024-07-28,2,07:10:00,21:55:00,14.75
52183,2024-07-29,3,07:06:00,22:05:00,14.983333333333333
52183,2024-07-30,3,07:24:00,22:03:00,14.65
52183,2024-07-31,6,07:17:00,21:58:00,14.683333333333334
52183,2024-08-01,6,07:16:00,22:00:00,14.733333333333333
52184,2024-06-04,2,07:25:00,11:59:00,4.566666666666666
52184,2024-06-05,2,16:11:00,21:58:00,5.783333333333333
52184,2024-06-08,3,07:13:00,22:00:00,14.783333333333333
52184,2024-06-09,4,07:18:00,11:59:00,4.683333333333334
52184,2024-06-10,4,07:23:00,21:58:00,14.583333333333334
52184,2024-06-11,6,08:25:00,21:57:00,13.533333333333333
52184,2024-06-12,6,07:15:00,21:59:00,14.733333333333333
52184,2024-06-13,0,07:17:00,22:13:00,14.933333333333334
52184,2024-06-14,0,16:14:00,22:03:00,5.816666666666666
52184,2024-06-15,2,07:13:00,22:51:00,15.633333333333333
52184,2024-06-19,2,07:20:00,22:05:00,14.75
52184,2024-06-20,3,07:32:00,21:57:00,14.416666666666666
52184,2024-06-21,3,16:07:00,21:57:00,5.833333333333333
52184,2024-06-22,5,07:13:00,22:09:00,14.933333333333334
52184,2024-06-23,5,07:12:00,21:58:00,14.766666666666667
52184,2024-06-24,6,07:19:00,22:02:00,14.716666666666667
52184,2024-06-25,6,07:15:00,22:00:00,14.75
52184,2024-06-26,0,07:13:00,21:56:00,14.716666666666667
52184,2024-06-27,0,07:14:00,21:58:00,14.733333333333333
52184,2024-06-28,1,16:08:00,22:02:00,5.9
52184,2024-06-29,1,07:15:00,21:57:00,14.7
52184,2024-06-30,2,07:13:00,21:58:00,14.75
52184,2024-07-01,2,07:15:00,21:57:00,14.7
52184,2024-07-02,3,07:16:00,22:00:00,14.733333333333333
52184,2024-07-03,3,07:16:00,21:57:00,14.683333333333334
52184,2024-07-04,5,07:16:00,21:56:00,14.666666666666666
52184,2024-07-05,5,16:13:00,21:57:00,5.733333333333333
52184,2024-07-06,6,07:29:00,22:00:00,14.516666666666667
52184,2024-07-07,6,16:06:00,22:01:00,5.916666666666667
52184,2024-07-08,0,16:00:00,21:58:00,5.966666666666667
52184,2024-07-09,0,07:13:00,21:59:00,14.766666666666667
52184,2024-07-10,2,07:16:00,21:58:00,14.7
52184,2024-07-11,2,07:12:00,21:57:00,14.75
52184,2024-07-12,3,16:06:00,21:59:00,5.883333333333334
52184,2024-07-13,3,07:10:00,21:58:00,14.8
52184,2024-07-14,4,07:12:00,21:58:00,14.766666666666667
52184,2024-07-15,4,07:12:00,21:58:00,14.766666666666667
52184,2024-07-16,5,07:15:00,21:56:00,14.683333333333334
52184,2024-07-17,5,07:13:00,21:59:00,14.766666666666667
52184,2024-07-18,6,07:12:00,21:58:00,14.766666666666667
52184,2024-07-19,6,16:10:00,22:05:00,5.916666666666667
52184,2024-07-20,0,07:18:00,21:57:00,14.65
52184,2024-07-21,0,07:10:00,22:03:00,14.883333333333333
52184,2024-07-22,1,07:14:00,21:54:00,14.666666666666666
52184,2024-07-23,1,07:26:00,21:56:00,14.5
52184,2024-07-24,2,16:02:00,21:58:00,5.933333333333334
52184,2024-07-25,2,07:14:00,11:59:00,4.75
52185,2024-06-04,3,08:04:00,22:00:00,13.933333333333334
52185,2024-06-05,5,08:02:00,22:00:00,13.966666666666667
52185,2024-06-06,5,08:04:00,22:01:00,13.95
52185,2024-06-07,6,08:03:00,22:01:00,13.966666666666667
52185,2024-06-08,6,08:01:00,21:59:00,13.966666666666667
52185,2024-06-09,0,08:05:00,22:00:00,13.916666666666666
52185,2024-06-10,0,08:01:00,22:00:00,13.983333333333333
52185,2024-06-11,1,08:03:00,22:00:00,13.95
52185,2024-06-12,1,08:01:00,22:00:00,13.983333333333333
52185,2024-06-13,2,08:02:00,22:00:00,13.966666666666667
52185,2024-06-14,2,08:06:00,22:01:00,13.916666666666666
52185,2024-06-15,3,08:02:00,22:04:00,14.033333333333333
52185,2024-06-19,4,08:01:00,22:01:00,14.0
52185,2024-06-20,4,08:02:00,22:00:00,13.966666666666667
52185,2024-06-21,5,08:03:00,22:00:00,13.95
52185,2024-06-22,5,08:03:00,22:02:00,13.983333333333333
52185,2024-06-23,6,08:01:00,22:01:00,14.0
52185,2024-06-24,6,08:02:00,22:00:00,13.966666666666667
52185,2024-06-25,0,08:01:00,22:00:00,13.983333333333333
52185,2024-06-26,0,08:02:00,22:04:00,14.033333333333333
52185,2024-06-27,1,08:02:00,23:33:00,15.516666666666667
52185,2024-06-28,1,08:01:00,22:03:00,14.033333333333333
52185,2024-06-29,2,08:01:00,21:59:00,13.966666666666667
52185,2024-06-30,2,08:02:00,22:04:00,14.033333333333333
52185,2024-07-01,3,08:01:00,22:03:00,14.033333333333333
52185,2024-07-02,3,08:01:00,22:03:00,14.033333333333333
52185,2024-07-03,4,08:01:00,22:03:00,14.033333333333333
52185,2024-07-04,4,08:01:00,22:00:00,13.983333333333333
52185,2024-07-05,5,08:04:00,22:04:00,14.0
52185,2024-07-06,5,08:00:00,22:02:00,14.033333333333333
52185,2024-07-07,6,08:00:00,22:02:00,14.033333333333333
52185,2024-07-08,6,08:04:00,22:01:00,13.95
52185,2024-07-09,0,08:00:00,22:03:00,14.05
52185,2024-07-10,0,08:03:00,22:01:00,13.966666666666667
52185,2024-07-11,1,08:01:00,22:01:00,14.0
52185,2024-07-12,1,08:03:00,22:00:00,13.95
52185,2024-07-13,2,08:01:00,22:02:00,14.016666666666667
52185,2024-07-14,2,08:01:00,22:00:00,13.983333333333333
52185,2024-07-15,3,07:58:00,22:01:00,14.05
52185,2024-07-16,3,08:00:00,22:00:00,14.0
52185,2024-07-17,4,08:01:00,22:01:00,14.0
52185,2024-07-18,4,08:01:00,22:00:00,13.983333333333333
52185,2024-07-19,5,08:03:00,22:00:00,13.95
52185,2024-07-20,5,08:02:00,22:00:00,13.966666666666667
52185,2024-07-21,6,08:01:00,22:00:00,13.983333333333333
52185,2024-07-22,6,08:05:00,21:59:00,13.9
52185,2024-07-23,0,08:02:00,22:00:00,13.966666666666667
52185,2024-07-24,0,08:07:00,22:00:00,13.883333333333333
52185,2024-07-25,2,08:02:00,22:02:00,14.0
52185,2024-07-26,2,08:00:00,22:02:00,14.033333333333333
52185,2024-07-27,3,08:02:00,22:00:00,13.966666666666667
52185,2024-07-28,3,08:01:00,22:00:00,13.983333333333333
52185,2024-07-29,4,08:01:00,22:00:00,13.983333333333333
52185,2024-07-30,4,08:01:00,22:01:00,14.0
52185,2024-07-31,0,08:00:00,22:02:00,14.033333333333333
52185,2024-08-01,0,08:01:00,22:10:00,14.15
52185,2024-08-02,1,08:03:00,10:46:00,2.716666666666667
52186,2024-06-03,2,12:59:00,22:15:00,9.266666666666667
52186,2024-06-04,2,08:08:00,22:05:00,13.95
52186,2024-06-05,3,08:04:00,22:10:00,14.1
52186,2024-06-06,3,08:02:00,22:15:00,14.216666666666667
52186,2024-06-07,5,08:06:00,22:06:00,14.0
52186,2024-06-08,5,08:01:00,22:13:00,14.2
52186,2024-06-09,6,08:00:00,22:04:00,14.066666666666666
52186,2024-06-10,6,08:04:00,22:15:00,14.183333333333334
52186,2024-06-11,0,08:06:00,22:00:00,13.9
52186,2024-06-12,0,08:01:00,22:17:00,14.266666666666667
52186,2024-06-13,1,08:04:00,22:13:00,14.15
52186,2024-06-14,1,08:06:00,22:03:00,13.95
52186,2024-06-15,2,08:08:00,22:07:00,13.983333333333333
52186,2024-06-17,2,08:09:00,12:18:00,4.15
52186,2024-06-18,3,08:07:00,22:00:00,13.883333333333333
52186,2024-06-19,3,08:09:00,22:07:00,13.966666666666667
52186,2024-06-20,4,08:05:00,22:05:00,14.0
52186,2024-06-21,4,08:06:00,15:58:00,7.866666666666666
52186,2024-06-22,5,08:10:00,22:09:00,13.983333333333333
52186,2024-06-23,5,08:12:00,22:13:00,14.016666666666667
52186,2024-06-24,2,08:09:00,22:11:00,14.033333333333333
52186,2024-06-25,2,08:15:00,22:07:00,13.866666666666667
52186,2024-06-26,3,08:05:00,22:17:00,14.2
52186,2024-06-27,3,08:04:00,22:24:00,14.333333333333334
52186,2024-06-28,4,08:08:00,22:06:00,13.966666666666667
52186,2024-06-29,4,08:05:00,22:11:00,14.1
52186,2024-06-30,5,08:08:00,22:05:00,13.95
52186,2024-07-01,5,08:05:00,22:19:00,14.233333333333333
52186,2024-07-02,6,08:08:00,22:04:00,13.933333333333334
52186,2024-07-03,6,08:07:00,22:12:00,14.083333333333334
52186,2024-07-04,0,08:07:00,22:12:00,14.083333333333334
52186,2024-07-05,0,08:10:00,22:21:00,14.183333333333334
52186,2024-07-06,1,08:08:00,22:03:00,13.916666666666666
52186,2024-07-07,1,08:04:00,22:14:00,14.166666666666666
52186,2024-07-08,2,08:07:00,22:08:00,14.016666666666667
52186,2024-07-09,2,08:05:00,22:11:00,14.1
52186,2024-07-10,3,08:12:00,22:11:00,13.983333333333333
52186,2024-07-11,3,08:13:00,22:09:00,13.933333333333334
52186,2024-07-12,4,08:08:00,22:08:00,14.0
52186,2024-07-13,4,08:09:00,22:10:00,14.016666666666667
52186,2024-07-14,5,08:07:00,22:05:00,13.966666666666667
52186,2024-07-15,5,08:08:00,22:21:00,14.216666666666667
52186,2024-07-16,6,08:14:00,12:03:00,3.816666666666667
52186,2024-07-17,6,08:08:00,22:02:00,13.9
52186,2024-07-18,0,08:10:00,22:02:00,13.866666666666667
52186,2024-07-19,0,08:10:00,22:08:00,13.966666666666667
52186,2024-07-20,1,08:09:00,22:07:00,13.966666666666667
52186,2024-07-21,1,08:09:00,22:00:00,13.85
52186,2024-07-22,2,08:08:00,22:06:00,13.966666666666667
52186,2024-07-23,2,08:08:00,22:04:00,13.933333333333334
52186,2024-07-24,3,08:11:00,22:09:00,13.966666666666667
52186,2024-07-25,3,08:05:00,22:06:00,14.016666666666667
52186,2024-07-26,4,08:11:00,22:02:00,13.85
52186,2024-07-27,4,08:12:00,22:07:00,13.916666666666666
52186,2024-07-28,5,08:09:00,16:15:00,8.1
52186,2024-07-29,5,08:07:00,22:19:00,14.2
52186,2024-07-30,6,08:11:00,22:13:00,14.033333333333333
52186,2024-07-31,6,08:11:00,22:07:00,13.933333333333334
52186,2024-08-01,0,08:07:00,22:33:00,14.433333333333334
52186,2024-08-02,0,08:10:00,10:45:00,2.5833333333333335
52187,2024-06-04,1,07:10:00,21:10:00,14.0
52187,2024-06-05,2,16:02:00,21:33:00,5.516666666666667
52187,2024-06-06,2,07:01:00,21:10:00,14.15
52187,2024-06-07,3,07:11:00,21:01:00,13.833333333333334
52187,2024-06-08,3,07:02:00,21:08:00,14.1
52187,2024-06-09,4,07:03:00,21:01:00,13.966666666666667
52187,2024-06-10,4,07:03:00,21:12:00,14.15
52187,2024-06-11,5,07:03:00,21:27:00,14.4
52187,2024-06-12,5,07:09:00,12:05:00,4.933333333333334
52187,2024-06-13,6,07:03:00,21:10:00,14.116666666666667
52187,2024-06-14,6,07:06:00,21:13:00,14.116666666666667
52187,2024-06-15,0,07:06:00,21:11:00,14.083333333333334
52187,2024-06-16,0,08:00:00,17:30:00,9.5
52187,2024-06-17,1,08:07:00,16:37:00,8.5
52187,2024-06-18,1,07:12:00,20:01:00,12.816666666666666
52187,2024-06-19,2,07:03:00,21:06:00,14.05
52187,2024-06-20,2,07:08:00,21:03:00,13.916666666666666
52187,2024-06-21,3,07:17:00,21:06:00,13.816666666666666
52187,2024-06-22,3,07:05:00,21:02:00,13.95
52187,2024-06-23,4,07:05:00,21:07:00,14.033333333333333
52187,2024-06-24,4,07:32:00,21:02:00,13.5
52187,2024-06-25,5,07:03:00,21:09:00,14.1
52187,2024-06-26,5,07:01:00,16:05:00,9.066666666666666
52187,2024-06-27,6,07:02:00,22:03:00,15.016666666666667
52187,2024-06-28,6,07:03:00,21:02:00,13.983333333333333
52187,2024-06-29,0,07:01:00,21:20:00,14.316666666666666
52187,2024-06-30,0,07:02:00,21:09:00,14.116666666666667
52187,2024-07-01,1,07:03:00,22:01:00,14.966666666666667
52187,2024-07-02,1,07:03:00,22:09:00,15.1
52187,2024-07-03,2,07:06:00,21:06:00,14.0
52187,2024-07-04,2,07:05:00,21:17:00,14.2
52187,2024-07-05,3,07:18:00,21:02:00,13.733333333333333
52187,2024-07-06,3,07:04:00,21:03:00,13.983333333333333
52187,2024-07-07,4,07:03:00,21:01:00,13.966666666666667
52187,2024-07-08,4,07:06:00,21:08:00,14.033333333333333
52187,2024-07-09,5,07:06:00,21:00:00,13.9
52187,2024-07-10,5,07:06:00,16:03:00,8.95
52187,2024-07-11,6,07:05:00,21:01:00,13.933333333333334
52187,2024-07-12,6,07:08:00,21:00:00,13.866666666666667
52187,2024-07-13,0,07:04:00,21:03:00,13.983333333333333
52187,2024-07-14,0,07:05:00,21:02:00,13.95
52187,2024-07-15,1,07:09:00,21:03:00,13.9
52187,2024-07-16,1,07:10:00,21:00:00,13.833333333333334
52187,2024-07-17,2,07:03:00,21:03:00,14.0
52187,2024-07-18,2,07:04:00,21:01:00,13.95
52187,2024-07-19,3,07:06:00,21:01:00,13.916666666666666
52187,2024-07-20,3,07:04:00,21:03:00,13.983333333333333
52187,2024-07-21,4,07:04:00,21:01:00,13.95
52187,2024-07-22,4,07:06:00,21:05:00,13.983333333333333
52187,2024-07-23,0,07:04:00,21:02:00,13.966666666666667
52187,2024-07-24,0,07:07:00,21:14:00,14.116666666666667
52187,2024-07-25,1,07:08:00,21:02:00,13.9
52187,2024-07-26,1,07:20:00,21:00:00,13.666666666666666
52187,2024-07-27,2,07:04:00,21:03:00,13.983333333333333
52187,2024-07-28,2,07:04:00,22:07:00,15.05
52187,2024-07-29,3,07:08:00,21:09:00,14.016666666666667
52187,2024-07-30,3,07:04:00,21:02:00,13.966666666666667
52187,2024-07-31,4,07:04:00,21:11:00,14.116666666666667
52187,2024-08-01,4,07:02:00,22:15:00,15.216666666666667
52187,2024-08-02,5,07:05:00,10:46:00,3.683333333333333
52188,2024-06-03,5,08:11:00,15:56:00,7.75
52188,2024-06-04,6,00:04:00,11:59:00,11.916666666666666
52188,2024-06-05,6,08:05:00,23:49:00,15.733333333333333
52188,2024-06-06,0,08:06:00,23:52:00,15.766666666666667
52188,2024-06-07,0,08:07:00,23:51:00,15.733333333333333
52188,2024-06-08,1,08:06:00,23:55:00,15.816666666666666
52188,2024-06-09,1,08:10:00,23:53:00,15.716666666666667
52188,2024-06-10,2,08:05:00,23:56:00,15.85
52188,2024-06-11,2,08:08:00,23:55:00,15.783333333333333
52188,2024-06-12,3,08:11:00,23:55:00,15.733333333333333
52188,2024-06-13,3,08:12:00,23:54:00,15.7
52188,2024-06-14,4,08:18:00,23:54:00,15.6
52188,2024-06-15,4,00:00:00,23:46:00,23.766666666666666
52188,2024-06-17,5,08:13:00,16:43:00,8.5
52188,2024-06-18,5,08:15:00,16:59:00,8.733333333333333
52188,2024-06-19,1,08:11:00,12:01:00,3.8333333333333335
52188,2024-06-20,1,08:11:00,23:54:00,15.716666666666667
52188,2024-06-21,2,08:09:00,23:49:00,15.666666666666666
52188,2024-06-22,2,08:10:00,23:50:00,15.666666666666666
52188,2024-06-23,3,08:10:00,23:52:00,15.7
52188,2024-06-24,3,08:10:00,23:54:00,15.733333333333333
52188,2024-06-25,4,08:13:00,23:56:00,15.716666666666667
52188,2024-06-26,4,08:13:00,23:57:00,15.733333333333333
52188,2024-06-27,5,08:12:00,23:51:00,15.65
52188,2024-06-28,5,08:06:00,10:41:00,2.5833333333333335
52188,2024-06-29,6,08:09:00,23:52:00,15.716666666666667
52188,2024-06-30,6,08:07:00,23:56:00,15.816666666666666
52188,2024-07-01,0,08:08:00,23:55:00,15.783333333333333
52188,2024-07-02,0,08:12:00,12:01:00,3.816666666666667
52188,2024-07-03,1,08:10:00,23:51:00,15.683333333333334
52188,2024-07-04,1,08:12:00,22:04:00,13.866666666666667
52188,2024-07-05,2,08:10:00,22:49:00,14.65
52188,2024-07-06,2,08:13:00,16:06:00,7.883333333333334
52188,2024-07-07,3,08:12:00,22:17:00,14.083333333333334
52188,2024-07-08,3,08:14:00,22:00:00,13.766666666666667
52188,2024-07-09,4,08:11:00,22:00:00,13.816666666666666
52188,2024-07-10,4,08:11:00,22:30:00,14.316666666666666
52188,2024-07-11,5,08:14:00,22:03:00,13.816666666666666
52188,2024-07-12,5,08:13:00,22:52:00,14.65
52188,2024-07-13,6,08:11:00,22:01:00,13.833333333333334
52188,2024-07-14,6,08:14:00,22:00:00,13.766666666666667
52188,2024-07-15,0,08:15:00,22:04:00,13.816666666666666
52188,2024-07-16,0,08:13:00,12:01:00,3.8
52188,2024-07-17,1,08:16:00,22:01:00,13.75
52188,2024-07-18,1,08:09:00,22:01:00,13.866666666666667
52188,2024-07-19,2,08:17:00,22:54:00,14.616666666666667
52188,2024-07-20,2,08:10:00,22:00:00,13.833333333333334
52188,2024-07-21,3,08:13:00,22:01:00,13.8
52188,2024-07-22,3,08:08:00,21:59:00,13.85
52188,2024-07-23,4,08:11:00,22:00:00,13.816666666666666
52188,2024-07-24,4,08:09:00,22:00:00,13.85
52188,2024-07-25,5,08:11:00,22:02:00,13.85
52188,2024-07-26,5,08:17:00,22:01:00,13.733333333333333
52188,2024-07-27,6,08:13:00,21:58:00,13.75
52188,2024-07-28,6,08:10:00,22:01:00,13.85
52188,2024-07-29,0,08:12:00,22:00:00,13.8
52188,2024-07-30,0,08:11:00,22:26:00,14.25
52188,2024-07-31,2,08:11:00,21:59:00,13.8
52188,2024-08-01,2,08:10:00,22:30:00,14.333333333333334
52188,2024-08-02,3,08:20:00,10:46:00,2.433333333333333
52189,2024-06-03,3,07:56:00,21:57:00,14.016666666666667
52189,2024-06-04,4,02:01:00,16:00:00,13.983333333333333
52189,2024-06-05,4,10:00:00,16:00:00,6.0
52189,2024-06-06,5,10:00:00,16:02:00,6.033333333333333
52189,2024-06-07,5,13:01:00,16:02:00,3.0166666666666666
52189,2024-06-08,6,10:01:00,16:02:00,6.016666666666667
52189,2024-06-09,6,09:59:00,16:02:00,6.05
52189,2024-06-10,0,09:59:00,16:07:00,6.133333333333334
52189,2024-06-11,0,10:01:00,16:01:00,6.0
52189,2024-06-12,1,10:00:00,16:05:00,6.083333333333333
52189,2024-06-13,1,10:00:00,16:03:00,6.05
52189,2024-06-14,2,12:48:00,16:02:00,3.2333333333333334
52189,2024-06-15,2,09:59:00,16:01:00,6.033333333333333
52189,2024-06-19,4,10:01:00,16:02:00,6.016666666666667
52189,2024-06-20,4,10:04:00,16:02:00,5.966666666666667
52189,2024-06-21,5,12:50:00,16:01:00,3.183333333333333
52189,2024-06-22,5,10:00:00,16:02:00,6.033333333333333
52189,2024-06-23,6,09:59:00,16:04:00,6.083333333333333
52189,2024-06-24,6,09:56:00,18:01:00,8.083333333333334
52189,2024-06-25,0,10:00:00,16:01:00,6.016666666666667
52189,2024-06-26,0,10:04:00,16:03:00,5.983333333333333
52189,2024-06-27,1,10:03:00,16:01:00,5.966666666666667
52189,2024-06-28,1,12:42:00,18:01:00,5.316666666666666
52189,2024-06-29,2,09:58:00,16:05:00,6.116666666666666
52189,2024-06-30,2,10:02:00,16:02:00,6.0
52189,2024-07-01,3,10:01:00,16:01:00,6.0
52189,2024-07-02,3,10:00:00,16:01:00,6.016666666666667
52189,2024-07-03,4,10:01:00,16:01:00,6.0
52189,2024-07-04,4,10:01:00,16:02:00,6.016666666666667
52189,2024-07-05,5,12:41:00,16:04:00,3.3833333333333333
52189,2024-07-06,5,10:03:00,16:01:00,5.966666666666667
52189,2024-07-07,6,10:01:00,16:02:00,6.016666666666667
52189,2024-07-08,6,10:03:00,22:06:00,12.05
52189,2024-07-09,0,01:59:00,16:03:00,14.066666666666666
52189,2024-07-10,0,10:00:00,16:01:00,6.016666666666667
52189,2024-07-11,1,10:01:00,16:00:00,5.983333333333333
52189,2024-07-12,1,12:52:00,16:03:00,3.183333333333333
52189,2024-07-13,2,10:02:00,16:01:00,5.983333333333333
52189,2024-07-14,2,10:04:00,16:02:00,5.966666666666667
52189,2024-07-15,3,10:01:00,16:03:00,6.033333333333333
52189,2024-07-16,3,10:03:00,16:05:00,6.033333333333333
52189,2024-07-17,4,10:01:00,16:01:00,6.0
52189,2024-07-18,4,10:03:00,16:02:00,5.983333333333333
52189,2024-07-19,0,12:46:00,16:04:00,3.3
52189,2024-07-20,0,10:00:00,16:01:00,6.016666666666667
52189,2024-07-21,1,10:02:00,16:01:00,5.983333333333333
52189,2024-07-22,1,10:02:00,16:02:00,6.0
52189,2024-07-23,2,10:03:00,16:02:00,5.983333333333333
52189,2024-07-24,2,10:01:00,16:02:00,6.016666666666667
52189,2024-07-25,3,10:02:00,16:01:00,5.983333333333333
52189,2024-07-26,3,12:44:00,16:01:00,3.283333333333333
52189,2024-07-27,4,10:02:00,16:01:00,5.983333333333333
52189,2024-07-28,4,10:01:00,18:59:00,8.966666666666667
52189,2024-07-29,5,10:03:00,16:00:00,5.95
52189,2024-07-30,5,10:01:00,16:01:00,6.0
52189,2024-07-31,6,10:02:00,16:01:00,5.983333333333333
52189,2024-08-01,6,10:03:00,16:01:00,5.966666666666667
52189,2024-08-02,0,12:47:00,16:06:00,3.316666666666667
52190,2024-06-04,1,07:03:00,22:00:00,14.95
52190,2024-06-05,1,07:00:00,22:01:00,15.016666666666667
52190,2024-06-06,2,07:00:00,22:01:00,15.016666666666667
52190,2024-06-07,2,16:02:00,22:01:00,5.983333333333333
52190,2024-06-08,3,07:01:00,16:41:00,9.666666666666666
52190,2024-06-09,3,07:01:00,22:00:00,14.983333333333333
52190,2024-06-10,4,07:01:00,22:02:00,15.016666666666667
52190,2024-06-11,4,07:03:00,22:01:00,14.966666666666667
52190,2024-06-12,5,07:02:00,22:01:00,14.983333333333333
52190,2024-06-13,5,06:59:00,22:00:00,15.016666666666667
52190,2024-06-14,6,15:59:00,22:03:00,6.066666666666666
52190,2024-06-15,6,07:15:00,23:00:00,15.75
52190,2024-06-19,0,07:00:00,22:05:00,15.083333333333334
52190,2024-06-20,0,07:00:00,22:00:00,15.0
52190,2024-06-21,1,16:01:00,22:00:00,5.983333333333333
52190,2024-06-22,1,06:58:00,22:03:00,15.083333333333334
52190,2024-06-23,2,07:00:00,21:58:00,14.966666666666667
52190,2024-06-24,2,07:02:00,22:00:00,14.966666666666667
52190,2024-06-25,3,07:00:00,22:00:00,15.0
52190,2024-06-26,3,07:02:00,22:00:00,14.966666666666667
52190,2024-06-27,4,16:02:00,23:26:00,7.4
52190,2024-06-28,4,16:01:00,22:23:00,6.366666666666666
52190,2024-06-29,5,07:01:00,22:00:00,14.983333333333333
52190,2024-06-30,5,15:54:00,21:56:00,6.033333333333333
52190,2024-07-01,6,15:57:00,22:00:00,6.05
52190,2024-07-02,6,07:00:00,22:00:00,15.0
52190,2024-07-03,0,15:54:00,21:58:00,6.066666666666666
52190,2024-07-04,0,15:56:00,22:00:00,6.066666666666666
52190,2024-07-05,1,16:03:00,22:01:00,5.966666666666667
52190,2024-07-06,1,07:02:00,22:02:00,15.0
52190,2024-07-07,2,07:00:00,12:00:00,5.0
52190,2024-07-08,2,07:00:00,22:00:00,15.0
52190,2024-07-09,3,07:02:00,22:00:00,14.966666666666667
52190,2024-07-10,3,07:03:00,21:59:00,14.933333333333334
52190,2024-07-11,4,07:05:00,22:00:00,14.916666666666666
52190,2024-07-12,4,16:04:00,22:00:00,5.933333333333334
52190,2024-07-13,5,07:01:00,22:01:00,15.0
52190,2024-07-14,5,07:04:00,21:59:00,14.916666666666666
52190,2024-07-15,6,07:04:00,22:01:00,14.95
52190,2024-07-16,6,07:20:00,21:58:00,14.633333333333333
52190,2024-07-17,0,07:05:00,22:00:00,14.916666666666666
52190,2024-07-18,0,07:02:00,22:03:00,15.016666666666667
52190,2024-07-19,1,16:00:00,22:00:00,6.0
52190,2024-07-20,1,07:02:00,21:57:00,14.916666666666666
52190,2024-07-21,2,07:09:00,21:59:00,14.833333333333334
52190,2024-07-22,2,07:01:00,21:58:00,14.95
52190,2024-07-23,3,07:01:00,22:00:00,14.983333333333333
52190,2024-07-24,3,07:04:00,21:58:00,14.9
52190,2024-07-25,4,07:04:00,21:57:00,14.883333333333333
52190,2024-07-26,4,16:07:00,22:00:00,5.883333333333334
52190,2024-07-27,0,07:04:00,21:58:00,14.9
52190,2024-07-28,0,07:06:00,22:00:00,14.9
52190,2024-07-29,1,07:04:00,21:59:00,14.916666666666666
52190,2024-07-30,1,07:02:00,22:22:00,15.333333333333334
52190,2024-07-31,2,07:06:00,22:00:00,14.9
52190,2024-08-01,2,07:07:00,21:58:00,14.85
52191,2024-06-04,3,08:22:00,16:08:00,7.766666666666667
52191,2024-06-05,4,09:26:00,16:12:00,6.766666666666667
52191,2024-06-06,4,08:38:00,16:07:00,7.483333333333333
52191,2024-06-08,5,08:38:00,15:58:00,7.333333333333333
52191,2024-06-09,5,08:49:00,16:08:00,7.316666666666666
52191,2024-06-10,6,08:35:00,16:12:00,7.616666666666666
52191,2024-06-11,6,08:52:00,16:17:00,7.416666666666667
52191,2024-06-12,0,09:15:00,12:48:00,3.55
52191,2024-06-14,0,14:27:00,21:39:00,7.2
52191,2024-06-20,1,08:17:00,16:15:00,7.966666666666667
52191,2024-06-22,1,08:04:00,16:10:00,8.1
52191,2024-06-23,2,08:42:00,16:16:00,7.566666666666666
52191,2024-06-24,2,09:16:00,16:11:00,6.916666666666667
52191,2024-06-26,3,08:16:00,16:16:00,8.0
52191,2024-06-27,3,08:37:00,16:19:00,7.7
52191,2024-07-02,4,07:42:00,16:42:00,9.0
52191,2024-07-03,4,08:35:00,16:44:00,8.15
52191,2024-07-04,5,08:33:00,16:30:00,7.95
52191,2024-07-06,5,08:56:00,16:10:00,7.233333333333333
52191,2024-07-07,6,09:58:00,16:19:00,6.35
52191,2024-07-08,6,09:19:00,16:55:00,7.6
52191,2024-07-09,0,09:00:00,16:26:00,7.433333333333334
52191,2024-07-11,1,08:54:00,16:20:00,7.433333333333334
52191,2024-07-14,1,08:24:00,16:40:00,8.266666666666667
52191,2024-07-15,2,08:08:00,16:29:00,8.35
52191,2024-07-16,2,08:57:00,16:30:00,7.55
52191,2024-07-17,3,09:27:00,16:46:00,7.316666666666666
52191,2024-07-18,3,08:23:00,16:27:00,8.066666666666666
52191,2024-07-20,4,09:51:00,16:44:00,6.883333333333334
52191,2024-07-22,4,07:19:00,14:53:00,7.566666666666666
52191,2024-07-23,5,09:09:00,16:27:00,7.3
52191,2024-07-24,5,08:36:00,16:15:00,7.65
52191,2024-07-25,6,08:34:00,16:16:00,7.7
52191,2024-07-27,6,10:15:00,16:34:00,6.316666666666666
52191,2024-07-28,0,08:34:00,16:09:00,7.583333333333333
52191,2024-07-29,0,08:40:00,16:07:00,7.45
52191,2024-07-31,1,08:27:00,16:02:00,7.583333333333333
52191,2024-08-01,1,09:07:00,16:12:00,7.083333333333333
52192,2024-06-04,2,07:09:00,15:00:00,7.85
52192,2024-06-05,2,07:09:00,15:00:00,7.85
52192,2024-06-08,3,06:58:00,15:30:00,8.533333333333333
52192,2024-06-09,3,06:31:00,15:00:00,8.483333333333333
52192,2024-06-10,4,06:43:00,15:19:00,8.6
52192,2024-06-11,4,07:10:00,14:23:00,7.216666666666667
52192,2024-06-12,5,07:08:00,15:01:00,7.883333333333334
52192,2024-06-19,5,07:04:00,15:04:00,8.0
52192,2024-06-22,6,07:03:00,14:44:00,7.683333333333334
52192,2024-06-23,6,07:06:00,15:07:00,8.016666666666667
52192,2024-06-25,0,06:38:00,14:40:00,8.033333333333333
52192,2024-06-26,0,06:51:00,15:00:00,8.15
52192,2024-06-27,1,06:53:00,14:53:00,8.0
52192,2024-07-01,1,06:48:00,14:45:00,7.95
52192,2024-07-02,2,07:15:00,13:00:00,5.75
52192,2024-07-03,2,07:05:00,15:04:00,7.983333333333333
52192,2024-07-06,3,06:50:00,15:04:00,8.233333333333333
52192,2024-07-08,3,06:34:00,15:06:00,8.533333333333333
52192,2024-07-09,4,06:46:00,14:44:00,7.966666666666667
52192,2024-07-10,4,06:58:00,15:10:00,8.2
52192,2024-07-11,0,06:46:00,13:02:00,6.266666666666667
52192,2024-07-13,0,06:53:00,15:10:00,8.283333333333333
52192,2024-07-14,1,06:55:00,15:00:00,8.083333333333334
52192,2024-07-15,1,07:07:00,12:39:00,5.533333333333333
52192,2024-07-16,2,07:02:00,15:00:00,7.966666666666667
52192,2024-07-17,2,06:54:00,15:01:00,8.116666666666667
52192,2024-07-18,3,06:48:00,14:17:00,7.483333333333333
52192,2024-07-20,3,06:51:00,14:57:00,8.1
52192,2024-07-25,4,07:04:00,14:04:00,7.0
52192,2024-07-29,5,06:39:00,14:43:00,8.066666666666666
52192,2024-08-01,6,06:39:00,14:44:00,8.083333333333334
52193,2024-06-04,0,07:17:00,21:58:00,14.683333333333334
52193,2024-06-05,1,07:13:00,22:01:00,14.8
52193,2024-06-06,1,07:15:00,21:57:00,14.7
52193,2024-06-07,2,16:08:00,21:59:00,5.85
52193,2024-06-08,2,07:09:00,21:59:00,14.833333333333334
52193,2024-06-09,3,16:01:00,21:58:00,5.95
52193,2024-06-10,3,16:11:00,21:58:00,5.783333333333333
52193,2024-06-11,4,07:11:00,22:00:00,14.816666666666666
52193,2024-06-12,4,07:14:00,21:58:00,14.733333333333333
52193,2024-06-13,5,07:14:00,22:09:00,14.916666666666666
52193,2024-06-14,5,16:09:00,23:45:00,7.6
52193,2024-06-15,6,07:19:00,23:22:00,16.05
52193,2024-06-19,6,07:15:00,21:55:00,14.666666666666666
52193,2024-06-20,1,07:14:00,21:57:00,14.716666666666667
52193,2024-06-21,1,16:14:00,21:57:00,5.716666666666667
52193,2024-06-22,2,07:18:00,21:56:00,14.633333333333333
52193,2024-06-23,2,16:12:00,21:55:00,5.716666666666667
52193,2024-06-24,3,07:17:00,21:57:00,14.666666666666666
52193,2024-06-25,3,12:01:00,16:15:00,4.233333333333333
52193,2024-06-26,4,07:25:00,21:55:00,14.5
52193,2024-06-27,4,07:23:00,12:01:00,4.633333333333334
52193,2024-06-28,5,16:03:00,22:10:00,6.116666666666666
52193,2024-06-29,5,07:21:00,21:57:00,14.6
52193,2024-06-30,6,07:30:00,21:57:00,14.45
52193,2024-07-01,6,07:27:00,21:57:00,14.5
52193,2024-07-02,0,07:22:00,21:59:00,14.616666666666667
52193,2024-07-03,0,07:18:00,21:57:00,14.65
52193,2024-07-04,1,07:21:00,21:56:00,14.583333333333334
52193,2024-07-05,1,16:10:00,21:57:00,5.783333333333333
52193,2024-07-06,2,07:21:00,21:58:00,14.616666666666667
52193,2024-07-07,2,07:20:00,22:02:00,14.7
52193,2024-07-08,3,07:21:00,21:59:00,14.633333333333333
52193,2024-07-09,3,07:22:00,21:58:00,14.6
52193,2024-07-10,4,07:28:00,21:57:00,14.483333333333333
52193,2024-07-11,4,07:21:00,21:59:00,14.633333333333333
52193,2024-07-13,5,07:19:00,21:58:00,14.65
52193,2024-07-14,5,07:21:00,21:59:00,14.633333333333333
52193,2024-07-15,6,07:21:00,21:58:00,14.616666666666667
52193,2024-07-16,6,07:17:00,11:56:00,4.65
52193,2024-07-17,0,11:57:00,16:13:00,4.266666666666667
52193,2024-07-18,0,11:58:00,16:19:00,4.35
52193,2024-07-19,1,16:10:00,21:58:00,5.8
52193,2024-07-20,1,07:19:00,21:59:00,14.666666666666666
52193,2024-07-21,2,07:23:00,21:59:00,14.6
52193,2024-07-22,2,07:19:00,21:56:00,14.616666666666667
52193,2024-07-23,3,07:18:00,21:56:00,14.633333333333333
52193,2024-07-24,3,07:18:00,21:56:00,14.633333333333333
52193,2024-07-25,4,07:24:00,21:56:00,14.533333333333333
52194,2024-06-05,6,07:03:00,22:00:00,14.95
52194,2024-06-06,6,07:02:00,21:58:00,14.933333333333334
52194,2024-06-07,0,16:07:00,22:00:00,5.883333333333334
52194,2024-06-08,0,07:03:00,22:00:00,14.95
52194,2024-06-09,1,07:02:00,22:03:00,15.016666666666667
52194,2024-06-10,1,07:05:00,22:00:00,14.916666666666666
52194,2024-06-11,2,07:03:00,22:00:00,14.95
52194,2024-06-12,2,07:02:00,22:00:00,14.966666666666667
52194,2024-06-13,3,07:03:00,21:58:00,14.916666666666666
52194,2024-06-14,3,16:03:00,23:48:00,7.75
52194,2024-06-15,4,07:06:00,22:53:00,15.783333333333333
52194,2024-06-19,4,07:01:00,21:59:00,14.966666666666667
52194,2024-06-20,5,07:01:00,22:01:00,15.0
52194,2024-06-21,5,16:02:00,22:00:00,5.966666666666667
52194,2024-06-22,6,07:00:00,21:59:00,14.983333333333333
52194,2024-06-23,6,07:01:00,22:03:00,15.033333333333333
52194,2024-06-24,0,07:05:00,22:04:00,14.983333333333333
52194,2024-06-25,0,07:03:00,21:59:00,14.933333333333334
52194,2024-06-26,1,07:03:00,22:03:00,15.0
52194,2024-06-27,1,07:05:00,22:00:00,14.916666666666666
52194,2024-06-28,2,16:06:00,22:11:00,6.083333333333333
52194,2024-06-29,2,07:03:00,22:00:00,14.95
52194,2024-06-30,3,07:04:00,22:05:00,15.016666666666667
52194,2024-07-01,3,07:05:00,22:01:00,14.933333333333334
52194,2024-07-02,4,07:07:00,22:03:00,14.933333333333334
52194,2024-07-03,4,07:02:00,22:01:00,14.983333333333333
52194,2024-07-04,5,07:04:00,21:59:00,14.916666666666666
52194,2024-07-05,5,16:05:00,22:03:00,5.966666666666667
52194,2024-07-06,6,07:03:00,22:18:00,15.25
52194,2024-07-07,6,07:06:00,22:00:00,14.9
52194,2024-07-08,0,07:03:00,22:01:00,14.966666666666667
52194,2024-07-09,0,07:05:00,22:03:00,14.966666666666667
52194,2024-07-10,1,07:02:00,22:00:00,14.966666666666667
52194,2024-07-11,1,07:02:00,22:00:00,14.966666666666667
52194,2024-07-12,2,16:03:00,22:00:00,5.95
52194,2024-07-13,2,07:05:00,22:03:00,14.966666666666667
52194,2024-07-14,3,07:05:00,22:01:00,14.933333333333334
52194,2024-07-15,3,07:05:00,22:03:00,14.966666666666667
52194,2024-07-16,4,07:03:00,22:04:00,15.016666666666667
52194,2024-07-17,4,07:06:00,22:00:00,14.9
52194,2024-07-18,5,07:24:00,22:07:00,14.716666666666667
52194,2024-07-19,5,16:07:00,22:01:00,5.9
52194,2024-07-20,6,07:56:00,21:57:00,14.016666666666667
52194,2024-07-21,6,07:04:00,22:00:00,14.933333333333334
52194,2024-07-22,0,07:05:00,22:01:00,14.933333333333334
52194,2024-07-23,0,07:03:00,22:00:00,14.95
52194,2024-07-24,1,07:05:00,22:01:00,14.933333333333334
52194,2024-07-25,1,07:02:00,21:57:00,14.916666666666666
52194,2024-07-26,2,16:03:00,22:00:00,5.95
52194,2024-07-27,2,07:01:00,21:58:00,14.95
52194,2024-07-28,3,07:04:00,21:56:00,14.866666666666667
52194,2024-07-29,3,07:03:00,22:01:00,14.966666666666667
52194,2024-07-30,4,07:08:00,21:59:00,14.85
52194,2024-07-31,4,07:05:00,22:08:00,15.05
52194,2024-08-01,2,07:07:00,22:41:00,15.566666666666666
52195,2024-06-12,3,07:04:00,16:01:00,8.95
52195,2024-06-13,5,07:00:00,22:00:00,15.0
52195,2024-06-14,5,16:00:00,22:00:00,6.0
52195,2024-06-15,6,07:05:00,21:59:00,14.9
52195,2024-06-19,6,07:01:00,22:01:00,15.0
52195,2024-06-20,0,07:01:00,22:00:00,14.983333333333333
52195,2024-06-21,0,16:01:00,22:00:00,5.983333333333333
52195,2024-06-22,1,07:00:00,22:00:00,15.0
52195,2024-06-23,1,07:02:00,22:02:00,15.0
52195,2024-06-24,2,07:01:00,22:01:00,15.0
52195,2024-06-25,2,07:03:00,21:58:00,14.916666666666666
52195,2024-06-26,3,07:01:00,21:58:00,14.95
52195,2024-06-27,3,07:02:00,21:59:00,14.95
52195,2024-06-28,5,16:03:00,22:02:00,5.983333333333333
52195,2024-06-29,5,07:06:00,21:59:00,14.883333333333333
52195,2024-06-30,6,07:04:00,22:00:00,14.933333333333334
52195,2024-07-01,6,07:04:00,21:58:00,14.9
52195,2024-07-02,0,07:05:00,22:01:00,14.933333333333334
52195,2024-07-03,0,07:04:00,21:58:00,14.9
52195,2024-07-04,1,07:05:00,22:00:00,14.916666666666666
52195,2024-07-05,1,16:04:00,22:02:00,5.966666666666667
52195,2024-07-06,2,07:04:00,22:00:00,14.933333333333334
52195,2024-07-07,2,07:04:00,22:01:00,14.95
52195,2024-07-08,3,07:03:00,21:56:00,14.883333333333333
52195,2024-07-09,3,07:02:00,22:02:00,15.0
52195,2024-07-10,5,07:04:00,22:06:00,15.033333333333333
52195,2024-07-11,5,07:08:00,22:02:00,14.9
52195,2024-07-12,6,16:09:00,21:57:00,5.8
52195,2024-07-13,6,07:02:00,22:00:00,14.966666666666667
52195,2024-07-14,0,07:08:00,22:01:00,14.883333333333333
52195,2024-07-15,0,07:06:00,12:01:00,4.916666666666667
52195,2024-07-16,1,07:04:00,22:01:00,14.95
52195,2024-07-17,1,07:05:00,22:02:00,14.95
52195,2024-07-18,2,07:06:00,22:01:00,14.916666666666666
52195,2024-07-19,2,16:02:00,22:00:00,5.966666666666667
52195,2024-07-20,3,07:08:00,22:00:00,14.866666666666667
52195,2024-07-21,3,07:09:00,22:01:00,14.866666666666667
52195,2024-07-22,5,07:06:00,22:06:00,15.0
52195,2024-07-23,5,07:10:00,21:59:00,14.816666666666666
52195,2024-07-24,6,07:09:00,22:01:00,14.866666666666667
52195,2024-07-25,6,07:09:00,21:56:00,14.783333333333333
52195,2024-07-26,0,16:02:00,22:01:00,5.983333333333333
52195,2024-07-27,0,07:08:00,21:59:00,14.85
52195,2024-07-28,1,07:08:00,22:00:00,14.866666666666667
52195,2024-07-29,1,07:08:00,22:01:00,14.883333333333333
52195,2024-07-30,2,07:10:00,22:01:00,14.85
52195,2024-07-31,2,07:07:00,12:01:00,4.9
52195,2024-08-01,3,07:07:00,22:03:00,14.933333333333334
52196,2024-06-04,5,07:43:00,23:00:00,15.283333333333333
52196,2024-06-05,6,07:58:00,23:05:00,15.116666666666667
52196,2024-06-06,6,07:58:00,23:13:00,15.25
52196,2024-06-07,0,15:58:00,22:57:00,6.983333333333333
52196,2024-06-08,0,08:01:00,23:00:00,14.983333333333333
52196,2024-06-09,1,07:57:00,23:02:00,15.083333333333334
52196,2024-06-10,1,08:00:00,23:03:00,15.05
52196,2024-06-11,2,07:59:00,23:04:00,15.083333333333334
52196,2024-06-12,2,07:59:00,23:00:00,15.016666666666667
52196,2024-06-13,3,08:00:00,23:04:00,15.066666666666666
52196,2024-06-14,3,16:00:00,23:00:00,7.0
52196,2024-06-15,5,07:59:00,23:24:00,15.416666666666666
52196,2024-06-19,5,07:56:00,23:19:00,15.383333333333333
52196,2024-06-20,6,08:01:00,23:09:00,15.133333333333333
52196,2024-06-21,6,16:02:00,22:54:00,6.866666666666666
52196,2024-06-22,0,08:01:00,23:02:00,15.016666666666667
52196,2024-06-23,0,08:02:00,23:00:00,14.966666666666667
52196,2024-06-24,1,08:05:00,23:00:00,14.916666666666666
52196,2024-06-25,1,07:57:00,22:56:00,14.983333333333333
52196,2024-06-26,2,08:05:00,23:00:00,14.916666666666666
52196,2024-06-27,2,08:02:00,22:58:00,14.933333333333334
52196,2024-06-28,3,15:58:00,22:53:00,6.916666666666667
52196,2024-06-29,3,07:58:00,23:08:00,15.166666666666666
52196,2024-06-30,4,08:00:00,23:04:00,15.066666666666666
52196,2024-07-01,4,08:02:00,23:13:00,15.183333333333334
52196,2024-07-02,6,08:08:00,23:12:00,15.066666666666666
52196,2024-07-03,6,08:03:00,23:21:00,15.3
52196,2024-07-04,0,07:57:00,23:16:00,15.316666666666666
52196,2024-07-05,0,16:03:00,22:54:00,6.85
52196,2024-07-06,1,07:49:00,22:58:00,15.15
52196,2024-07-07,1,07:18:00,22:58:00,15.666666666666666
52196,2024-07-08,2,08:01:00,22:58:00,14.95
52196,2024-07-09,2,07:59:00,23:02:00,15.05
52196,2024-07-10,3,08:05:00,23:03:00,14.966666666666667
52196,2024-07-11,3,08:12:00,23:10:00,14.966666666666667
52196,2024-07-12,4,16:02:00,23:10:00,7.133333333333334
52196,2024-07-13,4,08:06:00,23:02:00,14.933333333333334
52196,2024-07-14,5,08:01:00,23:01:00,15.0
52196,2024-07-15,5,08:00:00,23:02:00,15.033333333333333
52196,2024-07-16,6,08:04:00,22:57:00,14.883333333333333
52196,2024-07-17,6,08:05:00,23:01:00,14.933333333333334
52196,2024-07-18,0,08:05:00,23:03:00,14.966666666666667
52196,2024-07-19,0,16:04:00,23:04:00,7.0
52196,2024-07-20,1,08:06:00,23:01:00,14.916666666666666
52196,2024-07-21,1,07:52:00,22:56:00,15.066666666666666
52196,2024-07-22,2,07:52:00,22:57:00,15.083333333333334
52196,2024-07-23,2,08:04:00,22:54:00,14.833333333333334
52196,2024-07-24,3,07:49:00,23:03:00,15.233333333333333
52196,2024-07-25,3,07:57:00,23:13:00,15.266666666666667
52196,2024-07-26,4,16:06:00,22:51:00,6.75
52196,2024-07-27,4,08:01:00,22:53:00,14.866666666666667
52196,2024-07-28,5,08:02:00,22:58:00,14.933333333333334
52196,2024-07-29,5,08:01:00,23:01:00,15.0
52196,2024-07-30,0,08:07:00,22:57:00,14.833333333333334
52196,2024-07-31,0,08:10:00,23:06:00,14.933333333333334
52196,2024-08-01,1,08:07:00,23:08:00,15.016666666666667
52197,2024-06-05,2,06:33:00,15:51:00,9.3
52197,2024-06-06,3,06:35:00,16:11:00,9.6
52197,2024-06-07,3,07:10:00,16:09:00,8.983333333333333
52197,2024-06-08,4,06:33:00,14:58:00,8.416666666666666
52197,2024-06-09,4,06:37:00,16:08:00,9.516666666666667
52197,2024-06-11,5,06:29:00,16:13:00,9.733333333333333
52197,2024-06-12,6,06:33:00,16:19:00,9.766666666666667
52197,2024-06-13,6,06:31:00,16:08:00,9.616666666666667
52197,2024-06-14,0,06:40:00,15:33:00,8.883333333333333
52197,2024-06-19,1,06:33:00,16:21:00,9.8
52197,2024-06-20,1,06:34:00,16:04:00,9.5
52197,2024-06-21,2,07:06:00,16:14:00,9.133333333333333
52197,2024-06-22,2,06:58:00,16:07:00,9.15
52197,2024-06-23,3,06:47:00,16:10:00,9.383333333333333
52197,2024-06-24,3,06:40:00,16:11:00,9.516666666666667
52197,2024-06-25,5,06:38:00,16:13:00,9.583333333333334
52197,2024-06-27,5,06:34:00,16:12:00,9.633333333333333
52197,2024-06-28,6,06:59:00,16:16:00,9.283333333333333
52197,2024-06-29,6,06:38:00,16:10:00,9.533333333333333
52197,2024-06-30,0,06:39:00,16:09:00,9.5
52197,2024-07-01,0,06:38:00,14:33:00,7.916666666666667
52197,2024-07-03,1,06:43:00,15:22:00,8.65
52197,2024-07-04,1,06:43:00,16:05:00,9.366666666666667
52197,2024-07-06,2,06:39:00,15:52:00,9.216666666666667
52197,2024-07-08,2,06:34:00,15:46:00,9.2
52197,2024-07-10,3,06:32:00,15:54:00,9.366666666666667
52197,2024-07-12,5,06:38:00,15:32:00,8.9
52197,2024-07-13,6,06:39:00,15:47:00,9.133333333333333
52197,2024-07-15,0,06:36:00,15:40:00,9.066666666666666
52197,2024-07-20,1,06:32:00,15:42:00,9.166666666666666
52197,2024-07-21,2,06:40:00,15:47:00,9.116666666666667
52197,2024-07-22,2,06:36:00,15:55:00,9.316666666666666
52197,2024-07-23,3,06:30:00,15:55:00,9.416666666666666
52197,2024-07-24,3,06:29:00,14:22:00,7.883333333333334
52197,2024-07-26,4,06:49:00,14:58:00,8.15
52197,2024-07-27,4,06:32:00,15:56:00,9.4
52197,2024-07-28,5,06:26:00,16:05:00,9.65
52197,2024-07-29,5,06:22:00,15:27:00,9.083333333333334
52197,2024-07-31,1,06:30:00,14:58:00,8.466666666666667
52197,2024-08-01,2,06:34:00,15:35:00,9.016666666666667
52197,2024-08-02,2,06:36:00,15:50:00,9.233333333333333
52199,2024-06-04,5,07:08:00,22:00:00,14.866666666666667
52199,2024-06-05,6,07:07:00,22:00:00,14.883333333333333
52199,2024-06-06,6,07:08:00,22:00:00,14.866666666666667
52199,2024-06-07,0,16:02:00,22:00:00,5.966666666666667
52199,2024-06-08,0,07:04:00,22:00:00,14.933333333333334
52199,2024-06-09,1,07:08:00,22:00:00,14.866666666666667
52199,2024-06-10,1,07:31:00,22:03:00,14.533333333333333
52199,2024-06-11,2,07:11:00,22:03:00,14.866666666666667
52199,2024-06-12,2,07:04:00,22:00:00,14.933333333333334
52199,2024-06-13,3,07:04:00,21:58:00,14.9
52199,2024-06-14,3,16:01:00,21:59:00,5.966666666666667
52199,2024-06-15,4,07:14:00,22:53:00,15.65
52199,2024-06-19,4,07:01:00,22:00:00,14.983333333333333
52199,2024-06-20,5,07:05:00,21:59:00,14.9
52199,2024-06-21,5,16:00:00,22:01:00,6.016666666666667
52199,2024-06-22,6,06:58:00,21:59:00,15.016666666666667
52199,2024-06-23,6,07:08:00,22:00:00,14.866666666666667
52199,2024-06-24,0,07:08:00,22:00:00,14.866666666666667
52199,2024-06-25,0,07:00:00,22:00:00,15.0
52199,2024-06-26,1,07:03:00,21:58:00,14.916666666666666
52199,2024-06-27,1,07:01:00,22:00:00,14.983333333333333
52199,2024-06-28,2,16:00:00,22:21:00,6.35
52199,2024-06-29,2,07:14:00,22:00:00,14.766666666666667
52199,2024-06-30,3,07:06:00,22:00:00,14.9
52199,2024-07-01,3,07:06:00,22:00:00,14.9
52199,2024-07-02,4,07:03:00,22:00:00,14.95
52199,2024-07-03,4,07:01:00,21:59:00,14.966666666666667
52199,2024-07-04,5,07:09:00,22:00:00,14.85
52199,2024-07-05,5,16:04:00,22:00:00,5.933333333333334
52199,2024-07-06,6,07:02:00,22:01:00,14.983333333333333
52199,2024-07-07,6,07:01:00,21:59:00,14.966666666666667
52199,2024-07-08,0,07:01:00,22:00:00,14.983333333333333
52199,2024-07-09,0,07:06:00,22:00:00,14.9
52199,2024-07-10,1,07:06:00,22:00:00,14.9
52199,2024-07-11,1,07:12:00,21:59:00,14.783333333333333
52199,2024-07-12,2,16:05:00,22:00:00,5.916666666666667
52199,2024-07-13,2,07:01:00,22:01:00,15.0
52199,2024-07-14,3,07:12:00,21:59:00,14.783333333333333
52199,2024-07-15,3,07:07:00,22:03:00,14.933333333333334
52199,2024-07-16,4,07:06:00,22:01:00,14.916666666666666
52199,2024-07-17,4,07:09:00,22:00:00,14.85
52199,2024-07-18,5,07:02:00,22:07:00,15.083333333333334
52199,2024-07-19,5,16:02:00,22:00:00,5.966666666666667
52199,2024-07-20,6,07:12:00,21:57:00,14.75
52199,2024-07-21,6,07:10:00,21:59:00,14.816666666666666
52199,2024-07-22,0,07:04:00,21:57:00,14.883333333333333
52199,2024-07-23,0,07:13:00,22:00:00,14.783333333333333
52199,2024-07-24,1,07:16:00,11:59:00,4.716666666666667
52199,2024-07-25,1,07:05:00,11:59:00,4.9
52200,2024-07-01,2,00:03:00,08:05:00,8.033333333333333
52200,2024-07-05,3,00:49:00,10:49:00,10.0
52200,2024-07-06,4,00:00:00,10:16:00,10.266666666666667
52200,2024-07-07,4,00:00:00,15:59:00,15.983333333333333
52200,2024-07-08,0,00:00:00,15:59:00,15.983333333333333
52200,2024-07-12,1,00:36:00,10:59:00,10.383333333333333
52200,2024-07-13,2,00:02:00,10:15:00,10.216666666666667
52200,2024-07-14,2,00:06:00,10:17:00,10.183333333333334
52200,2024-07-15,3,00:07:00,10:19:00,10.2
52200,2024-07-19,4,00:52:00,15:59:00,15.116666666666667
52200,2024-07-22,5,00:04:00,10:33:00,10.483333333333333
52200,2024-07-23,5,00:01:00,10:33:00,10.533333333333333
52200,2024-07-24,6,00:04:00,11:09:00,11.083333333333334
52200,2024-07-25,6,00:05:00,10:22:00,10.283333333333333
52200,2024-07-26,0,00:53:00,10:52:00,9.983333333333333
52200,2024-07-28,0,00:01:00,10:33:00,10.533333333333333
52200,2024-08-01,2,00:05:00,10:14:00,10.15
52201,2024-06-15,4,08:59:00,16:35:00,7.6
52201,2024-07-19,1,16:18:00,20:02:00,3.7333333333333334
52204,2024-07-01,2,10:08:00,16:04:00,5.933333333333334
52204,2024-07-02,2,09:59:00,16:00:00,6.016666666666667
52204,2024-07-03,3,10:00:00,16:00:00,6.0
52204,2024-07-04,3,02:01:00,16:00:00,13.983333333333333
52204,2024-07-06,4,09:57:00,16:02:00,6.083333333333333
52204,2024-07-07,4,09:57:00,16:00:00,6.05
52204,2024-07-08,5,00:00:00,23:59:00,23.983333333333334
52204,2024-07-09,5,08:01:00,12:00:00,3.9833333333333334
52204,2024-07-10,6,07:59:00,12:00:00,4.016666666666667
52204,2024-07-11,6,08:00:00,12:00:00,4.0
52204,2024-07-13,0,08:01:00,12:01:00,4.0
52204,2024-07-14,0,08:00:00,12:02:00,4.033333333333333
52204,2024-07-15,1,08:01:00,12:03:00,4.033333333333333
52204,2024-07-16,1,08:02:00,12:02:00,4.0
52204,2024-07-17,2,07:59:00,12:01:00,4.033333333333333
52204,2024-07-18,2,07:58:00,12:00:00,4.033333333333333
52204,2024-07-20,3,07:59:00,12:00:00,4.016666666666667
52204,2024-07-21,3,08:02:00,12:03:00,4.016666666666667
52204,2024-07-22,4,07:59:00,12:00:00,4.016666666666667
52204,2024-07-23,4,08:00:00,12:32:00,4.533333333333333
52204,2024-07-24,5,08:01:00,12:00:00,3.9833333333333334
52204,2024-07-25,5,08:21:00,11:59:00,3.6333333333333333
52204,2024-07-27,6,08:01:00,12:02:00,4.016666666666667
52204,2024-07-28,6,08:01:00,23:59:00,15.966666666666667
52204,2024-07-29,0,08:01:00,12:29:00,4.466666666666667
52204,2024-07-30,0,08:00:00,12:02:00,4.033333333333333
52204,2024-07-31,1,08:02:00,12:04:00,4.033333333333333
52204,2024-08-01,1,08:02:00,12:00:00,3.966666666666667
52205,2024-06-02,2,12:07:00,15:55:00,3.8
52205,2024-06-03,2,07:57:00,21:28:00,13.516666666666667
52205,2024-06-04,3,08:03:00,21:27:00,13.4
52205,2024-06-05,3,07:55:00,18:20:00,10.416666666666666
52205,2024-06-06,4,15:58:00,22:27:00,6.483333333333333
52205,2024-06-07,4,15:55:00,20:25:00,4.5
52205,2024-06-08,5,08:04:00,15:54:00,7.833333333333333
52205,2024-06-09,5,07:54:00,18:55:00,11.016666666666667
52205,2024-06-10,6,08:05:00,20:44:00,12.65
52205,2024-06-11,6,08:16:00,15:52:00,7.6
52205,2024-06-12,0,10:04:00,17:54:00,7.833333333333333
52205,2024-06-13,0,07:57:00,21:52:00,13.916666666666666
52205,2024-06-15,1,07:57:00,15:54:00,7.95
52205,2024-06-17,1,07:57:00,16:07:00,8.166666666666666
52205,2024-06-19,2,08:05:00,21:21:00,13.266666666666667
52205,2024-06-20,2,08:04:00,11:53:00,3.816666666666667
52205,2024-06-22,3,08:41:00,16:47:00,8.1
52205,2024-06-23,4,16:02:00,21:50:00,5.8
52205,2024-06-24,4,08:07:00,21:43:00,13.6
52205,2024-06-25,5,08:05:00,18:33:00,10.466666666666667
52205,2024-06-26,5,08:05:00,11:51:00,3.7666666666666666
52205,2024-06-29,6,08:07:00,11:54:00,3.783333333333333
52205,2024-06-30,6,08:06:00,16:51:00,8.75
52205,2024-07-01,0,08:05:00,21:31:00,13.433333333333334
52205,2024-07-02,0,08:22:00,17:46:00,9.4
52205,2024-07-03,1,08:29:00,17:08:00,8.65
52205,2024-07-04,1,08:15:00,19:39:00,11.4
52205,2024-07-06,2,08:05:00,20:08:00,12.05
52205,2024-07-07,2,08:05:00,21:54:00,13.816666666666666
52205,2024-07-08,3,08:07:00,21:52:00,13.75
52205,2024-07-09,3,08:05:00,16:08:00,8.05
52205,2024-07-10,4,08:07:00,21:55:00,13.8
52205,2024-07-11,4,08:12:00,16:08:00,7.933333333333334
52205,2024-07-13,5,07:55:00,21:36:00,13.683333333333334
52205,2024-07-15,6,08:06:00,21:57:00,13.85
52205,2024-07-16,0,07:55:00,21:06:00,13.183333333333334
52205,2024-07-17,0,08:05:00,11:50:00,3.75
52205,2024-07-18,1,08:05:00,22:03:00,13.966666666666667
52205,2024-07-20,1,08:05:00,21:07:00,13.033333333333333
52205,2024-07-21,2,08:05:00,21:52:00,13.783333333333333
52205,2024-07-22,2,08:05:00,21:51:00,13.766666666666667
52205,2024-07-23,3,08:06:00,17:53:00,9.783333333333333
52205,2024-07-24,3,08:15:00,21:50:00,13.583333333333334
52205,2024-07-25,4,08:06:00,20:08:00,12.033333333333333
52205,2024-07-27,4,08:06:00,21:53:00,13.783333333333333
52205,2024-07-28,2,08:06:00,20:15:00,12.15
52205,2024-07-29,2,08:05:00,19:08:00,11.05
52205,2024-07-31,3,08:38:00,12:59:00,4.35
52205,2024-08-01,3,08:06:00,22:04:00,13.966666666666667
52206,2024-07-01,4,00:03:00,10:06:00,10.05
52206,2024-07-04,5,00:00:00,10:04:00,10.066666666666666
52206,2024-07-05,5,00:50:00,10:46:00,9.933333333333334
52206,2024-07-06,6,00:01:00,10:01:00,10.0
52206,2024-07-07,6,00:00:00,10:00:00,10.0
52206,2024-07-08,0,00:00:00,15:59:00,15.983333333333333
52207,2024-07-01,5,08:04:00,11:59:00,3.9166666666666665
52207,2024-07-03,6,08:00:00,23:59:00,15.983333333333333
52207,2024-07-04,0,08:01:00,23:58:00,15.95
52207,2024-07-05,0,08:01:00,10:46:00,2.75
52207,2024-07-06,1,08:02:00,12:01:00,3.9833333333333334
52207,2024-07-07,1,08:16:00,11:58:00,3.7
52207,2024-07-08,2,08:02:00,23:59:00,15.95
52207,2024-07-09,2,08:02:00,12:00:00,3.966666666666667
52207,2024-07-10,4,08:00:00,22:03:00,14.05
52207,2024-07-11,4,08:01:00,22:01:00,14.0
52207,2024-07-12,5,08:04:00,16:00:00,7.933333333333334
52207,2024-07-13,5,08:16:00,12:00:00,3.7333333333333334
52207,2024-07-14,6,08:01:00,12:02:00,4.016666666666667
52207,2024-07-15,6,15:56:00,22:00:00,6.066666666666666
52207,2024-07-16,0,08:02:00,22:01:00,13.983333333333333
52207,2024-07-17,0,08:13:00,22:00:00,13.783333333333333
52207,2024-07-18,1,08:11:00,22:01:00,13.833333333333334
52207,2024-07-19,1,08:02:00,22:01:00,13.983333333333333
52207,2024-07-20,2,08:00:00,22:01:00,14.016666666666667
52207,2024-07-21,2,08:03:00,22:01:00,13.966666666666667
52207,2024-07-22,4,08:00:00,22:00:00,14.0
52207,2024-07-23,4,08:00:00,21:58:00,13.966666666666667
52207,2024-07-24,5,08:16:00,22:01:00,13.75
52207,2024-07-25,5,08:04:00,22:00:00,13.933333333333334
52207,2024-07-26,6,08:04:00,10:51:00,2.783333333333333
52207,2024-07-27,6,08:02:00,22:01:00,13.983333333333333
52207,2024-07-28,0,08:02:00,12:01:00,3.9833333333333334
52207,2024-07-29,0,08:02:00,23:13:00,15.183333333333334
52207,2024-07-30,1,08:01:00,22:55:00,14.9
52207,2024-07-31,1,08:03:00,22:50:00,14.783333333333333
52207,2024-08-01,2,08:03:00,22:59:00,14.933333333333334
52207,2024-08-02,2,08:04:00,10:46:00,2.7
52209,2024-06-04,5,07:59:00,22:12:00,14.216666666666667
52209,2024-06-05,6,08:08:00,21:52:00,13.733333333333333
52209,2024-06-06,6,08:05:00,12:04:00,3.9833333333333334
52209,2024-06-08,0,07:59:00,22:08:00,14.15
52209,2024-06-09,0,08:03:00,22:36:00,14.55
52209,2024-06-10,1,08:08:00,21:56:00,13.8
52209,2024-06-11,1,07:57:00,21:50:00,13.883333333333333
52209,2024-06-12,2,07:51:00,22:09:00,14.3
52209,2024-06-13,2,08:19:00,16:04:00,7.75
52209,2024-06-14,5,15:59:00,21:43:00,5.733333333333333
52209,2024-06-15,5,08:00:00,21:10:00,13.166666666666666
52209,2024-06-19,6,08:01:00,21:43:00,13.7
52209,2024-06-20,6,08:01:00,21:49:00,13.8
52209,2024-06-22,0,07:53:00,21:41:00,13.8
52209,2024-06-23,1,07:57:00,22:04:00,14.116666666666667
52209,2024-06-24,1,08:11:00,21:53:00,13.7
52209,2024-06-25,2,08:09:00,22:09:00,14.0
52209,2024-06-26,2,08:01:00,21:58:00,13.95
52209,2024-06-27,1,08:19:00,21:59:00,13.666666666666666
52209,2024-06-28,2,15:48:00,21:23:00,5.583333333333333
52209,2024-06-29,2,07:57:00,21:53:00,13.933333333333334
52209,2024-06-30,3,08:03:00,22:14:00,14.183333333333334
52209,2024-07-01,3,08:09:00,22:14:00,14.083333333333334
52209,2024-07-02,4,07:46:00,21:53:00,14.116666666666667
52209,2024-07-03,4,07:45:00,21:54:00,14.15
52209,2024-07-04,5,07:47:00,22:02:00,14.25
52209,2024-07-05,5,15:45:00,21:29:00,5.733333333333333
52209,2024-07-06,6,08:09:00,21:55:00,13.766666666666667
52209,2024-07-07,0,07:57:00,22:06:00,14.15
52209,2024-07-08,0,08:06:00,22:07:00,14.016666666666667
52209,2024-07-09,1,08:00:00,21:57:00,13.95
52209,2024-07-10,1,08:12:00,21:57:00,13.75
52209,2024-07-11,2,08:01:00,21:46:00,13.75
52209,2024-07-12,2,16:10:00,21:32:00,5.366666666666666
52209,2024-07-13,3,07:53:00,22:07:00,14.233333333333333
52209,2024-07-14,4,08:02:00,21:57:00,13.916666666666666
52209,2024-07-15,4,08:02:00,22:09:00,14.116666666666667
52209,2024-07-16,5,07:58:00,21:54:00,13.933333333333334
52209,2024-07-17,1,08:04:00,21:58:00,13.9
52209,2024-07-18,1,07:57:00,22:03:00,14.1
52209,2024-07-19,2,16:12:00,21:44:00,5.533333333333333
52209,2024-07-20,2,07:50:00,21:53:00,14.05
52209,2024-07-21,3,07:59:00,22:03:00,14.066666666666666
52209,2024-07-22,3,07:57:00,21:54:00,13.95
52209,2024-07-23,4,07:49:00,22:02:00,14.216666666666667
52209,2024-07-24,4,07:48:00,21:55:00,14.116666666666667
52209,2024-07-25,5,08:04:00,21:52:00,13.8
52209,2024-07-26,6,15:43:00,21:43:00,6.0
52209,2024-07-27,6,08:01:00,21:53:00,13.866666666666667
52209,2024-07-28,0,08:02:00,21:53:00,13.85
52209,2024-07-29,1,08:03:00,16:04:00,8.016666666666667
52209,2024-07-30,1,07:57:00,21:55:00,13.966666666666667
52209,2024-07-31,2,08:01:00,22:05:00,14.066666666666666
52209,2024-08-01,2,08:10:00,22:13:00,14.05
52210,2024-06-03,3,08:08:00,22:13:00,14.083333333333334
52210,2024-06-04,4,08:05:00,16:09:00,8.066666666666666
52210,2024-06-05,4,08:05:00,22:06:00,14.016666666666667
52210,2024-06-06,5,08:05:00,22:09:00,14.066666666666666
52210,2024-06-07,5,08:06:00,22:05:00,13.983333333333333
52210,2024-06-08,0,08:07:00,22:02:00,13.916666666666666
52210,2024-06-09,0,08:05:00,22:05:00,14.0
52210,2024-06-10,2,08:04:00,21:55:00,13.85
52210,2024-06-12,3,08:08:00,22:09:00,14.016666666666667
52210,2024-06-13,3,08:07:00,21:54:00,13.783333333333333
52210,2024-06-14,4,08:02:00,11:00:00,2.966666666666667
52210,2024-06-15,6,08:07:00,22:10:00,14.05
52210,2024-06-17,6,07:57:00,21:49:00,13.866666666666667
52210,2024-06-18,0,07:57:00,21:53:00,13.933333333333334
52210,2024-06-19,0,07:55:00,21:54:00,13.983333333333333
52210,2024-06-20,1,07:55:00,21:53:00,13.966666666666667
52210,2024-06-21,1,07:57:00,21:52:00,13.916666666666666
52210,2024-06-22,2,07:57:00,21:53:00,13.933333333333334
52210,2024-06-23,2,07:55:00,21:50:00,13.916666666666666
52210,2024-06-24,3,15:55:00,21:52:00,5.95
52210,2024-06-25,3,07:55:00,21:53:00,13.966666666666667
52210,2024-06-26,4,07:55:00,21:50:00,13.916666666666666
52210,2024-06-27,4,07:56:00,22:08:00,14.2
52210,2024-06-28,5,07:55:00,21:51:00,13.933333333333334
52210,2024-06-29,5,07:56:00,22:00:00,14.066666666666666
52210,2024-06-30,6,07:55:00,21:57:00,14.033333333333333
52210,2024-07-01,6,08:06:00,16:08:00,8.033333333333333
52210,2024-07-02,0,08:07:00,22:40:00,14.55
52210,2024-07-03,0,08:06:00,22:13:00,14.116666666666667
52210,2024-07-04,2,08:05:00,22:07:00,14.033333333333333
52210,2024-07-05,2,08:06:00,22:07:00,14.016666666666667
52210,2024-07-06,3,08:05:00,22:09:00,14.066666666666666
52210,2024-07-07,3,08:05:00,22:10:00,14.083333333333334
52210,2024-07-08,4,08:07:00,22:06:00,13.983333333333333
52210,2024-07-09,4,08:05:00,22:12:00,14.116666666666667
52210,2024-07-10,5,08:08:00,22:11:00,14.05
52210,2024-07-11,5,08:05:00,21:53:00,13.8
52210,2024-07-12,6,08:08:00,22:07:00,13.983333333333333
52210,2024-07-13,6,08:05:00,22:07:00,14.033333333333333
52210,2024-07-14,0,08:06:00,22:09:00,14.05
52210,2024-07-15,0,08:06:00,22:10:00,14.066666666666666
52210,2024-07-16,1,07:55:00,21:52:00,13.95
52210,2024-07-17,1,07:55:00,21:55:00,14.0
52210,2024-07-18,2,07:56:00,21:53:00,13.95
52210,2024-07-19,2,15:55:00,18:37:00,2.7
52210,2024-07-20,3,07:55:00,21:51:00,13.933333333333334
52210,2024-07-21,3,11:52:00,15:57:00,4.083333333333333
52210,2024-07-22,4,08:06:00,21:51:00,13.75
52210,2024-07-23,4,07:56:00,21:52:00,13.933333333333334
52210,2024-07-24,5,07:56:00,21:50:00,13.9
52210,2024-07-25,5,07:56:00,21:51:00,13.916666666666666
52210,2024-07-26,6,07:56:00,21:51:00,13.916666666666666
52210,2024-07-27,6,07:56:00,15:57:00,8.016666666666667
52210,2024-07-28,0,07:56:00,22:25:00,14.483333333333333
52210,2024-07-29,0,07:54:00,22:19:00,14.416666666666666
52210,2024-07-30,1,07:56:00,21:52:00,13.933333333333334
52210,2024-07-31,1,07:55:00,21:52:00,13.95
52210,2024-08-01,2,08:06:00,22:12:00,14.1
52210,2024-08-02,2,08:06:00,11:02:00,2.933333333333333
52211,2024-06-05,4,16:41:00,23:10:00,6.483333333333333
52211,2024-06-23,5,17:56:00,22:15:00,4.316666666666666
52211,2024-07-17,3,01:35:00,03:59:00,2.4
52212,2024-06-02,3,12:03:00,16:06:00,4.05
52212,2024-06-03,5,08:01:00,21:59:00,13.966666666666667
52212,2024-06-04,5,08:36:00,16:10:00,7.566666666666666
52212,2024-06-05,1,08:06:00,22:01:00,13.916666666666666
52212,2024-06-06,1,09:04:00,22:04:00,13.0
52212,2024-06-07,2,08:05:00,22:05:00,14.0
52212,2024-06-08,2,08:08:00,22:01:00,13.883333333333333
52212,2024-06-09,3,08:06:00,21:55:00,13.816666666666666
52212,2024-06-10,3,08:00:00,22:00:00,14.0
52212,2024-06-11,5,08:06:00,21:52:00,13.766666666666667
52212,2024-06-12,5,07:58:00,21:57:00,13.983333333333333
52212,2024-06-13,6,08:07:00,10:31:00,2.4
52212,2024-06-15,6,08:34:00,12:01:00,3.45
52212,2024-06-18,0,09:09:00,21:50:00,12.683333333333334
52212,2024-06-19,0,07:55:00,21:55:00,14.0
52212,2024-06-20,1,08:00:00,21:53:00,13.883333333333333
52212,2024-06-21,1,07:57:00,15:57:00,8.0
52212,2024-06-22,2,07:58:00,11:54:00,3.933333333333333
52212,2024-06-23,2,07:56:00,21:41:00,13.75
52212,2024-06-24,3,07:59:00,21:49:00,13.833333333333334
52212,2024-06-25,3,07:54:00,22:06:00,14.2
52212,2024-06-26,5,08:07:00,22:01:00,13.9
52212,2024-06-27,5,07:56:00,11:51:00,3.9166666666666665
52212,2024-06-28,6,08:44:00,21:58:00,13.233333333333333
52212,2024-06-29,6,07:57:00,22:07:00,14.166666666666666
52212,2024-06-30,0,07:56:00,22:05:00,14.15
52212,2024-07-01,0,08:06:00,22:01:00,13.916666666666666
52212,2024-07-02,1,08:04:00,22:09:00,14.083333333333334
52212,2024-07-03,1,07:35:00,22:14:00,14.65
52212,2024-07-04,2,08:05:00,22:06:00,14.016666666666667
52212,2024-07-05,2,08:05:00,16:13:00,8.133333333333333
52212,2024-07-06,3,08:05:00,22:09:00,14.066666666666666
52212,2024-07-07,3,08:06:00,21:37:00,13.516666666666667
52212,2024-07-08,0,08:11:00,21:53:00,13.7
52212,2024-07-09,0,08:13:00,21:57:00,13.733333333333333
52212,2024-07-10,1,08:14:00,21:52:00,13.633333333333333
52212,2024-07-11,1,08:11:00,22:05:00,13.9
52212,2024-07-12,2,10:57:00,16:06:00,5.15
52212,2024-07-13,2,08:07:00,22:15:00,14.133333333333333
52212,2024-07-14,3,08:06:00,21:53:00,13.783333333333333
52212,2024-07-15,3,08:11:00,21:54:00,13.716666666666667
52212,2024-07-16,4,08:17:00,22:07:00,13.833333333333334
52212,2024-07-17,4,08:06:00,22:01:00,13.916666666666666
52212,2024-07-18,5,08:06:00,21:54:00,13.8
52212,2024-07-19,5,08:53:00,21:53:00,13.0
52212,2024-07-20,6,08:15:00,17:54:00,9.65
52212,2024-07-21,6,08:03:00,21:53:00,13.833333333333334
52212,2024-07-22,0,08:13:00,21:52:00,13.65
52212,2024-07-23,0,08:06:00,21:54:00,13.8
52212,2024-07-24,1,08:08:00,21:52:00,13.733333333333333
52212,2024-07-25,1,08:06:00,21:52:00,13.766666666666667
52212,2024-07-26,2,08:12:00,21:52:00,13.666666666666666
52212,2024-07-27,2,08:18:00,21:53:00,13.583333333333334
52212,2024-07-28,3,08:06:00,22:27:00,14.35
52212,2024-07-29,3,08:10:00,22:19:00,14.15
52212,2024-07-30,4,08:17:00,16:09:00,7.866666666666666
52212,2024-07-31,4,08:02:00,21:59:00,13.95
52212,2024-08-01,5,08:13:00,21:16:00,13.05
52213,2024-06-03,0,08:07:00,16:00:00,7.883333333333334
52213,2024-07-01,1,08:01:00,16:09:00,8.133333333333333
52213,2024-07-02,1,08:11:00,16:01:00,7.833333333333333
52213,2024-07-03,2,08:06:00,16:06:00,8.0
52213,2024-07-04,2,08:02:00,16:19:00,8.283333333333333
52213,2024-07-06,3,08:07:00,16:00:00,7.883333333333334
52213,2024-07-07,3,16:08:00,23:57:00,7.816666666666666
52213,2024-07-08,4,08:11:00,16:02:00,7.85
52213,2024-07-09,4,08:14:00,16:03:00,7.816666666666666
52213,2024-07-14,6,09:13:00,17:00:00,7.783333333333333
52213,2024-08-01,0,08:09:00,16:05:00,7.933333333333334
52216,2024-06-19,0,10:14:00,17:44:00,7.5
52216,2024-06-30,3,18:59:00,23:20:00,4.35
52219,2024-06-03,0,11:52:00,16:09:00,4.283333333333333
52219,2024-06-05,1,08:05:00,22:09:00,14.066666666666666
52219,2024-06-06,1,08:04:00,22:04:00,14.0
52219,2024-06-07,2,08:05:00,22:05:00,14.0
52219,2024-06-08,2,08:08:00,12:01:00,3.8833333333333333
52219,2024-06-09,3,08:05:00,21:59:00,13.9
52219,2024-06-10,3,08:05:00,15:56:00,7.85
52219,2024-06-11,4,08:05:00,22:12:00,14.116666666666667
52219,2024-06-12,4,08:07:00,22:09:00,14.033333333333333
52219,2024-06-13,5,08:07:00,22:09:00,14.033333333333333
52219,2024-06-14,5,08:03:00,22:11:00,14.133333333333333
52219,2024-06-15,6,08:07:00,21:52:00,13.75
52219,2024-06-17,6,07:58:00,21:50:00,13.866666666666667
52219,2024-06-18,0,07:57:00,21:53:00,13.933333333333334
52219,2024-06-19,0,07:55:00,16:10:00,8.25
52219,2024-06-20,1,07:56:00,21:54:00,13.966666666666667
52219,2024-06-21,1,07:57:00,10:59:00,3.033333333333333
52219,2024-06-22,2,07:57:00,22:09:00,14.2
52219,2024-06-23,2,07:56:00,21:51:00,13.916666666666666
52219,2024-06-24,3,07:57:00,22:04:00,14.116666666666667
52219,2024-06-25,3,07:56:00,22:08:00,14.2
52219,2024-06-26,4,07:56:00,21:52:00,13.933333333333334
52219,2024-06-27,4,07:56:00,22:09:00,14.216666666666667
52219,2024-06-28,5,07:55:00,21:58:00,14.05
52219,2024-06-29,5,07:55:00,22:01:00,14.1
52219,2024-06-30,6,07:56:00,21:57:00,14.016666666666667
52219,2024-07-01,6,08:02:00,22:51:00,14.816666666666666
52219,2024-07-02,0,08:08:00,22:41:00,14.55
52219,2024-07-03,0,08:06:00,22:19:00,14.216666666666667
52219,2024-07-04,2,08:05:00,16:07:00,8.033333333333333
52219,2024-07-06,2,07:55:00,22:09:00,14.233333333333333
52219,2024-07-07,3,08:06:00,22:10:00,14.066666666666666
52219,2024-07-08,3,08:07:00,22:07:00,14.0
52219,2024-07-09,5,07:56:00,22:12:00,14.266666666666667
52219,2024-07-10,5,08:08:00,22:12:00,14.066666666666666
52219,2024-07-11,6,08:06:00,22:08:00,14.033333333333333
52219,2024-07-12,6,07:58:00,22:05:00,14.116666666666667
52219,2024-07-13,0,08:05:00,22:19:00,14.233333333333333
52219,2024-07-14,0,08:06:00,22:09:00,14.05
52219,2024-07-15,1,08:06:00,22:10:00,14.066666666666666
52219,2024-07-16,1,08:05:00,22:02:00,13.95
52219,2024-07-17,2,07:56:00,21:53:00,13.95
52219,2024-07-18,2,07:56:00,21:52:00,13.933333333333334
52219,2024-07-19,3,08:08:00,21:52:00,13.733333333333333
52219,2024-07-20,3,07:56:00,21:51:00,13.916666666666666
52219,2024-07-21,4,07:56:00,21:51:00,13.916666666666666
52219,2024-07-22,4,08:06:00,21:52:00,13.766666666666667
52219,2024-07-23,5,07:56:00,21:54:00,13.966666666666667
52219,2024-07-24,5,07:56:00,21:51:00,13.916666666666666
52219,2024-07-25,6,07:56:00,21:50:00,13.9
52219,2024-07-26,6,07:56:00,21:52:00,13.933333333333334
52219,2024-07-27,0,07:57:00,21:53:00,13.933333333333334
52219,2024-07-28,0,07:56:00,17:56:00,10.0
52219,2024-07-29,1,08:06:00,17:53:00,9.783333333333333
52219,2024-07-30,1,07:56:00,17:54:00,9.966666666666667
52219,2024-07-31,2,08:06:00,22:04:00,13.966666666666667
52220,2024-06-02,4,16:07:00,22:15:00,6.133333333333334
52220,2024-06-03,4,08:08:00,22:37:00,14.483333333333333
52220,2024-06-04,5,08:05:00,22:52:00,14.783333333333333
52220,2024-06-05,5,08:05:00,21:52:00,13.783333333333333
52220,2024-06-06,6,08:06:00,21:52:00,13.766666666666667
52220,2024-06-07,6,08:05:00,21:54:00,13.816666666666666
52220,2024-06-08,0,08:08:00,21:52:00,13.733333333333333
52220,2024-06-09,0,08:06:00,21:53:00,13.783333333333333
52220,2024-06-10,1,08:05:00,21:52:00,13.783333333333333
52220,2024-06-11,1,08:05:00,21:56:00,13.85
52220,2024-06-12,2,08:07:00,22:08:00,14.016666666666667
52220,2024-06-13,2,08:08:00,21:52:00,13.733333333333333
52220,2024-06-14,3,08:03:00,21:54:00,13.85
52220,2024-06-15,3,08:08:00,22:14:00,14.1
52220,2024-06-17,4,08:07:00,21:49:00,13.7
52220,2024-06-18,5,08:10:00,16:13:00,8.05
52220,2024-06-19,5,08:06:00,21:55:00,13.816666666666666
52220,2024-06-20,6,08:05:00,21:53:00,13.8
52220,2024-06-21,6,08:08:00,21:53:00,13.75
52220,2024-06-22,0,08:08:00,21:53:00,13.75
52220,2024-06-23,0,08:06:00,12:02:00,3.933333333333333
52220,2024-06-24,1,08:08:00,21:55:00,13.783333333333333
52220,2024-06-25,1,08:05:00,21:53:00,13.8
52220,2024-06-26,2,08:06:00,21:52:00,13.766666666666667
52220,2024-06-27,2,08:06:00,22:08:00,14.033333333333333
52220,2024-06-28,3,08:05:00,21:57:00,13.866666666666667
52220,2024-06-29,3,08:08:00,22:01:00,13.883333333333333
52220,2024-06-30,4,08:06:00,21:56:00,13.833333333333334
52220,2024-07-01,4,08:01:00,22:35:00,14.566666666666666
52220,2024-07-02,0,08:08:00,16:13:00,8.083333333333334
52220,2024-07-03,0,08:06:00,22:01:00,13.916666666666666
52220,2024-07-04,1,08:06:00,21:52:00,13.766666666666667
52220,2024-07-05,1,08:06:00,21:54:00,13.8
52220,2024-07-06,2,08:06:00,21:54:00,13.8
52220,2024-07-07,2,08:06:00,21:54:00,13.8
52220,2024-07-08,3,08:08:00,21:54:00,13.766666666666667
52220,2024-07-09,3,08:06:00,21:53:00,13.783333333333333
52220,2024-07-10,4,08:08:00,21:55:00,13.783333333333333
52220,2024-07-11,4,08:06:00,11:52:00,3.7666666666666666
52220,2024-07-12,5,08:09:00,21:51:00,13.7
52220,2024-07-13,5,08:06:00,22:49:00,14.716666666666667
52220,2024-07-14,6,08:06:00,21:55:00,13.816666666666666
52220,2024-07-15,6,08:06:00,21:55:00,13.816666666666666
52220,2024-07-16,0,08:05:00,21:53:00,13.8
52220,2024-07-17,0,08:06:00,21:52:00,13.766666666666667
52220,2024-07-18,1,08:06:00,21:53:00,13.783333333333333
52220,2024-07-19,1,08:08:00,21:52:00,13.733333333333333
52220,2024-07-20,2,08:06:00,16:06:00,8.0
52220,2024-07-21,2,08:06:00,21:52:00,13.766666666666667
52220,2024-07-22,3,08:06:00,21:54:00,13.8
52220,2024-07-23,3,11:51:00,16:14:00,4.383333333333334
52220,2024-07-24,4,08:09:00,21:51:00,13.7
52220,2024-07-25,4,08:06:00,21:51:00,13.75
52220,2024-07-26,5,08:06:00,21:52:00,13.766666666666667
52220,2024-07-27,5,08:06:00,21:57:00,13.85
52220,2024-07-28,0,11:52:00,16:09:00,4.283333333333333
52220,2024-07-29,0,08:06:00,21:50:00,13.733333333333333
52220,2024-07-30,1,08:07:00,21:53:00,13.766666666666667
52220,2024-07-31,1,08:07:00,21:52:00,13.75
52220,2024-08-01,2,08:07:00,21:53:00,13.766666666666667
52220,2024-08-02,2,08:06:00,11:04:00,2.966666666666667
52221,2024-07-01,3,07:59:00,22:00:00,14.016666666666667
52221,2024-07-02,3,08:00:00,22:01:00,14.016666666666667
52221,2024-07-03,4,07:59:00,21:58:00,13.983333333333333
52221,2024-07-04,4,07:59:00,22:01:00,14.033333333333333
52221,2024-07-05,5,07:58:00,22:01:00,14.05
52221,2024-07-06,5,08:01:00,21:59:00,13.966666666666667
52221,2024-07-07,6,08:00:00,22:00:00,14.0
52221,2024-07-08,6,08:03:00,21:59:00,13.933333333333334
52221,2024-07-09,0,08:05:00,22:03:00,13.966666666666667
52221,2024-07-10,0,08:04:00,22:01:00,13.95
52221,2024-07-11,1,08:02:00,21:59:00,13.95
52221,2024-07-12,1,08:02:00,22:01:00,13.983333333333333
52221,2024-07-13,2,08:03:00,22:01:00,13.966666666666667
52221,2024-07-14,2,08:02:00,22:01:00,13.983333333333333
52221,2024-07-15,3,08:02:00,21:59:00,13.95
52221,2024-07-16,3,08:03:00,22:01:00,13.966666666666667
52221,2024-07-17,4,08:03:00,22:00:00,13.95
52221,2024-07-18,4,08:03:00,22:01:00,13.966666666666667
52221,2024-07-19,5,08:08:00,22:01:00,13.883333333333333
52221,2024-07-20,5,08:02:00,22:00:00,13.966666666666667
52221,2024-07-21,6,08:05:00,22:01:00,13.933333333333334
52221,2024-07-22,6,08:04:00,22:02:00,13.966666666666667
52221,2024-07-23,0,08:03:00,22:00:00,13.95
52221,2024-07-24,0,08:06:00,22:03:00,13.95
52221,2024-07-25,1,08:03:00,22:03:00,14.0
52221,2024-07-26,1,08:03:00,22:00:00,13.95
52221,2024-07-27,2,08:07:00,22:00:00,13.883333333333333
52221,2024-07-28,2,08:06:00,22:03:00,13.95
52221,2024-07-29,3,08:06:00,21:59:00,13.883333333333333
52221,2024-07-30,3,08:03:00,22:02:00,13.983333333333333
52221,2024-07-31,4,08:04:00,22:00:00,13.933333333333334
52221,2024-08-01,4,08:04:00,22:17:00,14.216666666666667
52221,2024-08-02,5,08:08:00,10:57:00,2.816666666666667
52222,2024-06-12,2,18:02:00,19:10:00,1.1333333333333333
52224,2024-06-02,4,12:21:00,16:04:00,3.716666666666667
52224,2024-06-03,4,08:10:00,22:04:00,13.9
52224,2024-06-04,5,08:04:00,22:48:00,14.733333333333333
52224,2024-06-05,5,08:05:00,22:00:00,13.916666666666666
52224,2024-06-06,6,08:18:00,22:04:00,13.766666666666667
52224,2024-06-08,6,08:03:00,22:25:00,14.366666666666667
52224,2024-06-09,0,08:04:00,22:01:00,13.95
52224,2024-06-10,0,08:05:00,21:56:00,13.85
52224,2024-06-11,1,08:04:00,12:03:00,3.9833333333333334
52224,2024-06-12,1,08:07:00,21:59:00,13.866666666666667
52224,2024-06-13,2,08:03:00,22:11:00,14.133333333333333
52224,2024-06-15,2,08:05:00,22:05:00,14.0
52224,2024-06-17,3,07:59:00,21:56:00,13.95
52224,2024-06-18,3,08:04:00,22:15:00,14.183333333333334
52224,2024-06-19,4,08:03:00,22:17:00,14.233333333333333
52224,2024-06-20,4,08:06:00,22:00:00,13.9
52224,2024-06-22,5,08:06:00,22:00:00,13.9
52224,2024-06-23,5,08:06:00,22:03:00,13.95
52224,2024-06-24,6,08:06:00,22:15:00,14.15
52224,2024-06-25,6,08:06:00,22:07:00,14.016666666666667
52224,2024-06-26,0,08:05:00,22:02:00,13.95
52224,2024-06-27,0,08:00:00,22:02:00,14.033333333333333
52224,2024-06-30,1,12:04:00,16:02:00,3.966666666666667
52224,2024-07-01,2,12:02:00,16:07:00,4.083333333333333
52224,2024-07-02,2,12:07:00,16:09:00,4.033333333333333
52224,2024-07-03,3,12:04:00,16:02:00,3.966666666666667
52224,2024-07-06,3,12:09:00,16:01:00,3.8666666666666667
52224,2024-07-07,4,12:04:00,16:00:00,3.933333333333333
52224,2024-07-08,4,12:04:00,16:09:00,4.083333333333333
52224,2024-07-09,5,02:07:00,16:01:00,13.9
52224,2024-07-10,5,12:02:00,16:00:00,3.966666666666667
52224,2024-07-13,6,12:05:00,16:00:00,3.9166666666666665
52224,2024-07-14,0,12:05:00,16:00:00,3.9166666666666665
52224,2024-07-15,0,12:08:00,16:01:00,3.8833333333333333
52224,2024-07-16,1,12:05:00,16:00:00,3.9166666666666665
52224,2024-07-17,1,12:03:00,16:00:00,3.95
52224,2024-07-20,2,12:05:00,16:01:00,3.933333333333333
52224,2024-07-21,3,12:06:00,16:00:00,3.9
52224,2024-07-22,3,12:04:00,15:59:00,3.9166666666666665
52224,2024-07-23,4,12:09:00,15:59:00,3.8333333333333335
52224,2024-07-24,4,12:09:00,16:16:00,4.116666666666666
52224,2024-07-27,1,12:07:00,16:00:00,3.8833333333333333
52224,2024-07-28,2,12:12:00,16:00:00,3.8
52224,2024-07-29,2,12:11:00,16:00:00,3.816666666666667
52224,2024-07-30,3,12:12:00,16:07:00,3.9166666666666665
52224,2024-07-31,3,12:10:00,16:00:00,3.8333333333333335
52226,2024-07-01,4,10:10:00,21:41:00,11.516666666666667
52226,2024-07-02,5,10:00:00,20:08:00,10.133333333333333
52226,2024-07-03,5,10:00:00,22:50:00,12.833333333333334
52226,2024-07-05,6,13:53:00,23:40:00,9.783333333333333
52226,2024-07-06,6,09:57:00,23:00:00,13.05
52226,2024-07-07,0,09:58:00,21:11:00,11.216666666666667
52226,2024-07-12,2,12:51:00,23:03:00,10.2
52226,2024-07-16,3,10:04:00,21:54:00,11.833333333333334
52226,2024-07-22,5,09:59:00,21:44:00,11.75
52226,2024-07-23,5,09:54:00,19:57:00,10.05
52226,2024-07-24,6,09:44:00,22:12:00,12.466666666666667
52226,2024-07-27,0,09:09:00,21:48:00,12.65
52227,2024-07-02,4,08:11:00,16:11:00,8.0
52227,2024-07-03,4,08:11:00,16:07:00,7.933333333333334
52227,2024-07-04,5,08:11:00,16:08:00,7.95
52227,2024-07-05,5,08:13:00,16:08:00,7.916666666666667
52227,2024-07-06,6,08:15:00,16:09:00,7.9
52227,2024-07-07,6,08:15:00,16:03:00,7.8
52227,2024-07-09,0,08:18:00,16:04:00,7.766666666666667
52227,2024-07-10,0,08:15:00,16:14:00,7.983333333333333
52227,2024-07-11,1,08:19:00,16:09:00,7.833333333333333
52227,2024-07-12,1,08:17:00,16:06:00,7.816666666666666
52227,2024-07-13,2,08:11:00,16:08:00,7.95
52227,2024-07-14,2,08:19:00,16:07:00,7.8
52227,2024-07-16,3,08:16:00,16:04:00,7.8
52227,2024-07-17,3,08:17:00,16:07:00,7.833333333333333
52227,2024-07-18,4,08:21:00,16:08:00,7.783333333333333
52227,2024-07-19,4,08:25:00,16:15:00,7.833333333333333
52227,2024-07-20,5,08:17:00,16:08:00,7.85
52227,2024-07-21,5,08:17:00,16:15:00,7.966666666666667
52227,2024-07-23,6,08:18:00,16:08:00,7.833333333333333
52227,2024-07-24,6,08:19:00,16:09:00,7.833333333333333
52227,2024-07-25,0,08:19:00,16:11:00,7.866666666666666
52227,2024-07-26,0,08:21:00,16:07:00,7.766666666666667
52227,2024-07-27,1,08:25:00,16:10:00,7.75
52227,2024-07-28,1,08:17:00,16:02:00,7.75
52227,2024-07-29,2,08:16:00,16:16:00,8.0
52227,2024-07-31,3,08:21:00,14:13:00,5.866666666666666
52227,2024-08-01,3,08:13:00,16:12:00,7.983333333333333
52228,2024-06-26,4,09:59:00,17:01:00,7.033333333333333
52228,2024-06-27,4,09:15:00,17:04:00,7.816666666666666
52228,2024-06-29,5,09:42:00,17:35:00,7.883333333333334
52228,2024-06-30,5,09:34:00,17:17:00,7.716666666666667
52228,2024-07-01,1,09:01:00,17:05:00,8.066666666666666
52228,2024-07-02,1,09:32:00,17:00:00,7.466666666666667
52228,2024-07-03,2,09:09:00,17:05:00,7.933333333333334
52228,2024-07-06,2,09:24:00,17:02:00,7.633333333333334
52228,2024-07-07,3,09:10:00,17:06:00,7.933333333333334
52228,2024-07-08,3,09:22:00,17:14:00,7.866666666666666
52228,2024-07-09,4,09:21:00,17:02:00,7.683333333333334
52228,2024-07-10,4,09:06:00,17:14:00,8.133333333333333
52228,2024-07-11,5,08:58:00,17:00:00,8.033333333333333
52228,2024-07-13,5,09:04:00,17:01:00,7.95
52228,2024-07-14,6,09:09:00,17:08:00,7.983333333333333
52228,2024-07-15,6,09:10:00,17:16:00,8.1
52228,2024-07-16,0,09:04:00,17:04:00,8.0
52228,2024-07-17,0,09:16:00,17:00:00,7.733333333333333
52228,2024-07-18,1,09:16:00,17:00:00,7.733333333333333
52228,2024-07-20,1,09:10:00,17:03:00,7.883333333333334
52228,2024-07-21,2,09:11:00,17:01:00,7.833333333333333
52228,2024-07-22,2,09:03:00,17:11:00,8.133333333333333
52228,2024-07-23,3,09:18:00,17:04:00,7.766666666666667
52228,2024-07-24,3,09:06:00,17:21:00,8.25
52228,2024-07-25,4,09:21:00,17:04:00,7.716666666666667
52228,2024-07-27,4,10:40:00,17:00:00,6.333333333333333
52228,2024-07-28,5,09:29:00,17:05:00,7.6
52228,2024-07-29,5,09:37:00,17:04:00,7.45
52228,2024-07-30,6,09:19:00,17:10:00,7.85
52228,2024-07-31,6,09:15:00,17:08:00,7.883333333333334
52229,2024-07-04,0,15:08:00,23:07:00,7.983333333333333
52229,2024-07-05,0,15:21:00,22:54:00,7.55
52229,2024-07-06,1,15:30:00,23:08:00,7.633333333333334
52229,2024-07-08,1,15:26:00,23:03:00,7.616666666666666
52229,2024-07-15,2,15:14:00,23:07:00,7.883333333333334
52229,2024-07-17,3,15:37:00,23:05:00,7.466666666666667
52229,2024-07-18,3,16:07:00,23:29:00,7.366666666666666
52229,2024-07-19,4,15:42:00,23:09:00,7.45
52229,2024-07-22,5,15:25:00,23:17:00,7.866666666666666
52229,2024-07-24,5,15:16:00,22:57:00,7.683333333333334
52229,2024-07-25,6,15:28:00,23:01:00,7.55
52229,2024-07-26,6,15:26:00,23:08:00,7.7
52229,2024-07-27,0,15:35:00,23:32:00,7.95
52229,2024-07-28,0,15:21:00,23:43:00,8.366666666666667
52229,2024-07-29,1,15:21:00,23:03:00,7.7
52229,2024-07-30,1,15:26:00,23:03:00,7.616666666666666
52229,2024-07-31,2,16:10:00,23:10:00,7.0
52229,2024-08-01,2,15:33:00,23:05:00,7.533333333333333
52230,2024-07-07,4,07:54:00,16:30:00,8.6
52231,2024-07-07,2,16:14:00,23:58:00,7.733333333333333
52231,2024-08-02,6,00:16:00,03:59:00,3.716666666666667
52232,2024-07-04,6,15:21:00,23:19:00,7.966666666666667
52232,2024-07-05,0,15:22:00,23:04:00,7.7
52232,2024-07-06,0,15:20:00,23:17:00,7.95
52232,2024-07-07,1,15:06:00,23:13:00,8.116666666666667
52232,2024-07-08,1,15:54:00,23:18:00,7.4
52232,2024-07-09,3,15:19:00,23:11:00,7.866666666666666
52232,2024-07-11,3,15:28:00,23:05:00,7.616666666666666
52232,2024-07-12,4,15:26:00,23:21:00,7.916666666666667
52232,2024-07-13,4,15:19:00,23:04:00,7.75
52232,2024-07-15,5,15:12:00,23:09:00,7.95
52232,2024-07-16,5,15:16:00,23:08:00,7.866666666666666
52232,2024-07-18,6,15:17:00,23:16:00,7.983333333333333
52232,2024-07-19,6,15:24:00,23:01:00,7.616666666666666
52232,2024-07-20,0,15:19:00,23:10:00,7.85
52232,2024-07-21,0,04:00:00,23:11:00,19.183333333333334
52232,2024-07-22,1,15:19:00,23:15:00,7.933333333333334
52232,2024-07-23,1,15:45:00,23:26:00,7.683333333333334
52232,2024-07-25,3,15:22:00,23:05:00,7.716666666666667
52232,2024-07-26,3,15:34:00,23:08:00,7.566666666666666
52232,2024-07-27,4,15:32:00,23:06:00,7.566666666666666
52232,2024-07-28,4,15:11:00,23:25:00,8.233333333333333
52232,2024-07-29,5,15:40:00,23:34:00,7.9
52232,2024-08-01,5,14:14:00,22:29:00,8.25
52232,2024-08-02,6,08:09:00,16:13:00,8.066666666666666
52233,2024-06-04,0,07:06:00,16:00:00,8.9
52233,2024-06-05,1,07:03:00,16:02:00,8.983333333333333
52233,2024-06-06,1,07:03:00,16:44:00,9.683333333333334
52233,2024-06-08,2,07:52:00,16:05:00,8.216666666666667
52233,2024-06-09,2,07:04:00,16:03:00,8.983333333333333
52233,2024-06-10,3,08:01:00,15:55:00,7.9
52233,2024-06-11,3,08:17:00,16:08:00,7.85
52233,2024-06-12,4,08:34:00,16:09:00,7.583333333333333
52233,2024-06-13,4,07:34:00,16:08:00,8.566666666666666
52233,2024-06-15,5,08:47:00,16:15:00,7.466666666666667
52233,2024-06-16,5,08:38:00,16:31:00,7.883333333333334
52233,2024-06-18,6,08:31:00,16:07:00,7.6
52233,2024-06-19,0,08:32:00,16:01:00,7.483333333333333
52233,2024-06-22,1,08:37:00,16:11:00,7.566666666666666
52233,2024-06-23,1,08:19:00,15:55:00,7.6
52233,2024-06-25,2,08:14:00,16:12:00,7.966666666666667
52233,2024-06-26,3,07:56:00,14:07:00,6.183333333333334
52233,2024-06-27,3,07:28:00,16:00:00,8.533333333333333
52233,2024-06-30,4,08:35:00,16:09:00,7.566666666666666
52233,2024-07-01,4,08:09:00,16:11:00,8.033333333333333
52233,2024-07-02,5,08:57:00,16:01:00,7.066666666666666
52233,2024-07-04,5,07:48:00,11:13:00,3.4166666666666665
52233,2024-07-06,6,08:00:00,16:04:00,8.066666666666666
52233,2024-07-07,6,07:58:00,16:14:00,8.266666666666667
52233,2024-07-08,0,07:58:00,16:03:00,8.083333333333334
52233,2024-07-09,0,08:08:00,16:10:00,8.033333333333333
52233,2024-07-11,1,07:22:00,16:16:00,8.9
52233,2024-07-15,3,06:59:00,16:08:00,9.15
52233,2024-07-16,4,07:48:00,15:52:00,8.066666666666666
52233,2024-07-17,4,08:13:00,16:06:00,7.883333333333334
52233,2024-07-18,5,07:55:00,18:12:00,10.283333333333333
52233,2024-07-19,5,08:24:00,10:49:00,2.4166666666666665
52233,2024-07-20,6,09:05:00,16:08:00,7.05
52233,2024-07-22,6,08:24:00,21:55:00,13.516666666666667
52233,2024-07-23,0,08:04:00,16:05:00,8.016666666666667
52233,2024-07-24,0,07:57:00,22:01:00,14.066666666666666
52233,2024-07-25,1,07:27:00,21:57:00,14.5
52233,2024-07-26,1,15:56:00,21:57:00,6.016666666666667
52233,2024-07-27,2,06:59:00,21:54:00,14.916666666666666
52233,2024-07-28,2,07:37:00,21:54:00,14.283333333333333
52233,2024-07-29,3,07:49:00,22:03:00,14.233333333333333
52233,2024-07-30,3,07:19:00,21:59:00,14.666666666666666
52233,2024-07-31,4,07:08:00,16:04:00,8.933333333333334
52233,2024-08-01,4,06:52:00,22:05:00,15.216666666666667
52241,2024-06-02,5,12:01:00,16:07:00,4.1
52241,2024-06-03,5,08:08:00,22:13:00,14.083333333333334
52241,2024-06-04,6,08:05:00,22:06:00,14.016666666666667
52241,2024-06-05,6,08:05:00,22:09:00,14.066666666666666
52241,2024-06-06,0,08:06:00,12:07:00,4.016666666666667
52241,2024-06-07,0,08:05:00,22:08:00,14.05
52241,2024-06-08,1,08:08:00,22:06:00,13.966666666666667
52241,2024-06-09,1,08:06:00,22:07:00,14.016666666666667
52241,2024-06-10,2,08:05:00,22:10:00,14.083333333333334
52241,2024-06-11,2,08:06:00,22:12:00,14.1
52241,2024-06-12,3,08:08:00,22:09:00,14.016666666666667
52241,2024-06-13,3,08:08:00,21:52:00,13.733333333333333
52241,2024-06-14,4,08:03:00,22:08:00,14.083333333333334
52241,2024-06-15,4,08:08:00,22:14:00,14.1
52241,2024-06-17,5,07:58:00,21:49:00,13.85
52241,2024-06-18,5,07:57:00,21:53:00,13.933333333333334
52241,2024-06-19,6,08:05:00,21:54:00,13.816666666666666
52241,2024-06-20,6,07:56:00,21:54:00,13.966666666666667
52241,2024-06-21,0,07:57:00,21:52:00,13.916666666666666
52241,2024-06-22,0,07:58:00,21:53:00,13.916666666666666
52241,2024-06-23,1,07:56:00,21:51:00,13.916666666666666
52241,2024-06-24,1,07:58:00,21:53:00,13.916666666666666
52241,2024-06-25,2,07:56:00,21:52:00,13.933333333333334
52241,2024-06-26,2,07:57:00,21:52:00,13.916666666666666
52241,2024-06-27,3,07:56:00,22:08:00,14.2
52241,2024-06-28,3,07:55:00,21:58:00,14.05
52241,2024-06-29,4,08:34:00,11:54:00,3.3333333333333335
52241,2024-06-30,4,07:56:00,21:57:00,14.016666666666667
52241,2024-07-01,5,08:06:00,22:50:00,14.733333333333333
52241,2024-07-02,5,08:08:00,22:40:00,14.533333333333333
52241,2024-07-03,6,08:06:00,22:19:00,14.216666666666667
52241,2024-07-04,6,08:06:00,22:08:00,14.033333333333333
52241,2024-07-05,0,08:06:00,22:07:00,14.016666666666667
52241,2024-07-06,0,08:06:00,22:09:00,14.05
52241,2024-07-07,1,08:06:00,22:09:00,14.05
52241,2024-07-08,1,08:08:00,22:06:00,13.966666666666667
52241,2024-07-09,2,08:06:00,22:12:00,14.1
52241,2024-07-10,2,08:08:00,22:12:00,14.066666666666666
52241,2024-07-11,3,08:07:00,22:08:00,14.016666666666667
52241,2024-07-12,3,08:08:00,22:07:00,13.983333333333333
52241,2024-07-13,4,08:06:00,22:07:00,14.016666666666667
52241,2024-07-14,4,08:07:00,22:09:00,14.033333333333333
52241,2024-07-15,5,08:06:00,22:09:00,14.05
52241,2024-07-16,5,07:55:00,21:53:00,13.966666666666667
52241,2024-07-17,6,07:56:00,21:52:00,13.933333333333334
52241,2024-07-18,6,07:57:00,21:53:00,13.933333333333334
52241,2024-07-19,0,07:56:00,21:52:00,13.933333333333334
52241,2024-07-20,0,07:56:00,21:52:00,13.933333333333334
52241,2024-07-21,1,07:56:00,22:05:00,14.15
52241,2024-07-22,1,07:56:00,21:51:00,13.916666666666666
52241,2024-07-23,2,07:56:00,21:52:00,13.933333333333334
52241,2024-07-24,2,07:57:00,21:51:00,13.9
52241,2024-07-25,3,07:57:00,21:51:00,13.9
52241,2024-07-26,3,07:57:00,21:51:00,13.9
52241,2024-07-27,0,07:57:00,21:52:00,13.916666666666666
52241,2024-07-28,0,07:57:00,22:26:00,14.483333333333333
52241,2024-07-29,1,07:54:00,22:19:00,14.416666666666666
52241,2024-07-30,1,07:57:00,21:53:00,13.933333333333334
52241,2024-07-31,2,07:55:00,21:52:00,13.95
52241,2024-08-01,2,08:07:00,22:12:00,14.083333333333334
52241,2024-08-02,3,08:07:00,11:03:00,2.933333333333333
52744,2024-07-13,4,12:07:00,15:57:00,3.8333333333333335
52744,2024-07-14,4,07:53:00,21:58:00,14.083333333333334
52744,2024-07-15,5,08:00:00,22:09:00,14.15
52744,2024-07-16,5,08:04:00,22:08:00,14.066666666666666
52744,2024-07-20,6,07:50:00,22:02:00,14.2
52744,2024-07-21,6,08:04:00,22:03:00,13.983333333333333
52744,2024-07-22,0,08:02:00,22:05:00,14.05
52744,2024-07-23,0,08:05:00,22:03:00,13.966666666666667
52744,2024-07-24,1,07:54:00,22:00:00,14.1
52744,2024-07-25,1,07:58:00,21:52:00,13.9
52744,2024-07-27,2,08:10:00,22:10:00,14.0
52744,2024-07-28,2,08:05:00,21:55:00,13.833333333333334
52744,2024-07-29,3,07:57:00,21:57:00,14.0
52744,2024-07-30,3,08:06:00,22:01:00,13.916666666666666
52744,2024-07-31,4,08:07:00,21:59:00,13.866666666666667
52744,2024-08-01,4,08:07:00,22:00:00,13.883333333333333
52745,2024-06-26,5,08:00:00,21:53:00,13.883333333333333
52745,2024-06-27,5,07:56:00,21:58:00,14.033333333333333
52745,2024-06-28,2,15:58:00,22:23:00,6.416666666666667
52745,2024-06-29,2,07:58:00,21:58:00,14.0
52745,2024-06-30,3,07:58:00,22:01:00,14.05
52745,2024-07-01,3,07:58:00,22:01:00,14.05
52745,2024-07-02,4,07:59:00,22:13:00,14.233333333333333
52745,2024-07-03,4,07:59:00,21:56:00,13.95
52745,2024-07-04,5,08:02:00,21:48:00,13.766666666666667
52745,2024-07-05,5,16:07:00,21:54:00,5.783333333333333
52745,2024-07-06,6,08:00:00,21:57:00,13.95
52745,2024-07-07,6,07:55:00,21:55:00,14.0
52745,2024-07-08,0,07:57:00,21:58:00,14.016666666666667
52745,2024-07-09,0,08:02:00,21:59:00,13.95
52745,2024-07-10,1,07:59:00,21:58:00,13.983333333333333
52745,2024-07-11,1,07:56:00,22:03:00,14.116666666666667
52745,2024-07-12,2,16:00:00,22:02:00,6.033333333333333
52745,2024-07-13,2,07:57:00,16:09:00,8.2
52745,2024-07-14,3,08:01:00,21:55:00,13.9
52745,2024-07-15,3,08:05:00,22:00:00,13.916666666666666
52745,2024-07-16,4,08:07:00,22:03:00,13.933333333333334
52745,2024-07-17,4,08:03:00,21:58:00,13.916666666666666
52745,2024-07-18,5,08:01:00,21:58:00,13.95
52745,2024-07-19,5,15:56:00,22:00:00,6.066666666666666
52745,2024-07-20,6,07:59:00,22:03:00,14.066666666666666
52745,2024-07-21,6,08:11:00,21:56:00,13.75
52747,2024-06-26,0,14:39:00,21:48:00,7.15
52747,2024-06-27,1,14:36:00,21:44:00,7.133333333333334
52747,2024-06-29,1,14:26:00,21:41:00,7.25
52747,2024-06-30,2,14:30:00,21:55:00,7.416666666666667
52747,2024-07-01,2,14:36:00,21:49:00,7.216666666666667
52747,2024-07-02,3,14:22:00,21:48:00,7.433333333333334
52747,2024-07-04,3,14:26:00,21:01:00,6.583333333333333
52747,2024-07-06,4,14:47:00,21:51:00,7.066666666666666
52747,2024-07-07,4,14:14:00,21:42:00,7.466666666666667
52747,2024-07-08,5,14:44:00,20:53:00,6.15
52747,2024-07-09,5,14:49:00,21:57:00,7.133333333333334
52747,2024-07-10,6,14:26:00,21:58:00,7.533333333333333
52747,2024-07-11,6,14:07:00,21:57:00,7.833333333333333
52747,2024-07-13,0,14:23:00,21:59:00,7.6
52747,2024-07-14,0,14:40:00,22:01:00,7.35
52747,2024-07-15,1,14:42:00,21:56:00,7.233333333333333
52747,2024-07-16,1,14:37:00,21:37:00,7.0
52747,2024-07-18,2,14:55:00,21:56:00,7.016666666666667
52747,2024-07-20,3,15:00:00,21:55:00,6.916666666666667
52747,2024-07-21,3,04:00:00,22:00:00,18.0
52747,2024-07-22,4,14:54:00,21:50:00,6.933333333333334
52747,2024-07-23,4,14:35:00,21:56:00,7.35
52747,2024-07-24,5,14:47:00,21:47:00,7.0
52747,2024-07-25,5,14:42:00,21:52:00,7.166666666666667
52747,2024-07-27,6,14:48:00,21:47:00,6.983333333333333
52747,2024-07-28,6,14:51:00,21:49:00,6.966666666666667
52747,2024-07-29,0,14:38:00,21:59:00,7.35
52747,2024-07-30,0,14:35:00,21:46:00,7.183333333333334
52747,2024-07-31,1,14:25:00,21:46:00,7.35
52747,2024-08-01,1,14:56:00,21:52:00,6.933333333333334
52748,2024-06-26,2,16:25:00,23:59:00,7.566666666666666
52748,2024-06-27,2,16:19:00,23:56:00,7.616666666666666
52748,2024-06-29,3,16:25:00,23:49:00,7.4
52748,2024-06-30,3,16:18:00,23:56:00,7.633333333333334
52748,2024-07-01,5,16:34:00,23:55:00,7.35
52748,2024-07-02,5,16:34:00,23:58:00,7.4
52748,2024-07-03,6,16:22:00,23:56:00,7.566666666666666
52748,2024-07-04,6,16:19:00,23:56:00,7.616666666666666
52748,2024-07-07,0,16:30:00,23:56:00,7.433333333333334
52748,2024-07-08,0,16:30:00,23:47:00,7.283333333333333
52748,2024-07-10,1,16:33:00,23:51:00,7.3
52748,2024-07-11,1,16:36:00,23:52:00,7.266666666666667
52748,2024-07-13,2,16:23:00,23:56:00,7.55
52748,2024-07-14,2,16:05:00,23:52:00,7.783333333333333
52748,2024-07-15,3,16:26:00,23:55:00,7.483333333333333
52748,2024-07-19,4,16:08:00,22:01:00,5.883333333333334
52748,2024-07-20,5,16:35:00,21:55:00,5.333333333333333
52748,2024-07-21,5,04:00:00,23:58:00,19.966666666666665
52748,2024-07-23,6,16:08:00,23:56:00,7.8
52748,2024-07-25,0,16:24:00,23:56:00,7.533333333333333
52748,2024-07-28,0,16:28:00,23:57:00,7.483333333333333
52748,2024-07-30,1,07:01:00,16:15:00,9.233333333333333
52748,2024-07-31,1,00:00:00,23:59:00,23.983333333333334
52946,2024-06-30,3,17:00:00,22:57:00,5.95
52946,2024-07-13,0,15:59:00,22:30:00,6.516666666666667
52946,2024-07-17,2,16:41:00,23:51:00,7.166666666666667
52946,2024-07-19,2,16:01:00,23:59:00,7.966666666666667
52946,2024-07-23,4,16:15:00,23:59:00,7.733333333333333
52946,2024-07-26,4,16:27:00,19:22:00,2.9166666666666665
52946,2024-07-31,6,15:59:00,23:58:00,7.983333333333333
52948,2024-06-26,0,02:15:00,16:05:00,13.833333333333334
52948,2024-07-26,3,12:49:00,16:12:00,3.3833333333333333
52949,2024-06-26,6,09:59:00,23:57:00,13.966666666666667
52949,2024-06-27,0,09:57:00,15:55:00,5.966666666666667
52949,2024-06-28,0,12:58:00,15:57:00,2.9833333333333334
52949,2024-06-29,1,09:59:00,15:56:00,5.95
52949,2024-06-30,1,09:57:00,15:58:00,6.016666666666667
52949,2024-07-01,2,09:57:00,15:56:00,5.983333333333333
52949,2024-07-02,2,10:08:00,15:59:00,5.85
52949,2024-07-03,3,09:57:00,15:55:00,5.966666666666667
52949,2024-07-04,3,10:07:00,15:56:00,5.816666666666666
52949,2024-07-05,4,13:04:00,15:57:00,2.8833333333333333
52949,2024-07-06,4,09:57:00,15:53:00,5.933333333333334
52949,2024-07-07,5,09:57:00,15:54:00,5.95
52949,2024-07-08,5,10:04:00,15:57:00,5.883333333333334
52949,2024-07-09,6,09:57:00,23:58:00,14.016666666666667
52949,2024-07-10,6,09:59:00,15:56:00,5.95
52949,2024-07-11,0,09:57:00,23:59:00,14.033333333333333
52949,2024-07-12,0,12:51:00,15:55:00,3.066666666666667
52949,2024-07-13,1,09:57:00,23:59:00,14.033333333333333
52949,2024-07-14,1,10:00:00,15:55:00,5.916666666666667
52949,2024-07-15,2,10:11:00,15:55:00,5.733333333333333
52949,2024-07-16,2,09:55:00,23:59:00,14.066666666666666
52949,2024-07-17,3,09:57:00,15:55:00,5.966666666666667
52949,2024-07-18,3,09:58:00,15:56:00,5.966666666666667
52949,2024-07-19,4,12:56:00,15:56:00,3.0
52949,2024-07-20,4,10:09:00,23:59:00,13.833333333333334
52949,2024-07-21,5,09:57:00,15:55:00,5.966666666666667
52949,2024-07-22,5,10:02:00,15:57:00,5.916666666666667
52949,2024-07-23,6,10:07:00,23:59:00,13.866666666666667
52949,2024-07-24,6,09:57:00,15:53:00,5.933333333333334
52949,2024-07-25,0,09:58:00,15:55:00,5.95
52949,2024-07-26,0,15:56:00,19:57:00,4.016666666666667
52949,2024-07-27,1,00:00:00,15:56:00,15.933333333333334
52949,2024-07-28,1,10:05:00,15:56:00,5.85
52949,2024-07-29,2,09:55:00,15:55:00,6.0
52949,2024-07-30,2,10:00:00,15:55:00,5.916666666666667
52949,2024-07-31,3,10:01:00,15:55:00,5.9
52949,2024-08-01,3,09:57:00,15:56:00,5.983333333333333
52949,2024-08-02,4,12:58:00,15:56:00,2.966666666666667
52950,2024-06-26,4,01:53:00,22:11:00,20.3
52950,2024-07-06,2,02:07:00,15:53:00,13.766666666666667
52950,2024-07-07,3,02:02:00,15:55:00,13.883333333333333
52950,2024-07-08,3,02:02:00,15:59:00,13.95
52950,2024-07-09,4,02:03:00,15:59:00,13.933333333333334
52950,2024-07-12,5,02:08:00,15:56:00,13.8
52950,2024-07-13,6,02:08:00,15:59:00,13.85
52950,2024-07-14,6,02:03:00,15:56:00,13.883333333333333
52950,2024-07-15,0,02:05:00,15:56:00,13.85
52950,2024-07-16,0,01:57:00,15:54:00,13.95
52950,2024-07-17,1,02:05:00,15:56:00,13.85
52950,2024-07-18,1,02:08:00,15:57:00,13.816666666666666
52950,2024-07-19,2,01:59:00,15:56:00,13.95
52950,2024-07-20,2,02:03:00,15:59:00,13.933333333333334
52950,2024-07-21,3,02:04:00,15:57:00,13.883333333333333
52950,2024-07-22,3,01:58:00,15:59:00,14.016666666666667
52950,2024-07-25,1,01:56:00,15:56:00,14.0
52950,2024-07-26,1,01:55:00,15:56:00,14.016666666666667
52950,2024-07-27,2,01:53:00,15:57:00,14.066666666666666
52950,2024-07-28,2,01:56:00,15:56:00,14.0
52950,2024-07-29,3,02:19:00,15:56:00,13.616666666666667
52950,2024-07-30,3,01:59:00,15:57:00,13.966666666666667
52950,2024-07-31,4,01:58:00,15:57:00,13.983333333333333
52950,2024-08-01,4,01:56:00,15:57:00,14.016666666666667
52950,2024-08-02,5,02:01:00,15:56:00,13.916666666666666
52951,2024-06-26,5,01:11:00,20:43:00,19.533333333333335
52951,2024-06-27,6,01:14:00,16:01:00,14.783333333333333
52951,2024-06-28,6,12:59:00,16:02:00,3.05
52951,2024-06-29,0,09:55:00,16:02:00,6.116666666666666
52951,2024-06-30,0,09:55:00,16:03:00,6.133333333333334
52951,2024-07-01,1,09:56:00,16:04:00,6.133333333333334
52951,2024-07-02,1,09:54:00,16:04:00,6.166666666666667
52951,2024-07-03,2,09:56:00,16:05:00,6.15
52951,2024-07-04,2,09:57:00,16:02:00,6.083333333333333
52951,2024-07-05,3,13:04:00,16:06:00,3.033333333333333
52951,2024-07-06,3,09:58:00,16:00:00,6.033333333333333
52951,2024-07-07,4,09:58:00,16:02:00,6.066666666666666
52951,2024-07-08,4,09:58:00,16:01:00,6.05
52951,2024-07-09,5,09:58:00,16:01:00,6.05
52951,2024-07-10,5,09:58:00,16:18:00,6.333333333333333
52951,2024-07-11,2,09:57:00,16:04:00,6.116666666666666
52951,2024-07-12,2,12:55:00,16:02:00,3.1166666666666667
52951,2024-07-13,3,09:58:00,16:02:00,6.066666666666666
52951,2024-07-14,3,09:58:00,16:01:00,6.05
52951,2024-07-15,4,09:54:00,16:10:00,6.266666666666667
52951,2024-07-16,4,09:57:00,16:02:00,6.083333333333333
52951,2024-07-17,5,09:47:00,16:13:00,6.433333333333334
52951,2024-07-18,5,09:58:00,16:00:00,6.033333333333333
52951,2024-07-19,6,13:05:00,16:07:00,3.033333333333333
52951,2024-07-20,6,09:57:00,16:04:00,6.116666666666666
52951,2024-07-21,0,09:57:00,16:02:00,6.083333333333333
52951,2024-07-22,0,09:57:00,15:59:00,6.033333333333333
52951,2024-07-23,1,09:57:00,16:02:00,6.083333333333333
52951,2024-07-24,1,09:55:00,16:03:00,6.133333333333334
52951,2024-07-25,2,09:56:00,16:00:00,6.066666666666666
52951,2024-07-26,2,13:14:00,16:08:00,2.9
52951,2024-07-27,3,09:58:00,16:00:00,6.033333333333333
52951,2024-07-28,3,09:32:00,16:00:00,6.466666666666667
52951,2024-07-29,5,10:00:00,16:01:00,6.016666666666667
52951,2024-07-30,5,09:51:00,16:03:00,6.2
52951,2024-07-31,6,09:52:00,16:00:00,6.133333333333334
52951,2024-08-01,6,09:54:00,16:03:00,6.15
52951,2024-08-02,0,13:07:00,16:04:00,2.95
52952,2024-06-26,0,01:53:00,15:55:00,14.033333333333333
52952,2024-07-11,3,09:57:00,15:56:00,5.983333333333333
52952,2024-07-12,3,12:52:00,15:55:00,3.05
52952,2024-07-13,4,09:58:00,23:59:00,14.016666666666667
52952,2024-07-14,4,10:00:00,15:55:00,5.916666666666667
52952,2024-07-15,5,10:11:00,15:55:00,5.733333333333333
52952,2024-07-16,5,09:55:00,23:59:00,14.066666666666666
52952,2024-07-17,6,09:57:00,15:56:00,5.983333333333333
52952,2024-07-18,6,09:58:00,15:56:00,5.966666666666667
52952,2024-07-19,0,12:56:00,15:56:00,3.0
52952,2024-07-20,0,10:09:00,23:59:00,13.833333333333334
52952,2024-07-21,1,09:58:00,15:55:00,5.95
52952,2024-07-22,1,10:02:00,15:57:00,5.916666666666667
52952,2024-07-23,2,10:07:00,15:57:00,5.833333333333333
52952,2024-07-24,2,09:58:00,23:59:00,14.016666666666667
52952,2024-07-25,3,09:58:00,15:55:00,5.95
52952,2024-07-26,3,15:55:00,19:57:00,4.033333333333333
52952,2024-07-27,4,00:00:00,23:59:00,23.983333333333334
52952,2024-07-28,4,10:03:00,15:55:00,5.866666666666666
52952,2024-07-29,5,09:55:00,15:55:00,6.0
52952,2024-07-30,5,10:00:00,15:55:00,5.916666666666667
52952,2024-07-31,6,10:01:00,15:55:00,5.9
52952,2024-08-01,6,09:57:00,15:56:00,5.983333333333333
52952,2024-08-02,0,12:55:00,15:56:00,3.0166666666666666
