EmployeeId,Transdate,DayOfWeek,CheckInTime,CheckOutTime,hours,CheckInHour,CheckOutHour,CheckInMinutes,CheckOutMinutes,cluster,Cluster
51835,2024-05-08,2,10:21:00,17:01:00,6.666666666666667,10,17,621.0,1021.0,3,3
51835,2024-05-09,2,18:09:00,20:37:00,2.466666666666667,18,20,1089.0,1237.0,2,2
51835,2024-05-12,3,09:08:00,09:43:00,0.5833333333333334,9,9,548.0,583.0,1,1
51835,2024-07-01,6,08:03:00,11:59:00,3.933333333333333,8,11,483.0,719.0,1,1
51835,2024-07-02,6,07:58:00,22:05:00,14.116666666666667,7,22,478.0,1325.0,0,0
51835,2024-07-03,1,08:07:00,11:54:00,3.783333333333333,8,11,487.0,714.0,1,1
51835,2024-07-04,1,08:00:00,21:58:00,13.966666666666669,8,21,480.0,1318.0,0,0
51835,2024-07-06,0,08:16:00,22:07:00,13.85,8,22,496.0,1327.0,0,0
51835,2024-07-07,0,08:17:00,21:50:00,13.55,8,21,497.0,1310.0,0,0
51835,2024-07-08,1,08:16:00,22:16:00,14.0,8,22,496.0,1336.0,0,0
51835,2024-07-09,1,08:19:00,22:00:00,13.683333333333334,8,22,499.0,1320.0,0,0
51835,2024-07-10,2,08:16:00,22:02:00,13.766666666666667,8,22,496.0,1322.0,0,0
51835,2024-07-11,2,08:15:00,22:02:00,13.783333333333331,8,22,495.0,1322.0,0,0
51835,2024-07-13,3,08:15:00,22:05:00,13.833333333333334,8,22,495.0,1325.0,0,0
51835,2024-07-14,3,08:16:00,22:05:00,13.816666666666666,8,22,496.0,1325.0,0,0
51835,2024-07-15,5,08:14:00,22:02:00,13.8,8,22,494.0,1322.0,0,0
51835,2024-07-16,5,08:17:00,22:03:00,13.766666666666667,8,22,497.0,1323.0,0,0
51835,2024-07-17,6,08:13:00,22:01:00,13.8,8,22,493.0,1321.0,0,0
51835,2024-07-18,6,08:11:00,22:03:00,13.866666666666667,8,22,491.0,1323.0,0,0
51835,2024-07-20,0,08:14:00,22:03:00,13.816666666666666,8,22,494.0,1323.0,0,0
51835,2024-07-21,0,08:16:00,22:05:00,13.816666666666666,8,22,496.0,1325.0,0,0
51835,2024-07-22,1,08:15:00,21:56:00,13.683333333333334,8,21,495.0,1316.0,0,0
51835,2024-07-23,1,08:16:00,16:15:00,7.983333333333333,8,16,496.0,975.0,3,3
51835,2024-07-24,2,08:15:00,22:21:00,14.1,8,22,495.0,1341.0,0,0
51835,2024-07-25,2,08:19:00,22:24:00,14.083333333333334,8,22,499.0,1344.0,0,0
51835,2024-07-27,3,08:13:00,22:18:00,14.083333333333334,8,22,493.0,1338.0,0,0
51835,2024-07-28,3,08:14:00,22:01:00,13.783333333333331,8,22,494.0,1321.0,0,0
51835,2024-07-29,5,11:53:00,15:57:00,4.066666666666666,11,15,713.0,957.0,3,3
51835,2024-07-30,5,08:06:00,21:55:00,13.816666666666666,8,21,486.0,1315.0,0,0
51835,2024-07-31,6,08:07:00,22:03:00,13.933333333333334,8,22,487.0,1323.0,0,0
51835,2024-08-01,6,08:08:00,21:57:00,13.816666666666666,8,21,488.0,1317.0,0,0
51987,2024-06-30,0,20:33:00,21:10:00,0.6166666666666667,20,21,1233.0,1270.0,2,2
51987,2024-07-01,0,08:06:00,21:56:00,13.833333333333334,8,21,486.0,1316.0,0,0
51987,2024-07-02,1,08:05:00,16:00:00,7.916666666666667,8,16,485.0,960.0,3,3
51987,2024-07-03,1,08:07:00,22:01:00,13.9,8,22,487.0,1321.0,0,0
51987,2024-07-04,2,08:07:00,12:07:00,4.0,8,12,487.0,727.0,1,1
51987,2024-07-06,2,08:11:00,21:51:00,13.666666666666666,8,21,491.0,1311.0,0,0
51987,2024-07-07,3,07:50:00,21:58:00,14.133333333333333,7,21,470.0,1318.0,0,0
51987,2024-07-08,3,08:07:00,21:56:00,13.816666666666666,8,21,487.0,1316.0,0,0
51987,2024-07-09,5,08:05:00,21:56:00,13.85,8,21,485.0,1316.0,0,0
51987,2024-07-10,5,08:01:00,21:55:00,13.9,8,21,481.0,1315.0,0,0
51987,2024-07-11,6,08:05:00,21:56:00,13.85,8,21,485.0,1316.0,0,0
51987,2024-07-13,6,08:10:00,21:54:00,13.733333333333333,8,21,490.0,1314.0,0,0
51987,2024-07-14,0,08:11:00,21:59:00,13.8,8,21,491.0,1319.0,0,0
51987,2024-07-15,0,08:10:00,21:55:00,13.75,8,21,490.0,1315.0,0,0
51987,2024-07-16,1,08:04:00,12:04:00,4.0,8,12,484.0,724.0,1,1
51987,2024-07-17,1,08:06:00,21:54:00,13.8,8,21,486.0,1314.0,0,0
51987,2024-07-18,2,08:10:00,21:50:00,13.666666666666666,8,21,490.0,1310.0,0,0
51987,2024-07-20,2,08:10:00,11:59:00,3.816666666666667,8,11,490.0,719.0,1,1
51987,2024-07-21,3,08:09:00,21:59:00,13.833333333333334,8,21,489.0,1319.0,0,0
51987,2024-07-22,3,07:53:00,21:55:00,14.033333333333331,7,21,473.0,1315.0,0,0
51987,2024-07-23,5,08:04:00,21:58:00,13.9,8,21,484.0,1318.0,0,0
51987,2024-07-24,5,08:11:00,21:55:00,13.733333333333333,8,21,491.0,1315.0,0,0
51987,2024-07-25,6,08:09:00,21:57:00,13.8,8,21,489.0,1317.0,0,0
51987,2024-07-27,6,08:13:00,22:03:00,13.833333333333334,8,22,493.0,1323.0,0,0
51987,2024-07-28,0,07:57:00,22:01:00,14.066666666666666,7,22,477.0,1321.0,0,0
51987,2024-07-29,0,08:03:00,21:54:00,13.85,8,21,483.0,1314.0,0,0
51987,2024-07-30,1,08:10:00,12:03:00,3.883333333333333,8,12,490.0,723.0,1,1
51987,2024-07-31,1,07:56:00,21:52:00,13.933333333333334,7,21,476.0,1312.0,0,0
51987,2024-08-01,2,08:08:00,22:18:00,14.166666666666666,8,22,488.0,1338.0,0,0
51991,2024-06-13,2,12:05:00,22:02:00,9.95,12,22,725.0,1322.0,2,2
51991,2024-06-14,3,12:58:00,22:02:00,9.066666666666666,12,22,778.0,1322.0,2,2
51991,2024-06-15,3,12:17:00,22:04:00,9.783333333333331,12,22,737.0,1324.0,2,2
51991,2024-06-17,6,12:02:00,22:00:00,9.966666666666669,12,22,722.0,1320.0,2,2
51991,2024-06-18,6,12:03:00,22:00:00,9.95,12,22,723.0,1320.0,2,2
51991,2024-06-19,0,12:06:00,22:00:00,9.9,12,22,726.0,1320.0,2,2
51991,2024-06-20,0,12:04:00,22:00:00,9.933333333333334,12,22,724.0,1320.0,2,2
51991,2024-06-21,1,12:55:00,22:00:00,9.083333333333334,12,22,775.0,1320.0,2,2
51991,2024-06-22,1,12:03:00,22:00:00,9.95,12,22,723.0,1320.0,2,2
51991,2024-06-23,2,12:09:00,22:01:00,9.866666666666667,12,22,729.0,1321.0,2,2
51991,2024-06-24,2,12:05:00,22:00:00,9.916666666666666,12,22,725.0,1320.0,2,2
51991,2024-06-25,3,12:08:00,22:00:00,9.866666666666667,12,22,728.0,1320.0,2,2
51991,2024-06-26,3,12:03:00,22:00:00,9.95,12,22,723.0,1320.0,2,2
51991,2024-06-27,5,12:01:00,22:00:00,9.983333333333333,12,22,721.0,1320.0,2,2
51991,2024-06-28,5,13:04:00,22:00:00,8.933333333333334,13,22,784.0,1320.0,2,2
51991,2024-06-29,6,12:05:00,22:00:00,9.916666666666666,12,22,725.0,1320.0,2,2
51991,2024-06-30,6,12:04:00,22:00:00,9.933333333333334,12,22,724.0,1320.0,2,2
51991,2024-07-01,0,12:00:00,22:01:00,10.016666666666667,12,22,720.0,1321.0,2,2
51991,2024-07-02,0,12:03:00,22:01:00,9.966666666666669,12,22,723.0,1321.0,2,2
51991,2024-07-03,1,12:02:00,22:45:00,10.716666666666669,12,22,722.0,1365.0,2,2
51991,2024-07-05,1,12:59:00,21:00:00,8.016666666666667,12,21,779.0,1260.0,2,2
51991,2024-07-06,2,12:01:00,22:00:00,9.983333333333333,12,22,721.0,1320.0,2,2
51991,2024-07-07,2,12:06:00,22:01:00,9.916666666666666,12,22,726.0,1321.0,2,2
51991,2024-07-08,3,12:00:00,22:00:00,10.0,12,22,720.0,1320.0,2,2
51991,2024-07-09,3,12:05:00,22:00:00,9.916666666666666,12,22,725.0,1320.0,2,2
51991,2024-07-10,5,12:08:00,22:03:00,9.916666666666666,12,22,728.0,1323.0,2,2
51991,2024-07-11,5,12:01:00,21:59:00,9.966666666666669,12,21,721.0,1319.0,2,2
51991,2024-07-13,6,12:04:00,22:01:00,9.95,12,22,724.0,1321.0,2,2
51991,2024-07-14,0,12:02:00,22:00:00,9.966666666666669,12,22,722.0,1320.0,2,2
51991,2024-07-15,0,12:03:00,22:00:00,9.95,12,22,723.0,1320.0,2,2
51991,2024-07-16,1,12:17:00,22:00:00,9.716666666666669,12,22,737.0,1320.0,2,2
51991,2024-07-17,1,12:04:00,22:07:00,10.05,12,22,724.0,1327.0,2,2
51991,2024-07-18,2,12:06:00,22:42:00,10.6,12,22,726.0,1362.0,2,2
51991,2024-07-19,2,13:09:00,22:00:00,8.85,13,22,789.0,1320.0,2,2
51991,2024-07-20,3,12:03:00,22:00:00,9.95,12,22,723.0,1320.0,2,2
51991,2024-07-21,3,04:00:00,22:00:00,18.0,4,22,240.0,1320.0,0,0
51991,2024-07-22,5,12:05:00,22:00:00,9.916666666666666,12,22,725.0,1320.0,2,2
51991,2024-07-23,5,12:05:00,22:00:00,9.916666666666666,12,22,725.0,1320.0,2,2
51991,2024-07-24,6,12:07:00,22:00:00,9.883333333333333,12,22,727.0,1320.0,2,2
51991,2024-07-25,6,12:12:00,22:00:00,9.8,12,22,732.0,1320.0,2,2
51991,2024-07-26,0,13:11:00,22:00:00,8.816666666666666,13,22,791.0,1320.0,2,2
51991,2024-07-27,0,12:05:00,22:00:00,9.916666666666666,12,22,725.0,1320.0,2,2
51991,2024-07-28,1,12:01:00,22:00:00,9.983333333333333,12,22,721.0,1320.0,2,2
51991,2024-07-29,1,12:04:00,22:00:00,9.933333333333334,12,22,724.0,1320.0,2,2
51991,2024-07-30,2,12:04:00,22:00:00,9.933333333333334,12,22,724.0,1320.0,2,2
51991,2024-07-31,2,12:08:00,22:00:00,9.866666666666667,12,22,728.0,1320.0,2,2
51991,2024-08-01,3,12:02:00,22:00:00,9.966666666666669,12,22,722.0,1320.0,2,2
51992,2024-06-02,3,12:07:00,16:10:00,4.05,12,16,727.0,970.0,3,3
51992,2024-06-03,5,06:10:00,20:04:00,13.9,6,20,370.0,1204.0,0,0
51992,2024-06-04,5,06:07:00,20:14:00,14.116666666666667,6,20,367.0,1214.0,0,0
51992,2024-06-05,6,06:07:00,20:11:00,14.066666666666666,6,20,367.0,1211.0,0,0
51992,2024-06-06,6,06:10:00,12:05:00,5.916666666666667,6,12,370.0,725.0,1,1
51992,2024-06-07,0,06:13:00,10:49:00,4.6,6,10,373.0,649.0,1,1
51992,2024-06-08,0,06:26:00,20:11:00,13.75,6,20,386.0,1211.0,0,0
51992,2024-06-09,1,06:14:00,20:09:00,13.916666666666666,6,20,374.0,1209.0,0,0
51992,2024-06-10,1,06:11:00,20:01:00,13.833333333333334,6,20,371.0,1201.0,0,0
51992,2024-06-11,2,06:05:00,20:07:00,14.033333333333331,6,20,365.0,1207.0,0,0
51992,2024-06-12,2,06:08:00,20:01:00,13.883333333333333,6,20,368.0,1201.0,0,0
51992,2024-06-13,3,06:07:00,20:05:00,13.966666666666669,6,20,367.0,1205.0,0,0
51992,2024-06-14,3,06:08:00,17:08:00,11.0,6,17,368.0,1028.0,3,3
51992,2024-06-15,3,06:09:00,16:04:00,9.916666666666666,6,16,369.0,964.0,3,3
51992,2024-06-16,3,08:11:00,22:03:00,13.866666666666667,8,22,491.0,1323.0,0,0
51992,2024-06-17,4,06:08:00,20:02:00,13.9,6,20,368.0,1202.0,0,0
51992,2024-06-19,4,06:11:00,20:09:00,13.966666666666669,6,20,371.0,1209.0,0,0
51992,2024-06-20,5,06:09:00,20:04:00,13.916666666666666,6,20,369.0,1204.0,0,0
51992,2024-06-21,5,06:09:00,20:04:00,13.916666666666666,6,20,369.0,1204.0,0,0
51992,2024-06-22,0,06:10:00,20:02:00,13.866666666666667,6,20,370.0,1202.0,0,0
51992,2024-06-23,0,06:09:00,22:45:00,16.6,6,22,369.0,1365.0,0,0
51992,2024-06-24,1,06:11:00,20:05:00,13.9,6,20,371.0,1205.0,0,0
51992,2024-06-25,1,06:07:00,20:07:00,14.0,6,20,367.0,1207.0,0,0
51992,2024-06-26,2,12:09:00,16:05:00,3.933333333333333,12,16,729.0,965.0,3,3
51992,2024-06-27,2,06:07:00,20:01:00,13.9,6,20,367.0,1201.0,0,0
51992,2024-06-28,3,06:09:00,17:06:00,10.95,6,17,369.0,1026.0,3,3
51992,2024-06-29,3,06:10:00,20:04:00,13.9,6,20,370.0,1204.0,0,0
51992,2024-06-30,4,06:06:00,12:04:00,5.966666666666667,6,12,366.0,724.0,1,1
51992,2024-07-01,4,06:12:00,20:02:00,13.833333333333334,6,20,372.0,1202.0,0,0
51992,2024-07-02,5,06:10:00,20:03:00,13.883333333333333,6,20,370.0,1203.0,0,0
51992,2024-07-03,5,06:11:00,20:03:00,13.866666666666667,6,20,371.0,1203.0,0,0
51992,2024-07-04,6,06:12:00,20:05:00,13.883333333333333,6,20,372.0,1205.0,0,0
51992,2024-07-05,6,06:16:00,20:04:00,13.8,6,20,376.0,1204.0,0,0
51992,2024-07-06,0,06:08:00,20:02:00,13.9,6,20,368.0,1202.0,0,0
51992,2024-07-07,0,06:08:00,20:04:00,13.933333333333334,6,20,368.0,1204.0,0,0
51992,2024-07-08,1,06:11:00,20:02:00,13.85,6,20,371.0,1202.0,0,0
51992,2024-07-09,1,06:12:00,20:04:00,13.866666666666667,6,20,372.0,1204.0,0,0
51992,2024-07-10,2,06:10:00,20:11:00,14.016666666666667,6,20,370.0,1211.0,0,0
51992,2024-07-11,2,06:24:00,20:30:00,14.1,6,20,384.0,1230.0,0,0
51992,2024-07-12,3,10:52:00,16:08:00,5.266666666666667,10,16,652.0,968.0,3,3
51992,2024-07-13,3,06:09:00,20:00:00,13.85,6,20,369.0,1200.0,0,0
51992,2024-07-14,4,06:13:00,20:10:00,13.95,6,20,373.0,1210.0,0,0
51992,2024-07-15,4,06:11:00,20:08:00,13.95,6,20,371.0,1208.0,0,0
51992,2024-07-16,5,06:13:00,20:03:00,13.833333333333334,6,20,373.0,1203.0,0,0
51992,2024-07-17,5,06:10:00,20:02:00,13.866666666666667,6,20,370.0,1202.0,0,0
51992,2024-07-18,6,06:35:00,20:00:00,13.416666666666666,6,20,395.0,1200.0,0,0
51992,2024-07-19,6,06:10:00,20:00:00,13.833333333333334,6,20,370.0,1200.0,0,0
51992,2024-07-20,0,06:12:00,23:08:00,16.933333333333334,6,23,372.0,1388.0,0,0
51992,2024-07-21,0,06:10:00,20:02:00,13.866666666666667,6,20,370.0,1202.0,0,0
51992,2024-07-22,1,06:10:00,12:05:00,5.916666666666667,6,12,370.0,725.0,1,1
51992,2024-07-23,1,06:11:00,20:16:00,14.083333333333334,6,20,371.0,1216.0,0,0
51992,2024-07-24,2,06:12:00,20:05:00,13.883333333333333,6,20,372.0,1205.0,0,0
51992,2024-07-25,2,06:06:00,20:03:00,13.95,6,20,366.0,1203.0,0,0
51992,2024-07-26,4,06:04:00,20:03:00,13.983333333333333,6,20,364.0,1203.0,0,0
51992,2024-07-27,4,06:06:00,20:01:00,13.916666666666666,6,20,366.0,1201.0,0,0
51992,2024-07-28,5,06:03:00,20:01:00,13.966666666666669,6,20,363.0,1201.0,0,0
51992,2024-07-29,5,06:05:00,20:02:00,13.95,6,20,365.0,1202.0,0,0
51992,2024-07-30,6,06:06:00,20:09:00,14.05,6,20,366.0,1209.0,0,0
51992,2024-07-31,6,06:09:00,20:11:00,14.033333333333331,6,20,369.0,1211.0,0,0
51992,2024-08-01,0,06:10:00,20:01:00,13.85,6,20,370.0,1201.0,0,0
51992,2024-08-02,0,06:06:00,10:57:00,4.85,6,10,366.0,657.0,1,1
51994,2024-06-02,5,12:11:00,16:08:00,3.95,12,16,731.0,968.0,3,3
51994,2024-06-03,5,08:07:00,22:05:00,13.966666666666669,8,22,487.0,1325.0,0,0
51994,2024-06-04,6,08:08:00,22:03:00,13.916666666666666,8,22,488.0,1323.0,0,0
51994,2024-06-05,6,08:06:00,22:02:00,13.933333333333334,8,22,486.0,1322.0,0,0
51994,2024-06-06,0,08:06:00,22:04:00,13.966666666666669,8,22,486.0,1324.0,0,0
51994,2024-06-07,0,13:03:00,22:02:00,8.983333333333333,13,22,783.0,1322.0,2,2
51994,2024-06-08,1,08:05:00,23:33:00,15.466666666666669,8,23,485.0,1413.0,0,0
51994,2024-06-09,1,08:05:00,22:00:00,13.916666666666666,8,22,485.0,1320.0,0,0
51994,2024-06-10,2,08:05:00,22:04:00,13.983333333333333,8,22,485.0,1324.0,0,0
51994,2024-06-11,2,08:06:00,18:04:00,9.966666666666669,8,18,486.0,1084.0,3,3
51994,2024-06-12,3,08:04:00,22:02:00,13.966666666666669,8,22,484.0,1322.0,0,0
51994,2024-06-13,3,08:08:00,22:04:00,13.933333333333334,8,22,488.0,1324.0,0,0
51994,2024-06-14,4,13:06:00,22:05:00,8.983333333333333,13,22,786.0,1325.0,2,2
51994,2024-06-15,4,08:07:00,22:07:00,14.0,8,22,487.0,1327.0,0,0
51994,2024-06-16,5,12:08:00,22:07:00,9.983333333333333,12,22,728.0,1327.0,2,2
51994,2024-06-18,5,11:59:00,22:02:00,10.05,11,22,719.0,1322.0,2,2
51994,2024-06-19,6,08:04:00,22:04:00,14.0,8,22,484.0,1324.0,0,0
51994,2024-06-20,6,08:08:00,22:04:00,13.933333333333334,8,22,488.0,1324.0,0,0
51994,2024-06-21,0,13:11:00,22:01:00,8.833333333333334,13,22,791.0,1321.0,2,2
51994,2024-06-22,0,08:08:00,22:08:00,14.0,8,22,488.0,1328.0,0,0
51994,2024-06-23,2,08:06:00,22:01:00,13.916666666666666,8,22,486.0,1321.0,0,0
51994,2024-06-24,2,08:05:00,22:02:00,13.95,8,22,485.0,1322.0,0,0
51994,2024-06-25,3,08:08:00,22:03:00,13.916666666666666,8,22,488.0,1323.0,0,0
51994,2024-06-26,3,08:06:00,22:41:00,14.583333333333334,8,22,486.0,1361.0,0,0
51994,2024-06-27,4,08:04:00,22:06:00,14.033333333333331,8,22,484.0,1326.0,0,0
51994,2024-06-28,4,13:04:00,20:29:00,7.416666666666667,13,20,784.0,1229.0,2,2
51994,2024-06-29,5,08:06:00,22:05:00,13.983333333333333,8,22,486.0,1325.0,0,0
51994,2024-06-30,5,08:04:00,22:00:00,13.933333333333334,8,22,484.0,1320.0,0,0
51994,2024-07-01,6,08:01:00,22:05:00,14.066666666666666,8,22,481.0,1325.0,0,0
51994,2024-07-02,6,08:03:00,22:04:00,14.016666666666667,8,22,483.0,1324.0,0,0
51994,2024-07-03,0,08:03:00,22:02:00,13.983333333333333,8,22,483.0,1322.0,0,0
51994,2024-07-04,0,08:05:00,22:01:00,13.933333333333334,8,22,485.0,1321.0,0,0
51994,2024-07-05,1,13:11:00,22:02:00,8.85,13,22,791.0,1322.0,2,2
51994,2024-07-06,1,08:06:00,23:31:00,15.416666666666666,8,23,486.0,1411.0,0,0
51994,2024-07-07,2,08:05:00,18:00:00,9.916666666666666,8,18,485.0,1080.0,3,3
51994,2024-07-08,2,08:05:00,12:04:00,3.983333333333333,8,12,485.0,724.0,1,1
51994,2024-07-09,3,08:06:00,18:16:00,10.166666666666666,8,18,486.0,1096.0,3,3
51994,2024-07-10,3,08:07:00,22:08:00,14.016666666666667,8,22,487.0,1328.0,0,0
51994,2024-07-11,4,08:05:00,16:06:00,8.016666666666667,8,16,485.0,966.0,3,3
51994,2024-07-12,4,13:10:00,22:04:00,8.9,13,22,790.0,1324.0,2,2
51994,2024-07-13,5,08:07:00,22:03:00,13.933333333333334,8,22,487.0,1323.0,0,0
51994,2024-07-14,5,08:08:00,12:07:00,3.983333333333333,8,12,488.0,727.0,1,1
51994,2024-07-15,6,08:04:00,22:02:00,13.966666666666669,8,22,484.0,1322.0,0,0
51994,2024-07-16,6,08:04:00,12:02:00,3.966666666666667,8,12,484.0,722.0,1,1
51994,2024-07-17,0,08:07:00,22:04:00,13.95,8,22,487.0,1324.0,0,0
51994,2024-07-18,0,08:07:00,22:01:00,13.9,8,22,487.0,1321.0,0,0
51994,2024-07-19,1,13:12:00,22:02:00,8.833333333333334,13,22,792.0,1322.0,2,2
51994,2024-07-20,1,08:08:00,22:00:00,13.866666666666667,8,22,488.0,1320.0,0,0
51994,2024-07-21,2,08:07:00,22:04:00,13.95,8,22,487.0,1324.0,0,0
51994,2024-07-22,2,08:07:00,22:03:00,13.933333333333334,8,22,487.0,1323.0,0,0
51994,2024-07-23,3,08:08:00,21:51:00,13.716666666666669,8,21,488.0,1311.0,0,0
51994,2024-07-24,3,08:06:00,18:08:00,10.033333333333331,8,18,486.0,1088.0,3,3
51994,2024-07-25,4,08:08:00,18:32:00,10.4,8,18,488.0,1112.0,3,3
51994,2024-07-26,4,13:14:00,22:05:00,8.85,13,22,794.0,1325.0,2,2
51994,2024-07-27,5,08:06:00,22:01:00,13.916666666666666,8,22,486.0,1321.0,0,0
51994,2024-07-28,5,08:05:00,22:06:00,14.016666666666667,8,22,485.0,1326.0,0,0
51994,2024-07-29,6,08:07:00,22:01:00,13.9,8,22,487.0,1321.0,0,0
51994,2024-07-30,6,08:05:00,22:02:00,13.95,8,22,485.0,1322.0,0,0
51994,2024-07-31,0,08:05:00,22:12:00,14.116666666666667,8,22,485.0,1332.0,0,0
51994,2024-08-01,0,08:07:00,22:01:00,13.9,8,22,487.0,1321.0,0,0
51996,2024-06-02,1,12:07:00,22:01:00,9.9,12,22,727.0,1321.0,2,2
51996,2024-06-03,2,12:06:00,23:50:00,11.733333333333333,12,23,726.0,1430.0,2,2
51996,2024-06-04,2,12:06:00,22:03:00,9.95,12,22,726.0,1323.0,2,2
51996,2024-06-05,3,12:06:00,22:00:00,9.9,12,22,726.0,1320.0,2,2
51996,2024-06-06,3,12:06:00,22:04:00,9.966666666666669,12,22,726.0,1324.0,2,2
51996,2024-06-07,4,14:10:00,22:05:00,7.916666666666667,14,22,850.0,1325.0,2,2
51996,2024-06-08,4,12:08:00,22:03:00,9.916666666666666,12,22,728.0,1323.0,2,2
51996,2024-06-09,5,12:06:00,22:00:00,9.9,12,22,726.0,1320.0,2,2
51996,2024-06-10,5,12:07:00,22:04:00,9.95,12,22,727.0,1324.0,2,2
51996,2024-06-11,6,12:07:00,22:00:00,9.883333333333333,12,22,727.0,1320.0,2,2
51996,2024-06-12,6,12:07:00,22:01:00,9.9,12,22,727.0,1321.0,2,2
51996,2024-06-13,0,12:07:00,23:29:00,11.366666666666667,12,23,727.0,1409.0,2,2
51996,2024-06-15,0,12:07:00,22:03:00,9.933333333333334,12,22,727.0,1323.0,2,2
51996,2024-06-16,1,12:10:00,20:00:00,7.833333333333333,12,20,730.0,1200.0,2,2
51996,2024-06-17,1,12:07:00,22:00:00,9.883333333333333,12,22,727.0,1320.0,2,2
51996,2024-06-19,2,12:07:00,22:00:00,9.883333333333333,12,22,727.0,1320.0,2,2
51996,2024-06-20,2,12:06:00,22:00:00,9.9,12,22,726.0,1320.0,2,2
51996,2024-06-22,3,12:06:00,22:00:00,9.9,12,22,726.0,1320.0,2,2
51996,2024-06-23,3,12:07:00,22:01:00,9.9,12,22,727.0,1321.0,2,2
51996,2024-06-24,4,12:05:00,22:04:00,9.983333333333333,12,22,725.0,1324.0,2,2
51996,2024-06-25,4,12:08:00,22:04:00,9.933333333333334,12,22,728.0,1324.0,2,2
51996,2024-06-26,5,12:02:00,22:35:00,10.55,12,22,722.0,1355.0,2,2
51996,2024-06-27,5,12:02:00,22:01:00,9.983333333333333,12,22,722.0,1321.0,2,2
51996,2024-06-29,6,12:04:00,22:01:00,9.95,12,22,724.0,1321.0,2,2
51996,2024-06-30,6,12:04:00,22:00:00,9.933333333333334,12,22,724.0,1320.0,2,2
51996,2024-07-01,0,12:01:00,22:01:00,10.0,12,22,721.0,1321.0,2,2
51996,2024-07-02,0,12:02:00,22:03:00,10.016666666666667,12,22,722.0,1323.0,2,2
51996,2024-07-03,1,12:03:00,22:02:00,9.983333333333333,12,22,723.0,1322.0,2,2
51996,2024-07-04,1,12:02:00,22:01:00,9.983333333333333,12,22,722.0,1321.0,2,2
51996,2024-07-06,2,12:03:00,22:00:00,9.95,12,22,723.0,1320.0,2,2
51996,2024-07-07,2,12:01:00,22:00:00,9.983333333333333,12,22,721.0,1320.0,2,2
51996,2024-07-08,3,12:02:00,22:00:00,9.966666666666669,12,22,722.0,1320.0,2,2
51996,2024-07-09,3,12:05:00,23:58:00,11.883333333333333,12,23,725.0,1438.0,2,2
51996,2024-07-10,4,12:03:00,22:00:00,9.95,12,22,723.0,1320.0,2,2
51996,2024-07-11,4,12:05:00,22:03:00,9.966666666666669,12,22,725.0,1323.0,2,2
51996,2024-07-13,5,12:03:00,22:01:00,9.966666666666669,12,22,723.0,1321.0,2,2
51996,2024-07-14,6,12:03:00,22:01:00,9.966666666666669,12,22,723.0,1321.0,2,2
51996,2024-07-15,6,12:03:00,22:00:00,9.95,12,22,723.0,1320.0,2,2
51996,2024-07-16,0,12:03:00,22:03:00,10.0,12,22,723.0,1323.0,2,2
51996,2024-07-17,0,12:04:00,22:00:00,9.933333333333334,12,22,724.0,1320.0,2,2
51996,2024-07-18,1,12:04:00,22:01:00,9.95,12,22,724.0,1321.0,2,2
51996,2024-07-20,1,12:04:00,22:02:00,9.966666666666669,12,22,724.0,1322.0,2,2
51996,2024-07-21,2,12:04:00,23:26:00,11.366666666666667,12,23,724.0,1406.0,2,2
51996,2024-07-22,2,12:05:00,22:03:00,9.966666666666669,12,22,725.0,1323.0,2,2
51996,2024-07-23,3,12:04:00,22:02:00,9.966666666666669,12,22,724.0,1322.0,2,2
51996,2024-07-24,3,12:05:00,20:06:00,8.016666666666667,12,20,725.0,1206.0,2,2
51996,2024-07-25,4,12:05:00,22:00:00,9.916666666666666,12,22,725.0,1320.0,2,2
51996,2024-07-27,4,12:04:00,22:01:00,9.95,12,22,724.0,1321.0,2,2
51996,2024-07-29,0,12:02:00,22:00:00,9.966666666666669,12,22,722.0,1320.0,2,2
51996,2024-07-30,1,12:03:00,22:01:00,9.966666666666669,12,22,723.0,1321.0,2,2
51996,2024-07-31,1,12:03:00,22:01:00,9.966666666666669,12,22,723.0,1321.0,2,2
51996,2024-08-01,2,12:02:00,23:43:00,11.683333333333334,12,23,722.0,1423.0,2,2
51997,2024-06-03,3,06:12:00,16:13:00,10.016666666666667,6,16,372.0,973.0,3,3
51997,2024-06-04,4,06:07:00,16:02:00,9.916666666666666,6,16,367.0,962.0,3,3
51997,2024-06-05,4,06:02:00,16:09:00,10.116666666666667,6,16,362.0,969.0,3,3
51997,2024-06-06,5,06:05:00,16:07:00,10.033333333333331,6,16,365.0,967.0,3,3
51997,2024-06-07,5,06:08:00,16:01:00,9.883333333333333,6,16,368.0,961.0,3,3
51997,2024-06-08,6,06:00:00,16:02:00,10.033333333333331,6,16,360.0,962.0,3,3
51997,2024-06-09,6,06:11:00,16:12:00,10.016666666666667,6,16,371.0,972.0,3,3
51997,2024-06-10,0,06:05:00,16:18:00,10.216666666666669,6,16,365.0,978.0,3,3
51997,2024-06-11,0,06:05:00,16:08:00,10.05,6,16,365.0,968.0,3,3
51997,2024-06-12,1,06:13:00,16:02:00,9.816666666666666,6,16,373.0,962.0,3,3
51997,2024-06-13,1,06:04:00,16:17:00,10.216666666666669,6,16,364.0,977.0,3,3
51997,2024-06-14,2,06:07:00,16:07:00,10.0,6,16,367.0,967.0,3,3
51997,2024-06-15,2,06:05:00,16:40:00,10.583333333333334,6,16,365.0,1000.0,3,3
51997,2024-06-17,3,06:00:00,16:04:00,10.066666666666666,6,16,360.0,964.0,3,3
51997,2024-06-18,4,06:13:00,16:06:00,9.883333333333333,6,16,373.0,966.0,3,3
51997,2024-06-19,4,06:01:00,16:10:00,10.15,6,16,361.0,970.0,3,3
51997,2024-06-20,5,06:00:00,16:09:00,10.15,6,16,360.0,969.0,3,3
51997,2024-06-21,5,05:58:00,16:08:00,10.166666666666666,5,16,358.0,968.0,3,3
51997,2024-06-22,6,06:12:00,16:05:00,9.883333333333333,6,16,372.0,965.0,3,3
51997,2024-06-23,6,06:02:00,16:01:00,9.983333333333333,6,16,362.0,961.0,3,3
51997,2024-06-24,0,06:11:00,16:37:00,10.433333333333334,6,16,371.0,997.0,3,3
51997,2024-06-25,0,05:57:00,16:01:00,10.066666666666666,5,16,357.0,961.0,3,3
51997,2024-06-27,1,06:06:00,16:05:00,9.983333333333333,6,16,366.0,965.0,3,3
51997,2024-06-28,1,06:09:00,16:02:00,9.883333333333333,6,16,369.0,962.0,3,3
51997,2024-06-29,2,06:06:00,16:08:00,10.033333333333331,6,16,366.0,968.0,3,3
51997,2024-06-30,2,06:03:00,16:09:00,10.1,6,16,363.0,969.0,3,3
51997,2024-07-01,3,06:07:00,16:01:00,9.9,6,16,367.0,961.0,3,3
51997,2024-07-02,3,06:09:00,16:23:00,10.233333333333333,6,16,369.0,983.0,3,3
51997,2024-07-03,4,06:05:00,16:02:00,9.95,6,16,365.0,962.0,3,3
51997,2024-07-04,4,06:09:00,16:04:00,9.916666666666666,6,16,369.0,964.0,3,3
51997,2024-07-05,5,06:14:00,16:11:00,9.95,6,16,374.0,971.0,3,3
51997,2024-07-06,5,06:06:00,16:00:00,9.9,6,16,366.0,960.0,3,3
51997,2024-07-07,6,06:11:00,16:11:00,10.0,6,16,371.0,971.0,3,3
51997,2024-07-08,6,06:06:00,16:18:00,10.2,6,16,366.0,978.0,3,3
51997,2024-07-09,0,06:09:00,16:00:00,9.85,6,16,369.0,960.0,3,3
51997,2024-07-10,0,06:08:00,16:00:00,9.866666666666667,6,16,368.0,960.0,3,3
51997,2024-07-11,1,06:04:00,16:14:00,10.166666666666666,6,16,364.0,974.0,3,3
51997,2024-07-12,1,06:12:00,16:01:00,9.816666666666666,6,16,372.0,961.0,3,3
51997,2024-07-13,2,06:02:00,16:03:00,10.016666666666667,6,16,362.0,963.0,3,3
51997,2024-07-14,2,06:11:00,16:05:00,9.9,6,16,371.0,965.0,3,3
51997,2024-07-15,3,06:12:00,16:08:00,9.933333333333334,6,16,372.0,968.0,3,3
51997,2024-07-16,3,06:13:00,16:08:00,9.916666666666666,6,16,373.0,968.0,3,3
51997,2024-07-17,4,06:09:00,16:06:00,9.95,6,16,369.0,966.0,3,3
51997,2024-07-18,4,06:08:00,16:10:00,10.033333333333331,6,16,368.0,970.0,3,3
51997,2024-07-19,5,06:10:00,16:03:00,9.883333333333333,6,16,370.0,963.0,3,3
51997,2024-07-20,5,06:09:00,16:10:00,10.016666666666667,6,16,369.0,970.0,3,3
51997,2024-07-22,6,06:10:00,16:05:00,9.916666666666666,6,16,370.0,965.0,3,3
51997,2024-07-23,0,06:02:00,16:01:00,9.983333333333333,6,16,362.0,961.0,3,3
51997,2024-07-24,0,06:00:00,16:00:00,10.0,6,16,360.0,960.0,3,3
51997,2024-07-25,1,06:00:00,16:01:00,10.016666666666667,6,16,360.0,961.0,3,3
51997,2024-07-26,1,06:00:00,16:13:00,10.216666666666669,6,16,360.0,973.0,3,3
51997,2024-07-27,2,06:04:00,16:05:00,10.016666666666667,6,16,364.0,965.0,3,3
51997,2024-07-28,2,06:00:00,16:00:00,10.0,6,16,360.0,960.0,3,3
51997,2024-07-29,3,06:00:00,16:10:00,10.166666666666666,6,16,360.0,970.0,3,3
51997,2024-07-30,3,06:00:00,16:15:00,10.25,6,16,360.0,975.0,3,3
51997,2024-07-31,4,06:00:00,16:01:00,10.016666666666667,6,16,360.0,961.0,3,3
51997,2024-08-01,4,06:05:00,16:01:00,9.933333333333334,6,16,365.0,961.0,3,3
51997,2024-08-02,5,06:08:00,16:46:00,10.633333333333333,6,16,368.0,1006.0,3,3
51999,2024-06-03,3,09:45:00,15:13:00,5.466666666666667,9,15,585.0,913.0,3,3
51999,2024-06-04,4,09:27:00,15:08:00,5.683333333333334,9,15,567.0,908.0,3,3
51999,2024-06-05,4,09:30:00,15:43:00,6.216666666666667,9,15,570.0,943.0,3,3
51999,2024-06-06,5,09:11:00,15:08:00,5.95,9,15,551.0,908.0,3,3
51999,2024-06-07,5,09:23:00,15:10:00,5.783333333333333,9,15,563.0,910.0,3,3
51999,2024-06-08,6,09:31:00,19:09:00,9.633333333333333,9,19,571.0,1149.0,3,3
51999,2024-06-09,6,03:15:00,09:08:00,5.883333333333334,3,9,195.0,548.0,4,4
51999,2024-06-10,0,09:09:00,15:21:00,6.2,9,15,549.0,921.0,3,3
51999,2024-06-11,0,09:15:00,15:08:00,5.883333333333334,9,15,555.0,908.0,3,3
51999,2024-06-12,1,09:05:00,15:27:00,6.366666666666666,9,15,545.0,927.0,3,3
51999,2024-06-13,1,09:15:00,15:13:00,5.966666666666667,9,15,555.0,913.0,3,3
51999,2024-06-15,2,09:23:00,19:11:00,9.8,9,19,563.0,1151.0,3,3
51999,2024-06-17,3,09:20:00,15:28:00,6.133333333333334,9,15,560.0,928.0,3,3
51999,2024-06-18,4,09:12:00,15:08:00,5.933333333333334,9,15,552.0,908.0,3,3
51999,2024-06-19,4,09:31:00,15:13:00,5.7,9,15,571.0,913.0,3,3
51999,2024-06-20,5,09:09:00,15:18:00,6.15,9,15,549.0,918.0,3,3
51999,2024-06-23,6,09:01:00,15:06:00,6.083333333333333,9,15,541.0,906.0,3,3
51999,2024-06-24,1,09:09:00,15:09:00,6.0,9,15,549.0,909.0,3,3
51999,2024-06-25,1,09:11:00,15:09:00,5.966666666666667,9,15,551.0,909.0,3,3
51999,2024-06-26,2,09:03:00,15:17:00,6.233333333333333,9,15,543.0,917.0,3,3
51999,2024-06-27,2,11:59:00,22:02:00,10.05,11,22,719.0,1322.0,2,2
51999,2024-06-28,3,12:59:00,22:00:00,9.016666666666667,12,22,779.0,1320.0,2,2
51999,2024-06-29,3,12:05:00,22:00:00,9.916666666666666,12,22,725.0,1320.0,2,2
51999,2024-06-30,4,12:04:00,22:01:00,9.95,12,22,724.0,1321.0,2,2
51999,2024-07-01,4,12:01:00,22:02:00,10.016666666666667,12,22,721.0,1322.0,2,2
51999,2024-07-08,5,12:00:00,22:01:00,10.016666666666667,12,22,720.0,1321.0,2,2
51999,2024-07-09,5,11:59:00,22:02:00,10.05,11,22,719.0,1322.0,2,2
51999,2024-07-10,6,12:07:00,22:01:00,9.9,12,22,727.0,1321.0,2,2
51999,2024-07-11,6,12:01:00,22:00:00,9.983333333333333,12,22,721.0,1320.0,2,2
51999,2024-07-12,0,13:01:00,22:01:00,9.0,13,22,781.0,1321.0,2,2
51999,2024-07-13,0,12:02:00,22:00:00,9.966666666666669,12,22,722.0,1320.0,2,2
51999,2024-07-14,1,12:02:00,22:02:00,10.0,12,22,722.0,1322.0,2,2
51999,2024-07-15,1,12:03:00,22:05:00,10.033333333333331,12,22,723.0,1325.0,2,2
51999,2024-07-16,2,12:02:00,22:02:00,10.0,12,22,722.0,1322.0,2,2
51999,2024-07-17,2,12:04:00,22:03:00,9.983333333333333,12,22,724.0,1323.0,2,2
51999,2024-07-18,3,12:03:00,22:02:00,9.983333333333333,12,22,723.0,1322.0,2,2
51999,2024-07-19,3,13:06:00,22:03:00,8.95,13,22,786.0,1323.0,2,2
51999,2024-07-20,4,12:05:00,22:02:00,9.95,12,22,725.0,1322.0,2,2
51999,2024-07-22,5,12:05:00,22:00:00,9.916666666666666,12,22,725.0,1320.0,2,2
51999,2024-07-23,5,12:05:00,22:00:00,9.916666666666666,12,22,725.0,1320.0,2,2
51999,2024-07-24,6,12:08:00,22:00:00,9.866666666666667,12,22,728.0,1320.0,2,2
51999,2024-07-25,6,12:03:00,22:00:00,9.95,12,22,723.0,1320.0,2,2
51999,2024-07-26,0,13:10:00,22:01:00,8.85,13,22,790.0,1321.0,2,2
51999,2024-07-27,0,12:05:00,22:00:00,9.916666666666666,12,22,725.0,1320.0,2,2
51999,2024-07-28,1,12:02:00,22:02:00,10.0,12,22,722.0,1322.0,2,2
51999,2024-07-29,1,12:04:00,22:00:00,9.933333333333334,12,22,724.0,1320.0,2,2
51999,2024-07-30,2,12:05:00,22:01:00,9.933333333333334,12,22,725.0,1321.0,2,2
51999,2024-07-31,2,12:07:00,22:02:00,9.916666666666666,12,22,727.0,1322.0,2,2
51999,2024-08-01,3,12:03:00,22:01:00,9.966666666666669,12,22,723.0,1321.0,2,2
52002,2024-06-02,1,12:05:00,16:08:00,4.05,12,16,725.0,968.0,3,3
52002,2024-06-03,1,08:13:00,23:45:00,15.533333333333331,8,23,493.0,1425.0,0,0
52002,2024-06-04,2,08:09:00,22:07:00,13.966666666666669,8,22,489.0,1327.0,0,0
52002,2024-06-05,2,08:07:00,16:07:00,8.0,8,16,487.0,967.0,3,3
52002,2024-06-06,3,08:08:00,22:02:00,13.9,8,22,488.0,1322.0,0,0
52002,2024-06-07,3,08:07:00,22:06:00,13.983333333333333,8,22,487.0,1326.0,0,0
52002,2024-06-08,4,08:08:00,22:02:00,13.9,8,22,488.0,1322.0,0,0
52002,2024-06-09,4,08:04:00,22:00:00,13.933333333333334,8,22,484.0,1320.0,0,0
52002,2024-06-10,5,08:07:00,22:00:00,13.883333333333333,8,22,487.0,1320.0,0,0
52002,2024-06-11,5,08:11:00,22:05:00,13.9,8,22,491.0,1325.0,0,0
52002,2024-06-12,6,08:08:00,22:00:00,13.866666666666667,8,22,488.0,1320.0,0,0
52002,2024-06-13,6,08:07:00,22:01:00,13.9,8,22,487.0,1321.0,0,0
52002,2024-06-14,0,08:07:00,16:08:00,8.016666666666667,8,16,487.0,968.0,3,3
52002,2024-06-15,0,08:08:00,22:00:00,13.866666666666667,8,22,488.0,1320.0,0,0
52002,2024-06-17,1,08:34:00,22:04:00,13.5,8,22,514.0,1324.0,0,0
52002,2024-06-18,1,09:06:00,22:56:00,13.833333333333334,9,22,546.0,1376.0,0,0
52002,2024-06-19,2,08:06:00,22:01:00,13.916666666666666,8,22,486.0,1321.0,0,0
52002,2024-06-20,2,08:07:00,22:00:00,13.883333333333333,8,22,487.0,1320.0,0,0
52002,2024-06-21,3,08:12:00,22:00:00,13.8,8,22,492.0,1320.0,0,0
52002,2024-06-22,3,08:10:00,22:02:00,13.866666666666667,8,22,490.0,1322.0,0,0
52002,2024-06-23,5,08:08:00,22:18:00,14.166666666666666,8,22,488.0,1338.0,0,0
52002,2024-06-24,5,08:08:00,22:01:00,13.883333333333333,8,22,488.0,1321.0,0,0
52002,2024-06-25,6,08:08:00,22:00:00,13.866666666666667,8,22,488.0,1320.0,0,0
52002,2024-06-26,6,08:06:00,21:59:00,13.883333333333333,8,21,486.0,1319.0,0,0
52002,2024-06-27,0,08:03:00,21:57:00,13.9,8,21,483.0,1317.0,0,0
52002,2024-06-28,0,08:02:00,21:07:00,13.083333333333334,8,21,482.0,1267.0,0,0
52002,2024-06-29,2,08:15:00,22:00:00,13.75,8,22,495.0,1320.0,0,0
52002,2024-06-30,2,08:06:00,22:00:00,13.9,8,22,486.0,1320.0,0,0
52002,2024-07-01,3,08:04:00,22:06:00,14.033333333333331,8,22,484.0,1326.0,0,0
52002,2024-07-02,3,08:06:00,22:00:00,13.9,8,22,486.0,1320.0,0,0
52002,2024-07-03,5,08:06:00,22:00:00,13.9,8,22,486.0,1320.0,0,0
52002,2024-07-04,5,08:04:00,16:07:00,8.05,8,16,484.0,967.0,3,3
52002,2024-07-05,6,08:07:00,22:01:00,13.9,8,22,487.0,1321.0,0,0
52002,2024-07-06,6,08:06:00,22:01:00,13.916666666666666,8,22,486.0,1321.0,0,0
52002,2024-07-07,0,08:05:00,22:00:00,13.916666666666666,8,22,485.0,1320.0,0,0
52002,2024-07-08,0,08:04:00,22:00:00,13.933333333333334,8,22,484.0,1320.0,0,0
52002,2024-07-09,1,08:07:00,22:00:00,13.883333333333333,8,22,487.0,1320.0,0,0
52002,2024-07-10,1,08:08:00,22:05:00,13.95,8,22,488.0,1325.0,0,0
52002,2024-07-11,2,08:06:00,22:00:00,13.9,8,22,486.0,1320.0,0,0
52002,2024-07-12,2,08:08:00,22:07:00,13.983333333333333,8,22,488.0,1327.0,0,0
52002,2024-07-13,3,08:08:00,22:00:00,13.866666666666667,8,22,488.0,1320.0,0,0
52002,2024-07-14,3,08:09:00,22:01:00,13.866666666666667,8,22,489.0,1321.0,0,0
52002,2024-07-15,5,08:08:00,22:02:00,13.9,8,22,488.0,1322.0,0,0
52002,2024-07-16,5,08:07:00,22:01:00,13.9,8,22,487.0,1321.0,0,0
52002,2024-07-17,6,08:07:00,22:01:00,13.9,8,22,487.0,1321.0,0,0
52002,2024-07-18,6,08:08:00,22:00:00,13.866666666666667,8,22,488.0,1320.0,0,0
52002,2024-07-19,0,08:06:00,22:00:00,13.9,8,22,486.0,1320.0,0,0
52002,2024-07-20,0,08:09:00,22:04:00,13.916666666666666,8,22,489.0,1324.0,0,0
52002,2024-07-21,1,08:03:00,22:00:00,13.95,8,22,483.0,1320.0,0,0
52002,2024-07-22,1,08:07:00,22:01:00,13.9,8,22,487.0,1321.0,0,0
52002,2024-07-23,2,08:07:00,21:58:00,13.85,8,21,487.0,1318.0,0,0
52002,2024-07-24,2,08:09:00,22:00:00,13.85,8,22,489.0,1320.0,0,0
52002,2024-07-25,3,08:08:00,22:00:00,13.866666666666667,8,22,488.0,1320.0,0,0
52002,2024-07-26,3,08:06:00,22:00:00,13.9,8,22,486.0,1320.0,0,0
52002,2024-07-27,5,08:10:00,22:03:00,13.883333333333333,8,22,490.0,1323.0,0,0
52002,2024-07-28,5,08:06:00,22:01:00,13.916666666666666,8,22,486.0,1321.0,0,0
52002,2024-07-29,6,08:06:00,22:00:00,13.9,8,22,486.0,1320.0,0,0
52002,2024-07-30,6,08:04:00,22:00:00,13.933333333333334,8,22,484.0,1320.0,0,0
52002,2024-07-31,0,08:04:00,22:00:00,13.933333333333334,8,22,484.0,1320.0,0,0
52002,2024-08-01,0,08:03:00,22:01:00,13.966666666666669,8,22,483.0,1321.0,0,0
52002,2024-08-02,1,08:08:00,10:58:00,2.833333333333333,8,10,488.0,658.0,1,1
52003,2024-06-02,1,16:01:00,20:02:00,4.016666666666667,16,20,961.0,1202.0,2,2
52003,2024-06-03,2,09:01:00,23:01:00,14.0,9,23,541.0,1381.0,0,0
52003,2024-06-04,2,09:01:00,23:00:00,13.983333333333333,9,23,541.0,1380.0,0,0
52003,2024-06-05,3,09:01:00,23:01:00,14.0,9,23,541.0,1381.0,0,0
52003,2024-06-06,3,09:01:00,23:00:00,13.983333333333333,9,23,541.0,1380.0,0,0
52003,2024-06-07,4,09:01:00,23:00:00,13.983333333333333,9,23,541.0,1380.0,0,0
52003,2024-06-08,4,09:00:00,23:01:00,14.016666666666667,9,23,540.0,1381.0,0,0
52003,2024-06-09,5,09:01:00,23:00:00,13.983333333333333,9,23,541.0,1380.0,0,0
52003,2024-06-10,5,09:01:00,23:00:00,13.983333333333333,9,23,541.0,1380.0,0,0
52003,2024-06-11,6,09:01:00,23:03:00,14.033333333333331,9,23,541.0,1383.0,0,0
52003,2024-06-12,6,09:01:00,20:01:00,11.0,9,20,541.0,1201.0,0,0
52003,2024-06-13,0,09:01:00,22:01:00,13.0,9,22,541.0,1321.0,0,0
52003,2024-06-14,0,09:01:00,23:00:00,13.983333333333333,9,23,541.0,1380.0,0,0
52003,2024-06-15,1,09:01:00,19:00:00,9.983333333333333,9,19,541.0,1140.0,3,3
52003,2024-06-16,1,09:06:00,23:00:00,13.9,9,23,546.0,1380.0,0,0
52003,2024-06-17,2,09:01:00,23:00:00,13.983333333333333,9,23,541.0,1380.0,0,0
52003,2024-06-18,2,09:00:00,23:00:00,14.0,9,23,540.0,1380.0,0,0
52003,2024-06-19,3,09:01:00,23:00:00,13.983333333333333,9,23,541.0,1380.0,0,0
52003,2024-06-20,3,09:02:00,23:00:00,13.966666666666669,9,23,542.0,1380.0,0,0
52003,2024-06-21,5,09:02:00,23:01:00,13.983333333333333,9,23,542.0,1381.0,0,0
52003,2024-06-22,5,09:01:00,23:00:00,13.983333333333333,9,23,541.0,1380.0,0,0
52003,2024-06-23,6,09:02:00,16:01:00,6.983333333333333,9,16,542.0,961.0,3,3
52003,2024-06-24,6,09:03:00,22:01:00,12.966666666666669,9,22,543.0,1321.0,0,0
52003,2024-06-25,0,09:03:00,23:00:00,13.95,9,23,543.0,1380.0,0,0
52003,2024-06-26,0,08:56:00,23:00:00,14.066666666666666,8,23,536.0,1380.0,0,0
52003,2024-06-27,1,09:01:00,23:00:00,13.983333333333333,9,23,541.0,1380.0,0,0
52003,2024-06-28,1,09:00:00,22:59:00,13.983333333333333,9,22,540.0,1379.0,0,0
52003,2024-06-29,2,09:01:00,23:00:00,13.983333333333333,9,23,541.0,1380.0,0,0
52003,2024-06-30,2,09:01:00,23:00:00,13.983333333333333,9,23,541.0,1380.0,0,0
52003,2024-07-01,3,09:01:00,22:59:00,13.966666666666669,9,22,541.0,1379.0,0,0
52003,2024-07-02,3,09:01:00,23:00:00,13.983333333333333,9,23,541.0,1380.0,0,0
52003,2024-07-03,5,09:01:00,23:00:00,13.983333333333333,9,23,541.0,1380.0,0,0
52003,2024-07-04,5,09:02:00,23:00:00,13.966666666666669,9,23,542.0,1380.0,0,0
52003,2024-07-05,6,09:01:00,23:02:00,14.016666666666667,9,23,541.0,1382.0,0,0
52003,2024-07-06,6,09:01:00,23:00:00,13.983333333333333,9,23,541.0,1380.0,0,0
52003,2024-07-07,0,09:01:00,19:59:00,10.966666666666669,9,19,541.0,1199.0,0,0
52003,2024-07-08,0,09:01:00,23:00:00,13.983333333333333,9,23,541.0,1380.0,0,0
52003,2024-07-09,1,09:01:00,23:00:00,13.983333333333333,9,23,541.0,1380.0,0,0
52003,2024-07-10,1,09:01:00,23:00:00,13.983333333333333,9,23,541.0,1380.0,0,0
52003,2024-07-11,2,09:01:00,23:00:00,13.983333333333333,9,23,541.0,1380.0,0,0
52003,2024-07-12,2,09:00:00,23:01:00,14.016666666666667,9,23,540.0,1381.0,0,0
52003,2024-07-13,3,09:01:00,23:00:00,13.983333333333333,9,23,541.0,1380.0,0,0
52003,2024-07-14,3,09:01:00,23:00:00,13.983333333333333,9,23,541.0,1380.0,0,0
52003,2024-07-15,4,09:01:00,23:00:00,13.983333333333333,9,23,541.0,1380.0,0,0
52003,2024-07-16,4,09:07:00,23:00:00,13.883333333333333,9,23,547.0,1380.0,0,0
52003,2024-07-17,6,09:02:00,23:00:00,13.966666666666669,9,23,542.0,1380.0,0,0
52003,2024-07-18,6,09:02:00,23:00:00,13.966666666666669,9,23,542.0,1380.0,0,0
52003,2024-07-19,0,09:02:00,23:00:00,13.966666666666669,9,23,542.0,1380.0,0,0
52003,2024-07-20,0,09:01:00,23:00:00,13.983333333333333,9,23,541.0,1380.0,0,0
52003,2024-07-21,1,09:04:00,23:00:00,13.933333333333334,9,23,544.0,1380.0,0,0
52003,2024-07-22,1,09:02:00,23:00:00,13.966666666666669,9,23,542.0,1380.0,0,0
52003,2024-07-23,2,09:01:00,23:00:00,13.983333333333333,9,23,541.0,1380.0,0,0
52003,2024-07-24,2,09:01:00,23:00:00,13.983333333333333,9,23,541.0,1380.0,0,0
52003,2024-07-25,3,09:02:00,16:01:00,6.983333333333333,9,16,542.0,961.0,3,3
52003,2024-07-26,3,09:03:00,16:00:00,6.95,9,16,543.0,960.0,3,3
52003,2024-07-27,4,09:01:00,23:00:00,13.983333333333333,9,23,541.0,1380.0,0,0
52003,2024-07-28,4,09:02:00,23:00:00,13.966666666666669,9,23,542.0,1380.0,0,0
52003,2024-07-29,5,09:01:00,23:00:00,13.983333333333333,9,23,541.0,1380.0,0,0
52003,2024-07-30,5,09:00:00,23:01:00,14.016666666666667,9,23,540.0,1381.0,0,0
52003,2024-07-31,6,09:02:00,23:00:00,13.966666666666669,9,23,542.0,1380.0,0,0
52003,2024-08-01,6,09:03:00,23:00:00,13.95,9,23,543.0,1380.0,0,0
52003,2024-08-02,0,08:59:00,16:00:00,7.016666666666667,8,16,539.0,960.0,3,3
52004,2024-06-02,0,12:01:00,17:00:00,4.983333333333333,12,17,721.0,1020.0,3,3
52004,2024-06-03,1,00:00:00,12:00:00,12.0,0,12,0.0,720.0,4,4
52004,2024-06-04,1,09:00:00,12:00:00,3.0,9,12,540.0,720.0,1,1
52004,2024-06-05,2,09:00:00,23:25:00,14.416666666666666,9,23,540.0,1405.0,0,0
52004,2024-06-06,2,09:00:00,22:02:00,13.033333333333331,9,22,540.0,1322.0,0,0
52004,2024-06-07,3,12:54:00,22:01:00,9.116666666666667,12,22,774.0,1321.0,2,2
52004,2024-06-08,3,09:00:00,12:00:00,3.0,9,12,540.0,720.0,1,1
52004,2024-06-09,4,09:00:00,12:02:00,3.033333333333333,9,12,540.0,722.0,1,1
52004,2024-06-10,4,09:00:00,12:07:00,3.1166666666666667,9,12,540.0,727.0,1,1
52004,2024-06-11,5,09:00:00,23:45:00,14.75,9,23,540.0,1425.0,0,0
52004,2024-06-12,5,09:00:00,21:12:00,12.2,9,21,540.0,1272.0,0,0
52004,2024-06-13,6,09:00:00,12:01:00,3.0166666666666666,9,12,540.0,721.0,1,1
52004,2024-06-14,6,12:53:00,22:00:00,9.116666666666667,12,22,773.0,1320.0,2,2
52004,2024-06-15,0,09:00:00,12:01:00,3.0166666666666666,9,12,540.0,721.0,1,1
52004,2024-06-16,0,10:01:00,16:00:00,5.983333333333333,10,16,601.0,960.0,3,3
52004,2024-06-18,1,12:00:00,22:01:00,10.016666666666667,12,22,720.0,1321.0,2,2
52004,2024-06-19,1,09:00:00,12:00:00,3.0,9,12,540.0,720.0,1,1
52004,2024-06-20,2,09:00:00,12:03:00,3.05,9,12,540.0,723.0,1,1
52004,2024-06-21,2,12:57:00,22:00:00,9.05,12,22,777.0,1320.0,2,2
52004,2024-06-22,3,09:01:00,12:00:00,2.9833333333333334,9,12,541.0,720.0,1,1
52004,2024-06-23,3,09:00:00,12:01:00,3.0166666666666666,9,12,540.0,721.0,1,1
52004,2024-06-24,4,09:00:00,20:41:00,11.683333333333334,9,20,540.0,1241.0,0,0
52004,2024-06-25,4,09:00:00,23:11:00,14.183333333333334,9,23,540.0,1391.0,0,0
52004,2024-06-26,5,08:55:00,12:03:00,3.1333333333333333,8,12,535.0,723.0,1,1
52004,2024-06-27,5,09:00:00,12:07:00,3.1166666666666667,9,12,540.0,727.0,1,1
52004,2024-06-28,6,12:37:00,22:00:00,9.383333333333333,12,22,757.0,1320.0,2,2
52004,2024-06-29,6,09:00:00,12:01:00,3.0166666666666666,9,12,540.0,721.0,1,1
52004,2024-06-30,0,09:01:00,12:00:00,2.9833333333333334,9,12,541.0,720.0,1,1
52004,2024-07-01,0,09:00:00,12:00:00,3.0,9,12,540.0,720.0,1,1
52004,2024-07-02,1,09:00:00,12:03:00,3.05,9,12,540.0,723.0,1,1
52004,2024-07-03,1,09:00:00,12:00:00,3.0,9,12,540.0,720.0,1,1
52004,2024-07-04,3,09:00:00,12:01:00,3.0166666666666666,9,12,540.0,721.0,1,1
52004,2024-07-05,3,12:50:00,22:00:00,9.166666666666666,12,22,770.0,1320.0,2,2
52004,2024-07-06,4,09:00:00,12:02:00,3.033333333333333,9,12,540.0,722.0,1,1
52004,2024-07-07,4,09:00:00,12:02:00,3.033333333333333,9,12,540.0,722.0,1,1
52004,2024-07-08,5,09:00:00,12:03:00,3.05,9,12,540.0,723.0,1,1
52004,2024-07-09,5,09:00:00,12:00:00,3.0,9,12,540.0,720.0,1,1
52004,2024-07-10,6,09:00:00,23:27:00,14.45,9,23,540.0,1407.0,0,0
52004,2024-07-11,6,09:01:00,12:33:00,3.533333333333333,9,12,541.0,753.0,1,1
52004,2024-07-12,0,12:50:00,20:01:00,7.183333333333334,12,20,770.0,1201.0,2,2
52004,2024-07-13,0,09:00:00,12:02:00,3.033333333333333,9,12,540.0,722.0,1,1
52004,2024-07-14,1,09:00:00,12:00:00,3.0,9,12,540.0,720.0,1,1
52004,2024-07-15,1,09:01:00,23:08:00,14.116666666666667,9,23,541.0,1388.0,0,0
52004,2024-07-16,2,09:00:00,22:01:00,13.016666666666667,9,22,540.0,1321.0,0,0
52004,2024-07-17,2,09:00:00,12:03:00,3.05,9,12,540.0,723.0,1,1
52004,2024-07-18,3,09:00:00,12:01:00,3.0166666666666666,9,12,540.0,721.0,1,1
52004,2024-07-19,3,12:57:00,22:01:00,9.066666666666666,12,22,777.0,1321.0,2,2
52004,2024-07-20,4,09:00:00,12:02:00,3.033333333333333,9,12,540.0,722.0,1,1
52004,2024-07-21,4,09:00:00,12:00:00,3.0,9,12,540.0,720.0,1,1
52004,2024-07-22,5,08:59:00,12:01:00,3.033333333333333,8,12,539.0,721.0,1,1
52004,2024-07-23,5,08:59:00,12:02:00,3.05,8,12,539.0,722.0,1,1
52004,2024-07-24,6,08:59:00,12:02:00,3.05,8,12,539.0,722.0,1,1
52004,2024-07-25,6,08:59:00,23:01:00,14.033333333333331,8,23,539.0,1381.0,0,0
52004,2024-07-26,0,12:54:00,22:00:00,9.1,12,22,774.0,1320.0,2,2
52004,2024-07-27,0,08:59:00,12:01:00,3.033333333333333,8,12,539.0,721.0,1,1
52004,2024-07-28,1,08:59:00,12:01:00,3.033333333333333,8,12,539.0,721.0,1,1
52004,2024-07-29,1,08:59:00,12:01:00,3.033333333333333,8,12,539.0,721.0,1,1
52004,2024-07-30,2,08:59:00,12:00:00,3.0166666666666666,8,12,539.0,720.0,1,1
52004,2024-07-31,2,08:59:00,12:00:00,3.0166666666666666,8,12,539.0,720.0,1,1
52004,2024-08-01,3,08:59:00,12:01:00,3.033333333333333,8,12,539.0,721.0,1,1
52005,2024-06-02,4,12:06:00,16:10:00,4.066666666666666,12,16,726.0,970.0,3,3
52005,2024-06-03,4,08:07:00,22:02:00,13.916666666666666,8,22,487.0,1322.0,0,0
52005,2024-06-04,5,08:08:00,22:03:00,13.916666666666666,8,22,488.0,1323.0,0,0
52005,2024-06-05,5,08:05:00,22:02:00,13.95,8,22,485.0,1322.0,0,0
52005,2024-06-06,6,08:07:00,22:02:00,13.916666666666666,8,22,487.0,1322.0,0,0
52005,2024-06-07,6,08:06:00,22:05:00,13.983333333333333,8,22,486.0,1325.0,0,0
52005,2024-06-08,0,08:07:00,22:00:00,13.883333333333333,8,22,487.0,1320.0,0,0
52005,2024-06-09,0,08:06:00,23:12:00,15.1,8,23,486.0,1392.0,0,0
52005,2024-06-10,1,08:07:00,22:04:00,13.95,8,22,487.0,1324.0,0,0
52005,2024-06-11,1,08:07:00,22:02:00,13.916666666666666,8,22,487.0,1322.0,0,0
52005,2024-06-12,2,08:07:00,22:03:00,13.933333333333334,8,22,487.0,1323.0,0,0
52005,2024-06-13,2,08:07:00,22:04:00,13.95,8,22,487.0,1324.0,0,0
52005,2024-06-14,3,08:11:00,18:56:00,10.75,8,18,491.0,1136.0,3,3
52005,2024-06-15,3,08:09:00,22:01:00,13.866666666666667,8,22,489.0,1321.0,0,0
52005,2024-06-16,4,08:12:00,22:09:00,13.95,8,22,492.0,1329.0,0,0
52005,2024-06-17,4,08:08:00,22:00:00,13.866666666666667,8,22,488.0,1320.0,0,0
52005,2024-06-18,5,06:27:00,20:00:00,13.55,6,20,387.0,1200.0,0,0
52005,2024-06-19,5,08:08:00,22:00:00,13.866666666666667,8,22,488.0,1320.0,0,0
52005,2024-06-20,6,08:10:00,22:00:00,13.833333333333334,8,22,490.0,1320.0,0,0
52005,2024-06-21,6,08:06:00,22:02:00,13.933333333333334,8,22,486.0,1322.0,0,0
52005,2024-06-22,0,08:06:00,22:00:00,13.9,8,22,486.0,1320.0,0,0
52005,2024-06-23,0,08:08:00,22:03:00,13.916666666666666,8,22,488.0,1323.0,0,0
52005,2024-06-24,1,08:05:00,22:01:00,13.933333333333334,8,22,485.0,1321.0,0,0
52005,2024-06-25,1,08:10:00,22:00:00,13.833333333333334,8,22,490.0,1320.0,0,0
52005,2024-06-26,2,08:06:00,22:35:00,14.483333333333333,8,22,486.0,1355.0,0,0
52005,2024-06-27,2,08:04:00,22:02:00,13.966666666666669,8,22,484.0,1322.0,0,0
52005,2024-06-28,3,08:02:00,22:01:00,13.983333333333333,8,22,482.0,1321.0,0,0
52005,2024-06-29,3,08:07:00,22:00:00,13.883333333333333,8,22,487.0,1320.0,0,0
52005,2024-06-30,4,08:06:00,22:00:00,13.9,8,22,486.0,1320.0,0,0
52005,2024-07-01,4,08:03:00,22:01:00,13.966666666666669,8,22,483.0,1321.0,0,0
52005,2024-07-02,5,08:04:00,23:44:00,15.666666666666666,8,23,484.0,1424.0,0,0
52005,2024-07-03,5,08:04:00,22:03:00,13.983333333333333,8,22,484.0,1323.0,0,0
52005,2024-07-04,6,08:06:00,22:05:00,13.983333333333333,8,22,486.0,1325.0,0,0
52005,2024-07-05,6,08:02:00,22:03:00,14.016666666666667,8,22,482.0,1323.0,0,0
52005,2024-07-06,0,08:05:00,22:00:00,13.916666666666666,8,22,485.0,1320.0,0,0
52005,2024-07-07,0,08:07:00,22:01:00,13.9,8,22,487.0,1321.0,0,0
52005,2024-07-08,1,08:05:00,22:02:00,13.95,8,22,485.0,1322.0,0,0
52005,2024-07-09,1,08:09:00,23:57:00,15.8,8,23,489.0,1437.0,0,0
52005,2024-07-10,2,08:07:00,22:02:00,13.916666666666666,8,22,487.0,1322.0,0,0
52005,2024-07-11,2,08:07:00,22:03:00,13.933333333333334,8,22,487.0,1323.0,0,0
52005,2024-07-12,3,08:06:00,22:07:00,14.016666666666667,8,22,486.0,1327.0,0,0
52005,2024-07-13,3,08:06:00,22:02:00,13.933333333333334,8,22,486.0,1322.0,0,0
52005,2024-07-14,4,08:07:00,22:04:00,13.95,8,22,487.0,1324.0,0,0
52005,2024-07-15,4,08:06:00,12:02:00,3.933333333333333,8,12,486.0,722.0,1,1
52005,2024-07-16,0,08:06:00,12:04:00,3.966666666666667,8,12,486.0,724.0,1,1
52005,2024-07-17,1,08:05:00,22:00:00,13.916666666666666,8,22,485.0,1320.0,0,0
52005,2024-07-18,1,08:06:00,22:01:00,13.916666666666666,8,22,486.0,1321.0,0,0
52005,2024-07-19,2,08:02:00,22:03:00,14.016666666666667,8,22,482.0,1323.0,0,0
52005,2024-07-20,2,08:08:00,22:08:00,14.0,8,22,488.0,1328.0,0,0
52005,2024-07-21,3,08:07:00,23:25:00,15.3,8,23,487.0,1405.0,0,0
52005,2024-07-22,3,08:07:00,22:05:00,13.966666666666669,8,22,487.0,1325.0,0,0
52005,2024-07-23,4,08:07:00,18:06:00,9.983333333333333,8,18,487.0,1086.0,3,3
52005,2024-07-24,4,08:07:00,22:00:00,13.883333333333333,8,22,487.0,1320.0,0,0
52005,2024-07-25,5,08:07:00,22:01:00,13.9,8,22,487.0,1321.0,0,0
52005,2024-07-26,5,08:02:00,22:02:00,14.0,8,22,482.0,1322.0,0,0
52005,2024-07-27,6,08:07:00,22:01:00,13.9,8,22,487.0,1321.0,0,0
52005,2024-07-28,6,08:06:00,22:00:00,13.9,8,22,486.0,1320.0,0,0
52005,2024-07-29,0,08:07:00,22:00:00,13.883333333333333,8,22,487.0,1320.0,0,0
52005,2024-07-30,0,08:06:00,22:03:00,13.95,8,22,486.0,1323.0,0,0
52005,2024-07-31,1,08:06:00,22:01:00,13.916666666666666,8,22,486.0,1321.0,0,0
52005,2024-08-01,1,08:07:00,23:37:00,15.5,8,23,487.0,1417.0,0,0
52005,2024-08-02,2,08:11:00,10:57:00,2.7666666666666666,8,10,491.0,657.0,1,1
52009,2024-07-01,2,08:25:00,12:00:00,3.583333333333333,8,12,505.0,720.0,1,1
52009,2024-07-02,3,08:18:00,12:00:00,3.7,8,12,498.0,720.0,1,1
52009,2024-07-03,3,00:04:00,23:59:00,23.916666666666668,0,23,4.0,1439.0,0,0
52009,2024-07-04,4,08:19:00,11:59:00,3.6666666666666665,8,11,499.0,719.0,1,1
52009,2024-07-05,4,08:00:00,23:58:00,15.966666666666669,8,23,480.0,1438.0,0,0
52009,2024-07-06,5,08:17:00,22:07:00,13.833333333333334,8,22,497.0,1327.0,0,0
52009,2024-07-07,5,08:17:00,11:58:00,3.683333333333333,8,11,497.0,718.0,1,1
52009,2024-07-08,6,08:17:00,12:00:00,3.716666666666667,8,12,497.0,720.0,1,1
52009,2024-07-09,6,08:19:00,12:00:00,3.683333333333333,8,12,499.0,720.0,1,1
52009,2024-07-10,0,00:02:00,23:30:00,23.466666666666665,0,23,2.0,1410.0,0,0
52009,2024-07-11,0,08:18:00,12:00:00,3.7,8,12,498.0,720.0,1,1
52009,2024-07-12,1,08:03:00,22:00:00,13.95,8,22,483.0,1320.0,0,0
52009,2024-07-13,1,08:16:00,12:00:00,3.733333333333333,8,12,496.0,720.0,1,1
52009,2024-07-14,2,00:22:00,12:00:00,11.633333333333333,0,12,22.0,720.0,4,4
52009,2024-07-15,2,08:21:00,12:01:00,3.6666666666666665,8,12,501.0,721.0,1,1
52009,2024-07-16,3,08:18:00,12:01:00,3.716666666666667,8,12,498.0,721.0,1,1
52009,2024-07-17,3,08:13:00,11:59:00,3.7666666666666666,8,11,493.0,719.0,1,1
52009,2024-07-18,4,08:11:00,11:59:00,3.8,8,11,491.0,719.0,1,1
52009,2024-07-19,4,08:02:00,10:54:00,2.8666666666666667,8,10,482.0,654.0,1,1
52009,2024-07-20,5,11:59:00,22:00:00,10.016666666666667,11,22,719.0,1320.0,2,2
52009,2024-07-21,5,08:17:00,12:04:00,3.783333333333333,8,12,497.0,724.0,1,1
52009,2024-07-22,6,08:15:00,11:59:00,3.733333333333333,8,11,495.0,719.0,1,1
52009,2024-07-23,6,08:16:00,12:31:00,4.25,8,12,496.0,751.0,1,1
52009,2024-07-24,0,08:16:00,12:00:00,3.733333333333333,8,12,496.0,720.0,1,1
52009,2024-07-25,0,08:20:00,11:58:00,3.633333333333333,8,11,500.0,718.0,1,1
52009,2024-07-26,1,08:04:00,10:50:00,2.7666666666666666,8,10,484.0,650.0,1,1
52009,2024-07-27,1,08:15:00,12:00:00,3.75,8,12,495.0,720.0,1,1
52009,2024-07-28,2,08:14:00,12:00:00,3.7666666666666666,8,12,494.0,720.0,1,1
52009,2024-07-29,2,08:02:00,22:00:00,13.966666666666669,8,22,482.0,1320.0,0,0
52009,2024-07-30,3,08:16:00,22:04:00,13.8,8,22,496.0,1324.0,0,0
52009,2024-07-31,3,08:12:00,12:04:00,3.8666666666666663,8,12,492.0,724.0,1,1
52009,2024-08-01,4,08:20:00,12:01:00,3.683333333333333,8,12,500.0,721.0,1,1
52009,2024-08-02,4,08:03:00,10:58:00,2.9166666666666665,8,10,483.0,658.0,1,1
52010,2024-06-03,5,08:29:00,22:05:00,13.6,8,22,509.0,1325.0,0,0
52010,2024-06-26,2,08:17:00,16:20:00,8.05,8,16,497.0,980.0,3,3
52010,2024-06-29,3,08:36:00,21:52:00,13.266666666666667,8,21,516.0,1312.0,0,0
52010,2024-07-01,3,11:56:00,16:14:00,4.3,11,16,716.0,974.0,3,3
52010,2024-07-02,4,08:04:00,21:46:00,13.7,8,21,484.0,1306.0,0,0
52010,2024-07-03,4,09:03:00,21:52:00,12.816666666666666,9,21,543.0,1312.0,0,0
52010,2024-07-04,5,08:15:00,11:57:00,3.7,8,11,495.0,717.0,1,1
52010,2024-07-06,5,08:06:00,22:02:00,13.933333333333334,8,22,486.0,1322.0,0,0
52010,2024-07-07,6,08:16:00,21:37:00,13.35,8,21,496.0,1297.0,0,0
52010,2024-07-08,6,08:14:00,21:56:00,13.7,8,21,494.0,1316.0,0,0
52010,2024-07-09,0,08:34:00,21:54:00,13.333333333333334,8,21,514.0,1314.0,0,0
52010,2024-07-10,0,08:15:00,22:02:00,13.783333333333331,8,22,495.0,1322.0,0,0
52010,2024-07-11,1,08:13:00,21:44:00,13.516666666666667,8,21,493.0,1304.0,0,0
52010,2024-07-13,1,08:05:00,22:06:00,14.016666666666667,8,22,485.0,1326.0,0,0
52010,2024-07-14,2,08:56:00,21:58:00,13.033333333333331,8,21,536.0,1318.0,0,0
52010,2024-07-15,2,08:07:00,12:04:00,3.95,8,12,487.0,724.0,1,1
52010,2024-07-16,3,08:13:00,22:01:00,13.8,8,22,493.0,1321.0,0,0
52010,2024-07-17,3,07:57:00,21:58:00,14.016666666666667,7,21,477.0,1318.0,0,0
52010,2024-07-18,4,08:15:00,21:36:00,13.35,8,21,495.0,1296.0,0,0
52010,2024-07-20,4,11:47:00,16:35:00,4.8,11,16,707.0,995.0,3,3
52010,2024-07-21,5,08:23:00,21:49:00,13.433333333333334,8,21,503.0,1309.0,0,0
52010,2024-07-22,5,08:11:00,21:54:00,13.716666666666669,8,21,491.0,1314.0,0,0
52010,2024-07-23,6,07:58:00,22:01:00,14.05,7,22,478.0,1321.0,0,0
52010,2024-07-24,6,07:55:00,21:49:00,13.9,7,21,475.0,1309.0,0,0
52010,2024-07-25,0,08:00:00,21:32:00,13.533333333333331,8,21,480.0,1292.0,0,0
52010,2024-07-27,0,11:51:00,16:20:00,4.483333333333333,11,16,711.0,980.0,3,3
52010,2024-07-28,1,08:29:00,22:07:00,13.633333333333333,8,22,509.0,1327.0,0,0
52010,2024-07-29,1,08:02:00,21:57:00,13.916666666666666,8,21,482.0,1317.0,0,0
52010,2024-07-30,2,08:00:00,21:53:00,13.883333333333333,8,21,480.0,1313.0,0,0
52011,2024-06-08,2,07:14:00,19:47:00,12.55,7,19,434.0,1187.0,0,0
52011,2024-06-10,3,07:05:00,20:00:00,12.916666666666666,7,20,425.0,1200.0,0,0
52011,2024-06-11,4,07:06:00,20:10:00,13.066666666666666,7,20,426.0,1210.0,0,0
52011,2024-06-12,4,07:10:00,19:55:00,12.75,7,19,430.0,1195.0,0,0
52011,2024-06-13,5,07:07:00,19:59:00,12.866666666666667,7,19,427.0,1199.0,0,0
52011,2024-06-15,5,07:14:00,21:56:00,14.7,7,21,434.0,1316.0,0,0
52011,2024-06-18,6,07:07:00,19:43:00,12.6,7,19,427.0,1183.0,0,0
52011,2024-06-19,6,07:12:00,20:00:00,12.8,7,20,432.0,1200.0,0,0
52011,2024-06-20,0,07:07:00,20:28:00,13.35,7,20,427.0,1228.0,0,0
52011,2024-06-21,0,15:18:00,19:43:00,4.416666666666667,15,19,918.0,1183.0,2,2
52011,2024-06-22,1,07:12:00,21:02:00,13.833333333333334,7,21,432.0,1262.0,0,0
52011,2024-06-23,1,07:14:00,20:00:00,12.766666666666667,7,20,434.0,1200.0,0,0
52011,2024-06-24,2,07:05:00,20:53:00,13.8,7,20,425.0,1253.0,0,0
52011,2024-06-25,2,07:11:00,19:58:00,12.783333333333331,7,19,431.0,1198.0,0,0
52011,2024-06-26,3,07:09:00,19:58:00,12.816666666666666,7,19,429.0,1198.0,0,0
52011,2024-06-27,3,07:08:00,20:00:00,12.866666666666667,7,20,428.0,1200.0,0,0
52011,2024-06-29,4,07:10:00,20:01:00,12.85,7,20,430.0,1201.0,0,0
52011,2024-06-30,4,07:09:00,20:07:00,12.966666666666669,7,20,429.0,1207.0,0,0
52011,2024-07-01,5,07:09:00,20:07:00,12.966666666666669,7,20,429.0,1207.0,0,0
52011,2024-07-02,5,07:08:00,20:04:00,12.933333333333334,7,20,428.0,1204.0,0,0
52011,2024-07-03,6,07:06:00,19:57:00,12.85,7,19,426.0,1197.0,0,0
52011,2024-07-04,6,07:09:00,20:10:00,13.016666666666667,7,20,429.0,1210.0,0,0
52011,2024-07-06,0,07:08:00,20:04:00,12.933333333333334,7,20,428.0,1204.0,0,0
52011,2024-07-07,0,07:04:00,20:16:00,13.2,7,20,424.0,1216.0,0,0
52011,2024-07-08,1,07:06:00,20:20:00,13.233333333333333,7,20,426.0,1220.0,0,0
52011,2024-07-10,2,07:06:00,20:12:00,13.1,7,20,426.0,1212.0,0,0
52011,2024-07-11,2,07:06:00,20:14:00,13.133333333333333,7,20,426.0,1214.0,0,0
52011,2024-07-13,3,07:11:00,20:13:00,13.033333333333331,7,20,431.0,1213.0,0,0
52011,2024-07-14,3,07:09:00,20:09:00,13.0,7,20,429.0,1209.0,0,0
52011,2024-07-15,4,07:11:00,20:00:00,12.816666666666666,7,20,431.0,1200.0,0,0
52011,2024-07-16,4,07:12:00,20:25:00,13.216666666666669,7,20,432.0,1225.0,0,0
52011,2024-07-17,6,07:07:00,20:01:00,12.9,7,20,427.0,1201.0,0,0
52011,2024-07-18,0,07:14:00,20:03:00,12.816666666666666,7,20,434.0,1203.0,0,0
52011,2024-07-20,0,07:10:00,19:57:00,12.783333333333331,7,19,430.0,1197.0,0,0
52011,2024-07-22,1,07:13:00,19:55:00,12.7,7,19,433.0,1195.0,0,0
52011,2024-07-23,2,07:03:00,19:59:00,12.933333333333334,7,19,423.0,1199.0,0,0
52011,2024-07-24,2,07:08:00,20:11:00,13.05,7,20,428.0,1211.0,0,0
52011,2024-07-25,3,07:10:00,19:43:00,12.55,7,19,430.0,1183.0,0,0
52011,2024-07-27,3,07:05:00,20:04:00,12.983333333333333,7,20,425.0,1204.0,0,0
52011,2024-07-28,4,07:09:00,20:14:00,13.083333333333334,7,20,429.0,1214.0,0,0
52011,2024-07-29,4,07:06:00,20:13:00,13.116666666666667,7,20,426.0,1213.0,0,0
52011,2024-07-30,5,07:07:00,19:16:00,12.15,7,19,427.0,1156.0,0,0
52011,2024-07-31,5,09:11:00,19:14:00,10.05,9,19,551.0,1154.0,3,3
52011,2024-08-01,6,09:05:00,19:35:00,10.5,9,19,545.0,1175.0,0,0
52013,2024-06-03,6,10:25:00,16:07:00,5.7,10,16,625.0,967.0,3,3
52013,2024-06-04,0,10:23:00,16:05:00,5.7,10,16,623.0,965.0,3,3
52013,2024-06-05,0,10:23:00,16:04:00,5.683333333333334,10,16,623.0,964.0,3,3
52013,2024-06-07,1,13:09:00,22:13:00,9.066666666666666,13,22,789.0,1333.0,2,2
52013,2024-06-08,1,10:23:00,16:03:00,5.666666666666667,10,16,623.0,963.0,3,3
52013,2024-06-09,2,10:24:00,16:08:00,5.733333333333333,10,16,624.0,968.0,3,3
52013,2024-06-10,2,10:18:00,16:11:00,5.883333333333334,10,16,618.0,971.0,3,3
52013,2024-06-11,3,16:10:00,21:24:00,5.233333333333333,16,21,970.0,1284.0,2,2
52013,2024-06-12,3,00:55:00,16:09:00,15.233333333333333,0,16,55.0,969.0,4,4
52013,2024-06-14,4,13:04:00,22:13:00,9.15,13,22,784.0,1333.0,2,2
52013,2024-06-15,4,11:04:00,16:16:00,5.2,11,16,664.0,976.0,3,3
52013,2024-06-19,5,10:14:00,16:06:00,5.866666666666666,10,16,614.0,966.0,3,3
52013,2024-06-20,5,16:07:00,21:16:00,5.15,16,21,967.0,1276.0,2,2
52013,2024-06-21,6,01:08:00,22:02:00,20.9,1,22,68.0,1322.0,0,0
52013,2024-06-22,0,10:36:00,16:19:00,5.716666666666667,10,16,636.0,979.0,3,3
52013,2024-06-23,0,10:30:00,16:16:00,5.766666666666667,10,16,630.0,976.0,3,3
52013,2024-06-24,1,10:22:00,16:08:00,5.766666666666667,10,16,622.0,968.0,3,3
52013,2024-06-26,1,11:12:00,21:17:00,10.083333333333334,11,21,672.0,1277.0,0,0
52013,2024-06-27,2,00:53:00,16:07:00,15.233333333333333,0,16,53.0,967.0,4,4
52013,2024-06-28,2,13:06:00,22:12:00,9.1,13,22,786.0,1332.0,2,2
52013,2024-06-29,3,10:45:00,16:10:00,5.416666666666667,10,16,645.0,970.0,3,3
52013,2024-06-30,3,10:25:00,16:14:00,5.816666666666666,10,16,625.0,974.0,3,3
52013,2024-07-01,4,10:16:00,16:12:00,5.933333333333334,10,16,616.0,972.0,3,3
52013,2024-07-02,4,10:31:00,16:06:00,5.583333333333333,10,16,631.0,966.0,3,3
52013,2024-07-04,5,10:20:00,16:13:00,5.883333333333334,10,16,620.0,973.0,3,3
52013,2024-07-05,6,12:54:00,20:01:00,7.116666666666666,12,20,774.0,1201.0,2,2
52013,2024-07-06,6,10:11:00,16:29:00,6.3,10,16,611.0,989.0,3,3
52013,2024-07-15,3,16:11:00,23:54:00,7.716666666666667,16,23,971.0,1434.0,2,2
52014,2024-06-03,4,08:09:00,22:28:00,14.316666666666666,8,22,489.0,1348.0,0,0
52014,2024-06-04,5,08:00:00,22:22:00,14.366666666666667,8,22,480.0,1342.0,0,0
52014,2024-06-05,5,08:04:00,22:07:00,14.05,8,22,484.0,1327.0,0,0
52014,2024-06-06,6,08:06:00,22:11:00,14.083333333333334,8,22,486.0,1331.0,0,0
52014,2024-06-08,6,08:03:00,22:02:00,13.983333333333333,8,22,483.0,1322.0,0,0
52014,2024-06-09,0,16:07:00,22:01:00,5.9,16,22,967.0,1321.0,2,2
52014,2024-06-10,0,08:12:00,22:09:00,13.95,8,22,492.0,1329.0,0,0
52014,2024-06-11,0,08:32:00,12:07:00,3.583333333333333,8,12,512.0,727.0,1,1
52014,2024-06-12,0,08:24:00,22:15:00,13.85,8,22,504.0,1335.0,0,0
52014,2024-06-13,1,08:26:00,16:07:00,7.683333333333334,8,16,506.0,967.0,3,3
52014,2024-06-15,1,08:20:00,22:01:00,13.683333333333334,8,22,500.0,1321.0,0,0
52014,2024-06-18,2,16:06:00,22:01:00,5.916666666666667,16,22,966.0,1321.0,2,2
52014,2024-06-19,2,08:02:00,21:58:00,13.933333333333334,8,21,482.0,1318.0,0,0
52014,2024-06-20,3,08:02:00,16:06:00,8.066666666666666,8,16,482.0,966.0,3,3
52014,2024-06-22,3,08:02:00,22:04:00,14.033333333333331,8,22,482.0,1324.0,0,0
52014,2024-06-23,4,08:03:00,22:00:00,13.95,8,22,483.0,1320.0,0,0
52014,2024-06-24,4,08:40:00,21:56:00,13.266666666666667,8,21,520.0,1316.0,0,0
52014,2024-06-25,5,08:09:00,22:04:00,13.916666666666666,8,22,489.0,1324.0,0,0
52014,2024-06-26,5,08:07:00,22:00:00,13.883333333333333,8,22,487.0,1320.0,0,0
52014,2024-06-27,6,08:08:00,22:09:00,14.016666666666667,8,22,488.0,1329.0,0,0
52014,2024-06-29,6,08:03:00,22:05:00,14.033333333333331,8,22,483.0,1325.0,0,0
52014,2024-06-30,0,08:17:00,22:01:00,13.733333333333333,8,22,497.0,1321.0,0,0
52014,2024-07-01,0,08:14:00,16:10:00,7.933333333333334,8,16,494.0,970.0,3,3
52014,2024-07-02,1,08:06:00,22:36:00,14.5,8,22,486.0,1356.0,0,0
52014,2024-07-03,1,08:07:00,22:22:00,14.25,8,22,487.0,1342.0,0,0
52014,2024-07-04,2,08:38:00,22:03:00,13.416666666666666,8,22,518.0,1323.0,0,0
52014,2024-07-06,2,08:09:00,22:05:00,13.933333333333334,8,22,489.0,1325.0,0,0
52014,2024-07-08,3,09:58:00,16:01:00,6.05,9,16,598.0,961.0,3,3
52014,2024-07-09,3,10:01:00,16:07:00,6.1,10,16,601.0,967.0,3,3
52014,2024-07-10,4,09:59:00,16:00:00,6.016666666666667,9,16,599.0,960.0,3,3
52014,2024-07-11,4,10:14:00,16:07:00,5.883333333333334,10,16,614.0,967.0,3,3
52014,2024-07-13,5,10:21:00,16:05:00,5.733333333333333,10,16,621.0,965.0,3,3
52014,2024-07-14,6,09:55:00,16:09:00,6.233333333333333,9,16,595.0,969.0,3,3
52014,2024-07-15,6,10:09:00,20:52:00,10.716666666666669,10,20,609.0,1252.0,0,0
52014,2024-07-16,0,00:59:00,16:05:00,15.1,0,16,59.0,965.0,4,4
52014,2024-07-17,0,10:02:00,16:06:00,6.066666666666666,10,16,602.0,966.0,3,3
52014,2024-07-19,1,13:05:00,21:59:00,8.9,13,21,785.0,1319.0,2,2
52014,2024-07-20,1,10:03:00,16:18:00,6.25,10,16,603.0,978.0,3,3
52014,2024-07-21,2,10:05:00,16:05:00,6.0,10,16,605.0,965.0,3,3
52014,2024-07-22,2,10:02:00,16:10:00,6.133333333333334,10,16,602.0,970.0,3,3
52014,2024-07-23,3,10:07:00,16:04:00,5.95,10,16,607.0,964.0,3,3
52014,2024-07-24,3,10:08:00,16:05:00,5.95,10,16,608.0,965.0,3,3
52014,2024-07-26,4,13:13:00,22:02:00,8.816666666666666,13,22,793.0,1322.0,2,2
52014,2024-07-27,4,10:05:00,16:04:00,5.983333333333333,10,16,605.0,964.0,3,3
52014,2024-07-28,5,10:02:00,16:02:00,6.0,10,16,602.0,962.0,3,3
52014,2024-07-29,5,10:03:00,16:07:00,6.066666666666666,10,16,603.0,967.0,3,3
52014,2024-07-30,6,10:05:00,21:01:00,10.933333333333334,10,21,605.0,1261.0,0,0
52014,2024-07-31,6,00:57:00,16:06:00,15.15,0,16,57.0,966.0,4,4
52015,2024-06-02,0,11:16:00,16:07:00,4.85,11,16,676.0,967.0,3,3
52015,2024-06-03,1,08:07:00,21:58:00,13.85,8,21,487.0,1318.0,0,0
52015,2024-06-04,1,08:05:00,12:05:00,4.0,8,12,485.0,725.0,1,1
52015,2024-06-05,2,08:05:00,16:09:00,8.066666666666666,8,16,485.0,969.0,3,3
52015,2024-06-06,2,08:05:00,16:09:00,8.066666666666666,8,16,485.0,969.0,3,3
52015,2024-06-07,3,08:05:00,22:08:00,14.05,8,22,485.0,1328.0,0,0
52015,2024-06-08,3,08:07:00,22:03:00,13.933333333333334,8,22,487.0,1323.0,0,0
52015,2024-06-09,4,08:05:00,21:54:00,13.816666666666666,8,21,485.0,1314.0,0,0
52015,2024-06-10,4,08:05:00,16:11:00,8.1,8,16,485.0,971.0,3,3
52015,2024-06-11,6,08:05:00,21:54:00,13.816666666666666,8,21,485.0,1314.0,0,0
52015,2024-06-12,0,08:07:00,22:04:00,13.95,8,22,487.0,1324.0,0,0
52015,2024-06-13,0,08:07:00,21:53:00,13.766666666666667,8,21,487.0,1313.0,0,0
52015,2024-06-14,1,08:02:00,16:16:00,8.233333333333333,8,16,482.0,976.0,3,3
52015,2024-06-15,1,08:07:00,11:50:00,3.716666666666667,8,11,487.0,710.0,1,1
52015,2024-06-17,2,11:55:00,15:57:00,4.033333333333333,11,15,715.0,957.0,3,3
52015,2024-06-18,2,08:31:00,21:49:00,13.3,8,21,511.0,1309.0,0,0
52015,2024-06-19,3,08:06:00,16:10:00,8.066666666666666,8,16,486.0,970.0,3,3
52015,2024-06-20,3,08:05:00,21:54:00,13.816666666666666,8,21,485.0,1314.0,0,0
52015,2024-06-21,4,08:08:00,16:07:00,7.983333333333333,8,16,488.0,967.0,3,3
52015,2024-06-22,4,08:07:00,21:54:00,13.783333333333331,8,21,487.0,1314.0,0,0
52015,2024-06-23,5,08:05:00,16:07:00,8.033333333333333,8,16,485.0,967.0,3,3
52015,2024-06-24,5,08:08:00,22:05:00,13.95,8,22,488.0,1325.0,0,0
52015,2024-06-25,6,08:05:00,21:53:00,13.8,8,21,485.0,1313.0,0,0
52015,2024-06-26,6,08:05:00,21:52:00,13.783333333333331,8,21,485.0,1312.0,0,0
52015,2024-06-27,0,08:05:00,22:08:00,14.05,8,22,485.0,1328.0,0,0
52015,2024-06-28,0,08:05:00,21:57:00,13.866666666666667,8,21,485.0,1317.0,0,0
52015,2024-06-29,1,08:07:00,22:00:00,13.883333333333333,8,22,487.0,1320.0,0,0
52015,2024-06-30,1,08:05:00,21:56:00,13.85,8,21,485.0,1316.0,0,0
52015,2024-07-01,2,08:29:00,22:00:00,13.516666666666667,8,22,509.0,1320.0,0,0
52015,2024-07-02,2,08:08:00,22:23:00,14.25,8,22,488.0,1343.0,0,0
52015,2024-07-03,3,08:05:00,22:06:00,14.016666666666667,8,22,485.0,1326.0,0,0
52015,2024-07-04,3,08:05:00,21:52:00,13.783333333333331,8,21,485.0,1312.0,0,0
52015,2024-07-05,4,08:06:00,16:09:00,8.05,8,16,486.0,969.0,3,3
52015,2024-07-06,4,08:05:00,21:54:00,13.816666666666666,8,21,485.0,1314.0,0,0
52015,2024-07-07,5,08:05:00,11:57:00,3.8666666666666663,8,11,485.0,717.0,1,1
52015,2024-07-09,6,08:05:00,16:08:00,8.05,8,16,485.0,968.0,3,3
52015,2024-07-10,6,08:07:00,21:55:00,13.8,8,21,487.0,1315.0,0,0
52015,2024-07-11,0,08:06:00,12:07:00,4.016666666666667,8,12,486.0,727.0,1,1
52015,2024-07-12,0,08:08:00,22:05:00,13.95,8,22,488.0,1325.0,0,0
52015,2024-07-13,1,08:06:00,21:54:00,13.8,8,21,486.0,1314.0,0,0
52015,2024-07-14,1,08:06:00,21:55:00,13.816666666666666,8,21,486.0,1315.0,0,0
52015,2024-07-15,2,08:05:00,21:55:00,13.833333333333334,8,21,485.0,1315.0,0,0
52015,2024-07-16,2,08:05:00,21:53:00,13.8,8,21,485.0,1313.0,0,0
52015,2024-07-17,3,08:06:00,21:52:00,13.766666666666667,8,21,486.0,1312.0,0,0
52015,2024-07-18,3,08:05:00,21:53:00,13.8,8,21,485.0,1313.0,0,0
52015,2024-07-19,4,08:08:00,21:53:00,13.75,8,21,488.0,1313.0,0,0
52015,2024-07-20,4,08:06:00,21:54:00,13.8,8,21,486.0,1314.0,0,0
52015,2024-07-21,5,08:06:00,22:02:00,13.933333333333334,8,22,486.0,1322.0,0,0
52015,2024-07-22,5,08:06:00,11:54:00,3.8,8,11,486.0,714.0,1,1
52015,2024-07-23,6,08:07:00,21:54:00,13.783333333333331,8,21,487.0,1314.0,0,0
52015,2024-07-24,6,08:20:00,21:52:00,13.533333333333331,8,21,500.0,1312.0,0,0
52015,2024-07-25,0,08:06:00,21:51:00,13.75,8,21,486.0,1311.0,0,0
52015,2024-07-26,0,08:06:00,21:52:00,13.766666666666667,8,21,486.0,1312.0,0,0
52015,2024-07-27,1,08:06:00,21:53:00,13.783333333333331,8,21,486.0,1313.0,0,0
52015,2024-07-28,1,08:05:00,22:07:00,14.033333333333331,8,22,485.0,1327.0,0,0
52015,2024-07-29,2,08:06:00,21:51:00,13.75,8,21,486.0,1311.0,0,0
52015,2024-07-30,2,08:06:00,21:53:00,13.783333333333331,8,21,486.0,1313.0,0,0
52015,2024-07-31,3,08:06:00,21:54:00,13.8,8,21,486.0,1314.0,0,0
52015,2024-08-01,3,08:06:00,21:54:00,13.8,8,21,486.0,1314.0,0,0
52015,2024-08-02,4,08:06:00,16:08:00,8.033333333333333,8,16,486.0,968.0,3,3
52018,2024-06-03,5,09:56:00,15:59:00,6.05,9,15,596.0,959.0,3,3
52018,2024-06-06,5,00:55:00,10:03:00,9.133333333333333,0,10,55.0,603.0,4,4
52018,2024-06-09,6,10:09:00,15:59:00,5.833333333333333,10,15,609.0,959.0,3,3
52018,2024-06-10,0,10:11:00,15:59:00,5.8,10,15,611.0,959.0,3,3
52018,2024-06-11,0,10:07:00,15:59:00,5.866666666666666,10,15,607.0,959.0,3,3
52018,2024-06-13,1,00:49:00,15:59:00,15.166666666666666,0,15,49.0,959.0,4,4
52018,2024-06-17,2,08:11:00,15:59:00,7.8,8,15,491.0,959.0,3,3
52018,2024-06-27,5,10:10:00,19:49:00,9.65,10,19,610.0,1189.0,0,0
52018,2024-06-28,6,12:52:00,20:05:00,7.216666666666667,12,20,772.0,1205.0,2,2
52018,2024-06-29,6,10:17:00,20:05:00,9.8,10,20,617.0,1205.0,0,0
52018,2024-06-30,0,11:00:00,19:58:00,8.966666666666667,11,19,660.0,1198.0,0,0
52018,2024-07-01,0,10:09:00,20:13:00,10.066666666666666,10,20,609.0,1213.0,0,0
52018,2024-07-02,1,10:21:00,20:18:00,9.95,10,20,621.0,1218.0,0,0
52018,2024-07-03,1,12:19:00,20:17:00,7.966666666666667,12,20,739.0,1217.0,2,2
52018,2024-07-04,2,10:09:00,20:03:00,9.9,10,20,609.0,1203.0,0,0
52018,2024-07-05,2,13:00:00,20:00:00,7.0,13,20,780.0,1200.0,2,2
52018,2024-07-07,3,10:28:00,20:15:00,9.783333333333331,10,20,628.0,1215.0,0,0
52018,2024-07-08,3,10:22:00,20:07:00,9.75,10,20,622.0,1207.0,0,0
52018,2024-07-09,4,10:17:00,20:13:00,9.933333333333334,10,20,617.0,1213.0,0,0
52018,2024-07-10,4,10:31:00,20:21:00,9.833333333333334,10,20,631.0,1221.0,0,0
52018,2024-07-12,5,13:05:00,20:00:00,6.916666666666667,13,20,785.0,1200.0,2,2
52018,2024-07-13,5,10:12:00,20:21:00,10.15,10,20,612.0,1221.0,0,0
52018,2024-07-14,6,10:48:00,20:15:00,9.45,10,20,648.0,1215.0,0,0
52018,2024-07-15,6,10:18:00,20:11:00,9.883333333333333,10,20,618.0,1211.0,0,0
52018,2024-07-16,0,10:34:00,15:50:00,5.266666666666667,10,15,634.0,950.0,3,3
52018,2024-07-17,0,10:34:00,19:58:00,9.4,10,19,634.0,1198.0,0,0
52018,2024-07-18,1,10:12:00,20:07:00,9.916666666666666,10,20,612.0,1207.0,0,0
52018,2024-07-19,1,12:49:00,20:00:00,7.183333333333334,12,20,769.0,1200.0,2,2
52018,2024-07-20,2,10:14:00,20:00:00,9.766666666666667,10,20,614.0,1200.0,0,0
52018,2024-07-21,2,10:14:00,19:58:00,9.733333333333333,10,19,614.0,1198.0,0,0
52018,2024-07-22,3,10:39:00,18:55:00,8.266666666666667,10,18,639.0,1135.0,3,3
52018,2024-07-23,3,10:59:00,16:03:00,5.066666666666666,10,16,659.0,963.0,3,3
52019,2024-06-23,0,11:45:00,20:02:00,8.283333333333333,11,20,705.0,1202.0,2,2
52019,2024-06-24,1,09:55:00,20:01:00,10.1,9,20,595.0,1201.0,0,0
52019,2024-06-25,1,10:33:00,20:17:00,9.733333333333333,10,20,633.0,1217.0,0,0
52019,2024-06-26,2,10:01:00,20:22:00,10.35,10,20,601.0,1222.0,0,0
52019,2024-06-27,2,07:46:00,17:08:00,9.366666666666667,7,17,466.0,1028.0,3,3
52019,2024-06-29,3,09:42:00,20:02:00,10.333333333333334,9,20,582.0,1202.0,0,0
52019,2024-06-30,3,09:40:00,19:27:00,9.783333333333331,9,19,580.0,1167.0,3,3
52019,2024-07-01,4,07:06:00,17:07:00,10.016666666666667,7,17,426.0,1027.0,3,3
52019,2024-07-02,4,10:10:00,20:09:00,9.983333333333333,10,20,610.0,1209.0,0,0
52019,2024-07-03,5,10:03:00,20:02:00,9.983333333333333,10,20,603.0,1202.0,0,0
52019,2024-07-04,5,10:00:00,20:02:00,10.033333333333331,10,20,600.0,1202.0,0,0
52019,2024-07-07,6,09:57:00,20:24:00,10.45,9,20,597.0,1224.0,0,0
52019,2024-07-08,6,10:07:00,19:58:00,9.85,10,19,607.0,1198.0,0,0
52019,2024-07-09,0,10:07:00,19:55:00,9.8,10,19,607.0,1195.0,0,0
52019,2024-07-10,0,10:05:00,20:06:00,10.016666666666667,10,20,605.0,1206.0,0,0
52019,2024-07-11,1,10:12:00,20:04:00,9.866666666666667,10,20,612.0,1204.0,0,0
52019,2024-07-13,1,10:02:00,19:52:00,9.833333333333334,10,19,602.0,1192.0,0,0
52019,2024-07-14,2,10:08:00,15:26:00,5.3,10,15,608.0,926.0,3,3
52019,2024-07-15,2,10:26:00,20:14:00,9.8,10,20,626.0,1214.0,0,0
52019,2024-07-16,3,10:02:00,19:57:00,9.916666666666666,10,19,602.0,1197.0,0,0
52019,2024-07-17,3,10:10:00,20:04:00,9.9,10,20,610.0,1204.0,0,0
52019,2024-07-18,4,10:07:00,19:51:00,9.733333333333333,10,19,607.0,1191.0,0,0
52019,2024-07-20,4,10:09:00,19:57:00,9.8,10,19,609.0,1197.0,0,0
52019,2024-07-21,6,10:07:00,20:16:00,10.15,10,20,607.0,1216.0,0,0
52019,2024-07-22,6,10:09:00,19:54:00,9.75,10,19,609.0,1194.0,0,0
52019,2024-07-23,0,10:01:00,19:57:00,9.933333333333334,10,19,601.0,1197.0,0,0
52019,2024-07-24,0,10:01:00,20:54:00,10.883333333333333,10,20,601.0,1254.0,0,0
52019,2024-07-25,1,10:29:00,20:06:00,9.616666666666667,10,20,629.0,1206.0,0,0
52019,2024-07-27,1,10:07:00,20:01:00,9.9,10,20,607.0,1201.0,0,0
52019,2024-07-28,2,07:02:00,17:09:00,10.116666666666667,7,17,422.0,1029.0,3,3
52019,2024-07-29,2,07:26:00,17:35:00,10.15,7,17,446.0,1055.0,3,3
52019,2024-07-30,3,10:09:00,20:01:00,9.866666666666667,10,20,609.0,1201.0,0,0
52019,2024-07-31,3,10:02:00,17:47:00,7.75,10,17,602.0,1067.0,3,3
52021,2024-06-08,5,10:02:00,20:02:00,10.0,10,20,602.0,1202.0,0,0
52021,2024-06-13,1,10:02:00,15:59:00,5.95,10,15,602.0,959.0,3,3
52021,2024-06-15,2,10:08:00,20:00:00,9.866666666666667,10,20,608.0,1200.0,0,0
52021,2024-06-19,3,00:48:00,10:10:00,9.366666666666667,0,10,48.0,610.0,4,4
52021,2024-06-20,3,00:48:00,15:59:00,15.183333333333334,0,15,48.0,959.0,4,4
52021,2024-06-21,4,01:01:00,03:59:00,2.966666666666667,1,3,61.0,239.0,4,4
52021,2024-06-24,5,00:55:00,10:04:00,9.15,0,10,55.0,604.0,4,4
52021,2024-06-25,0,00:59:00,15:59:00,15.0,0,15,59.0,959.0,4,4
52021,2024-06-26,0,01:06:00,10:07:00,9.016666666666667,1,10,66.0,607.0,4,4
52021,2024-06-27,1,01:05:00,10:08:00,9.05,1,10,65.0,608.0,4,4
52021,2024-06-28,1,01:04:00,11:36:00,10.533333333333331,1,11,64.0,696.0,4,4
52021,2024-06-29,2,01:04:00,10:03:00,8.983333333333333,1,10,64.0,603.0,4,4
52021,2024-06-30,2,01:03:00,09:57:00,8.9,1,9,63.0,597.0,4,4
52021,2024-07-01,3,01:10:00,10:18:00,9.133333333333333,1,10,70.0,618.0,4,4
52021,2024-07-02,3,01:04:00,10:18:00,9.233333333333333,1,10,64.0,618.0,4,4
52021,2024-07-03,4,01:06:00,10:13:00,9.116666666666667,1,10,66.0,613.0,4,4
52021,2024-07-04,4,01:06:00,10:07:00,9.016666666666667,1,10,66.0,607.0,4,4
52021,2024-07-05,5,01:15:00,10:56:00,9.683333333333334,1,10,75.0,656.0,4,4
52021,2024-07-07,5,01:03:00,10:05:00,9.033333333333331,1,10,63.0,605.0,4,4
52021,2024-07-08,6,01:02:00,15:59:00,14.95,1,15,62.0,959.0,4,4
52021,2024-07-09,6,01:04:00,10:09:00,9.083333333333334,1,10,64.0,609.0,4,4
52021,2024-07-10,0,01:04:00,10:12:00,9.133333333333333,1,10,64.0,612.0,4,4
52021,2024-07-11,0,01:01:00,10:15:00,9.233333333333333,1,10,61.0,615.0,4,4
52021,2024-07-12,1,01:03:00,11:00:00,9.95,1,11,63.0,660.0,4,4
52021,2024-07-13,1,01:02:00,10:11:00,9.15,1,10,62.0,611.0,4,4
52021,2024-07-14,2,01:03:00,10:14:00,9.183333333333334,1,10,63.0,614.0,4,4
52021,2024-07-15,2,01:03:00,10:25:00,9.366666666666667,1,10,63.0,625.0,4,4
52021,2024-07-16,3,01:07:00,10:09:00,9.033333333333331,1,10,67.0,609.0,4,4
52021,2024-07-17,3,01:04:00,10:12:00,9.133333333333333,1,10,64.0,612.0,4,4
52021,2024-07-18,4,01:02:00,10:11:00,9.15,1,10,62.0,611.0,4,4
52021,2024-07-19,4,01:07:00,10:57:00,9.833333333333334,1,10,67.0,657.0,4,4
52021,2024-07-20,5,01:06:00,15:59:00,14.883333333333333,1,15,66.0,959.0,4,4
52021,2024-07-22,5,01:05:00,10:16:00,9.183333333333334,1,10,65.0,616.0,4,4
52021,2024-07-23,6,01:07:00,10:12:00,9.083333333333334,1,10,67.0,612.0,4,4
52021,2024-07-24,6,01:07:00,15:59:00,14.866666666666667,1,15,67.0,959.0,4,4
52024,2024-06-05,4,04:47:00,17:41:00,12.9,4,17,287.0,1061.0,3,3
52024,2024-06-09,6,04:16:00,17:11:00,12.916666666666666,4,17,256.0,1031.0,4,4
52024,2024-06-14,2,04:25:00,18:13:00,13.8,4,18,265.0,1093.0,0,0
52024,2024-06-20,4,04:01:00,18:01:00,14.0,4,18,241.0,1081.0,4,4
52024,2024-06-21,4,04:19:00,18:10:00,13.85,4,18,259.0,1090.0,3,3
52024,2024-06-22,5,04:00:00,18:09:00,14.15,4,18,240.0,1089.0,4,4
52024,2024-06-23,5,04:04:00,18:06:00,14.033333333333331,4,18,244.0,1086.0,4,4
52024,2024-06-24,6,04:01:00,18:07:00,14.1,4,18,241.0,1087.0,4,4
52024,2024-06-25,6,04:26:00,18:06:00,13.666666666666666,4,18,266.0,1086.0,3,3
52027,2024-06-06,6,08:30:00,17:02:00,8.533333333333333,8,17,510.0,1022.0,3,3
52027,2024-06-13,1,08:38:00,16:43:00,8.083333333333334,8,16,518.0,1003.0,3,3
52027,2024-06-18,2,08:34:00,11:43:00,3.15,8,11,514.0,703.0,1,1
52027,2024-06-19,2,08:25:00,17:12:00,8.783333333333333,8,17,505.0,1032.0,3,3
52027,2024-06-22,3,08:46:00,16:48:00,8.033333333333333,8,16,526.0,1008.0,3,3
52027,2024-06-23,4,08:30:00,14:08:00,5.633333333333334,8,14,510.0,848.0,1,1
52027,2024-06-26,5,08:38:00,16:47:00,8.15,8,16,518.0,1007.0,3,3
52027,2024-06-27,5,16:37:00,22:06:00,5.483333333333333,16,22,997.0,1326.0,2,2
52027,2024-06-30,6,08:57:00,16:14:00,7.283333333333333,8,16,537.0,974.0,3,3
52027,2024-07-01,6,08:30:00,16:37:00,8.116666666666667,8,16,510.0,997.0,3,3
52027,2024-07-03,0,16:32:00,22:16:00,5.733333333333333,16,22,992.0,1336.0,2,2
52027,2024-07-06,0,08:43:00,22:00:00,13.283333333333331,8,22,523.0,1320.0,0,0
52027,2024-07-08,1,08:38:00,12:15:00,3.6166666666666663,8,12,518.0,735.0,1,1
52027,2024-07-10,1,13:24:00,16:44:00,3.333333333333333,13,16,804.0,1004.0,3,3
52027,2024-07-11,2,08:36:00,16:54:00,8.3,8,16,516.0,1014.0,3,3
52027,2024-07-14,2,17:02:00,21:56:00,4.9,17,21,1022.0,1316.0,2,2
52027,2024-07-15,3,09:07:00,16:39:00,7.533333333333333,9,16,547.0,999.0,3,3
52027,2024-07-18,4,08:41:00,16:49:00,8.133333333333333,8,16,521.0,1009.0,3,3
52027,2024-07-21,5,04:00:00,22:05:00,18.08333333333333,4,22,240.0,1325.0,0,0
52027,2024-07-24,6,16:54:00,21:57:00,5.05,16,21,1014.0,1317.0,2,2
52027,2024-07-25,0,08:42:00,13:56:00,5.233333333333333,8,13,522.0,836.0,1,1
52027,2024-07-27,1,16:52:00,22:01:00,5.15,16,22,1012.0,1321.0,2,2
52027,2024-07-29,2,08:55:00,16:22:00,7.45,8,16,535.0,982.0,3,3
52027,2024-07-30,2,08:24:00,16:34:00,8.166666666666666,8,16,504.0,994.0,3,3
52027,2024-07-31,3,08:30:00,16:35:00,8.083333333333334,8,16,510.0,995.0,3,3
52027,2024-08-01,3,08:39:00,16:38:00,7.983333333333333,8,16,519.0,998.0,3,3
52028,2024-06-30,4,16:11:00,22:00:00,5.816666666666666,16,22,971.0,1320.0,2,2
52028,2024-07-01,4,08:04:00,11:59:00,3.9166666666666665,8,11,484.0,719.0,1,1
52028,2024-07-02,5,08:01:00,12:00:00,3.983333333333333,8,12,481.0,720.0,1,1
52028,2024-07-03,5,08:00:00,22:00:00,14.0,8,22,480.0,1320.0,0,0
52028,2024-07-04,6,08:00:00,21:59:00,13.983333333333333,8,21,480.0,1319.0,0,0
52028,2024-07-05,6,08:00:00,22:02:00,14.033333333333331,8,22,480.0,1322.0,0,0
52028,2024-07-06,0,08:02:00,22:07:00,14.083333333333334,8,22,482.0,1327.0,0,0
52028,2024-07-07,0,08:00:00,22:00:00,14.0,8,22,480.0,1320.0,0,0
52028,2024-07-08,1,08:16:00,22:15:00,13.983333333333333,8,22,496.0,1335.0,0,0
52028,2024-07-09,1,08:19:00,22:02:00,13.716666666666669,8,22,499.0,1322.0,0,0
52028,2024-07-10,2,08:16:00,22:03:00,13.783333333333331,8,22,496.0,1323.0,0,0
52028,2024-07-11,2,08:15:00,22:01:00,13.766666666666667,8,22,495.0,1321.0,0,0
52028,2024-07-12,3,08:03:00,22:04:00,14.016666666666667,8,22,483.0,1324.0,0,0
52028,2024-07-13,3,08:15:00,22:01:00,13.766666666666667,8,22,495.0,1321.0,0,0
52028,2024-07-14,4,08:16:00,22:00:00,13.733333333333333,8,22,496.0,1320.0,0,0
52028,2024-07-15,4,08:14:00,22:03:00,13.816666666666666,8,22,494.0,1323.0,0,0
52028,2024-07-16,5,08:17:00,22:02:00,13.75,8,22,497.0,1322.0,0,0
52028,2024-07-17,5,08:13:00,22:05:00,13.866666666666667,8,22,493.0,1325.0,0,0
52028,2024-07-18,6,08:12:00,22:02:00,13.833333333333334,8,22,492.0,1322.0,0,0
52028,2024-07-19,6,08:02:00,10:54:00,2.8666666666666667,8,10,482.0,654.0,1,1
52028,2024-07-20,0,08:14:00,22:02:00,13.8,8,22,494.0,1322.0,0,0
52028,2024-07-21,0,08:16:00,21:59:00,13.716666666666669,8,21,496.0,1319.0,0,0
52028,2024-07-22,1,08:15:00,16:14:00,7.983333333333333,8,16,495.0,974.0,3,3
52028,2024-07-23,1,08:15:00,16:15:00,8.0,8,16,495.0,975.0,3,3
52028,2024-07-24,2,08:15:00,22:21:00,14.1,8,22,495.0,1341.0,0,0
52028,2024-07-25,2,08:19:00,22:24:00,14.083333333333334,8,22,499.0,1344.0,0,0
52028,2024-07-26,3,08:03:00,22:00:00,13.95,8,22,483.0,1320.0,0,0
52028,2024-07-27,3,08:13:00,22:18:00,14.083333333333334,8,22,493.0,1338.0,0,0
52028,2024-07-28,4,08:14:00,22:02:00,13.8,8,22,494.0,1322.0,0,0
52028,2024-07-29,4,08:01:00,22:00:00,13.983333333333333,8,22,481.0,1320.0,0,0
52028,2024-07-30,5,08:02:00,22:03:00,14.016666666666667,8,22,482.0,1323.0,0,0
52028,2024-07-31,5,08:03:00,21:59:00,13.933333333333334,8,21,483.0,1319.0,0,0
52028,2024-08-01,6,08:02:00,22:00:00,13.966666666666669,8,22,482.0,1320.0,0,0
52028,2024-08-02,6,08:03:00,10:58:00,2.9166666666666665,8,10,483.0,658.0,1,1
52030,2024-06-02,0,12:13:00,15:42:00,3.4833333333333334,12,15,733.0,942.0,3,3
52030,2024-06-03,0,06:32:00,20:51:00,14.316666666666666,6,20,392.0,1251.0,0,0
52030,2024-06-04,1,06:28:00,20:49:00,14.35,6,20,388.0,1249.0,0,0
52030,2024-06-05,1,06:30:00,20:42:00,14.2,6,20,390.0,1242.0,0,0
52030,2024-06-06,2,06:27:00,20:48:00,14.35,6,20,387.0,1248.0,0,0
52030,2024-06-07,2,06:29:00,20:57:00,14.466666666666669,6,20,389.0,1257.0,0,0
52030,2024-06-08,3,06:29:00,20:53:00,14.4,6,20,389.0,1253.0,0,0
52030,2024-06-09,3,06:29:00,20:50:00,14.35,6,20,389.0,1250.0,0,0
52030,2024-06-10,4,06:27:00,20:50:00,14.383333333333333,6,20,387.0,1250.0,0,0
52030,2024-06-11,4,06:25:00,20:52:00,14.45,6,20,385.0,1252.0,0,0
52030,2024-06-12,5,06:28:00,20:56:00,14.466666666666669,6,20,388.0,1256.0,0,0
52030,2024-06-13,5,06:26:00,20:51:00,14.416666666666666,6,20,386.0,1251.0,0,0
52030,2024-06-14,6,06:27:00,20:53:00,14.433333333333334,6,20,387.0,1253.0,0,0
52030,2024-06-15,6,06:24:00,20:50:00,14.433333333333334,6,20,384.0,1250.0,0,0
52030,2024-06-16,0,06:48:00,21:04:00,14.266666666666667,6,21,408.0,1264.0,0,0
52030,2024-06-18,0,07:48:00,20:45:00,12.95,7,20,468.0,1245.0,0,0
52030,2024-06-19,1,06:26:00,20:48:00,14.366666666666667,6,20,386.0,1248.0,0,0
52030,2024-06-20,1,06:29:00,15:41:00,9.2,6,15,389.0,941.0,3,3
52030,2024-06-21,2,06:25:00,20:52:00,14.45,6,20,385.0,1252.0,0,0
52030,2024-06-22,2,06:27:00,20:54:00,14.45,6,20,387.0,1254.0,0,0
52030,2024-06-23,3,06:28:00,20:55:00,14.45,6,20,388.0,1255.0,0,0
52030,2024-06-24,3,06:25:00,20:58:00,14.55,6,20,385.0,1258.0,0,0
52030,2024-06-25,4,06:29:00,20:51:00,14.366666666666667,6,20,389.0,1251.0,0,0
52030,2024-06-26,4,06:26:00,20:53:00,14.45,6,20,386.0,1253.0,0,0
52030,2024-06-27,5,06:30:00,20:55:00,14.416666666666666,6,20,390.0,1255.0,0,0
52030,2024-06-28,5,06:26:00,20:55:00,14.483333333333333,6,20,386.0,1255.0,0,0
52030,2024-06-29,6,06:29:00,20:50:00,14.35,6,20,389.0,1250.0,0,0
52030,2024-06-30,6,06:27:00,20:53:00,14.433333333333334,6,20,387.0,1253.0,0,0
52030,2024-07-01,0,06:28:00,20:56:00,14.466666666666669,6,20,388.0,1256.0,0,0
52030,2024-07-02,0,06:16:00,20:54:00,14.633333333333333,6,20,376.0,1254.0,0,0
52030,2024-07-03,1,06:18:00,20:56:00,14.633333333333333,6,20,378.0,1256.0,0,0
52030,2024-07-04,1,06:15:00,20:54:00,14.65,6,20,375.0,1254.0,0,0
52030,2024-07-05,2,06:23:00,20:53:00,14.5,6,20,383.0,1253.0,0,0
52030,2024-07-06,2,06:24:00,20:56:00,14.533333333333331,6,20,384.0,1256.0,0,0
52030,2024-07-07,3,06:20:00,20:56:00,14.6,6,20,380.0,1256.0,0,0
52030,2024-07-08,3,06:25:00,20:53:00,14.466666666666669,6,20,385.0,1253.0,0,0
52030,2024-07-09,4,06:24:00,20:53:00,14.483333333333333,6,20,384.0,1253.0,0,0
52030,2024-07-10,4,06:26:00,20:58:00,14.533333333333331,6,20,386.0,1258.0,0,0
52030,2024-07-11,5,06:24:00,20:55:00,14.516666666666667,6,20,384.0,1255.0,0,0
52030,2024-07-12,5,06:26:00,20:52:00,14.433333333333334,6,20,386.0,1252.0,0,0
52030,2024-07-13,6,06:29:00,20:58:00,14.483333333333333,6,20,389.0,1258.0,0,0
52030,2024-07-14,6,06:27:00,20:52:00,14.416666666666666,6,20,387.0,1252.0,0,0
52030,2024-07-15,0,06:26:00,20:55:00,14.483333333333333,6,20,386.0,1255.0,0,0
52030,2024-07-16,0,06:23:00,20:55:00,14.533333333333331,6,20,383.0,1255.0,0,0
52030,2024-07-17,1,02:49:00,15:43:00,12.9,2,15,169.0,943.0,4,4
52030,2024-07-18,1,06:18:00,20:58:00,14.666666666666666,6,20,378.0,1258.0,0,0
52030,2024-07-19,2,06:25:00,20:50:00,14.416666666666666,6,20,385.0,1250.0,0,0
52030,2024-07-20,2,06:28:00,20:57:00,14.483333333333333,6,20,388.0,1257.0,0,0
52030,2024-07-21,3,06:22:00,20:55:00,14.55,6,20,382.0,1255.0,0,0
52030,2024-07-22,3,06:23:00,20:56:00,14.55,6,20,383.0,1256.0,0,0
52030,2024-07-23,4,06:25:00,20:57:00,14.533333333333331,6,20,385.0,1257.0,0,0
52030,2024-07-24,4,06:25:00,20:51:00,14.433333333333334,6,20,385.0,1251.0,0,0
52030,2024-07-25,6,06:26:00,20:52:00,14.433333333333334,6,20,386.0,1252.0,0,0
52030,2024-07-26,6,06:27:00,20:51:00,14.4,6,20,387.0,1251.0,0,0
52030,2024-07-27,0,06:22:00,20:51:00,14.483333333333333,6,20,382.0,1251.0,0,0
52030,2024-07-28,0,06:07:00,20:53:00,14.766666666666667,6,20,367.0,1253.0,0,0
52030,2024-07-29,1,06:15:00,20:53:00,14.633333333333333,6,20,375.0,1253.0,0,0
52030,2024-07-30,1,06:25:00,21:01:00,14.6,6,21,385.0,1261.0,0,0
52030,2024-07-31,2,06:23:00,20:50:00,14.45,6,20,383.0,1250.0,0,0
52030,2024-08-01,2,06:17:00,20:52:00,14.583333333333334,6,20,377.0,1252.0,0,0
52030,2024-08-02,3,06:21:00,11:02:00,4.683333333333334,6,11,381.0,662.0,1,1
52031,2024-06-23,3,09:23:00,22:36:00,13.216666666666669,9,22,563.0,1356.0,0,0
52031,2024-06-24,4,10:45:00,22:37:00,11.866666666666667,10,22,645.0,1357.0,0,0
52031,2024-06-25,4,10:26:00,22:56:00,12.5,10,22,626.0,1376.0,0,0
52031,2024-06-26,5,10:43:00,22:37:00,11.9,10,22,643.0,1357.0,0,0
52031,2024-07-01,5,10:50:00,22:36:00,11.766666666666667,10,22,650.0,1356.0,0,0
52031,2024-07-02,6,11:21:00,22:38:00,11.283333333333331,11,22,681.0,1358.0,0,0
52031,2024-07-03,6,11:03:00,22:48:00,11.75,11,22,663.0,1368.0,0,0
52031,2024-07-04,0,11:04:00,22:37:00,11.55,11,22,664.0,1357.0,0,0
52031,2024-07-05,0,09:42:00,22:36:00,12.9,9,22,582.0,1356.0,0,0
52031,2024-07-06,1,09:37:00,11:08:00,1.5166666666666666,9,11,577.0,668.0,1,1
52031,2024-07-07,1,11:09:00,23:01:00,11.866666666666667,11,23,669.0,1381.0,0,0
52031,2024-07-08,2,11:00:00,22:36:00,11.6,11,22,660.0,1356.0,0,0
52031,2024-07-09,2,11:05:00,22:55:00,11.833333333333334,11,22,665.0,1375.0,0,0
52031,2024-07-10,3,11:07:00,22:39:00,11.533333333333331,11,22,667.0,1359.0,0,0
52031,2024-07-11,3,11:00:00,22:37:00,11.616666666666667,11,22,660.0,1357.0,0,0
52031,2024-07-12,4,10:31:00,22:35:00,12.066666666666666,10,22,631.0,1355.0,0,0
52031,2024-07-13,4,11:00:00,22:37:00,11.616666666666667,11,22,660.0,1357.0,0,0
52031,2024-07-14,5,11:05:00,22:37:00,11.533333333333331,11,22,665.0,1357.0,0,0
52031,2024-07-15,5,11:05:00,22:35:00,11.5,11,22,665.0,1355.0,0,0
52031,2024-07-16,6,11:10:00,22:42:00,11.533333333333331,11,22,670.0,1362.0,0,0
52031,2024-07-17,6,11:09:00,22:38:00,11.483333333333333,11,22,669.0,1358.0,0,0
52031,2024-07-18,1,11:09:00,22:47:00,11.633333333333333,11,22,669.0,1367.0,0,0
52031,2024-07-19,1,09:29:00,22:40:00,13.183333333333334,9,22,569.0,1360.0,0,0
52031,2024-07-20,2,11:04:00,22:44:00,11.666666666666666,11,22,664.0,1364.0,0,0
52031,2024-07-21,2,10:55:00,22:39:00,11.733333333333333,10,22,655.0,1359.0,0,0
52031,2024-07-22,3,11:06:00,22:39:00,11.55,11,22,666.0,1359.0,0,0
52031,2024-07-23,3,11:06:00,22:36:00,11.5,11,22,666.0,1356.0,0,0
52031,2024-07-24,4,11:12:00,22:36:00,11.4,11,22,672.0,1356.0,0,0
52031,2024-07-25,4,11:05:00,22:43:00,11.633333333333333,11,22,665.0,1363.0,0,0
52031,2024-07-26,5,09:30:00,22:38:00,13.133333333333333,9,22,570.0,1358.0,0,0
52031,2024-07-27,5,11:18:00,22:40:00,11.366666666666667,11,22,678.0,1360.0,0,0
52031,2024-07-28,6,11:07:00,22:38:00,11.516666666666667,11,22,667.0,1358.0,0,0
52031,2024-07-29,6,10:59:00,22:41:00,11.7,10,22,659.0,1361.0,0,0
52031,2024-07-30,0,11:02:00,22:36:00,11.566666666666666,11,22,662.0,1356.0,0,0
52031,2024-07-31,0,10:09:00,22:39:00,12.5,10,22,609.0,1359.0,0,0
52031,2024-08-01,1,10:25:00,22:43:00,12.3,10,22,625.0,1363.0,0,0
52032,2024-06-07,2,02:57:00,03:59:00,1.0333333333333334,2,3,177.0,239.0,4,4
52032,2024-06-26,4,13:04:00,17:49:00,4.75,13,17,784.0,1069.0,2,2
52032,2024-06-27,5,01:53:00,13:12:00,11.316666666666666,1,13,113.0,792.0,4,4
52032,2024-06-28,5,01:42:00,12:53:00,11.183333333333334,1,12,102.0,773.0,4,4
52032,2024-06-29,6,07:32:00,17:51:00,10.316666666666666,7,17,452.0,1071.0,3,3
52032,2024-07-05,0,01:31:00,13:05:00,11.566666666666666,1,13,91.0,785.0,4,4
52032,2024-07-06,0,07:33:00,12:58:00,5.416666666666667,7,12,453.0,778.0,1,1
52032,2024-07-07,1,07:30:00,12:59:00,5.483333333333333,7,12,450.0,779.0,1,1
52032,2024-07-08,1,07:54:00,12:58:00,5.066666666666666,7,12,474.0,778.0,1,1
52032,2024-07-09,2,07:34:00,12:41:00,5.116666666666666,7,12,454.0,761.0,1,1
52032,2024-07-10,2,07:51:00,12:58:00,5.116666666666666,7,12,471.0,778.0,1,1
52032,2024-07-11,3,07:43:00,12:55:00,5.2,7,12,463.0,775.0,1,1
52032,2024-07-12,3,07:35:00,12:57:00,5.366666666666666,7,12,455.0,777.0,1,1
52032,2024-07-13,4,07:55:00,12:57:00,5.033333333333333,7,12,475.0,777.0,1,1
52032,2024-07-14,4,07:39:00,13:00:00,5.35,7,13,459.0,780.0,1,1
52032,2024-07-15,5,07:32:00,13:00:00,5.466666666666667,7,13,452.0,780.0,1,1
52032,2024-07-16,5,07:49:00,12:58:00,5.15,7,12,469.0,778.0,1,1
52032,2024-07-17,6,07:33:00,13:01:00,5.466666666666667,7,13,453.0,781.0,1,1
52032,2024-07-18,6,07:43:00,13:01:00,5.3,7,13,463.0,781.0,1,1
52032,2024-07-19,0,07:46:00,13:01:00,5.25,7,13,466.0,781.0,1,1
52032,2024-07-20,0,07:28:00,13:03:00,5.583333333333333,7,13,448.0,783.0,1,1
52032,2024-07-21,1,07:49:00,13:01:00,5.2,7,13,469.0,781.0,1,1
52032,2024-07-22,1,07:50:00,13:02:00,5.2,7,13,470.0,782.0,1,1
52032,2024-07-23,2,07:55:00,12:58:00,5.05,7,12,475.0,778.0,1,1
52032,2024-07-24,2,07:58:00,12:59:00,5.016666666666667,7,12,478.0,779.0,1,1
52032,2024-07-25,3,07:48:00,13:03:00,5.25,7,13,468.0,783.0,1,1
52032,2024-07-26,3,07:53:00,13:03:00,5.166666666666667,7,13,473.0,783.0,1,1
52032,2024-07-27,4,07:52:00,13:05:00,5.216666666666667,7,13,472.0,785.0,1,1
52032,2024-07-28,4,07:38:00,13:06:00,5.466666666666667,7,13,458.0,786.0,1,1
52032,2024-07-29,5,07:34:00,13:01:00,5.45,7,13,454.0,781.0,1,1
52032,2024-07-30,5,07:38:00,13:07:00,5.483333333333333,7,13,458.0,787.0,1,1
52032,2024-07-31,6,07:50:00,13:05:00,5.25,7,13,470.0,785.0,1,1
52032,2024-08-01,6,07:42:00,13:07:00,5.416666666666667,7,13,462.0,787.0,1,1
52032,2024-08-02,0,07:39:00,13:00:00,5.35,7,13,459.0,780.0,1,1
52033,2024-06-02,0,16:07:00,22:15:00,6.133333333333334,16,22,967.0,1335.0,2,2
52033,2024-06-04,1,08:05:00,21:52:00,13.783333333333331,8,21,485.0,1312.0,0,0
52033,2024-06-05,2,08:05:00,16:10:00,8.083333333333334,8,16,485.0,970.0,3,3
52033,2024-06-08,3,08:08:00,21:52:00,13.733333333333333,8,21,488.0,1312.0,0,0
52033,2024-06-09,3,08:06:00,21:53:00,13.783333333333331,8,21,486.0,1313.0,0,0
52033,2024-06-10,4,08:05:00,21:50:00,13.75,8,21,485.0,1310.0,0,0
52033,2024-06-11,4,08:06:00,21:54:00,13.8,8,21,486.0,1314.0,0,0
52033,2024-06-12,5,07:54:00,22:10:00,14.266666666666667,7,22,474.0,1330.0,0,0
52033,2024-06-13,5,07:58:00,21:51:00,13.883333333333333,7,21,478.0,1311.0,0,0
52033,2024-06-15,6,07:57:00,22:10:00,14.216666666666669,7,22,477.0,1330.0,0,0
52033,2024-06-18,0,07:57:00,21:50:00,13.883333333333333,7,21,477.0,1310.0,0,0
52033,2024-06-19,0,07:55:00,21:54:00,13.983333333333333,7,21,475.0,1314.0,0,0
52033,2024-06-20,1,07:56:00,21:53:00,13.95,7,21,476.0,1313.0,0,0
52033,2024-06-21,1,16:07:00,21:53:00,5.766666666666667,16,21,967.0,1313.0,2,2
52033,2024-06-22,2,07:58:00,21:54:00,13.933333333333334,7,21,478.0,1314.0,0,0
52033,2024-06-23,2,16:07:00,21:52:00,5.75,16,21,967.0,1312.0,2,2
52033,2024-06-24,3,07:58:00,21:52:00,13.9,7,21,478.0,1312.0,0,0
52033,2024-06-25,3,07:57:00,21:53:00,13.933333333333334,7,21,477.0,1313.0,0,0
52033,2024-06-26,4,07:57:00,22:06:00,14.15,7,22,477.0,1326.0,0,0
52033,2024-06-27,4,07:56:00,22:08:00,14.2,7,22,476.0,1328.0,0,0
52033,2024-06-28,6,16:11:00,21:59:00,5.8,16,21,971.0,1319.0,2,2
52033,2024-06-29,6,07:55:00,22:00:00,14.083333333333334,7,22,475.0,1320.0,0,0
52033,2024-06-30,0,07:57:00,21:56:00,13.983333333333333,7,21,477.0,1316.0,0,0
52033,2024-07-01,0,08:01:00,22:35:00,14.566666666666666,8,22,481.0,1355.0,0,0
52033,2024-07-02,1,07:55:00,22:23:00,14.466666666666669,7,22,475.0,1343.0,0,0
52033,2024-07-03,1,07:56:00,15:55:00,7.983333333333333,7,15,476.0,955.0,3,3
52033,2024-07-04,2,07:55:00,21:52:00,13.95,7,21,475.0,1312.0,0,0
52033,2024-07-05,2,15:57:00,21:55:00,5.966666666666667,15,21,957.0,1315.0,2,2
52033,2024-07-06,3,07:55:00,21:54:00,13.983333333333333,7,21,475.0,1314.0,0,0
52033,2024-07-07,3,07:55:00,21:54:00,13.983333333333333,7,21,475.0,1314.0,0,0
52033,2024-07-08,4,07:55:00,21:52:00,13.95,7,21,475.0,1312.0,0,0
52033,2024-07-09,4,07:55:00,11:55:00,4.0,7,11,475.0,715.0,1,1
52033,2024-07-10,5,07:55:00,21:54:00,13.983333333333333,7,21,475.0,1314.0,0,0
52033,2024-07-11,5,07:56:00,11:53:00,3.95,7,11,476.0,713.0,1,1
52033,2024-07-12,6,15:56:00,21:53:00,5.95,15,21,956.0,1313.0,2,2
52033,2024-07-13,6,07:56:00,22:02:00,14.1,7,22,476.0,1322.0,0,0
52033,2024-07-14,0,07:55:00,21:53:00,13.966666666666669,7,21,475.0,1313.0,0,0
52033,2024-07-15,0,07:56:00,22:10:00,14.233333333333333,7,22,476.0,1330.0,0,0
52033,2024-07-16,1,07:56:00,21:52:00,13.933333333333334,7,21,476.0,1312.0,0,0
52033,2024-07-17,1,07:55:00,21:53:00,13.966666666666669,7,21,475.0,1313.0,0,0
52033,2024-07-18,2,07:56:00,21:10:00,13.233333333333333,7,21,476.0,1270.0,0,0
52033,2024-07-19,2,15:57:00,21:54:00,5.95,15,21,957.0,1314.0,2,2
52033,2024-07-20,3,07:56:00,21:52:00,13.933333333333334,7,21,476.0,1312.0,0,0
52033,2024-07-21,3,07:58:00,21:53:00,13.916666666666666,7,21,478.0,1313.0,0,0
52033,2024-07-22,4,07:56:00,21:52:00,13.933333333333334,7,21,476.0,1312.0,0,0
52033,2024-07-23,4,07:57:00,21:54:00,13.95,7,21,477.0,1314.0,0,0
52033,2024-07-24,5,07:58:00,21:51:00,13.883333333333333,7,21,478.0,1311.0,0,0
52033,2024-07-25,5,07:56:00,21:52:00,13.933333333333334,7,21,476.0,1312.0,0,0
52033,2024-07-26,6,16:56:00,22:11:00,5.25,16,22,1016.0,1331.0,2,2
52033,2024-07-27,6,07:56:00,21:52:00,13.933333333333334,7,21,476.0,1312.0,0,0
52033,2024-07-28,0,07:56:00,22:08:00,14.2,7,22,476.0,1328.0,0,0
52033,2024-07-29,0,07:54:00,21:52:00,13.966666666666669,7,21,474.0,1312.0,0,0
52033,2024-07-30,1,07:56:00,21:53:00,13.95,7,21,476.0,1313.0,0,0
52033,2024-07-31,1,07:55:00,21:52:00,13.95,7,21,475.0,1312.0,0,0
52033,2024-08-01,2,07:56:00,21:54:00,13.966666666666669,7,21,476.0,1314.0,0,0
52034,2024-06-04,3,06:49:00,17:24:00,10.583333333333334,6,17,409.0,1044.0,3,3
52034,2024-06-05,4,08:16:00,12:18:00,4.033333333333333,8,12,496.0,738.0,1,1
52034,2024-06-06,4,15:59:00,22:18:00,6.316666666666666,15,22,959.0,1338.0,2,2
52034,2024-06-08,5,08:05:00,11:50:00,3.75,8,11,485.0,710.0,1,1
52034,2024-06-09,5,08:04:00,16:00:00,7.933333333333334,8,16,484.0,960.0,3,3
52034,2024-06-11,6,06:41:00,18:43:00,12.033333333333331,6,18,401.0,1123.0,3,3
52034,2024-06-13,0,08:08:00,16:09:00,8.016666666666667,8,16,488.0,969.0,3,3
52034,2024-06-19,1,07:56:00,21:53:00,13.95,7,21,476.0,1313.0,0,0
52034,2024-06-20,1,08:05:00,21:53:00,13.8,8,21,485.0,1313.0,0,0
52034,2024-06-22,2,07:53:00,20:13:00,12.333333333333334,7,20,473.0,1213.0,0,0
52034,2024-06-25,3,11:51:00,16:00:00,4.15,11,16,711.0,960.0,3,3
52034,2024-07-02,4,08:37:00,17:46:00,9.15,8,17,517.0,1066.0,3,3
52034,2024-07-04,4,06:40:00,18:35:00,11.916666666666666,6,18,400.0,1115.0,3,3
52034,2024-07-06,5,06:30:00,18:37:00,12.116666666666667,6,18,390.0,1117.0,3,3
52034,2024-07-07,5,08:06:00,21:53:00,13.783333333333331,8,21,486.0,1313.0,0,0
52034,2024-07-08,6,07:27:00,20:05:00,12.633333333333333,7,20,447.0,1205.0,0,0
52034,2024-07-09,6,07:35:00,19:03:00,11.466666666666669,7,19,455.0,1143.0,0,0
52034,2024-07-10,0,07:28:00,17:34:00,10.1,7,17,448.0,1054.0,3,3
52034,2024-07-18,3,06:16:00,21:10:00,14.9,6,21,376.0,1270.0,0,0
52034,2024-07-21,4,04:00:00,23:58:00,19.966666666666665,4,23,240.0,1438.0,0,0
52034,2024-07-22,4,08:07:00,18:22:00,10.25,8,18,487.0,1102.0,3,3
52034,2024-07-24,5,08:05:00,17:46:00,9.683333333333334,8,17,485.0,1066.0,3,3
52034,2024-07-25,6,08:06:00,18:17:00,10.183333333333334,8,18,486.0,1097.0,3,3
52034,2024-07-30,1,08:00:00,11:52:00,3.8666666666666663,8,11,480.0,712.0,1,1
52034,2024-07-31,2,08:01:00,21:52:00,13.85,8,21,481.0,1312.0,0,0
52036,2024-06-02,3,11:54:00,16:07:00,4.216666666666667,11,16,714.0,967.0,3,3
52036,2024-06-03,4,07:57:00,21:56:00,13.983333333333333,7,21,477.0,1316.0,0,0
52036,2024-06-04,4,06:50:00,21:56:00,15.1,6,21,410.0,1316.0,0,0
52036,2024-06-05,5,07:54:00,21:59:00,14.083333333333334,7,21,474.0,1319.0,0,0
52036,2024-06-06,5,07:54:00,21:50:00,13.933333333333334,7,21,474.0,1310.0,0,0
52036,2024-06-08,6,06:47:00,21:51:00,15.066666666666666,6,21,407.0,1311.0,0,0
52036,2024-06-09,0,07:54:00,21:56:00,14.033333333333331,7,21,474.0,1316.0,0,0
52036,2024-06-10,0,07:54:00,11:52:00,3.966666666666667,7,11,474.0,712.0,1,1
52036,2024-06-11,1,07:52:00,23:48:00,15.933333333333334,7,23,472.0,1428.0,0,0
52036,2024-06-12,1,06:47:00,22:08:00,15.35,6,22,407.0,1328.0,0,0
52036,2024-06-13,2,07:57:00,21:50:00,13.883333333333333,7,21,477.0,1310.0,0,0
52036,2024-06-14,2,16:01:00,22:07:00,6.1,16,22,961.0,1327.0,2,2
52036,2024-06-15,3,06:39:00,11:50:00,5.183333333333334,6,11,399.0,710.0,1,1
52036,2024-06-19,3,07:55:00,21:52:00,13.95,7,21,475.0,1312.0,0,0
52036,2024-06-20,4,07:01:00,21:52:00,14.85,7,21,421.0,1312.0,0,0
52036,2024-06-21,4,15:56:00,21:52:00,5.933333333333334,15,21,956.0,1312.0,2,2
52036,2024-06-22,5,07:57:00,21:53:00,13.933333333333334,7,21,477.0,1313.0,0,0
52036,2024-06-23,5,07:55:00,21:50:00,13.916666666666666,7,21,475.0,1310.0,0,0
52036,2024-06-24,6,06:42:00,21:54:00,15.2,6,21,402.0,1314.0,0,0
52036,2024-06-25,6,07:55:00,22:31:00,14.6,7,22,475.0,1351.0,0,0
52036,2024-06-26,0,07:55:00,21:50:00,13.916666666666666,7,21,475.0,1310.0,0,0
52036,2024-06-27,0,06:44:00,11:50:00,5.1,6,11,404.0,710.0,1,1
52036,2024-06-28,1,15:57:00,21:51:00,5.9,15,21,957.0,1311.0,2,2
52036,2024-06-29,1,07:55:00,22:36:00,14.683333333333334,7,22,475.0,1356.0,0,0
52036,2024-06-30,2,07:56:00,22:14:00,14.3,7,22,476.0,1334.0,0,0
52036,2024-07-01,2,06:32:00,11:54:00,5.366666666666666,6,11,392.0,714.0,1,1
52036,2024-07-02,3,07:55:00,21:49:00,13.9,7,21,475.0,1309.0,0,0
52036,2024-07-03,3,07:55:00,21:52:00,13.95,7,21,475.0,1312.0,0,0
52036,2024-07-04,4,06:40:00,21:51:00,15.183333333333334,6,21,400.0,1311.0,0,0
52036,2024-07-06,4,06:31:00,21:52:00,15.35,6,21,391.0,1312.0,0,0
52036,2024-07-07,5,07:55:00,21:52:00,13.95,7,21,475.0,1312.0,0,0
52036,2024-07-08,5,07:56:00,11:53:00,3.95,7,11,476.0,713.0,1,1
52036,2024-07-09,6,07:55:00,21:54:00,13.983333333333333,7,21,475.0,1314.0,0,0
52036,2024-07-10,6,07:55:00,21:55:00,14.0,7,21,475.0,1315.0,0,0
52036,2024-07-11,0,06:43:00,11:52:00,5.15,6,11,403.0,712.0,1,1
52036,2024-07-12,0,15:55:00,21:50:00,5.916666666666667,15,21,955.0,1310.0,2,2
52036,2024-07-13,1,07:00:00,21:52:00,14.866666666666667,7,21,420.0,1312.0,0,0
52036,2024-07-14,1,07:55:00,21:52:00,13.95,7,21,475.0,1312.0,0,0
52036,2024-07-15,2,07:55:00,21:52:00,13.95,7,21,475.0,1312.0,0,0
52036,2024-07-16,2,07:55:00,11:51:00,3.933333333333333,7,11,475.0,711.0,1,1
52036,2024-07-17,3,07:56:00,21:56:00,14.0,7,21,476.0,1316.0,0,0
52036,2024-07-18,3,07:56:00,20:55:00,12.983333333333333,7,20,476.0,1255.0,0,0
52036,2024-07-19,4,15:57:00,21:52:00,5.916666666666667,15,21,957.0,1312.0,2,2
52036,2024-07-20,4,07:55:00,11:51:00,3.933333333333333,7,11,475.0,711.0,1,1
52036,2024-07-21,0,07:55:00,21:51:00,13.933333333333334,7,21,475.0,1311.0,0,0
52036,2024-07-22,0,07:55:00,21:52:00,13.95,7,21,475.0,1312.0,0,0
52036,2024-07-23,1,07:56:00,21:54:00,13.966666666666669,7,21,476.0,1314.0,0,0
52036,2024-07-24,1,07:56:00,11:51:00,3.9166666666666665,7,11,476.0,711.0,1,1
52036,2024-07-25,2,07:55:00,21:51:00,13.933333333333334,7,21,475.0,1311.0,0,0
52036,2024-07-26,2,15:56:00,21:51:00,5.916666666666667,15,21,956.0,1311.0,2,2
52036,2024-07-27,3,07:56:00,21:51:00,13.916666666666666,7,21,476.0,1311.0,0,0
52036,2024-07-28,3,07:56:00,21:47:00,13.85,7,21,476.0,1307.0,0,0
52036,2024-07-29,4,07:54:00,11:53:00,3.983333333333333,7,11,474.0,713.0,1,1
52036,2024-07-30,4,07:56:00,21:51:00,13.916666666666666,7,21,476.0,1311.0,0,0
52036,2024-07-31,5,07:54:00,21:52:00,13.966666666666669,7,21,474.0,1312.0,0,0
52036,2024-08-01,5,07:56:00,21:52:00,13.933333333333334,7,21,476.0,1312.0,0,0
52038,2024-06-03,6,01:58:00,11:51:00,9.883333333333333,1,11,118.0,711.0,4,4
52038,2024-06-04,6,02:01:00,08:51:00,6.833333333333333,2,8,121.0,531.0,4,4
52038,2024-06-05,0,02:05:00,11:51:00,9.766666666666667,2,11,125.0,711.0,4,4
52038,2024-06-06,0,02:01:00,11:53:00,9.866666666666667,2,11,121.0,713.0,4,4
52038,2024-06-07,1,01:58:00,10:57:00,8.983333333333333,1,10,118.0,657.0,4,4
52038,2024-06-10,2,01:57:00,11:52:00,9.916666666666666,1,11,117.0,712.0,4,4
52038,2024-06-11,3,01:57:00,11:54:00,9.95,1,11,117.0,714.0,4,4
52038,2024-06-12,3,02:13:00,11:53:00,9.666666666666666,2,11,133.0,713.0,4,4
52038,2024-06-13,4,02:04:00,11:52:00,9.8,2,11,124.0,712.0,4,4
52038,2024-06-14,4,02:01:00,11:00:00,8.983333333333333,2,11,121.0,660.0,4,4
52038,2024-06-15,5,02:00:00,15:59:00,13.983333333333333,2,15,120.0,959.0,4,4
52038,2024-06-17,5,02:14:00,11:53:00,9.65,2,11,134.0,713.0,4,4
52038,2024-06-18,6,02:03:00,11:50:00,9.783333333333331,2,11,123.0,710.0,4,4
52038,2024-06-19,6,01:57:00,11:52:00,9.916666666666666,1,11,117.0,712.0,4,4
52038,2024-06-20,0,02:02:00,11:57:00,9.916666666666666,2,11,122.0,717.0,4,4
52038,2024-06-21,0,02:08:00,10:59:00,8.85,2,10,128.0,659.0,4,4
52038,2024-06-24,2,02:05:00,11:53:00,9.8,2,11,125.0,713.0,4,4
52038,2024-06-25,2,02:00:00,15:59:00,13.983333333333333,2,15,120.0,959.0,4,4
52038,2024-06-26,3,01:55:00,11:51:00,9.933333333333334,1,11,115.0,711.0,4,4
52038,2024-06-27,3,02:17:00,11:56:00,9.65,2,11,137.0,716.0,4,4
52038,2024-06-28,4,02:01:00,11:00:00,8.983333333333333,2,11,121.0,660.0,4,4
52038,2024-06-29,4,02:03:00,11:53:00,9.833333333333334,2,11,123.0,713.0,4,4
52038,2024-06-30,5,02:07:00,12:06:00,9.983333333333333,2,12,127.0,726.0,4,4
52038,2024-07-01,5,02:08:00,11:55:00,9.783333333333331,2,11,128.0,715.0,4,4
52038,2024-07-02,6,02:05:00,11:52:00,9.783333333333331,2,11,125.0,712.0,4,4
52038,2024-07-03,6,02:10:00,11:55:00,9.75,2,11,130.0,715.0,4,4
52038,2024-07-04,0,02:06:00,11:53:00,9.783333333333331,2,11,126.0,713.0,4,4
52038,2024-07-05,0,02:08:00,10:53:00,8.75,2,10,128.0,653.0,4,4
52038,2024-07-06,1,02:13:00,11:54:00,9.683333333333334,2,11,133.0,714.0,4,4
52038,2024-07-07,1,02:31:00,11:54:00,9.383333333333333,2,11,151.0,714.0,4,4
52038,2024-07-08,2,02:07:00,15:59:00,13.866666666666667,2,15,127.0,959.0,4,4
52038,2024-07-09,2,02:03:00,11:52:00,9.816666666666666,2,11,123.0,712.0,4,4
52038,2024-07-10,3,02:02:00,11:53:00,9.85,2,11,122.0,713.0,4,4
52038,2024-07-11,3,02:08:00,15:59:00,13.85,2,15,128.0,959.0,4,4
52038,2024-07-13,4,02:08:00,11:52:00,9.733333333333333,2,11,128.0,712.0,4,4
52038,2024-07-14,4,02:03:00,11:52:00,9.816666666666666,2,11,123.0,712.0,4,4
52038,2024-07-15,5,02:06:00,11:51:00,9.75,2,11,126.0,711.0,4,4
52038,2024-07-16,5,01:57:00,11:53:00,9.933333333333334,1,11,117.0,713.0,4,4
52038,2024-07-17,6,02:05:00,11:52:00,9.783333333333331,2,11,125.0,712.0,4,4
52038,2024-07-18,6,02:08:00,11:52:00,9.733333333333333,2,11,128.0,712.0,4,4
52038,2024-07-19,0,02:00:00,10:47:00,8.783333333333333,2,10,120.0,647.0,4,4
52038,2024-07-20,0,02:03:00,06:23:00,4.333333333333333,2,6,123.0,383.0,4,4
52038,2024-07-21,1,02:04:00,11:52:00,9.8,2,11,124.0,712.0,4,4
52038,2024-07-22,1,01:58:00,11:52:00,9.9,1,11,118.0,712.0,4,4
52038,2024-07-23,2,02:01:00,12:06:00,10.083333333333334,2,12,121.0,726.0,4,4
52038,2024-07-24,2,02:11:00,11:52:00,9.683333333333334,2,11,131.0,712.0,4,4
52038,2024-07-25,3,01:56:00,11:52:00,9.933333333333334,1,11,116.0,712.0,4,4
52038,2024-07-26,3,01:55:00,10:44:00,8.816666666666666,1,10,115.0,644.0,4,4
52038,2024-07-27,4,01:54:00,11:51:00,9.95,1,11,114.0,711.0,4,4
52038,2024-07-28,4,01:56:00,11:51:00,9.916666666666666,1,11,116.0,711.0,4,4
52038,2024-07-29,6,02:04:00,11:54:00,9.833333333333334,2,11,124.0,714.0,4,4
52038,2024-07-30,6,01:59:00,11:52:00,9.883333333333333,1,11,119.0,712.0,4,4
52038,2024-07-31,0,01:59:00,11:51:00,9.866666666666667,1,11,119.0,711.0,4,4
52038,2024-08-01,0,01:56:00,11:52:00,9.933333333333334,1,11,116.0,712.0,4,4
52038,2024-08-02,5,02:01:00,11:03:00,9.033333333333331,2,11,121.0,663.0,4,4
52039,2024-06-02,5,13:17:00,22:51:00,9.566666666666666,13,22,797.0,1371.0,2,2
52039,2024-06-03,2,10:53:00,22:55:00,12.033333333333331,10,22,653.0,1375.0,0,0
52039,2024-06-04,2,11:00:00,23:01:00,12.016666666666667,11,23,660.0,1381.0,0,0
52039,2024-06-05,2,11:00:00,22:59:00,11.983333333333333,11,22,660.0,1379.0,0,0
52039,2024-06-06,2,11:02:00,22:58:00,11.933333333333334,11,22,662.0,1378.0,0,0
52039,2024-06-07,3,10:29:00,22:58:00,12.483333333333333,10,22,629.0,1378.0,0,0
52039,2024-06-08,3,11:15:00,23:04:00,11.816666666666666,11,23,675.0,1384.0,0,0
52039,2024-06-09,6,11:07:00,23:02:00,11.916666666666666,11,23,667.0,1382.0,0,0
52039,2024-06-10,6,11:10:00,23:00:00,11.833333333333334,11,23,670.0,1380.0,0,0
52039,2024-06-11,0,11:18:00,23:01:00,11.716666666666669,11,23,678.0,1381.0,0,0
52039,2024-06-12,0,11:12:00,23:03:00,11.85,11,23,672.0,1383.0,0,0
52039,2024-06-13,1,11:26:00,23:01:00,11.583333333333334,11,23,686.0,1381.0,0,0
52039,2024-06-14,1,10:16:00,23:04:00,12.8,10,23,616.0,1384.0,0,0
52039,2024-06-15,2,10:39:00,23:06:00,12.45,10,23,639.0,1386.0,0,0
52039,2024-06-16,2,11:05:00,23:07:00,12.033333333333331,11,23,665.0,1387.0,0,0
52039,2024-06-17,5,11:12:00,23:03:00,11.85,11,23,672.0,1383.0,0,0
52039,2024-06-18,5,10:53:00,23:05:00,12.2,10,23,653.0,1385.0,0,0
52039,2024-06-19,0,11:07:00,23:05:00,11.966666666666669,11,23,667.0,1385.0,0,0
52039,2024-06-20,0,11:11:00,22:57:00,11.766666666666667,11,22,671.0,1377.0,0,0
52039,2024-06-21,1,10:13:00,23:00:00,12.783333333333331,10,23,613.0,1380.0,0,0
52039,2024-06-22,1,11:41:00,22:57:00,11.266666666666667,11,22,701.0,1377.0,2,2
52039,2024-06-23,2,11:04:00,22:54:00,11.833333333333334,11,22,664.0,1374.0,0,0
52039,2024-06-24,2,11:22:00,22:59:00,11.616666666666667,11,22,682.0,1379.0,0,0
52039,2024-06-25,3,11:14:00,23:00:00,11.766666666666667,11,23,674.0,1380.0,0,0
52039,2024-06-26,3,11:17:00,23:03:00,11.766666666666667,11,23,677.0,1383.0,0,0
52039,2024-06-27,5,11:18:00,23:05:00,11.783333333333331,11,23,678.0,1385.0,0,0
52039,2024-06-28,5,10:27:00,22:52:00,12.416666666666666,10,22,627.0,1372.0,0,0
52039,2024-06-29,6,11:43:00,22:59:00,11.266666666666667,11,22,703.0,1379.0,2,2
52039,2024-06-30,6,11:22:00,22:58:00,11.6,11,22,682.0,1378.0,0,0
52039,2024-07-01,0,11:28:00,22:56:00,11.466666666666669,11,22,688.0,1376.0,0,0
52039,2024-07-02,0,11:10:00,23:00:00,11.833333333333334,11,23,670.0,1380.0,0,0
52039,2024-07-03,1,11:19:00,22:57:00,11.633333333333333,11,22,679.0,1377.0,0,0
52039,2024-07-04,1,10:41:00,22:57:00,12.266666666666667,10,22,641.0,1377.0,0,0
52039,2024-07-05,2,10:14:00,22:52:00,12.633333333333333,10,22,614.0,1372.0,0,0
52039,2024-07-06,2,11:13:00,22:53:00,11.666666666666666,11,22,673.0,1373.0,0,0
52039,2024-07-07,3,11:09:00,22:57:00,11.8,11,22,669.0,1377.0,0,0
52039,2024-07-08,3,11:57:00,22:57:00,11.0,11,22,717.0,1377.0,2,2
52039,2024-07-09,5,10:54:00,23:00:00,12.1,10,23,654.0,1380.0,0,0
52039,2024-07-10,5,11:22:00,22:51:00,11.483333333333333,11,22,682.0,1371.0,0,0
52039,2024-07-11,6,11:40:00,22:57:00,11.283333333333331,11,22,700.0,1377.0,2,2
52039,2024-07-12,6,10:08:00,23:00:00,12.866666666666667,10,23,608.0,1380.0,0,0
52039,2024-07-13,0,10:58:00,22:52:00,11.9,10,22,658.0,1372.0,0,0
52039,2024-07-14,0,10:56:00,22:59:00,12.05,10,22,656.0,1379.0,0,0
52039,2024-07-15,1,11:11:00,22:56:00,11.75,11,22,671.0,1376.0,0,0
52039,2024-07-16,1,11:33:00,22:57:00,11.4,11,22,693.0,1377.0,2,2
52039,2024-07-17,2,11:13:00,22:49:00,11.6,11,22,673.0,1369.0,0,0
52039,2024-07-18,2,11:22:00,22:54:00,11.533333333333331,11,22,682.0,1374.0,0,0
52039,2024-07-19,3,10:15:00,22:51:00,12.6,10,22,615.0,1371.0,0,0
52039,2024-07-20,3,11:29:00,22:52:00,11.383333333333333,11,22,689.0,1372.0,2,2
52039,2024-07-21,5,11:49:00,23:00:00,11.183333333333334,11,23,709.0,1380.0,2,2
52039,2024-07-22,5,11:31:00,22:58:00,11.45,11,22,691.0,1378.0,2,2
52039,2024-07-23,6,11:39:00,23:00:00,11.35,11,23,699.0,1380.0,2,2
52039,2024-07-24,6,11:17:00,22:53:00,11.6,11,22,677.0,1373.0,0,0
52039,2024-07-25,0,11:37:00,22:52:00,11.25,11,22,697.0,1372.0,2,2
52039,2024-07-26,0,10:22:00,22:57:00,12.583333333333334,10,22,622.0,1377.0,0,0
52039,2024-07-27,1,11:09:00,22:50:00,11.683333333333334,11,22,669.0,1370.0,0,0
52039,2024-07-28,1,11:40:00,22:45:00,11.083333333333334,11,22,700.0,1365.0,2,2
52039,2024-07-29,2,11:08:00,22:47:00,11.65,11,22,668.0,1367.0,0,0
52039,2024-07-30,2,11:00:00,22:50:00,11.833333333333334,11,22,660.0,1370.0,0,0
52039,2024-07-31,3,11:21:00,22:55:00,11.566666666666666,11,22,681.0,1375.0,0,0
52039,2024-08-01,3,11:41:00,22:50:00,11.15,11,22,701.0,1370.0,2,2
52042,2024-06-16,1,09:54:00,23:56:00,14.033333333333331,9,23,594.0,1436.0,0,0
52043,2024-06-08,2,11:02:00,15:59:00,4.95,11,15,662.0,959.0,3,3
52043,2024-06-22,5,11:29:00,22:55:00,11.433333333333334,11,22,689.0,1375.0,2,2
52043,2024-06-29,4,11:01:00,23:00:00,11.983333333333333,11,23,661.0,1380.0,0,0
52043,2024-07-06,2,10:58:00,22:59:00,12.016666666666667,10,22,658.0,1379.0,0,0
52043,2024-07-13,5,10:50:00,23:08:00,12.3,10,23,650.0,1388.0,0,0
52043,2024-07-20,1,10:51:00,22:58:00,12.116666666666667,10,22,651.0,1378.0,0,0
52043,2024-07-27,5,11:19:00,22:50:00,11.516666666666667,11,22,679.0,1370.0,0,0
52048,2024-06-02,5,15:55:00,19:58:00,4.05,15,19,955.0,1198.0,2,2
52048,2024-06-03,6,00:03:00,15:57:00,15.9,0,15,3.0,957.0,4,4
52048,2024-06-04,6,09:59:00,15:56:00,5.95,9,15,599.0,956.0,3,3
52048,2024-06-05,0,10:03:00,23:57:00,13.9,10,23,603.0,1437.0,0,0
52048,2024-06-06,0,09:57:00,15:56:00,5.983333333333333,9,15,597.0,956.0,3,3
52048,2024-06-07,1,12:49:00,15:54:00,3.083333333333333,12,15,769.0,954.0,3,3
52048,2024-06-08,1,08:07:00,22:07:00,14.0,8,22,487.0,1327.0,0,0
52048,2024-06-09,2,08:05:00,16:07:00,8.033333333333333,8,16,485.0,967.0,3,3
52048,2024-06-10,2,08:04:00,22:00:00,13.933333333333334,8,22,484.0,1320.0,0,0
52048,2024-06-11,3,08:06:00,22:12:00,14.1,8,22,486.0,1332.0,0,0
52048,2024-06-12,3,08:08:00,21:55:00,13.783333333333331,8,21,488.0,1315.0,0,0
52048,2024-06-13,5,08:07:00,22:10:00,14.05,8,22,487.0,1330.0,0,0
52048,2024-06-14,5,08:03:00,11:00:00,2.95,8,11,483.0,660.0,1,1
52048,2024-06-15,6,08:08:00,22:16:00,14.133333333333333,8,22,488.0,1336.0,0,0
52048,2024-06-17,6,09:57:00,15:57:00,6.0,9,15,597.0,957.0,3,3
52048,2024-06-18,0,08:10:00,21:50:00,13.666666666666666,8,21,490.0,1310.0,0,0
52048,2024-06-19,0,07:55:00,21:55:00,14.0,7,21,475.0,1315.0,0,0
52048,2024-06-20,1,07:55:00,21:53:00,13.966666666666669,7,21,475.0,1313.0,0,0
52048,2024-06-21,1,07:57:00,21:52:00,13.916666666666666,7,21,477.0,1312.0,0,0
52048,2024-06-22,2,07:57:00,21:53:00,13.933333333333334,7,21,477.0,1313.0,0,0
52048,2024-06-23,2,07:55:00,21:51:00,13.933333333333334,7,21,475.0,1311.0,0,0
52048,2024-06-24,3,07:57:00,11:54:00,3.95,7,11,477.0,714.0,1,1
52048,2024-06-25,3,07:55:00,21:52:00,13.95,7,21,475.0,1312.0,0,0
52048,2024-06-26,5,07:55:00,21:52:00,13.95,7,21,475.0,1312.0,0,0
52048,2024-06-27,5,07:55:00,22:09:00,14.233333333333333,7,22,475.0,1329.0,0,0
52048,2024-06-28,0,07:55:00,21:58:00,14.05,7,21,475.0,1318.0,0,0
52048,2024-06-29,0,07:56:00,22:01:00,14.083333333333334,7,22,476.0,1321.0,0,0
52048,2024-06-30,1,07:55:00,21:57:00,14.033333333333331,7,21,475.0,1317.0,0,0
52048,2024-07-01,1,08:05:00,22:50:00,14.75,8,22,485.0,1370.0,0,0
52048,2024-07-02,2,08:07:00,22:41:00,14.566666666666666,8,22,487.0,1361.0,0,0
52048,2024-07-03,2,08:07:00,22:19:00,14.2,8,22,487.0,1339.0,0,0
52048,2024-07-04,3,08:05:00,21:51:00,13.766666666666667,8,21,485.0,1311.0,0,0
52048,2024-07-05,3,08:06:00,22:06:00,14.0,8,22,486.0,1326.0,0,0
52048,2024-07-06,4,08:05:00,22:09:00,14.066666666666666,8,22,485.0,1329.0,0,0
52048,2024-07-07,4,08:06:00,22:10:00,14.066666666666666,8,22,486.0,1330.0,0,0
52048,2024-07-08,5,08:08:00,22:07:00,13.983333333333333,8,22,488.0,1327.0,0,0
52048,2024-07-09,5,08:06:00,22:12:00,14.1,8,22,486.0,1332.0,0,0
52048,2024-07-10,6,08:08:00,21:55:00,13.783333333333331,8,21,488.0,1315.0,0,0
52048,2024-07-11,6,08:06:00,22:08:00,14.033333333333331,8,22,486.0,1328.0,0,0
52048,2024-07-12,0,08:09:00,22:07:00,13.966666666666669,8,22,489.0,1327.0,0,0
52048,2024-07-13,0,08:06:00,22:07:00,14.016666666666667,8,22,486.0,1327.0,0,0
52048,2024-07-14,1,08:07:00,22:10:00,14.05,8,22,487.0,1330.0,0,0
52048,2024-07-15,1,08:06:00,22:09:00,14.05,8,22,486.0,1329.0,0,0
52048,2024-07-16,2,07:55:00,21:52:00,13.95,7,21,475.0,1312.0,0,0
52048,2024-07-17,2,07:57:00,21:52:00,13.916666666666666,7,21,477.0,1312.0,0,0
52048,2024-07-18,4,07:56:00,21:53:00,13.95,7,21,476.0,1313.0,0,0
52048,2024-07-19,4,07:56:00,21:52:00,13.933333333333334,7,21,476.0,1312.0,0,0
52048,2024-07-20,5,07:56:00,21:52:00,13.933333333333334,7,21,476.0,1312.0,0,0
52048,2024-07-21,5,07:56:00,21:51:00,13.916666666666666,7,21,476.0,1311.0,0,0
52048,2024-07-22,6,07:56:00,21:51:00,13.916666666666666,7,21,476.0,1311.0,0,0
52048,2024-07-23,6,07:56:00,21:55:00,13.983333333333333,7,21,476.0,1315.0,0,0
52048,2024-07-24,0,07:57:00,21:51:00,13.9,7,21,477.0,1311.0,0,0
52048,2024-07-25,0,07:56:00,21:51:00,13.916666666666666,7,21,476.0,1311.0,0,0
52048,2024-07-26,1,07:56:00,21:53:00,13.95,7,21,476.0,1313.0,0,0
52048,2024-07-27,1,07:57:00,21:52:00,13.916666666666666,7,21,477.0,1312.0,0,0
52048,2024-07-28,2,07:56:00,22:26:00,14.5,7,22,476.0,1346.0,0,0
52048,2024-07-29,2,07:54:00,22:20:00,14.433333333333334,7,22,474.0,1340.0,0,0
52048,2024-07-30,4,07:56:00,21:53:00,13.95,7,21,476.0,1313.0,0,0
52048,2024-07-31,4,07:55:00,21:51:00,13.933333333333334,7,21,475.0,1311.0,0,0
52048,2024-08-01,5,08:07:00,22:11:00,14.066666666666666,8,22,487.0,1331.0,0,0
52048,2024-08-02,5,08:06:00,11:03:00,2.95,8,11,486.0,663.0,1,1
52049,2024-06-02,6,16:04:00,22:17:00,6.216666666666667,16,22,964.0,1337.0,2,2
52049,2024-06-03,6,08:00:00,22:03:00,14.05,8,22,480.0,1323.0,0,0
52049,2024-06-04,0,08:00:00,21:52:00,13.866666666666667,8,21,480.0,1312.0,0,0
52049,2024-06-05,0,07:55:00,22:03:00,14.133333333333333,7,22,475.0,1323.0,0,0
52049,2024-06-06,1,07:57:00,21:58:00,14.016666666666667,7,21,477.0,1318.0,0,0
52049,2024-06-07,1,16:00:00,22:04:00,6.066666666666666,16,22,960.0,1324.0,2,2
52049,2024-06-08,2,07:58:00,22:08:00,14.166666666666666,7,22,478.0,1328.0,0,0
52049,2024-06-09,2,07:59:00,22:08:00,14.15,7,22,479.0,1328.0,0,0
52049,2024-06-10,4,07:57:00,21:59:00,14.033333333333331,7,21,477.0,1319.0,0,0
52049,2024-06-11,4,07:57:00,22:08:00,14.183333333333334,7,22,477.0,1328.0,0,0
52049,2024-06-12,6,07:59:00,21:55:00,13.933333333333334,7,21,479.0,1315.0,0,0
52049,2024-06-13,6,06:57:00,21:05:00,14.133333333333333,6,21,417.0,1265.0,0,0
52049,2024-06-14,0,16:03:00,22:11:00,6.133333333333334,16,22,963.0,1331.0,2,2
52049,2024-06-15,0,08:01:00,21:58:00,13.95,8,21,481.0,1318.0,0,0
52049,2024-06-16,1,08:00:00,21:56:00,13.933333333333334,8,21,480.0,1316.0,0,0
52049,2024-06-18,1,08:02:00,21:59:00,13.95,8,21,482.0,1319.0,0,0
52049,2024-06-19,2,08:00:00,22:08:00,14.133333333333333,8,22,480.0,1328.0,0,0
52049,2024-06-20,2,07:58:00,22:03:00,14.083333333333334,7,22,478.0,1323.0,0,0
52049,2024-06-21,3,16:03:00,22:02:00,5.983333333333333,16,22,963.0,1322.0,2,2
52049,2024-06-22,3,07:59:00,22:04:00,14.083333333333334,7,22,479.0,1324.0,0,0
52049,2024-06-23,4,07:58:00,21:43:00,13.75,7,21,478.0,1303.0,0,0
52049,2024-06-24,4,07:55:00,21:57:00,14.033333333333331,7,21,475.0,1317.0,0,0
52049,2024-06-25,5,08:02:00,22:30:00,14.466666666666669,8,22,482.0,1350.0,0,0
52049,2024-06-26,5,07:58:00,22:02:00,14.066666666666666,7,22,478.0,1322.0,0,0
52049,2024-06-27,6,07:59:00,22:13:00,14.233333333333333,7,22,479.0,1333.0,0,0
52049,2024-06-28,6,16:04:00,22:04:00,6.0,16,22,964.0,1324.0,2,2
52049,2024-06-29,0,08:00:00,22:05:00,14.083333333333334,8,22,480.0,1325.0,0,0
52049,2024-06-30,0,08:01:00,21:57:00,13.933333333333334,8,21,481.0,1317.0,0,0
52049,2024-07-01,1,08:00:00,22:51:00,14.85,8,22,480.0,1371.0,0,0
52049,2024-07-02,1,08:00:00,22:37:00,14.616666666666667,8,22,480.0,1357.0,0,0
52049,2024-07-03,2,07:57:00,22:07:00,14.166666666666666,7,22,477.0,1327.0,0,0
52049,2024-07-04,2,07:58:00,22:03:00,14.083333333333334,7,22,478.0,1323.0,0,0
52049,2024-07-05,3,16:05:00,21:58:00,5.883333333333334,16,21,965.0,1318.0,2,2
52049,2024-07-06,3,08:01:00,21:58:00,13.95,8,21,481.0,1318.0,0,0
52049,2024-07-07,4,07:58:00,22:01:00,14.05,7,22,478.0,1321.0,0,0
52049,2024-07-08,4,07:57:00,22:03:00,14.1,7,22,477.0,1323.0,0,0
52049,2024-07-09,5,07:58:00,21:59:00,14.016666666666667,7,21,478.0,1319.0,0,0
52049,2024-07-10,5,06:58:00,22:25:00,15.45,6,22,418.0,1345.0,0,0
52049,2024-07-11,0,07:59:00,22:00:00,14.016666666666667,7,22,479.0,1320.0,0,0
52049,2024-07-12,0,16:03:00,22:00:00,5.95,16,22,963.0,1320.0,2,2
52049,2024-07-13,1,07:58:00,22:01:00,14.05,7,22,478.0,1321.0,0,0
52049,2024-07-14,1,07:58:00,21:58:00,14.0,7,21,478.0,1318.0,0,0
52049,2024-07-15,2,07:57:00,22:04:00,14.116666666666667,7,22,477.0,1324.0,0,0
52049,2024-07-16,2,08:00:00,22:03:00,14.05,8,22,480.0,1323.0,0,0
52049,2024-07-17,3,07:59:00,16:05:00,8.1,7,16,479.0,965.0,3,3
52049,2024-07-18,3,07:59:00,22:03:00,14.066666666666666,7,22,479.0,1323.0,0,0
52049,2024-07-19,4,16:01:00,21:58:00,5.95,16,21,961.0,1318.0,2,2
52049,2024-07-20,4,07:59:00,22:04:00,14.083333333333334,7,22,479.0,1324.0,0,0
52049,2024-07-21,5,07:57:00,22:00:00,14.05,7,22,477.0,1320.0,0,0
52049,2024-07-22,5,07:58:00,22:07:00,14.15,7,22,478.0,1327.0,0,0
52049,2024-07-23,6,08:00:00,21:55:00,13.916666666666666,8,21,480.0,1315.0,0,0
52049,2024-07-24,6,08:00:00,21:57:00,13.95,8,21,480.0,1317.0,0,0
52049,2024-07-25,0,07:58:00,22:00:00,14.033333333333331,7,22,478.0,1320.0,0,0
52049,2024-07-26,0,16:00:00,22:01:00,6.016666666666667,16,22,960.0,1321.0,2,2
52049,2024-07-27,1,07:58:00,22:00:00,14.033333333333331,7,22,478.0,1320.0,0,0
52049,2024-07-28,1,07:58:00,22:26:00,14.466666666666669,7,22,478.0,1346.0,0,0
52049,2024-07-29,2,07:58:00,22:27:00,14.483333333333333,7,22,478.0,1347.0,0,0
52049,2024-07-30,2,07:59:00,15:59:00,8.0,7,15,479.0,959.0,3,3
52049,2024-07-31,3,08:01:00,22:04:00,14.05,8,22,481.0,1324.0,0,0
52049,2024-08-01,3,07:58:00,21:59:00,14.016666666666667,7,21,478.0,1319.0,0,0
52050,2024-06-19,3,04:07:00,17:33:00,13.433333333333334,4,17,247.0,1053.0,4,4
52050,2024-06-22,5,04:03:00,17:45:00,13.7,4,17,243.0,1065.0,4,4
52050,2024-06-23,5,04:04:00,17:29:00,13.416666666666666,4,17,244.0,1049.0,4,4
52050,2024-06-24,6,04:01:00,17:27:00,13.433333333333334,4,17,241.0,1047.0,4,4
52050,2024-06-25,6,04:01:00,17:27:00,13.433333333333334,4,17,241.0,1047.0,4,4
52050,2024-06-26,0,04:10:00,17:27:00,13.283333333333331,4,17,250.0,1047.0,4,4
52050,2024-06-27,0,04:05:00,17:23:00,13.3,4,17,245.0,1043.0,4,4
52050,2024-06-28,1,04:13:00,17:38:00,13.416666666666666,4,17,253.0,1058.0,4,4
52050,2024-06-29,1,05:55:00,17:43:00,11.8,5,17,355.0,1063.0,3,3
52050,2024-06-30,2,05:58:00,17:17:00,11.316666666666666,5,17,358.0,1037.0,3,3
52050,2024-07-01,2,05:55:00,17:09:00,11.233333333333333,5,17,355.0,1029.0,3,3
52050,2024-07-02,3,05:57:00,17:11:00,11.233333333333333,5,17,357.0,1031.0,3,3
52050,2024-07-03,3,05:49:00,17:23:00,11.566666666666666,5,17,349.0,1043.0,3,3
52050,2024-07-04,4,05:58:00,17:23:00,11.416666666666666,5,17,358.0,1043.0,3,3
52050,2024-07-05,4,05:58:00,17:44:00,11.766666666666667,5,17,358.0,1064.0,3,3
52050,2024-07-06,5,05:56:00,17:22:00,11.433333333333334,5,17,356.0,1042.0,3,3
52050,2024-07-07,5,05:56:00,17:33:00,11.616666666666667,5,17,356.0,1053.0,3,3
52050,2024-07-08,6,05:56:00,17:20:00,11.4,5,17,356.0,1040.0,3,3
52050,2024-07-09,6,05:57:00,17:27:00,11.5,5,17,357.0,1047.0,3,3
52050,2024-07-10,0,05:58:00,17:30:00,11.533333333333331,5,17,358.0,1050.0,3,3
52050,2024-07-11,0,05:54:00,17:38:00,11.733333333333333,5,17,354.0,1058.0,3,3
52050,2024-07-12,1,05:57:00,17:31:00,11.566666666666666,5,17,357.0,1051.0,3,3
52050,2024-07-13,1,05:57:00,17:57:00,12.0,5,17,357.0,1077.0,3,3
52050,2024-07-14,2,05:58:00,17:29:00,11.516666666666667,5,17,358.0,1049.0,3,3
52050,2024-07-15,2,05:56:00,17:27:00,11.516666666666667,5,17,356.0,1047.0,3,3
52050,2024-07-16,3,05:56:00,17:29:00,11.55,5,17,356.0,1049.0,3,3
52050,2024-07-17,3,05:56:00,17:30:00,11.566666666666666,5,17,356.0,1050.0,3,3
52050,2024-07-18,4,05:56:00,17:34:00,11.633333333333333,5,17,356.0,1054.0,3,3
52050,2024-07-19,4,05:57:00,17:29:00,11.533333333333331,5,17,357.0,1049.0,3,3
52050,2024-07-20,5,05:57:00,17:29:00,11.533333333333331,5,17,357.0,1049.0,3,3
52050,2024-07-21,5,05:58:00,17:31:00,11.55,5,17,358.0,1051.0,3,3
52050,2024-07-22,6,05:58:00,17:32:00,11.566666666666666,5,17,358.0,1052.0,3,3
52050,2024-07-23,6,05:57:00,17:30:00,11.55,5,17,357.0,1050.0,3,3
52050,2024-07-24,0,05:58:00,17:35:00,11.616666666666667,5,17,358.0,1055.0,3,3
52050,2024-07-25,0,06:00:00,17:42:00,11.7,6,17,360.0,1062.0,3,3
52050,2024-07-26,1,06:00:00,17:29:00,11.483333333333333,6,17,360.0,1049.0,3,3
52050,2024-07-27,1,05:03:00,17:27:00,12.4,5,17,303.0,1047.0,3,3
52050,2024-07-28,2,05:05:00,17:32:00,12.45,5,17,305.0,1052.0,3,3
52050,2024-07-29,2,05:05:00,17:30:00,12.416666666666666,5,17,305.0,1050.0,3,3
52050,2024-07-30,3,05:04:00,17:30:00,12.433333333333334,5,17,304.0,1050.0,3,3
52050,2024-07-31,3,05:05:00,17:30:00,12.416666666666666,5,17,305.0,1050.0,3,3
52050,2024-08-01,4,05:05:00,17:31:00,12.433333333333334,5,17,305.0,1051.0,3,3
52051,2024-06-25,5,21:35:00,23:35:00,2.0,21,23,1295.0,1415.0,2,2
52051,2024-07-01,5,10:08:00,16:03:00,5.916666666666667,10,16,608.0,963.0,3,3
52051,2024-07-02,6,09:59:00,15:58:00,5.983333333333333,9,15,599.0,958.0,3,3
52051,2024-07-03,6,10:00:00,16:00:00,6.0,10,16,600.0,960.0,3,3
52051,2024-07-04,0,09:57:00,16:00:00,6.05,9,16,597.0,960.0,3,3
52051,2024-07-05,0,12:47:00,16:07:00,3.333333333333333,12,16,767.0,967.0,3,3
52051,2024-07-06,1,09:57:00,16:01:00,6.066666666666666,9,16,597.0,961.0,3,3
52051,2024-07-07,1,09:57:00,16:01:00,6.066666666666666,9,16,597.0,961.0,3,3
52051,2024-07-08,2,10:00:00,16:00:00,6.0,10,16,600.0,960.0,3,3
52051,2024-07-09,2,09:56:00,15:57:00,6.016666666666667,9,15,596.0,957.0,3,3
52051,2024-07-10,3,11:10:00,16:03:00,4.883333333333334,11,16,670.0,963.0,3,3
52051,2024-07-11,3,10:58:00,15:56:00,4.966666666666667,10,15,658.0,956.0,3,3
52051,2024-07-12,4,12:51:00,16:00:00,3.15,12,16,771.0,960.0,3,3
52051,2024-07-13,4,11:15:00,15:57:00,4.7,11,15,675.0,957.0,3,3
52051,2024-07-14,1,11:10:00,15:56:00,4.766666666666667,11,15,670.0,956.0,3,3
52051,2024-07-15,1,11:01:00,15:57:00,4.933333333333334,11,15,661.0,957.0,3,3
52051,2024-07-16,0,10:59:00,15:57:00,4.966666666666667,10,15,659.0,957.0,3,3
52051,2024-07-17,0,11:01:00,15:57:00,4.933333333333334,11,15,661.0,957.0,3,3
52051,2024-07-18,3,11:01:00,15:57:00,4.933333333333334,11,15,661.0,957.0,3,3
52051,2024-07-19,3,12:50:00,15:59:00,3.15,12,15,770.0,959.0,3,3
52051,2024-07-20,5,11:06:00,15:58:00,4.866666666666666,11,15,666.0,958.0,3,3
52051,2024-07-21,6,11:01:00,15:57:00,4.933333333333334,11,15,661.0,957.0,3,3
52051,2024-07-22,6,11:00:00,15:56:00,4.933333333333334,11,15,660.0,956.0,3,3
52051,2024-07-23,0,10:58:00,16:00:00,5.033333333333333,10,16,658.0,960.0,3,3
52051,2024-07-24,0,10:59:00,15:56:00,4.95,10,15,659.0,956.0,3,3
52051,2024-07-25,1,08:03:00,21:59:00,13.933333333333334,8,21,483.0,1319.0,0,0
52051,2024-07-26,1,12:48:00,15:58:00,3.1666666666666665,12,15,768.0,958.0,3,3
52051,2024-07-27,3,10:58:00,15:59:00,5.016666666666667,10,15,658.0,959.0,3,3
52051,2024-07-28,3,10:57:00,15:59:00,5.033333333333333,10,15,657.0,959.0,3,3
52051,2024-07-29,4,10:58:00,16:03:00,5.083333333333333,10,16,658.0,963.0,3,3
52051,2024-07-30,4,11:00:00,15:58:00,4.966666666666667,11,15,660.0,958.0,3,3
52051,2024-07-31,0,10:58:00,15:59:00,5.016666666666667,10,15,658.0,959.0,3,3
52051,2024-08-01,0,10:56:00,15:59:00,5.05,10,15,656.0,959.0,3,3
52051,2024-08-02,2,12:54:00,16:00:00,3.1,12,16,774.0,960.0,3,3
52052,2024-06-19,2,16:18:00,21:54:00,5.6,16,21,978.0,1314.0,2,2
52052,2024-06-20,3,07:56:00,21:53:00,13.95,7,21,476.0,1313.0,0,0
52052,2024-06-21,3,07:57:00,21:52:00,13.916666666666666,7,21,477.0,1312.0,0,0
52052,2024-06-22,4,07:58:00,21:53:00,13.916666666666666,7,21,478.0,1313.0,0,0
52052,2024-06-23,4,07:56:00,21:51:00,13.916666666666666,7,21,476.0,1311.0,0,0
52052,2024-06-24,6,07:57:00,21:52:00,13.916666666666666,7,21,477.0,1312.0,0,0
52052,2024-06-25,6,07:56:00,21:52:00,13.933333333333334,7,21,476.0,1312.0,0,0
52052,2024-06-26,0,07:57:00,21:52:00,13.916666666666666,7,21,477.0,1312.0,0,0
52052,2024-06-27,0,07:56:00,22:08:00,14.2,7,22,476.0,1328.0,0,0
52052,2024-06-28,2,07:56:00,21:57:00,14.016666666666667,7,21,476.0,1317.0,0,0
52052,2024-06-29,3,07:56:00,22:16:00,14.333333333333334,7,22,476.0,1336.0,0,0
52052,2024-06-30,3,07:56:00,21:56:00,14.0,7,21,476.0,1316.0,0,0
52052,2024-07-01,4,08:02:00,22:35:00,14.55,8,22,482.0,1355.0,0,0
52052,2024-07-02,4,07:56:00,22:23:00,14.45,7,22,476.0,1343.0,0,0
52052,2024-07-03,5,07:56:00,22:01:00,14.083333333333334,7,22,476.0,1321.0,0,0
52052,2024-07-04,5,07:56:00,21:51:00,13.916666666666666,7,21,476.0,1311.0,0,0
52052,2024-07-05,6,07:56:00,21:53:00,13.95,7,21,476.0,1313.0,0,0
52052,2024-07-06,6,07:56:00,21:53:00,13.95,7,21,476.0,1313.0,0,0
52052,2024-07-07,0,07:56:00,21:52:00,13.933333333333334,7,21,476.0,1312.0,0,0
52052,2024-07-08,0,07:56:00,21:52:00,13.933333333333334,7,21,476.0,1312.0,0,0
52052,2024-07-09,1,07:56:00,21:53:00,13.95,7,21,476.0,1313.0,0,0
52052,2024-07-10,1,07:56:00,21:55:00,13.983333333333333,7,21,476.0,1315.0,0,0
52052,2024-07-22,1,15:58:00,21:54:00,5.933333333333334,15,21,958.0,1314.0,2,2
52053,2024-06-02,0,18:27:00,22:15:00,3.8,18,22,1107.0,1335.0,2,2
52053,2024-06-03,1,07:57:00,21:58:00,14.016666666666667,7,21,477.0,1318.0,0,0
52053,2024-06-04,1,07:55:00,21:52:00,13.95,7,21,475.0,1312.0,0,0
52053,2024-06-05,2,07:55:00,21:52:00,13.95,7,21,475.0,1312.0,0,0
52053,2024-06-06,2,07:55:00,21:51:00,13.933333333333334,7,21,475.0,1311.0,0,0
52053,2024-06-07,3,07:55:00,21:52:00,13.95,7,21,475.0,1312.0,0,0
52053,2024-06-08,3,07:57:00,21:52:00,13.916666666666666,7,21,477.0,1312.0,0,0
52053,2024-06-09,4,07:55:00,21:52:00,13.95,7,21,475.0,1312.0,0,0
52053,2024-06-10,4,07:54:00,21:52:00,13.966666666666669,7,21,474.0,1312.0,0,0
52053,2024-06-11,5,07:53:00,21:54:00,14.016666666666667,7,21,473.0,1314.0,0,0
52053,2024-06-12,5,07:55:00,21:54:00,13.983333333333333,7,21,475.0,1314.0,0,0
52053,2024-06-13,6,07:58:00,21:52:00,13.9,7,21,478.0,1312.0,0,0
52053,2024-06-14,6,07:53:00,21:52:00,13.983333333333333,7,21,473.0,1312.0,0,0
52053,2024-06-15,0,07:57:00,21:50:00,13.883333333333333,7,21,477.0,1310.0,0,0
52053,2024-06-16,0,08:04:00,21:56:00,13.866666666666667,8,21,484.0,1316.0,0,0
52053,2024-06-18,1,08:10:00,22:02:00,13.866666666666667,8,22,490.0,1322.0,0,0
52053,2024-06-19,1,08:06:00,22:12:00,14.1,8,22,486.0,1332.0,0,0
52053,2024-06-20,3,08:05:00,22:05:00,14.0,8,22,485.0,1325.0,0,0
52053,2024-06-21,4,08:07:00,22:04:00,13.95,8,22,487.0,1324.0,0,0
52053,2024-06-22,4,08:07:00,22:09:00,14.033333333333331,8,22,487.0,1329.0,0,0
52053,2024-06-23,5,08:05:00,22:00:00,13.916666666666666,8,22,485.0,1320.0,0,0
52053,2024-06-24,5,08:07:00,22:04:00,13.95,8,22,487.0,1324.0,0,0
52053,2024-06-25,0,08:05:00,22:09:00,14.066666666666666,8,22,485.0,1329.0,0,0
52053,2024-06-26,0,08:05:00,22:06:00,14.016666666666667,8,22,485.0,1326.0,0,0
52053,2024-06-27,2,08:06:00,17:47:00,9.683333333333334,8,17,486.0,1067.0,3,3
52053,2024-06-28,2,08:05:00,21:59:00,13.9,8,21,485.0,1319.0,0,0
52053,2024-06-29,3,08:08:00,22:16:00,14.133333333333333,8,22,488.0,1336.0,0,0
52053,2024-06-30,3,08:05:00,22:06:00,14.016666666666667,8,22,485.0,1326.0,0,0
52053,2024-07-01,4,08:02:00,11:55:00,3.883333333333333,8,11,482.0,715.0,1,1
52053,2024-07-02,4,07:56:00,17:46:00,9.833333333333334,7,17,476.0,1066.0,3,3
52053,2024-07-03,6,07:55:00,17:52:00,9.95,7,17,475.0,1072.0,3,3
52053,2024-07-04,6,07:55:00,22:08:00,14.216666666666669,7,22,475.0,1328.0,0,0
52053,2024-07-05,0,07:56:00,21:55:00,13.983333333333333,7,21,476.0,1315.0,0,0
52053,2024-07-06,0,07:56:00,21:54:00,13.966666666666669,7,21,476.0,1314.0,0,0
52053,2024-07-07,1,07:55:00,21:52:00,13.95,7,21,475.0,1312.0,0,0
52053,2024-07-08,1,07:56:00,21:52:00,13.933333333333334,7,21,476.0,1312.0,0,0
52053,2024-07-09,2,07:56:00,21:53:00,13.95,7,21,476.0,1313.0,0,0
52053,2024-07-10,2,07:56:00,21:55:00,13.983333333333333,7,21,476.0,1315.0,0,0
52053,2024-07-11,3,07:55:00,21:52:00,13.95,7,21,475.0,1312.0,0,0
52053,2024-07-12,3,07:58:00,21:51:00,13.883333333333333,7,21,478.0,1311.0,0,0
52053,2024-07-13,5,07:55:00,21:52:00,13.95,7,21,475.0,1312.0,0,0
52053,2024-07-14,5,07:56:00,21:53:00,13.95,7,21,476.0,1313.0,0,0
52053,2024-07-15,6,07:56:00,21:52:00,13.933333333333334,7,21,476.0,1312.0,0,0
52053,2024-07-16,6,08:05:00,22:07:00,14.033333333333331,8,22,485.0,1327.0,0,0
52053,2024-07-17,0,08:06:00,22:05:00,13.983333333333333,8,22,486.0,1325.0,0,0
52053,2024-07-18,0,08:05:00,22:06:00,14.016666666666667,8,22,485.0,1326.0,0,0
52053,2024-07-19,1,08:08:00,22:08:00,14.0,8,22,488.0,1328.0,0,0
52053,2024-07-20,1,08:05:00,21:57:00,13.866666666666667,8,21,485.0,1317.0,0,0
52053,2024-07-21,2,08:06:00,22:03:00,13.95,8,22,486.0,1323.0,0,0
52053,2024-07-22,2,08:05:00,22:06:00,14.016666666666667,8,22,485.0,1326.0,0,0
52053,2024-07-23,3,08:06:00,22:02:00,13.933333333333334,8,22,486.0,1322.0,0,0
52053,2024-07-24,3,08:08:00,22:06:00,13.966666666666669,8,22,488.0,1326.0,0,0
52053,2024-07-25,6,08:06:00,22:05:00,13.983333333333333,8,22,486.0,1325.0,0,0
52053,2024-07-26,6,08:06:00,22:04:00,13.966666666666669,8,22,486.0,1324.0,0,0
52053,2024-07-27,0,08:06:00,22:10:00,14.066666666666666,8,22,486.0,1330.0,0,0
52053,2024-07-28,0,08:05:00,17:58:00,9.883333333333333,8,17,485.0,1078.0,3,3
52053,2024-07-29,1,08:05:00,17:53:00,9.8,8,17,485.0,1073.0,3,3
52053,2024-07-30,1,08:06:00,17:54:00,9.8,8,17,486.0,1074.0,3,3
52053,2024-07-31,2,08:06:00,21:58:00,13.866666666666667,8,21,486.0,1318.0,0,0
52053,2024-08-01,2,07:56:00,17:58:00,10.033333333333331,7,17,476.0,1078.0,3,3
52053,2024-08-02,3,07:56:00,11:02:00,3.1,7,11,476.0,662.0,1,1
52054,2024-06-03,3,00:03:00,15:55:00,15.866666666666667,0,15,3.0,955.0,4,4
52054,2024-06-04,5,09:58:00,15:55:00,5.95,9,15,598.0,955.0,3,3
52054,2024-06-05,5,10:03:00,23:59:00,13.933333333333334,10,23,603.0,1439.0,0,0
52054,2024-06-06,6,09:56:00,15:56:00,6.0,9,15,596.0,956.0,3,3
52054,2024-06-07,6,13:18:00,15:56:00,2.6333333333333333,13,15,798.0,956.0,3,3
52054,2024-06-08,0,09:56:00,15:53:00,5.95,9,15,596.0,953.0,3,3
52054,2024-06-09,0,10:01:00,23:58:00,13.95,10,23,601.0,1438.0,0,0
52054,2024-06-10,1,09:57:00,23:55:00,13.966666666666669,9,23,597.0,1435.0,0,0
52054,2024-06-11,1,09:59:00,15:52:00,5.883333333333334,9,15,599.0,952.0,3,3
52054,2024-06-12,2,09:54:00,15:55:00,6.016666666666667,9,15,594.0,955.0,3,3
52054,2024-06-13,2,09:59:00,15:56:00,5.95,9,15,599.0,956.0,3,3
52054,2024-06-14,3,13:11:00,19:58:00,6.783333333333333,13,19,791.0,1198.0,2,2
52054,2024-06-15,3,00:01:00,15:55:00,15.9,0,15,1.0,955.0,4,4
52054,2024-06-17,5,09:57:00,15:56:00,5.983333333333333,9,15,597.0,956.0,3,3
52054,2024-06-18,5,10:04:00,15:56:00,5.866666666666666,10,15,604.0,956.0,3,3
52054,2024-06-19,6,10:01:00,23:57:00,13.933333333333334,10,23,601.0,1437.0,0,0
52054,2024-06-20,6,09:56:00,23:55:00,13.983333333333333,9,23,596.0,1435.0,0,0
52054,2024-06-21,0,12:52:00,23:59:00,11.116666666666667,12,23,772.0,1439.0,2,2
52054,2024-06-22,0,10:07:00,23:59:00,13.866666666666667,10,23,607.0,1439.0,0,0
52054,2024-06-23,1,09:57:00,15:55:00,5.966666666666667,9,15,597.0,955.0,3,3
52054,2024-06-24,1,09:55:00,15:56:00,6.016666666666667,9,15,595.0,956.0,3,3
52054,2024-06-25,2,10:06:00,23:57:00,13.85,10,23,606.0,1437.0,0,0
52054,2024-06-26,2,09:59:00,23:57:00,13.966666666666669,9,23,599.0,1437.0,0,0
52054,2024-06-27,3,09:57:00,22:26:00,12.483333333333333,9,22,597.0,1346.0,0,0
52054,2024-06-28,3,12:51:00,15:57:00,3.1,12,15,771.0,957.0,3,3
52054,2024-06-29,5,09:59:00,15:57:00,5.966666666666667,9,15,599.0,957.0,3,3
52054,2024-06-30,5,09:57:00,15:58:00,6.016666666666667,9,15,597.0,958.0,3,3
52054,2024-07-01,6,09:57:00,15:57:00,6.0,9,15,597.0,957.0,3,3
52054,2024-07-02,6,10:06:00,15:59:00,5.883333333333334,10,15,606.0,959.0,3,3
52054,2024-07-03,0,09:57:00,15:59:00,6.033333333333333,9,15,597.0,959.0,3,3
52054,2024-07-04,0,10:07:00,15:54:00,5.783333333333333,10,15,607.0,954.0,3,3
52054,2024-07-05,1,12:55:00,15:57:00,3.033333333333333,12,15,775.0,957.0,3,3
52054,2024-07-06,1,09:57:00,15:52:00,5.916666666666667,9,15,597.0,952.0,3,3
52054,2024-07-07,2,09:57:00,15:54:00,5.95,9,15,597.0,954.0,3,3
52054,2024-07-08,2,10:04:00,15:54:00,5.833333333333333,10,15,604.0,954.0,3,3
52054,2024-07-09,0,09:57:00,23:58:00,14.016666666666667,9,23,597.0,1438.0,0,0
52054,2024-07-10,3,10:00:00,15:55:00,5.916666666666667,10,15,600.0,955.0,3,3
52054,2024-07-11,3,09:57:00,23:59:00,14.033333333333331,9,23,597.0,1439.0,0,0
52054,2024-07-12,4,12:52:00,15:55:00,3.05,12,15,772.0,955.0,3,3
52054,2024-07-13,4,09:57:00,23:59:00,14.033333333333331,9,23,597.0,1439.0,0,0
52054,2024-07-14,5,10:00:00,23:59:00,13.983333333333333,10,23,600.0,1439.0,0,0
52054,2024-07-15,5,10:11:00,15:55:00,5.733333333333333,10,15,611.0,955.0,3,3
52054,2024-07-16,6,09:55:00,23:58:00,14.05,9,23,595.0,1438.0,0,0
52054,2024-07-17,0,09:57:00,15:55:00,5.966666666666667,9,15,597.0,955.0,3,3
52054,2024-07-18,0,09:57:00,15:56:00,5.983333333333333,9,15,597.0,956.0,3,3
52054,2024-07-19,1,12:56:00,15:56:00,3.0,12,15,776.0,956.0,3,3
52054,2024-07-20,1,10:09:00,23:59:00,13.833333333333334,10,23,609.0,1439.0,0,0
52054,2024-07-21,2,09:57:00,23:59:00,14.033333333333331,9,23,597.0,1439.0,0,0
52054,2024-07-22,3,10:02:00,15:57:00,5.916666666666667,10,15,602.0,957.0,3,3
52054,2024-07-23,3,10:07:00,23:59:00,13.866666666666667,10,23,607.0,1439.0,0,0
52054,2024-07-24,4,09:57:00,23:58:00,14.016666666666667,9,23,597.0,1438.0,0,0
52054,2024-07-25,4,09:58:00,23:59:00,14.016666666666667,9,23,598.0,1439.0,0,0
52054,2024-07-26,5,15:55:00,19:58:00,4.05,15,19,955.0,1198.0,2,2
52054,2024-07-27,5,00:00:00,23:59:00,23.98333333333333,0,23,0.0,1439.0,0,0
52054,2024-07-28,6,10:05:00,15:55:00,5.833333333333333,10,15,605.0,955.0,3,3
52054,2024-07-29,6,09:55:00,15:55:00,6.0,9,15,595.0,955.0,3,3
52054,2024-07-30,2,10:00:00,15:55:00,5.916666666666667,10,15,600.0,955.0,3,3
52054,2024-07-31,2,10:01:00,15:54:00,5.883333333333334,10,15,601.0,954.0,3,3
52054,2024-08-01,3,09:57:00,15:55:00,5.966666666666667,9,15,597.0,955.0,3,3
52054,2024-08-02,3,12:55:00,15:56:00,3.0166666666666666,12,15,775.0,956.0,3,3
52056,2024-06-25,4,21:35:00,23:38:00,2.05,21,23,1295.0,1418.0,2,2
52056,2024-07-01,4,08:04:00,12:01:00,3.95,8,12,484.0,721.0,1,1
52056,2024-07-02,5,08:01:00,12:01:00,4.0,8,12,481.0,721.0,1,1
52056,2024-07-03,6,08:01:00,12:00:00,3.983333333333333,8,12,481.0,720.0,1,1
52056,2024-07-04,6,08:01:00,23:59:00,15.966666666666669,8,23,481.0,1439.0,0,0
52056,2024-07-05,0,08:01:00,23:59:00,15.966666666666669,8,23,481.0,1439.0,0,0
52056,2024-07-06,0,08:02:00,11:59:00,3.95,8,11,482.0,719.0,1,1
52056,2024-07-09,1,08:02:00,12:01:00,3.983333333333333,8,12,482.0,721.0,1,1
52056,2024-07-10,2,08:00:00,22:03:00,14.05,8,22,480.0,1323.0,0,0
52056,2024-07-11,2,08:01:00,22:03:00,14.033333333333331,8,22,481.0,1323.0,0,0
52056,2024-07-12,3,08:04:00,22:01:00,13.95,8,22,484.0,1321.0,0,0
52056,2024-07-13,3,08:02:00,22:01:00,13.983333333333333,8,22,482.0,1321.0,0,0
52056,2024-07-14,4,08:01:00,15:55:00,7.9,8,15,481.0,955.0,3,3
52056,2024-07-15,4,08:01:00,22:00:00,13.983333333333333,8,22,481.0,1320.0,0,0
52056,2024-07-16,5,08:02:00,22:01:00,13.983333333333333,8,22,482.0,1321.0,0,0
52056,2024-07-17,5,07:59:00,22:00:00,14.016666666666667,7,22,479.0,1320.0,0,0
52056,2024-07-18,6,08:00:00,22:06:00,14.1,8,22,480.0,1326.0,0,0
52056,2024-07-19,6,08:03:00,22:01:00,13.966666666666669,8,22,483.0,1321.0,0,0
52056,2024-07-20,0,08:00:00,22:02:00,14.033333333333331,8,22,480.0,1322.0,0,0
52056,2024-07-21,0,08:03:00,22:00:00,13.95,8,22,483.0,1320.0,0,0
52056,2024-07-22,1,08:00:00,21:58:00,13.966666666666669,8,21,480.0,1318.0,0,0
52056,2024-07-23,1,08:00:00,21:59:00,13.983333333333333,8,21,480.0,1319.0,0,0
52056,2024-07-24,2,08:02:00,22:00:00,13.966666666666669,8,22,482.0,1320.0,0,0
52056,2024-07-25,2,08:03:00,22:00:00,13.95,8,22,483.0,1320.0,0,0
52056,2024-07-26,3,08:04:00,21:59:00,13.916666666666666,8,21,484.0,1319.0,0,0
52056,2024-07-27,3,08:02:00,22:00:00,13.966666666666669,8,22,482.0,1320.0,0,0
52056,2024-07-28,4,08:02:00,23:58:00,15.933333333333334,8,23,482.0,1438.0,0,0
52056,2024-07-29,4,08:02:00,23:08:00,15.1,8,23,482.0,1388.0,0,0
52056,2024-07-30,6,08:02:00,22:55:00,14.883333333333333,8,22,482.0,1375.0,0,0
52056,2024-07-31,6,08:02:00,22:57:00,14.916666666666666,8,22,482.0,1377.0,0,0
52056,2024-08-01,0,08:02:00,22:58:00,14.933333333333334,8,22,482.0,1378.0,0,0
52056,2024-08-02,0,08:04:00,10:57:00,2.8833333333333333,8,10,484.0,657.0,1,1
52057,2024-06-02,1,15:57:00,20:01:00,4.066666666666666,15,20,957.0,1201.0,2,2
52057,2024-06-03,1,00:03:00,15:57:00,15.9,0,15,3.0,957.0,4,4
52057,2024-06-04,2,10:02:00,15:57:00,5.916666666666667,10,15,602.0,957.0,3,3
52057,2024-06-05,2,10:00:00,15:59:00,5.983333333333333,10,15,600.0,959.0,3,3
52057,2024-06-06,3,10:01:00,15:57:00,5.933333333333334,10,15,601.0,957.0,3,3
52057,2024-06-07,3,13:00:00,15:56:00,2.933333333333333,13,15,780.0,956.0,3,3
52057,2024-06-08,4,10:01:00,15:56:00,5.916666666666667,10,15,601.0,956.0,3,3
52057,2024-06-09,4,09:59:00,23:58:00,13.983333333333333,9,23,599.0,1438.0,0,0
52057,2024-06-10,5,10:02:00,23:55:00,13.883333333333333,10,23,602.0,1435.0,0,0
52057,2024-06-11,5,10:03:00,23:59:00,13.933333333333334,10,23,603.0,1439.0,0,0
52057,2024-06-12,6,10:01:00,16:02:00,6.016666666666667,10,16,601.0,962.0,3,3
52057,2024-06-13,6,10:01:00,15:58:00,5.95,10,15,601.0,958.0,3,3
52057,2024-06-14,0,12:59:00,16:03:00,3.066666666666667,12,16,779.0,963.0,3,3
52057,2024-06-15,0,10:00:00,16:05:00,6.083333333333333,10,16,600.0,965.0,3,3
52057,2024-06-16,1,08:07:00,23:56:00,15.816666666666666,8,23,487.0,1436.0,0,0
52057,2024-06-18,1,10:15:00,15:58:00,5.716666666666667,10,15,615.0,958.0,3,3
52057,2024-06-19,2,10:04:00,23:57:00,13.883333333333333,10,23,604.0,1437.0,0,0
52057,2024-06-20,2,10:02:00,23:55:00,13.883333333333333,10,23,602.0,1435.0,0,0
52057,2024-06-21,3,12:57:00,23:59:00,11.033333333333331,12,23,777.0,1439.0,2,2
52057,2024-06-22,3,10:01:00,23:58:00,13.95,10,23,601.0,1438.0,0,0
52057,2024-06-23,4,10:01:00,15:56:00,5.916666666666667,10,15,601.0,956.0,3,3
52057,2024-06-24,4,10:01:00,16:00:00,5.983333333333333,10,16,601.0,960.0,3,3
52057,2024-06-25,5,10:04:00,23:56:00,13.866666666666667,10,23,604.0,1436.0,0,0
52057,2024-06-26,5,09:57:00,23:57:00,14.0,9,23,597.0,1437.0,0,0
52057,2024-06-27,0,10:01:00,15:57:00,5.933333333333334,10,15,601.0,957.0,3,3
52057,2024-06-28,0,13:01:00,15:58:00,2.95,13,15,781.0,958.0,3,3
52057,2024-06-29,1,10:03:00,15:59:00,5.933333333333334,10,15,603.0,959.0,3,3
52057,2024-06-30,1,10:04:00,16:01:00,5.95,10,16,604.0,961.0,3,3
52057,2024-07-01,2,09:58:00,15:57:00,5.983333333333333,9,15,598.0,957.0,3,3
52057,2024-07-02,2,09:57:00,16:00:00,6.05,9,16,597.0,960.0,3,3
52057,2024-07-03,3,09:56:00,15:57:00,6.016666666666667,9,15,596.0,957.0,3,3
52057,2024-07-04,4,09:57:00,15:56:00,5.983333333333333,9,15,597.0,956.0,3,3
52057,2024-07-05,4,13:03:00,15:58:00,2.9166666666666665,13,15,783.0,958.0,3,3
52057,2024-07-06,5,09:58:00,15:55:00,5.95,9,15,598.0,955.0,3,3
52057,2024-07-07,5,09:57:00,15:56:00,5.983333333333333,9,15,597.0,956.0,3,3
52057,2024-07-08,0,09:57:00,23:59:00,14.033333333333331,9,23,597.0,1439.0,0,0
52057,2024-07-09,0,09:57:00,23:58:00,14.016666666666667,9,23,597.0,1438.0,0,0
52057,2024-07-10,1,09:55:00,23:59:00,14.066666666666666,9,23,595.0,1439.0,0,0
52057,2024-07-11,1,09:59:00,15:57:00,5.966666666666667,9,15,599.0,957.0,3,3
52057,2024-07-12,2,12:53:00,15:57:00,3.066666666666667,12,15,773.0,957.0,3,3
52057,2024-07-13,2,09:55:00,15:58:00,6.05,9,15,595.0,958.0,3,3
52057,2024-07-14,3,09:58:00,15:57:00,5.983333333333333,9,15,598.0,957.0,3,3
52057,2024-07-15,3,09:58:00,15:56:00,5.966666666666667,9,15,598.0,956.0,3,3
52057,2024-07-16,0,09:59:00,23:59:00,14.0,9,23,599.0,1439.0,0,0
52057,2024-07-17,0,09:57:00,15:56:00,5.983333333333333,9,15,597.0,956.0,3,3
52057,2024-07-18,1,09:56:00,15:59:00,6.05,9,15,596.0,959.0,3,3
52057,2024-07-19,1,12:57:00,15:57:00,3.0,12,15,777.0,957.0,3,3
52057,2024-07-20,2,09:57:00,15:57:00,6.0,9,15,597.0,957.0,3,3
52057,2024-07-21,2,09:59:00,23:59:00,14.0,9,23,599.0,1439.0,0,0
52057,2024-07-22,3,09:58:00,15:59:00,6.016666666666667,9,15,598.0,959.0,3,3
52057,2024-07-23,4,09:58:00,16:00:00,6.033333333333333,9,16,598.0,960.0,3,3
52057,2024-07-24,4,10:00:00,15:55:00,5.916666666666667,10,15,600.0,955.0,3,3
52057,2024-07-25,5,09:54:00,15:57:00,6.05,9,15,594.0,957.0,3,3
52057,2024-07-26,5,13:01:00,15:56:00,2.9166666666666665,13,15,781.0,956.0,3,3
52057,2024-07-27,6,09:59:00,15:58:00,5.983333333333333,9,15,599.0,958.0,3,3
52057,2024-07-28,6,09:56:00,15:57:00,6.016666666666667,9,15,596.0,957.0,3,3
52057,2024-07-29,0,09:56:00,15:57:00,6.016666666666667,9,15,596.0,957.0,3,3
52057,2024-07-30,1,10:00:00,15:57:00,5.95,10,15,600.0,957.0,3,3
52057,2024-07-31,1,09:59:00,15:55:00,5.933333333333334,9,15,599.0,955.0,3,3
52057,2024-08-01,2,09:57:00,15:57:00,6.0,9,15,597.0,957.0,3,3
52057,2024-08-02,2,13:03:00,15:57:00,2.9,13,15,783.0,957.0,3,3
52058,2024-06-02,3,11:54:00,15:54:00,4.0,11,15,714.0,954.0,3,3
52058,2024-06-03,3,07:57:00,21:56:00,13.983333333333333,7,21,477.0,1316.0,0,0
52058,2024-06-04,4,07:55:00,21:51:00,13.933333333333334,7,21,475.0,1311.0,0,0
52058,2024-06-05,4,07:56:00,21:51:00,13.916666666666666,7,21,476.0,1311.0,0,0
52058,2024-06-06,5,07:55:00,21:51:00,13.933333333333334,7,21,475.0,1311.0,0,0
52058,2024-06-07,1,07:55:00,21:53:00,13.966666666666669,7,21,475.0,1313.0,0,0
52058,2024-06-08,1,07:57:00,21:52:00,13.916666666666666,7,21,477.0,1312.0,0,0
52058,2024-06-09,2,07:55:00,21:53:00,13.966666666666669,7,21,475.0,1313.0,0,0
52058,2024-06-10,2,07:54:00,21:03:00,13.15,7,21,474.0,1263.0,0,0
52058,2024-06-11,3,07:53:00,21:53:00,14.0,7,21,473.0,1313.0,0,0
52058,2024-06-12,3,07:55:00,21:55:00,14.0,7,21,475.0,1315.0,0,0
52058,2024-06-13,4,07:58:00,21:53:00,13.916666666666666,7,21,478.0,1313.0,0,0
52058,2024-06-14,4,07:53:00,21:52:00,13.983333333333333,7,21,473.0,1312.0,0,0
52058,2024-06-15,5,07:58:00,21:51:00,13.883333333333333,7,21,478.0,1311.0,0,0
52058,2024-06-18,5,08:10:00,22:00:00,13.833333333333334,8,22,490.0,1320.0,0,0
52058,2024-06-19,6,08:06:00,21:55:00,13.816666666666666,8,21,486.0,1315.0,0,0
52058,2024-06-20,6,08:04:00,22:03:00,13.983333333333333,8,22,484.0,1323.0,0,0
52058,2024-06-21,0,08:07:00,16:07:00,8.0,8,16,487.0,967.0,3,3
52058,2024-06-22,0,08:07:00,21:59:00,13.866666666666667,8,21,487.0,1319.0,0,0
52058,2024-06-23,1,08:05:00,21:43:00,13.633333333333333,8,21,485.0,1303.0,0,0
52058,2024-06-24,1,08:07:00,22:00:00,13.883333333333333,8,22,487.0,1320.0,0,0
52058,2024-06-25,2,08:05:00,22:06:00,14.016666666666667,8,22,485.0,1326.0,0,0
52058,2024-06-26,3,08:05:00,22:00:00,13.916666666666666,8,22,485.0,1320.0,0,0
52058,2024-06-27,3,08:06:00,22:18:00,14.2,8,22,486.0,1338.0,0,0
52058,2024-06-28,4,08:05:00,21:58:00,13.883333333333333,8,21,485.0,1318.0,0,0
52058,2024-06-29,4,08:34:00,22:08:00,13.566666666666666,8,22,514.0,1328.0,0,0
52058,2024-06-30,5,08:05:00,22:05:00,14.0,8,22,485.0,1325.0,0,0
52058,2024-07-01,5,08:02:00,22:34:00,14.533333333333331,8,22,482.0,1354.0,0,0
52058,2024-07-02,6,07:56:00,22:24:00,14.466666666666669,7,22,476.0,1344.0,0,0
52058,2024-07-03,6,07:56:00,22:02:00,14.1,7,22,476.0,1322.0,0,0
52058,2024-07-04,0,07:56:00,21:51:00,13.916666666666666,7,21,476.0,1311.0,0,0
52058,2024-07-05,0,07:56:00,21:53:00,13.95,7,21,476.0,1313.0,0,0
52058,2024-07-06,1,07:56:00,21:54:00,13.966666666666669,7,21,476.0,1314.0,0,0
52058,2024-07-07,1,07:56:00,21:54:00,13.966666666666669,7,21,476.0,1314.0,0,0
52058,2024-07-08,2,07:56:00,21:52:00,13.933333333333334,7,21,476.0,1312.0,0,0
52058,2024-07-09,2,07:56:00,21:53:00,13.95,7,21,476.0,1313.0,0,0
52058,2024-07-10,4,07:56:00,21:55:00,13.983333333333333,7,21,476.0,1315.0,0,0
52058,2024-07-11,4,07:56:00,21:52:00,13.933333333333334,7,21,476.0,1312.0,0,0
52058,2024-07-12,5,07:58:00,21:51:00,13.883333333333333,7,21,478.0,1311.0,0,0
52058,2024-07-13,5,07:55:00,21:53:00,13.966666666666669,7,21,475.0,1313.0,0,0
52058,2024-07-14,6,07:56:00,21:53:00,13.95,7,21,476.0,1313.0,0,0
52058,2024-07-15,6,08:01:00,21:53:00,13.866666666666667,8,21,481.0,1313.0,0,0
52058,2024-07-16,0,08:05:00,22:03:00,13.966666666666669,8,22,485.0,1323.0,0,0
52058,2024-07-17,0,08:05:00,22:04:00,13.983333333333333,8,22,485.0,1324.0,0,0
52058,2024-07-18,1,08:06:00,21:53:00,13.783333333333331,8,21,486.0,1313.0,0,0
52058,2024-07-19,1,08:08:00,17:55:00,9.783333333333331,8,17,488.0,1075.0,3,3
52058,2024-07-20,2,08:06:00,22:04:00,13.966666666666669,8,22,486.0,1324.0,0,0
52058,2024-07-21,2,08:06:00,22:03:00,13.95,8,22,486.0,1323.0,0,0
52058,2024-07-22,3,08:05:00,22:01:00,13.933333333333334,8,22,485.0,1321.0,0,0
52058,2024-07-23,3,08:07:00,22:00:00,13.883333333333333,8,22,487.0,1320.0,0,0
52058,2024-07-24,4,08:08:00,21:57:00,13.816666666666666,8,21,488.0,1317.0,0,0
52058,2024-07-25,4,08:06:00,21:51:00,13.75,8,21,486.0,1311.0,0,0
52058,2024-07-26,5,08:06:00,15:56:00,7.833333333333333,8,15,486.0,956.0,3,3
52058,2024-07-27,5,08:06:00,21:53:00,13.783333333333331,8,21,486.0,1313.0,0,0
52058,2024-07-28,6,08:06:00,22:25:00,14.316666666666666,8,22,486.0,1345.0,0,0
52058,2024-07-29,6,08:06:00,16:08:00,8.033333333333333,8,16,486.0,968.0,3,3
52058,2024-07-30,0,08:07:00,21:52:00,13.75,8,21,487.0,1312.0,0,0
52058,2024-07-31,0,08:06:00,22:03:00,13.95,8,22,486.0,1323.0,0,0
52058,2024-08-01,1,07:56:00,21:54:00,13.966666666666669,7,21,476.0,1314.0,0,0
52059,2024-06-02,2,15:54:00,19:58:00,4.066666666666666,15,19,954.0,1198.0,2,2
52059,2024-06-03,2,00:04:00,15:56:00,15.866666666666667,0,15,4.0,956.0,4,4
52059,2024-06-04,3,09:58:00,15:55:00,5.95,9,15,598.0,955.0,3,3
52059,2024-06-05,3,10:04:00,23:58:00,13.9,10,23,604.0,1438.0,0,0
52059,2024-06-06,4,09:57:00,15:56:00,5.983333333333333,9,15,597.0,956.0,3,3
52059,2024-06-07,4,12:56:00,15:54:00,2.966666666666667,12,15,776.0,954.0,3,3
52059,2024-06-08,5,09:57:00,15:53:00,5.933333333333334,9,15,597.0,953.0,3,3
52059,2024-06-09,5,10:01:00,23:58:00,13.95,10,23,601.0,1438.0,0,0
52059,2024-06-10,6,09:56:00,23:54:00,13.966666666666669,9,23,596.0,1434.0,0,0
52059,2024-06-11,6,09:59:00,15:52:00,5.883333333333334,9,15,599.0,952.0,3,3
52059,2024-06-12,0,09:54:00,15:55:00,6.016666666666667,9,15,594.0,955.0,3,3
52059,2024-06-13,0,09:59:00,15:57:00,5.966666666666667,9,15,599.0,957.0,3,3
52059,2024-06-14,1,16:00:00,19:58:00,3.966666666666667,16,19,960.0,1198.0,2,2
52059,2024-06-15,1,00:01:00,15:54:00,15.883333333333333,0,15,1.0,954.0,4,4
52059,2024-06-16,2,09:54:00,23:58:00,14.066666666666666,9,23,594.0,1438.0,0,0
52059,2024-06-18,2,10:04:00,15:56:00,5.866666666666666,10,15,604.0,956.0,3,3
52059,2024-06-19,3,10:02:00,23:56:00,13.9,10,23,602.0,1436.0,0,0
52059,2024-06-20,3,09:57:00,23:54:00,13.95,9,23,597.0,1434.0,0,0
52059,2024-06-21,4,12:43:00,23:59:00,11.266666666666667,12,23,763.0,1439.0,2,2
52059,2024-06-22,4,09:59:00,23:58:00,13.983333333333333,9,23,599.0,1438.0,0,0
52059,2024-06-23,5,09:57:00,15:56:00,5.983333333333333,9,15,597.0,956.0,3,3
52059,2024-06-24,5,09:54:00,15:56:00,6.033333333333333,9,15,594.0,956.0,3,3
52059,2024-06-25,6,10:06:00,23:57:00,13.85,10,23,606.0,1437.0,0,0
52059,2024-06-26,6,10:00:00,23:56:00,13.933333333333334,10,23,600.0,1436.0,0,0
52059,2024-06-27,0,09:57:00,15:56:00,5.983333333333333,9,15,597.0,956.0,3,3
52059,2024-06-28,0,12:51:00,15:57:00,3.1,12,15,771.0,957.0,3,3
52059,2024-06-29,1,09:59:00,15:56:00,5.95,9,15,599.0,956.0,3,3
52059,2024-06-30,1,09:57:00,15:58:00,6.016666666666667,9,15,597.0,958.0,3,3
52059,2024-07-01,2,09:57:00,15:55:00,5.966666666666667,9,15,597.0,955.0,3,3
52059,2024-07-02,2,10:07:00,15:58:00,5.85,10,15,607.0,958.0,3,3
52059,2024-07-03,3,09:58:00,15:56:00,5.966666666666667,9,15,598.0,956.0,3,3
52059,2024-07-04,3,10:07:00,15:56:00,5.816666666666666,10,15,607.0,956.0,3,3
52059,2024-07-05,4,12:51:00,15:57:00,3.1,12,15,771.0,957.0,3,3
52059,2024-07-06,4,09:57:00,15:52:00,5.916666666666667,9,15,597.0,952.0,3,3
52059,2024-07-07,1,09:57:00,15:55:00,5.966666666666667,9,15,597.0,955.0,3,3
52059,2024-07-08,1,10:04:00,23:59:00,13.916666666666666,10,23,604.0,1439.0,0,0
52059,2024-07-09,2,09:57:00,23:58:00,14.016666666666667,9,23,597.0,1438.0,0,0
52059,2024-07-10,2,10:00:00,23:59:00,13.983333333333333,10,23,600.0,1439.0,0,0
52059,2024-07-11,3,09:58:00,23:59:00,14.016666666666667,9,23,598.0,1439.0,0,0
52059,2024-07-12,3,12:52:00,15:55:00,3.05,12,15,772.0,955.0,3,3
52059,2024-07-13,6,09:57:00,23:59:00,14.033333333333331,9,23,597.0,1439.0,0,0
52059,2024-07-14,6,10:00:00,23:59:00,13.983333333333333,10,23,600.0,1439.0,0,0
52059,2024-07-15,0,08:06:00,21:54:00,13.8,8,21,486.0,1314.0,0,0
52059,2024-07-16,0,07:55:00,21:52:00,13.95,7,21,475.0,1312.0,0,0
52059,2024-07-17,2,07:56:00,21:53:00,13.95,7,21,476.0,1313.0,0,0
52059,2024-07-18,2,07:57:00,21:52:00,13.916666666666666,7,21,477.0,1312.0,0,0
52059,2024-07-19,3,07:56:00,21:53:00,13.95,7,21,476.0,1313.0,0,0
52059,2024-07-20,3,07:56:00,21:51:00,13.916666666666666,7,21,476.0,1311.0,0,0
52059,2024-07-21,1,07:57:00,21:51:00,13.9,7,21,477.0,1311.0,0,0
52059,2024-07-22,1,07:56:00,21:51:00,13.916666666666666,7,21,476.0,1311.0,0,0
52059,2024-07-23,2,07:56:00,21:53:00,13.95,7,21,476.0,1313.0,0,0
52059,2024-07-24,2,07:58:00,21:51:00,13.883333333333333,7,21,478.0,1311.0,0,0
52059,2024-07-25,3,07:56:00,12:07:00,4.183333333333334,7,12,476.0,727.0,1,1
52059,2024-07-26,3,07:56:00,21:52:00,13.933333333333334,7,21,476.0,1312.0,0,0
52059,2024-07-27,5,09:55:00,23:59:00,14.066666666666666,9,23,595.0,1439.0,0,0
52059,2024-07-28,5,10:05:00,15:56:00,5.85,10,15,605.0,956.0,3,3
52059,2024-07-29,6,09:55:00,15:55:00,6.0,9,15,595.0,955.0,3,3
52059,2024-07-30,6,10:00:00,15:56:00,5.933333333333334,10,15,600.0,956.0,3,3
52059,2024-07-31,0,10:01:00,15:56:00,5.916666666666667,10,15,601.0,956.0,3,3
52059,2024-08-01,0,09:58:00,15:57:00,5.983333333333333,9,15,598.0,957.0,3,3
52059,2024-08-02,2,13:08:00,16:10:00,3.033333333333333,13,16,788.0,970.0,3,3
52060,2024-07-16,4,15:54:00,23:59:00,8.083333333333334,15,23,954.0,1439.0,2,2
52060,2024-07-28,2,16:09:00,22:25:00,6.266666666666667,16,22,969.0,1345.0,2,2
52060,2024-07-29,2,02:04:00,22:10:00,20.1,2,22,124.0,1330.0,0,0
52060,2024-07-30,3,07:56:00,22:13:00,14.283333333333331,7,22,476.0,1333.0,0,0
52060,2024-07-31,3,07:54:00,22:07:00,14.216666666666669,7,22,474.0,1327.0,0,0
52060,2024-08-01,6,07:55:00,22:12:00,14.283333333333331,7,22,475.0,1332.0,0,0
52062,2024-06-03,6,09:58:00,15:55:00,5.95,9,15,598.0,955.0,3,3
52062,2024-06-04,6,09:58:00,15:55:00,5.95,9,15,598.0,955.0,3,3
52062,2024-06-05,0,10:03:00,23:59:00,13.933333333333334,10,23,603.0,1439.0,0,0
52062,2024-06-06,0,09:56:00,15:56:00,6.0,9,15,596.0,956.0,3,3
52062,2024-06-07,1,12:51:00,15:54:00,3.05,12,15,771.0,954.0,3,3
52062,2024-06-08,1,09:57:00,15:54:00,5.95,9,15,597.0,954.0,3,3
52062,2024-06-09,2,10:01:00,23:58:00,13.95,10,23,601.0,1438.0,0,0
52062,2024-06-10,2,09:57:00,23:56:00,13.983333333333333,9,23,597.0,1436.0,0,0
52062,2024-06-11,3,09:59:00,23:58:00,13.983333333333333,9,23,599.0,1438.0,0,0
52062,2024-06-12,3,09:54:00,15:53:00,5.983333333333333,9,15,594.0,953.0,3,3
52062,2024-06-13,4,09:59:00,15:56:00,5.95,9,15,599.0,956.0,3,3
52062,2024-06-14,4,12:48:00,19:58:00,7.166666666666667,12,19,768.0,1198.0,2,2
52062,2024-06-15,5,00:01:00,15:55:00,15.9,0,15,1.0,955.0,4,4
52062,2024-06-17,5,09:57:00,15:56:00,5.983333333333333,9,15,597.0,956.0,3,3
52062,2024-06-18,6,10:04:00,15:56:00,5.866666666666666,10,15,604.0,956.0,3,3
52062,2024-06-19,6,10:01:00,23:56:00,13.916666666666666,10,23,601.0,1436.0,0,0
52062,2024-06-20,0,09:57:00,23:54:00,13.95,9,23,597.0,1434.0,0,0
52062,2024-06-21,0,12:51:00,23:59:00,11.133333333333333,12,23,771.0,1439.0,2,2
52062,2024-06-22,1,09:59:00,23:59:00,14.0,9,23,599.0,1439.0,0,0
52062,2024-06-23,1,09:57:00,15:54:00,5.95,9,15,597.0,954.0,3,3
52062,2024-06-24,2,09:55:00,15:55:00,6.0,9,15,595.0,955.0,3,3
52062,2024-06-25,2,10:06:00,23:58:00,13.866666666666667,10,23,606.0,1438.0,0,0
52062,2024-06-26,3,10:00:00,18:58:00,8.966666666666667,10,18,600.0,1138.0,3,3
52062,2024-06-27,3,08:07:00,18:20:00,10.216666666666669,8,18,487.0,1100.0,3,3
52062,2024-06-28,4,12:52:00,15:57:00,3.083333333333333,12,15,772.0,957.0,3,3
52062,2024-06-29,4,09:59:00,15:57:00,5.966666666666667,9,15,599.0,957.0,3,3
52062,2024-06-30,5,09:57:00,16:03:00,6.1,9,16,597.0,963.0,3,3
52062,2024-07-01,5,09:57:00,15:56:00,5.983333333333333,9,15,597.0,956.0,3,3
52062,2024-07-02,6,10:07:00,15:59:00,5.866666666666666,10,15,607.0,959.0,3,3
52062,2024-07-03,6,09:58:00,19:14:00,9.266666666666667,9,19,598.0,1154.0,3,3
52062,2024-07-04,0,10:07:00,15:55:00,5.8,10,15,607.0,955.0,3,3
52062,2024-07-05,0,12:56:00,15:58:00,3.033333333333333,12,15,776.0,958.0,3,3
52062,2024-07-06,1,09:57:00,15:52:00,5.916666666666667,9,15,597.0,952.0,3,3
52062,2024-07-07,1,08:06:00,17:44:00,9.633333333333333,8,17,486.0,1064.0,3,3
52062,2024-07-08,2,08:08:00,18:09:00,10.016666666666667,8,18,488.0,1089.0,3,3
52062,2024-07-09,2,09:57:00,17:52:00,7.916666666666667,9,17,597.0,1072.0,3,3
52062,2024-07-10,3,10:00:00,15:56:00,5.933333333333334,10,15,600.0,956.0,3,3
52062,2024-07-11,3,09:57:00,23:59:00,14.033333333333331,9,23,597.0,1439.0,0,0
52062,2024-07-12,4,12:52:00,15:55:00,3.05,12,15,772.0,955.0,3,3
52062,2024-07-13,4,09:58:00,23:59:00,14.016666666666667,9,23,598.0,1439.0,0,0
52062,2024-07-14,5,10:00:00,23:59:00,13.983333333333333,10,23,600.0,1439.0,0,0
52062,2024-07-15,5,10:11:00,15:55:00,5.733333333333333,10,15,611.0,955.0,3,3
52062,2024-07-16,6,09:55:00,23:58:00,14.05,9,23,595.0,1438.0,0,0
52062,2024-07-17,6,09:57:00,23:59:00,14.033333333333331,9,23,597.0,1439.0,0,0
52062,2024-07-18,0,09:58:00,15:56:00,5.966666666666667,9,15,598.0,956.0,3,3
52062,2024-07-19,0,12:51:00,15:56:00,3.083333333333333,12,15,771.0,956.0,3,3
52062,2024-07-20,1,10:09:00,23:59:00,13.833333333333334,10,23,609.0,1439.0,0,0
52062,2024-07-21,1,09:58:00,15:55:00,5.95,9,15,598.0,955.0,3,3
52062,2024-07-22,2,10:02:00,15:57:00,5.916666666666667,10,15,602.0,957.0,3,3
52062,2024-07-23,2,10:07:00,23:59:00,13.866666666666667,10,23,607.0,1439.0,0,0
52062,2024-07-24,3,09:57:00,23:59:00,14.033333333333331,9,23,597.0,1439.0,0,0
52062,2024-07-25,3,20:02:00,23:59:00,3.95,20,23,1202.0,1439.0,2,2
52062,2024-07-26,4,12:54:00,15:55:00,3.0166666666666666,12,15,774.0,955.0,3,3
52062,2024-07-27,4,09:55:00,17:55:00,8.0,9,17,595.0,1075.0,3,3
52062,2024-07-28,6,10:05:00,17:56:00,7.85,10,17,605.0,1076.0,3,3
52062,2024-07-29,6,08:06:00,17:53:00,9.783333333333331,8,17,486.0,1073.0,3,3
52062,2024-07-30,0,08:07:00,17:54:00,9.783333333333331,8,17,487.0,1074.0,3,3
52062,2024-07-31,0,08:06:00,18:00:00,9.9,8,18,486.0,1080.0,3,3
52062,2024-08-01,1,08:06:00,18:03:00,9.95,8,18,486.0,1083.0,3,3
52063,2024-06-02,2,12:05:00,16:06:00,4.016666666666667,12,16,725.0,966.0,3,3
52063,2024-06-03,2,08:08:00,21:57:00,13.816666666666666,8,21,488.0,1317.0,0,0
52063,2024-06-04,3,08:05:00,21:51:00,13.766666666666667,8,21,485.0,1311.0,0,0
52063,2024-06-05,3,08:05:00,22:09:00,14.066666666666666,8,22,485.0,1329.0,0,0
52063,2024-06-06,4,08:05:00,21:54:00,13.816666666666666,8,21,485.0,1314.0,0,0
52063,2024-06-07,4,08:05:00,10:57:00,2.8666666666666667,8,10,485.0,657.0,1,1
52063,2024-06-08,5,08:08:00,21:53:00,13.75,8,21,488.0,1313.0,0,0
52063,2024-06-09,5,08:05:00,21:52:00,13.783333333333331,8,21,485.0,1312.0,0,0
52063,2024-06-10,6,08:05:00,21:52:00,13.783333333333331,8,21,485.0,1312.0,0,0
52063,2024-06-11,6,08:04:00,21:53:00,13.816666666666666,8,21,484.0,1313.0,0,0
52063,2024-06-12,0,08:08:00,11:53:00,3.75,8,11,488.0,713.0,1,1
52063,2024-06-13,0,08:07:00,21:55:00,13.8,8,21,487.0,1315.0,0,0
52063,2024-06-14,1,08:03:00,21:56:00,13.883333333333333,8,21,483.0,1316.0,0,0
52063,2024-06-15,1,08:07:00,21:56:00,13.816666666666666,8,21,487.0,1316.0,0,0
52063,2024-06-17,2,07:58:00,21:51:00,13.883333333333333,7,21,478.0,1311.0,0,0
52063,2024-06-18,2,08:10:00,21:51:00,13.683333333333334,8,21,490.0,1311.0,0,0
52063,2024-06-19,3,08:05:00,21:55:00,13.833333333333334,8,21,485.0,1315.0,0,0
52063,2024-06-20,3,08:05:00,21:53:00,13.8,8,21,485.0,1313.0,0,0
52063,2024-06-21,4,08:08:00,21:52:00,13.733333333333333,8,21,488.0,1312.0,0,0
52063,2024-06-22,4,07:58:00,21:53:00,13.916666666666666,7,21,478.0,1313.0,0,0
52063,2024-06-23,5,08:05:00,21:51:00,13.766666666666667,8,21,485.0,1311.0,0,0
52063,2024-06-24,5,08:08:00,23:44:00,15.6,8,23,488.0,1424.0,0,0
52063,2024-06-25,6,08:05:00,21:53:00,13.8,8,21,485.0,1313.0,0,0
52063,2024-06-26,6,08:06:00,21:53:00,13.783333333333331,8,21,486.0,1313.0,0,0
52063,2024-06-27,1,08:06:00,22:08:00,14.033333333333331,8,22,486.0,1328.0,0,0
52063,2024-06-28,1,08:06:00,21:58:00,13.866666666666667,8,21,486.0,1318.0,0,0
52063,2024-06-29,2,08:08:00,22:12:00,14.066666666666666,8,22,488.0,1332.0,0,0
52063,2024-06-30,2,08:06:00,11:54:00,3.8,8,11,486.0,714.0,1,1
52063,2024-07-01,3,08:05:00,22:36:00,14.516666666666667,8,22,485.0,1356.0,0,0
52063,2024-07-02,3,08:07:00,22:25:00,14.3,8,22,487.0,1345.0,0,0
52063,2024-07-03,4,08:06:00,22:01:00,13.916666666666666,8,22,486.0,1321.0,0,0
52063,2024-07-04,4,08:06:00,21:51:00,13.75,8,21,486.0,1311.0,0,0
52063,2024-07-05,5,08:05:00,21:54:00,13.816666666666666,8,21,485.0,1314.0,0,0
52063,2024-07-06,5,08:06:00,21:53:00,13.783333333333331,8,21,486.0,1313.0,0,0
52063,2024-07-07,6,08:06:00,22:08:00,14.033333333333331,8,22,486.0,1328.0,0,0
52063,2024-07-08,6,08:08:00,21:52:00,13.733333333333333,8,21,488.0,1312.0,0,0
52063,2024-07-09,0,08:05:00,21:54:00,13.816666666666666,8,21,485.0,1314.0,0,0
52063,2024-07-10,0,07:56:00,21:54:00,13.966666666666669,7,21,476.0,1314.0,0,0
52063,2024-07-11,1,08:05:00,21:53:00,13.8,8,21,485.0,1313.0,0,0
52063,2024-07-12,1,08:08:00,21:53:00,13.75,8,21,488.0,1313.0,0,0
52063,2024-07-13,2,08:06:00,22:07:00,14.016666666666667,8,22,486.0,1327.0,0,0
52063,2024-07-14,2,08:06:00,21:54:00,13.8,8,21,486.0,1314.0,0,0
52063,2024-07-15,3,08:07:00,21:53:00,13.766666666666667,8,21,487.0,1313.0,0,0
52063,2024-07-16,3,08:05:00,21:52:00,13.783333333333331,8,21,485.0,1312.0,0,0
52063,2024-07-17,4,08:06:00,21:53:00,13.783333333333331,8,21,486.0,1313.0,0,0
52063,2024-07-18,4,08:05:00,21:52:00,13.783333333333331,8,21,485.0,1312.0,0,0
52063,2024-07-19,5,08:08:00,21:53:00,13.75,8,21,488.0,1313.0,0,0
52063,2024-07-20,5,08:05:00,21:51:00,13.766666666666667,8,21,485.0,1311.0,0,0
52063,2024-07-21,6,08:06:00,21:51:00,13.75,8,21,486.0,1311.0,0,0
52063,2024-07-22,6,08:06:00,21:52:00,13.766666666666667,8,21,486.0,1312.0,0,0
52063,2024-07-23,0,07:56:00,21:54:00,13.966666666666669,7,21,476.0,1314.0,0,0
52063,2024-07-24,0,08:09:00,21:50:00,13.683333333333334,8,21,489.0,1310.0,0,0
52063,2024-07-25,1,08:06:00,21:50:00,13.733333333333333,8,21,486.0,1310.0,0,0
52063,2024-07-26,1,08:06:00,21:52:00,13.766666666666667,8,21,486.0,1312.0,0,0
52063,2024-07-27,2,08:06:00,22:00:00,13.9,8,22,486.0,1320.0,0,0
52063,2024-07-28,2,08:06:00,22:25:00,14.316666666666666,8,22,486.0,1345.0,0,0
52063,2024-07-29,3,08:06:00,21:49:00,13.716666666666669,8,21,486.0,1309.0,0,0
52063,2024-07-30,3,08:06:00,21:51:00,13.75,8,21,486.0,1311.0,0,0
52063,2024-07-31,4,08:05:00,16:12:00,8.116666666666667,8,16,485.0,972.0,3,3
52063,2024-08-01,4,07:56:00,21:52:00,13.933333333333334,7,21,476.0,1312.0,0,0
52063,2024-08-02,5,08:06:00,11:02:00,2.933333333333333,8,11,486.0,662.0,1,1
52064,2024-06-02,5,16:07:00,22:02:00,5.916666666666667,16,22,967.0,1322.0,2,2
52064,2024-06-03,6,11:52:00,16:09:00,4.283333333333333,11,16,712.0,969.0,3,3
52064,2024-06-04,6,08:06:00,21:53:00,13.783333333333331,8,21,486.0,1313.0,0,0
52064,2024-06-05,0,07:55:00,21:53:00,13.966666666666669,7,21,475.0,1313.0,0,0
52064,2024-06-06,0,08:05:00,21:51:00,13.766666666666667,8,21,485.0,1311.0,0,0
52064,2024-06-07,1,15:55:00,21:53:00,5.966666666666667,15,21,955.0,1313.0,2,2
52064,2024-06-08,1,08:08:00,21:51:00,13.716666666666669,8,21,488.0,1311.0,0,0
52064,2024-06-09,2,08:05:00,22:05:00,14.0,8,22,485.0,1325.0,0,0
52064,2024-06-10,2,08:05:00,11:53:00,3.8,8,11,485.0,713.0,1,1
52064,2024-06-11,3,08:05:00,23:48:00,15.716666666666669,8,23,485.0,1428.0,0,0
52064,2024-06-12,3,08:08:00,22:10:00,14.033333333333331,8,22,488.0,1330.0,0,0
52064,2024-06-13,4,08:08:00,21:50:00,13.7,8,21,488.0,1310.0,0,0
52064,2024-06-14,4,16:17:00,22:07:00,5.833333333333333,16,22,977.0,1327.0,2,2
52064,2024-06-15,5,08:08:00,21:50:00,13.7,8,21,488.0,1310.0,0,0
52064,2024-06-18,5,08:10:00,21:50:00,13.666666666666666,8,21,490.0,1310.0,0,0
52064,2024-06-19,6,08:06:00,21:53:00,13.783333333333331,8,21,486.0,1313.0,0,0
52064,2024-06-20,6,08:05:00,21:54:00,13.816666666666666,8,21,485.0,1314.0,0,0
52064,2024-06-21,0,16:07:00,21:53:00,5.766666666666667,16,21,967.0,1313.0,2,2
52064,2024-06-22,0,08:07:00,16:08:00,8.016666666666667,8,16,487.0,968.0,3,3
52064,2024-06-23,1,08:05:00,21:50:00,13.75,8,21,485.0,1310.0,0,0
52064,2024-06-24,1,08:08:00,21:53:00,13.75,8,21,488.0,1313.0,0,0
52064,2024-06-25,2,08:05:00,22:31:00,14.433333333333334,8,22,485.0,1351.0,0,0
52064,2024-06-26,2,08:05:00,21:53:00,13.8,8,21,485.0,1313.0,0,0
52064,2024-06-27,3,08:06:00,21:53:00,13.783333333333331,8,21,486.0,1313.0,0,0
52064,2024-06-28,3,16:11:00,21:51:00,5.666666666666667,16,21,971.0,1311.0,2,2
52064,2024-06-29,4,08:08:00,16:10:00,8.033333333333333,8,16,488.0,970.0,3,3
52064,2024-06-30,4,08:05:00,22:14:00,14.15,8,22,485.0,1334.0,0,0
52064,2024-07-01,5,08:05:00,22:44:00,14.65,8,22,485.0,1364.0,0,0
52064,2024-07-02,5,08:07:00,21:51:00,13.733333333333333,8,21,487.0,1311.0,0,0
52064,2024-07-03,6,08:06:00,21:52:00,13.766666666666667,8,21,486.0,1312.0,0,0
52064,2024-07-04,6,08:05:00,21:52:00,13.783333333333331,8,21,485.0,1312.0,0,0
52064,2024-07-05,0,16:10:00,21:53:00,5.716666666666667,16,21,970.0,1313.0,2,2
52064,2024-07-06,0,08:05:00,21:53:00,13.8,8,21,485.0,1313.0,0,0
52064,2024-07-07,1,08:06:00,21:53:00,13.783333333333331,8,21,486.0,1313.0,0,0
52064,2024-07-08,1,08:08:00,21:52:00,13.733333333333333,8,21,488.0,1312.0,0,0
52064,2024-07-09,2,08:05:00,21:54:00,13.816666666666666,8,21,485.0,1314.0,0,0
52064,2024-07-10,2,08:08:00,21:59:00,13.85,8,21,488.0,1319.0,0,0
52064,2024-07-11,3,08:06:00,21:52:00,13.766666666666667,8,21,486.0,1312.0,0,0
52064,2024-07-12,3,16:10:00,21:50:00,5.666666666666667,16,21,970.0,1310.0,2,2
52064,2024-07-13,4,08:06:00,21:53:00,13.783333333333331,8,21,486.0,1313.0,0,0
52064,2024-07-14,4,08:05:00,22:09:00,14.066666666666666,8,22,485.0,1329.0,0,0
52064,2024-07-15,5,08:06:00,22:10:00,14.066666666666666,8,22,486.0,1330.0,0,0
52064,2024-07-16,5,08:05:00,22:07:00,14.033333333333331,8,22,485.0,1327.0,0,0
52064,2024-07-17,6,08:06:00,22:08:00,14.033333333333331,8,22,486.0,1328.0,0,0
52064,2024-07-18,6,08:06:00,21:53:00,13.783333333333331,8,21,486.0,1313.0,0,0
52064,2024-07-19,0,16:08:00,22:09:00,6.016666666666667,16,22,968.0,1329.0,2,2
52064,2024-07-20,0,08:06:00,21:51:00,13.75,8,21,486.0,1311.0,0,0
52064,2024-07-21,1,08:06:00,12:05:00,3.983333333333333,8,12,486.0,725.0,1,1
52064,2024-07-22,1,08:06:00,22:07:00,14.016666666666667,8,22,486.0,1327.0,0,0
52064,2024-07-23,2,08:06:00,22:07:00,14.016666666666667,8,22,486.0,1327.0,0,0
52064,2024-07-24,2,08:09:00,21:51:00,13.7,8,21,489.0,1311.0,0,0
52064,2024-07-25,3,08:06:00,22:07:00,14.016666666666667,8,22,486.0,1327.0,0,0
52064,2024-07-26,3,08:06:00,22:08:00,14.033333333333331,8,22,486.0,1328.0,0,0
52064,2024-07-27,4,08:06:00,22:01:00,13.916666666666666,8,22,486.0,1321.0,0,0
52064,2024-07-28,4,08:06:00,22:25:00,14.316666666666666,8,22,486.0,1345.0,0,0
52064,2024-07-29,6,08:06:00,22:23:00,14.283333333333331,8,22,486.0,1343.0,0,0
52064,2024-07-30,6,08:06:00,22:12:00,14.1,8,22,486.0,1332.0,0,0
52064,2024-07-31,0,08:06:00,21:59:00,13.883333333333333,8,21,486.0,1319.0,0,0
52064,2024-08-01,0,08:06:00,11:52:00,3.7666666666666666,8,11,486.0,712.0,1,1
52064,2024-08-02,1,07:56:00,11:02:00,3.1,7,11,476.0,662.0,1,1
52066,2024-06-03,0,09:59:00,15:53:00,5.9,9,15,599.0,953.0,3,3
52066,2024-06-04,0,09:59:00,15:55:00,5.933333333333334,9,15,599.0,955.0,3,3
52066,2024-06-05,1,10:03:00,15:57:00,5.9,10,15,603.0,957.0,3,3
52066,2024-06-06,1,09:56:00,15:56:00,6.0,9,15,596.0,956.0,3,3
52066,2024-06-07,2,13:02:00,15:54:00,2.8666666666666667,13,15,782.0,954.0,3,3
52066,2024-06-08,2,09:57:00,15:53:00,5.933333333333334,9,15,597.0,953.0,3,3
52066,2024-06-09,3,10:01:00,23:59:00,13.966666666666669,10,23,601.0,1439.0,0,0
52066,2024-06-10,3,09:57:00,23:55:00,13.966666666666669,9,23,597.0,1435.0,0,0
52066,2024-06-11,4,09:59:00,15:54:00,5.916666666666667,9,15,599.0,954.0,3,3
52066,2024-06-12,4,09:54:00,15:55:00,6.016666666666667,9,15,594.0,955.0,3,3
52066,2024-06-13,4,09:59:00,15:56:00,5.95,9,15,599.0,956.0,3,3
52066,2024-06-14,4,12:47:00,15:57:00,3.1666666666666665,12,15,767.0,957.0,3,3
52066,2024-06-15,5,09:59:00,15:55:00,5.933333333333334,9,15,599.0,955.0,3,3
52066,2024-06-17,6,09:57:00,15:57:00,6.0,9,15,597.0,957.0,3,3
52066,2024-06-18,6,10:04:00,15:56:00,5.866666666666666,10,15,604.0,956.0,3,3
52066,2024-06-19,0,10:02:00,23:56:00,13.9,10,23,602.0,1436.0,0,0
52066,2024-06-20,0,09:57:00,23:54:00,13.95,9,23,597.0,1434.0,0,0
52066,2024-06-21,1,12:49:00,23:59:00,11.166666666666666,12,23,769.0,1439.0,2,2
52066,2024-06-22,1,10:00:00,23:58:00,13.966666666666669,10,23,600.0,1438.0,0,0
52066,2024-06-23,2,09:58:00,15:55:00,5.95,9,15,598.0,955.0,3,3
52066,2024-06-24,2,09:55:00,15:56:00,6.016666666666667,9,15,595.0,956.0,3,3
52066,2024-06-25,3,10:06:00,23:58:00,13.866666666666667,10,23,606.0,1438.0,0,0
52066,2024-06-26,3,10:00:00,23:59:00,13.983333333333333,10,23,600.0,1439.0,0,0
52066,2024-06-27,4,09:57:00,15:56:00,5.983333333333333,9,15,597.0,956.0,3,3
52066,2024-06-28,4,12:51:00,15:59:00,3.1333333333333333,12,15,771.0,959.0,3,3
52066,2024-06-29,5,10:00:00,15:57:00,5.95,10,15,600.0,957.0,3,3
52066,2024-06-30,5,09:57:00,15:58:00,6.016666666666667,9,15,597.0,958.0,3,3
52066,2024-07-01,6,09:57:00,15:56:00,5.983333333333333,9,15,597.0,956.0,3,3
52066,2024-07-02,6,10:07:00,15:58:00,5.85,10,15,607.0,958.0,3,3
52066,2024-07-03,0,09:58:00,15:56:00,5.966666666666667,9,15,598.0,956.0,3,3
52066,2024-07-04,0,10:07:00,15:55:00,5.8,10,15,607.0,955.0,3,3
52066,2024-07-05,1,12:51:00,15:57:00,3.1,12,15,771.0,957.0,3,3
52066,2024-07-06,1,09:57:00,15:52:00,5.916666666666667,9,15,597.0,952.0,3,3
52066,2024-07-07,2,09:58:00,15:56:00,5.966666666666667,9,15,598.0,956.0,3,3
52066,2024-07-08,2,10:04:00,23:59:00,13.916666666666666,10,23,604.0,1439.0,0,0
52066,2024-07-09,3,09:57:00,23:58:00,14.016666666666667,9,23,597.0,1438.0,0,0
52066,2024-07-10,4,10:00:00,15:54:00,5.9,10,15,600.0,954.0,3,3
52066,2024-07-11,4,09:57:00,23:59:00,14.033333333333331,9,23,597.0,1439.0,0,0
52066,2024-07-12,5,12:51:00,15:55:00,3.066666666666667,12,15,771.0,955.0,3,3
52066,2024-07-13,5,09:58:00,23:59:00,14.016666666666667,9,23,598.0,1439.0,0,0
52066,2024-07-14,6,10:01:00,15:55:00,5.9,10,15,601.0,955.0,3,3
52066,2024-07-15,6,10:11:00,15:55:00,5.733333333333333,10,15,611.0,955.0,3,3
52066,2024-07-16,0,09:55:00,23:58:00,14.05,9,23,595.0,1438.0,0,0
52066,2024-07-17,0,09:57:00,15:55:00,5.966666666666667,9,15,597.0,955.0,3,3
52066,2024-07-18,1,09:58:00,15:56:00,5.966666666666667,9,15,598.0,956.0,3,3
52066,2024-07-19,1,12:50:00,19:55:00,7.083333333333333,12,19,770.0,1195.0,2,2
52066,2024-07-20,2,10:09:00,23:59:00,13.833333333333334,10,23,609.0,1439.0,0,0
52066,2024-07-21,2,09:58:00,23:59:00,14.016666666666667,9,23,598.0,1439.0,0,0
52066,2024-07-22,3,10:02:00,15:56:00,5.9,10,15,602.0,956.0,3,3
52066,2024-07-23,3,10:28:00,23:59:00,13.516666666666667,10,23,628.0,1439.0,0,0
52066,2024-07-24,4,09:58:00,23:59:00,14.016666666666667,9,23,598.0,1439.0,0,0
52066,2024-07-25,4,09:58:00,23:59:00,14.016666666666667,9,23,598.0,1439.0,0,0
52066,2024-07-26,5,12:51:00,15:55:00,3.066666666666667,12,15,771.0,955.0,3,3
52066,2024-07-27,5,09:55:00,15:56:00,6.016666666666667,9,15,595.0,956.0,3,3
52066,2024-07-28,6,10:05:00,15:55:00,5.833333333333333,10,15,605.0,955.0,3,3
52066,2024-07-29,4,09:56:00,15:55:00,5.983333333333333,9,15,596.0,955.0,3,3
52066,2024-07-30,4,10:01:00,15:55:00,5.9,10,15,601.0,955.0,3,3
52066,2024-07-31,5,10:01:00,15:53:00,5.866666666666666,10,15,601.0,953.0,3,3
52066,2024-08-01,5,09:58:00,15:57:00,5.983333333333333,9,15,598.0,957.0,3,3
52066,2024-08-02,6,13:08:00,15:55:00,2.783333333333333,13,15,788.0,955.0,3,3
52067,2024-06-02,6,12:08:00,16:08:00,4.0,12,16,728.0,968.0,3,3
52067,2024-06-03,0,08:08:00,22:14:00,14.1,8,22,488.0,1334.0,0,0
52067,2024-06-04,0,08:05:00,22:08:00,14.05,8,22,485.0,1328.0,0,0
52067,2024-06-05,1,08:06:00,22:09:00,14.05,8,22,486.0,1329.0,0,0
52067,2024-06-06,1,08:06:00,22:07:00,14.016666666666667,8,22,486.0,1327.0,0,0
52067,2024-06-07,2,08:06:00,22:04:00,13.966666666666669,8,22,486.0,1324.0,0,0
52067,2024-06-08,2,08:08:00,22:01:00,13.883333333333333,8,22,488.0,1321.0,0,0
52067,2024-06-09,3,08:05:00,21:53:00,13.8,8,21,485.0,1313.0,0,0
52067,2024-06-10,3,08:05:00,22:04:00,13.983333333333333,8,22,485.0,1324.0,0,0
52067,2024-06-11,4,08:05:00,22:12:00,14.116666666666667,8,22,485.0,1332.0,0,0
52067,2024-06-12,4,08:08:00,22:08:00,14.0,8,22,488.0,1328.0,0,0
52067,2024-06-13,5,08:08:00,22:09:00,14.016666666666667,8,22,488.0,1329.0,0,0
52067,2024-06-14,5,08:03:00,11:01:00,2.966666666666667,8,11,483.0,661.0,1,1
52067,2024-06-15,6,08:08:00,22:14:00,14.1,8,22,488.0,1334.0,0,0
52067,2024-06-17,6,07:58:00,21:49:00,13.85,7,21,478.0,1309.0,0,0
52067,2024-06-18,0,07:57:00,22:02:00,14.083333333333334,7,22,477.0,1322.0,0,0
52067,2024-06-19,0,07:55:00,21:55:00,14.0,7,21,475.0,1315.0,0,0
52067,2024-06-20,1,07:55:00,21:53:00,13.966666666666669,7,21,475.0,1313.0,0,0
52067,2024-06-21,1,08:08:00,21:52:00,13.733333333333333,8,21,488.0,1312.0,0,0
52067,2024-06-22,2,07:58:00,21:53:00,13.916666666666666,7,21,478.0,1313.0,0,0
52067,2024-06-23,2,07:55:00,21:51:00,13.933333333333334,7,21,475.0,1311.0,0,0
52067,2024-06-24,3,07:57:00,21:52:00,13.916666666666666,7,21,477.0,1312.0,0,0
52067,2024-06-25,3,07:56:00,21:53:00,13.95,7,21,476.0,1313.0,0,0
52067,2024-06-26,4,07:57:00,21:52:00,13.916666666666666,7,21,477.0,1312.0,0,0
52067,2024-06-27,4,07:56:00,22:09:00,14.216666666666669,7,22,476.0,1329.0,0,0
52067,2024-06-28,5,07:55:00,21:57:00,14.033333333333331,7,21,475.0,1317.0,0,0
52067,2024-06-29,5,07:56:00,22:01:00,14.083333333333334,7,22,476.0,1321.0,0,0
52067,2024-06-30,6,07:56:00,21:57:00,14.016666666666667,7,21,476.0,1317.0,0,0
52067,2024-07-01,6,08:06:00,22:50:00,14.733333333333333,8,22,486.0,1370.0,0,0
52067,2024-07-02,0,08:08:00,22:40:00,14.533333333333331,8,22,488.0,1360.0,0,0
52067,2024-07-03,0,08:06:00,22:19:00,14.216666666666669,8,22,486.0,1339.0,0,0
52067,2024-07-04,1,08:06:00,22:07:00,14.016666666666667,8,22,486.0,1327.0,0,0
52067,2024-07-05,1,08:06:00,22:07:00,14.016666666666667,8,22,486.0,1327.0,0,0
52067,2024-07-06,2,08:05:00,21:54:00,13.816666666666666,8,21,485.0,1314.0,0,0
52067,2024-07-07,2,08:06:00,22:10:00,14.066666666666666,8,22,486.0,1330.0,0,0
52067,2024-07-08,3,08:08:00,22:06:00,13.966666666666669,8,22,488.0,1326.0,0,0
52067,2024-07-09,3,08:06:00,22:11:00,14.083333333333334,8,22,486.0,1331.0,0,0
52067,2024-07-10,4,08:08:00,22:12:00,14.066666666666666,8,22,488.0,1332.0,0,0
52067,2024-07-11,4,08:06:00,22:07:00,14.016666666666667,8,22,486.0,1327.0,0,0
52067,2024-07-12,5,08:08:00,22:07:00,13.983333333333333,8,22,488.0,1327.0,0,0
52067,2024-07-13,5,08:06:00,22:06:00,14.0,8,22,486.0,1326.0,0,0
52067,2024-07-14,6,08:06:00,22:03:00,13.95,8,22,486.0,1323.0,0,0
52067,2024-07-15,6,08:06:00,22:10:00,14.066666666666666,8,22,486.0,1330.0,0,0
52067,2024-07-16,0,07:55:00,21:52:00,13.95,7,21,475.0,1312.0,0,0
52067,2024-07-17,0,07:56:00,21:52:00,13.933333333333334,7,21,476.0,1312.0,0,0
52067,2024-07-18,1,07:56:00,21:52:00,13.933333333333334,7,21,476.0,1312.0,0,0
52067,2024-07-19,1,07:56:00,21:52:00,13.933333333333334,7,21,476.0,1312.0,0,0
52067,2024-07-20,2,07:56:00,21:51:00,13.916666666666666,7,21,476.0,1311.0,0,0
52067,2024-07-21,2,07:56:00,21:51:00,13.916666666666666,7,21,476.0,1311.0,0,0
52067,2024-07-22,3,07:56:00,21:51:00,13.916666666666666,7,21,476.0,1311.0,0,0
52067,2024-07-23,3,07:56:00,21:52:00,13.933333333333334,7,21,476.0,1312.0,0,0
52067,2024-07-24,4,07:57:00,21:51:00,13.9,7,21,477.0,1311.0,0,0
52067,2024-07-25,4,07:56:00,21:51:00,13.916666666666666,7,21,476.0,1311.0,0,0
52067,2024-07-26,6,07:56:00,21:51:00,13.916666666666666,7,21,476.0,1311.0,0,0
52067,2024-07-27,6,07:57:00,21:51:00,13.9,7,21,477.0,1311.0,0,0
52067,2024-07-28,0,07:56:00,22:26:00,14.5,7,22,476.0,1346.0,0,0
52067,2024-07-29,0,07:55:00,22:20:00,14.416666666666666,7,22,475.0,1340.0,0,0
52067,2024-07-30,1,07:57:00,21:53:00,13.933333333333334,7,21,477.0,1313.0,0,0
52067,2024-07-31,1,07:54:00,21:51:00,13.95,7,21,474.0,1311.0,0,0
52067,2024-08-01,2,08:07:00,22:12:00,14.083333333333334,8,22,487.0,1332.0,0,0
52067,2024-08-02,2,08:06:00,11:02:00,2.933333333333333,8,11,486.0,662.0,1,1
52068,2024-06-19,3,11:37:00,22:08:00,10.516666666666667,11,22,697.0,1328.0,2,2
52068,2024-06-20,3,08:05:00,22:05:00,14.0,8,22,485.0,1325.0,0,0
52068,2024-06-21,5,08:07:00,16:07:00,8.0,8,16,487.0,967.0,3,3
52068,2024-06-22,5,08:07:00,22:07:00,14.0,8,22,487.0,1327.0,0,0
52068,2024-06-23,6,07:04:00,21:43:00,14.65,7,21,424.0,1303.0,0,0
52068,2024-06-24,6,08:08:00,16:07:00,7.983333333333333,8,16,488.0,967.0,3,3
52068,2024-06-25,0,08:05:00,23:39:00,15.566666666666666,8,23,485.0,1419.0,0,0
52068,2024-06-26,0,08:05:00,22:03:00,13.966666666666669,8,22,485.0,1323.0,0,0
52068,2024-06-27,1,08:06:00,22:22:00,14.266666666666667,8,22,486.0,1342.0,0,0
52068,2024-06-28,1,08:06:00,21:49:00,13.716666666666669,8,21,486.0,1309.0,0,0
52068,2024-06-29,2,08:08:00,22:13:00,14.083333333333334,8,22,488.0,1333.0,0,0
52068,2024-06-30,2,08:05:00,22:06:00,14.016666666666667,8,22,485.0,1326.0,0,0
52068,2024-07-01,3,07:56:00,22:35:00,14.65,7,22,476.0,1355.0,0,0
52068,2024-07-02,3,07:56:00,21:53:00,13.95,7,21,476.0,1313.0,0,0
52068,2024-07-03,4,07:55:00,22:01:00,14.1,7,22,475.0,1321.0,0,0
52068,2024-07-04,4,07:56:00,21:51:00,13.916666666666666,7,21,476.0,1311.0,0,0
52068,2024-07-05,5,07:56:00,21:53:00,13.95,7,21,476.0,1313.0,0,0
52068,2024-07-06,5,07:55:00,22:06:00,14.183333333333334,7,22,475.0,1326.0,0,0
52068,2024-07-07,1,07:55:00,21:52:00,13.95,7,21,475.0,1312.0,0,0
52068,2024-07-08,1,06:47:00,21:33:00,14.766666666666667,6,21,407.0,1293.0,0,0
52068,2024-07-09,2,08:05:00,21:54:00,13.816666666666666,8,21,485.0,1314.0,0,0
52068,2024-07-10,2,07:56:00,21:56:00,14.0,7,21,476.0,1316.0,0,0
52068,2024-07-11,3,07:56:00,21:52:00,13.933333333333334,7,21,476.0,1312.0,0,0
52068,2024-07-12,3,07:58:00,22:05:00,14.116666666666667,7,22,478.0,1325.0,0,0
52068,2024-07-13,4,07:56:00,22:12:00,14.266666666666667,7,22,476.0,1332.0,0,0
52068,2024-07-14,4,07:56:00,21:53:00,13.95,7,21,476.0,1313.0,0,0
52070,2024-06-02,0,13:16:00,23:03:00,9.783333333333331,13,23,796.0,1383.0,2,2
52070,2024-06-03,1,11:21:00,23:00:00,11.65,11,23,681.0,1380.0,0,0
52070,2024-06-04,1,10:54:00,23:02:00,12.133333333333333,10,23,654.0,1382.0,0,0
52070,2024-06-05,2,11:02:00,23:02:00,12.0,11,23,662.0,1382.0,0,0
52070,2024-06-06,2,10:48:00,23:01:00,12.216666666666669,10,23,648.0,1381.0,0,0
52070,2024-06-07,3,10:20:00,22:59:00,12.65,10,22,620.0,1379.0,0,0
52070,2024-06-08,3,11:03:00,22:59:00,11.933333333333334,11,22,663.0,1379.0,0,0
52070,2024-06-09,4,11:15:00,22:58:00,11.716666666666669,11,22,675.0,1378.0,0,0
52070,2024-06-10,4,10:58:00,23:01:00,12.05,10,23,658.0,1381.0,0,0
52070,2024-06-11,5,10:39:00,23:02:00,12.383333333333333,10,23,639.0,1382.0,0,0
52070,2024-06-12,5,11:19:00,23:03:00,11.733333333333333,11,23,679.0,1383.0,0,0
52070,2024-06-13,6,11:10:00,23:03:00,11.883333333333333,11,23,670.0,1383.0,0,0
52070,2024-06-14,6,10:14:00,23:04:00,12.833333333333334,10,23,614.0,1384.0,0,0
52070,2024-06-15,0,10:25:00,22:58:00,12.55,10,22,625.0,1378.0,0,0
52070,2024-06-16,0,11:23:00,23:06:00,11.716666666666669,11,23,683.0,1386.0,0,0
52070,2024-06-17,1,11:06:00,23:03:00,11.95,11,23,666.0,1383.0,0,0
52070,2024-06-18,1,10:53:00,23:08:00,12.25,10,23,653.0,1388.0,0,0
52070,2024-06-19,2,11:01:00,23:04:00,12.05,11,23,661.0,1384.0,0,0
52070,2024-06-20,2,11:17:00,23:03:00,11.766666666666667,11,23,677.0,1383.0,0,0
52070,2024-06-21,3,10:13:00,22:59:00,12.766666666666667,10,22,613.0,1379.0,0,0
52070,2024-06-22,3,11:31:00,23:00:00,11.483333333333333,11,23,691.0,1380.0,2,2
52070,2024-06-23,4,11:11:00,22:58:00,11.783333333333331,11,22,671.0,1378.0,0,0
52070,2024-06-24,4,11:18:00,22:59:00,11.683333333333334,11,22,678.0,1379.0,0,0
52070,2024-06-25,5,11:05:00,23:02:00,11.95,11,23,665.0,1382.0,0,0
52070,2024-06-26,5,11:10:00,23:00:00,11.833333333333334,11,23,670.0,1380.0,0,0
52070,2024-06-27,6,11:09:00,23:02:00,11.883333333333333,11,23,669.0,1382.0,0,0
52070,2024-06-28,6,10:23:00,23:00:00,12.616666666666667,10,23,623.0,1380.0,0,0
52070,2024-06-29,0,11:40:00,23:04:00,11.4,11,23,700.0,1384.0,2,2
52070,2024-06-30,0,11:25:00,23:02:00,11.616666666666667,11,23,685.0,1382.0,0,0
52070,2024-07-01,1,11:24:00,23:01:00,11.616666666666667,11,23,684.0,1381.0,0,0
52070,2024-07-02,1,11:03:00,23:02:00,11.983333333333333,11,23,663.0,1382.0,0,0
52070,2024-07-03,2,10:48:00,23:26:00,12.633333333333333,10,23,648.0,1406.0,0,0
52070,2024-07-04,2,10:55:00,23:02:00,12.116666666666667,10,23,655.0,1382.0,0,0
52070,2024-07-05,3,10:04:00,23:04:00,13.0,10,23,604.0,1384.0,0,0
52070,2024-07-06,3,11:06:00,23:03:00,11.95,11,23,666.0,1383.0,0,0
52070,2024-07-07,4,11:05:00,23:04:00,11.983333333333333,11,23,665.0,1384.0,0,0
52070,2024-07-08,4,10:53:00,23:05:00,12.2,10,23,653.0,1385.0,0,0
52070,2024-07-09,5,10:46:00,23:03:00,12.283333333333331,10,23,646.0,1383.0,0,0
52070,2024-07-10,5,11:06:00,23:01:00,11.916666666666666,11,23,666.0,1381.0,0,0
52070,2024-07-11,6,11:15:00,23:07:00,11.866666666666667,11,23,675.0,1387.0,0,0
52070,2024-07-12,6,09:55:00,22:57:00,13.033333333333331,9,22,595.0,1377.0,0,0
52070,2024-07-13,0,10:51:00,23:00:00,12.15,10,23,651.0,1380.0,0,0
52070,2024-07-14,0,11:02:00,23:03:00,12.016666666666667,11,23,662.0,1383.0,0,0
52070,2024-07-15,1,11:16:00,23:03:00,11.783333333333331,11,23,676.0,1383.0,0,0
52070,2024-07-16,1,11:20:00,23:03:00,11.716666666666669,11,23,680.0,1383.0,0,0
52070,2024-07-17,2,11:04:00,23:05:00,12.016666666666667,11,23,664.0,1385.0,0,0
52070,2024-07-18,2,11:22:00,23:01:00,11.65,11,23,682.0,1381.0,0,0
52070,2024-07-19,3,09:54:00,23:02:00,13.133333333333333,9,23,594.0,1382.0,0,0
52070,2024-07-20,3,11:09:00,23:00:00,11.85,11,23,669.0,1380.0,0,0
52070,2024-07-21,4,11:17:00,23:03:00,11.766666666666667,11,23,677.0,1383.0,0,0
52070,2024-07-22,4,11:16:00,23:00:00,11.733333333333333,11,23,676.0,1380.0,0,0
52070,2024-07-23,5,11:15:00,23:02:00,11.783333333333331,11,23,675.0,1382.0,0,0
52070,2024-07-24,5,11:13:00,23:01:00,11.8,11,23,673.0,1381.0,0,0
52070,2024-07-25,6,11:32:00,23:02:00,11.5,11,23,692.0,1382.0,2,2
52070,2024-07-26,6,10:15:00,23:01:00,12.766666666666667,10,23,615.0,1381.0,0,0
52070,2024-07-27,0,11:00:00,23:00:00,12.0,11,23,660.0,1380.0,0,0
52070,2024-07-28,0,11:41:00,23:01:00,11.333333333333334,11,23,701.0,1381.0,2,2
52070,2024-07-29,1,11:06:00,23:01:00,11.916666666666666,11,23,666.0,1381.0,0,0
52070,2024-07-30,1,11:05:00,23:02:00,11.95,11,23,665.0,1382.0,0,0
52070,2024-07-31,2,11:20:00,23:01:00,11.683333333333334,11,23,680.0,1381.0,0,0
52070,2024-08-01,2,11:32:00,23:01:00,11.483333333333333,11,23,692.0,1381.0,2,2
52072,2024-06-02,3,12:07:00,16:08:00,4.016666666666667,12,16,727.0,968.0,3,3
52072,2024-06-03,4,08:08:00,22:14:00,14.1,8,22,488.0,1334.0,0,0
52072,2024-06-04,4,08:05:00,22:06:00,14.016666666666667,8,22,485.0,1326.0,0,0
52072,2024-06-05,5,08:05:00,22:08:00,14.05,8,22,485.0,1328.0,0,0
52072,2024-06-06,5,08:04:00,22:09:00,14.083333333333334,8,22,484.0,1329.0,0,0
52072,2024-06-07,6,08:05:00,22:08:00,14.05,8,22,485.0,1328.0,0,0
52072,2024-06-09,6,08:05:00,22:07:00,14.033333333333331,8,22,485.0,1327.0,0,0
52072,2024-06-11,0,08:05:00,22:12:00,14.116666666666667,8,22,485.0,1332.0,0,0
52072,2024-06-12,1,08:08:00,22:09:00,14.016666666666667,8,22,488.0,1329.0,0,0
52072,2024-06-13,1,08:07:00,22:10:00,14.05,8,22,487.0,1330.0,0,0
52072,2024-06-14,2,08:03:00,22:11:00,14.133333333333333,8,22,483.0,1331.0,0,0
52072,2024-06-15,2,08:08:00,22:14:00,14.1,8,22,488.0,1334.0,0,0
52072,2024-06-17,3,07:58:00,21:50:00,13.866666666666667,7,21,478.0,1310.0,0,0
52072,2024-06-18,3,08:10:00,21:53:00,13.716666666666669,8,21,490.0,1313.0,0,0
52072,2024-06-19,4,07:55:00,21:55:00,14.0,7,21,475.0,1315.0,0,0
52072,2024-06-20,4,07:56:00,21:53:00,13.95,7,21,476.0,1313.0,0,0
52072,2024-06-21,0,08:17:00,21:53:00,13.6,8,21,497.0,1313.0,0,0
52072,2024-06-22,0,07:58:00,21:53:00,13.916666666666666,7,21,478.0,1313.0,0,0
52072,2024-06-23,1,08:05:00,21:51:00,13.766666666666667,8,21,485.0,1311.0,0,0
52072,2024-06-24,1,07:57:00,11:54:00,3.95,7,11,477.0,714.0,1,1
52072,2024-06-25,2,07:56:00,11:52:00,3.933333333333333,7,11,476.0,712.0,1,1
52072,2024-06-26,2,07:56:00,21:53:00,13.95,7,21,476.0,1313.0,0,0
52072,2024-06-27,3,07:56:00,22:09:00,14.216666666666669,7,22,476.0,1329.0,0,0
52072,2024-06-28,3,08:05:00,21:58:00,13.883333333333333,8,21,485.0,1318.0,0,0
52072,2024-06-29,5,07:56:00,22:02:00,14.1,7,22,476.0,1322.0,0,0
52072,2024-06-30,5,07:56:00,21:56:00,14.0,7,21,476.0,1316.0,0,0
52072,2024-07-01,6,08:06:00,22:51:00,14.75,8,22,486.0,1371.0,0,0
52072,2024-07-02,6,08:07:00,22:40:00,14.55,8,22,487.0,1360.0,0,0
52072,2024-07-03,0,08:05:00,12:08:00,4.05,8,12,485.0,728.0,1,1
52072,2024-07-05,0,16:10:00,21:54:00,5.733333333333333,16,21,970.0,1314.0,2,2
52072,2024-07-06,1,08:05:00,22:10:00,14.083333333333334,8,22,485.0,1330.0,0,0
52072,2024-07-08,1,08:08:00,22:06:00,13.966666666666669,8,22,488.0,1326.0,0,0
52072,2024-07-09,2,08:05:00,21:54:00,13.816666666666666,8,21,485.0,1314.0,0,0
52072,2024-07-10,2,08:07:00,22:12:00,14.083333333333334,8,22,487.0,1332.0,0,0
52072,2024-07-11,3,08:06:00,22:08:00,14.033333333333331,8,22,486.0,1328.0,0,0
52072,2024-07-12,3,08:08:00,22:07:00,13.983333333333333,8,22,488.0,1327.0,0,0
52072,2024-07-13,2,08:06:00,22:07:00,14.016666666666667,8,22,486.0,1327.0,0,0
52072,2024-07-14,2,08:07:00,22:09:00,14.033333333333331,8,22,487.0,1329.0,0,0
52072,2024-07-15,3,08:07:00,12:02:00,3.9166666666666665,8,12,487.0,722.0,1,1
52072,2024-07-16,3,07:56:00,21:52:00,13.933333333333334,7,21,476.0,1312.0,0,0
52072,2024-07-17,5,07:56:00,21:52:00,13.933333333333334,7,21,476.0,1312.0,0,0
52072,2024-07-18,5,07:56:00,21:53:00,13.95,7,21,476.0,1313.0,0,0
52072,2024-07-19,0,07:56:00,21:52:00,13.933333333333334,7,21,476.0,1312.0,0,0
52072,2024-07-20,0,08:06:00,21:52:00,13.766666666666667,8,21,486.0,1312.0,0,0
52072,2024-07-21,1,07:56:00,21:51:00,13.916666666666666,7,21,476.0,1311.0,0,0
52072,2024-07-22,1,07:56:00,21:52:00,13.933333333333334,7,21,476.0,1312.0,0,0
52072,2024-07-23,0,07:56:00,21:55:00,13.983333333333333,7,21,476.0,1315.0,0,0
52072,2024-07-24,0,07:57:00,21:51:00,13.9,7,21,477.0,1311.0,0,0
52072,2024-07-25,1,08:06:00,21:51:00,13.75,8,21,486.0,1311.0,0,0
52072,2024-07-26,1,08:06:00,21:51:00,13.75,8,21,486.0,1311.0,0,0
52072,2024-07-27,3,07:57:00,21:53:00,13.933333333333334,7,21,477.0,1313.0,0,0
52072,2024-07-28,3,07:56:00,22:26:00,14.5,7,22,476.0,1346.0,0,0
52072,2024-07-29,5,07:55:00,11:53:00,3.966666666666667,7,11,475.0,713.0,1,1
52072,2024-07-30,5,07:57:00,21:52:00,13.916666666666666,7,21,477.0,1312.0,0,0
52072,2024-07-31,6,07:54:00,21:51:00,13.95,7,21,474.0,1311.0,0,0
52072,2024-08-01,6,08:07:00,22:12:00,14.083333333333334,8,22,487.0,1332.0,0,0
52072,2024-08-02,0,08:06:00,11:02:00,2.933333333333333,8,11,486.0,662.0,1,1
52073,2024-06-04,0,07:05:00,12:00:00,4.916666666666667,7,12,425.0,720.0,1,1
52073,2024-06-05,1,07:01:00,16:06:00,9.083333333333334,7,16,421.0,966.0,3,3
52073,2024-06-06,1,07:03:00,21:59:00,14.933333333333334,7,21,423.0,1319.0,0,0
52073,2024-06-07,2,16:09:00,21:57:00,5.8,16,21,969.0,1317.0,2,2
52073,2024-06-08,2,07:01:00,11:58:00,4.95,7,11,421.0,718.0,1,1
52073,2024-06-09,4,06:57:00,22:37:00,15.666666666666666,6,22,417.0,1357.0,0,0
52073,2024-06-10,4,07:01:00,22:02:00,15.016666666666667,7,22,421.0,1322.0,0,0
52073,2024-06-11,6,06:59:00,22:07:00,15.133333333333333,6,22,419.0,1327.0,0,0
52073,2024-06-12,6,07:05:00,21:58:00,14.883333333333333,7,21,425.0,1318.0,0,0
52073,2024-06-13,0,07:01:00,22:18:00,15.283333333333331,7,22,421.0,1338.0,0,0
52073,2024-06-14,0,16:05:00,23:47:00,7.7,16,23,965.0,1427.0,2,2
52073,2024-06-15,1,07:14:00,22:52:00,15.633333333333333,7,22,434.0,1372.0,0,0
52073,2024-06-19,1,07:02:00,21:58:00,14.933333333333334,7,21,422.0,1318.0,0,0
52073,2024-06-20,2,07:03:00,21:54:00,14.85,7,21,423.0,1314.0,0,0
52073,2024-06-22,3,16:06:00,21:58:00,5.866666666666666,16,21,966.0,1318.0,2,2
52073,2024-06-23,3,07:00:00,21:57:00,14.95,7,21,420.0,1317.0,0,0
52073,2024-06-24,5,07:00:00,21:58:00,14.966666666666669,7,21,420.0,1318.0,0,0
52073,2024-06-25,5,12:02:00,16:08:00,4.1,12,16,722.0,968.0,3,3
52073,2024-06-26,6,06:59:00,21:57:00,14.966666666666669,6,21,419.0,1317.0,0,0
52073,2024-06-27,6,07:17:00,12:13:00,4.933333333333334,7,12,437.0,733.0,1,1
52073,2024-06-28,0,16:10:00,22:24:00,6.233333333333333,16,22,970.0,1344.0,2,2
52073,2024-06-29,0,07:55:00,21:59:00,14.066666666666666,7,21,475.0,1319.0,0,0
52073,2024-06-30,1,06:59:00,22:00:00,15.016666666666667,6,22,419.0,1320.0,0,0
52073,2024-07-01,1,06:59:00,12:00:00,5.016666666666667,6,12,419.0,720.0,1,1
52073,2024-07-02,2,07:01:00,22:16:00,15.25,7,22,421.0,1336.0,0,0
52073,2024-07-03,2,07:02:00,22:05:00,15.05,7,22,422.0,1325.0,0,0
52073,2024-07-04,3,07:04:00,21:56:00,14.866666666666667,7,21,424.0,1316.0,0,0
52073,2024-07-05,3,16:06:00,22:02:00,5.933333333333334,16,22,966.0,1322.0,2,2
52073,2024-07-06,4,07:00:00,21:57:00,14.95,7,21,420.0,1317.0,0,0
52073,2024-07-07,4,07:01:00,22:33:00,15.533333333333331,7,22,421.0,1353.0,0,0
52073,2024-07-08,5,07:01:00,21:58:00,14.95,7,21,421.0,1318.0,0,0
52073,2024-07-09,5,07:02:00,12:01:00,4.983333333333333,7,12,422.0,721.0,1,1
52073,2024-07-10,6,07:07:00,22:00:00,14.883333333333333,7,22,427.0,1320.0,0,0
52073,2024-07-11,6,07:02:00,21:57:00,14.916666666666666,7,21,422.0,1317.0,0,0
52073,2024-07-12,0,16:12:00,21:57:00,5.75,16,21,972.0,1317.0,2,2
52073,2024-07-13,0,07:06:00,22:06:00,15.0,7,22,426.0,1326.0,0,0
52073,2024-07-14,1,07:05:00,21:57:00,14.866666666666667,7,21,425.0,1317.0,0,0
52073,2024-07-15,1,07:15:00,21:55:00,14.666666666666666,7,21,435.0,1315.0,0,0
52073,2024-07-16,2,07:08:00,22:03:00,14.916666666666666,7,22,428.0,1323.0,0,0
52073,2024-07-17,2,07:04:00,21:59:00,14.916666666666666,7,21,424.0,1319.0,0,0
52073,2024-07-18,3,07:02:00,21:59:00,14.95,7,21,422.0,1319.0,0,0
52073,2024-07-20,3,07:07:00,21:54:00,14.783333333333331,7,21,427.0,1314.0,0,0
52073,2024-07-21,4,07:03:00,21:57:00,14.9,7,21,423.0,1317.0,0,0
52073,2024-07-22,4,07:10:00,21:59:00,14.816666666666666,7,21,430.0,1319.0,0,0
52073,2024-07-23,6,07:11:00,12:02:00,4.85,7,12,431.0,722.0,1,1
52073,2024-07-24,6,07:08:00,21:57:00,14.816666666666666,7,21,428.0,1317.0,0,0
52073,2024-07-25,0,07:02:00,22:01:00,14.983333333333333,7,22,422.0,1321.0,0,0
52073,2024-07-26,0,16:05:00,21:56:00,5.85,16,21,965.0,1316.0,2,2
52073,2024-07-27,1,07:00:00,21:59:00,14.983333333333333,7,21,420.0,1319.0,0,0
52073,2024-07-28,1,07:10:00,21:56:00,14.766666666666667,7,21,430.0,1316.0,0,0
52073,2024-07-29,2,07:04:00,22:00:00,14.933333333333334,7,22,424.0,1320.0,0,0
52073,2024-07-30,2,07:01:00,11:59:00,4.966666666666667,7,11,421.0,719.0,1,1
52073,2024-07-31,3,07:03:00,21:56:00,14.883333333333333,7,21,423.0,1316.0,0,0
52073,2024-08-01,3,06:58:00,21:58:00,15.0,6,21,418.0,1318.0,0,0
52075,2024-06-02,4,11:54:00,15:55:00,4.016666666666667,11,15,714.0,955.0,3,3
52075,2024-06-03,5,07:58:00,21:56:00,13.966666666666669,7,21,478.0,1316.0,0,0
52075,2024-06-04,5,07:55:00,21:52:00,13.95,7,21,475.0,1312.0,0,0
52075,2024-06-05,6,07:56:00,21:51:00,13.916666666666666,7,21,476.0,1311.0,0,0
52075,2024-06-06,6,07:55:00,11:54:00,3.983333333333333,7,11,475.0,714.0,1,1
52075,2024-06-07,0,07:55:00,21:52:00,13.95,7,21,475.0,1312.0,0,0
52075,2024-06-08,0,07:57:00,21:53:00,13.933333333333334,7,21,477.0,1313.0,0,0
52075,2024-06-09,1,07:55:00,21:52:00,13.95,7,21,475.0,1312.0,0,0
52075,2024-06-10,1,07:54:00,21:53:00,13.983333333333333,7,21,474.0,1313.0,0,0
52075,2024-06-11,2,07:53:00,21:53:00,14.0,7,21,473.0,1313.0,0,0
52075,2024-06-12,2,07:55:00,21:54:00,13.983333333333333,7,21,475.0,1314.0,0,0
52075,2024-06-13,3,07:04:00,21:05:00,14.016666666666667,7,21,424.0,1265.0,0,0
52075,2024-06-14,3,07:53:00,21:53:00,14.0,7,21,473.0,1313.0,0,0
52075,2024-06-15,4,07:58:00,21:51:00,13.883333333333333,7,21,478.0,1311.0,0,0
52075,2024-06-17,4,07:57:00,21:49:00,13.866666666666667,7,21,477.0,1309.0,0,0
52075,2024-06-18,5,08:10:00,22:00:00,13.833333333333334,8,22,490.0,1320.0,0,0
52075,2024-06-19,5,08:06:00,22:03:00,13.95,8,22,486.0,1323.0,0,0
52075,2024-06-20,2,08:04:00,22:03:00,13.983333333333333,8,22,484.0,1323.0,0,0
52075,2024-06-21,2,08:08:00,22:02:00,13.9,8,22,488.0,1322.0,0,0
52075,2024-06-22,3,08:08:00,22:01:00,13.883333333333333,8,22,488.0,1321.0,0,0
52075,2024-06-23,3,08:05:00,21:57:00,13.866666666666667,8,21,485.0,1317.0,0,0
52075,2024-06-24,4,08:08:00,22:04:00,13.933333333333334,8,22,488.0,1324.0,0,0
52075,2024-06-25,4,08:06:00,22:09:00,14.05,8,22,486.0,1329.0,0,0
52075,2024-06-26,5,08:05:00,22:04:00,13.983333333333333,8,22,485.0,1324.0,0,0
52075,2024-06-27,5,08:06:00,22:18:00,14.2,8,22,486.0,1338.0,0,0
52075,2024-06-28,6,08:06:00,22:09:00,14.05,8,22,486.0,1329.0,0,0
52075,2024-06-29,6,08:08:00,22:08:00,14.0,8,22,488.0,1328.0,0,0
52075,2024-06-30,0,08:05:00,22:09:00,14.066666666666666,8,22,485.0,1329.0,0,0
52075,2024-07-01,0,08:02:00,22:35:00,14.55,8,22,482.0,1355.0,0,0
52075,2024-07-02,1,07:56:00,22:22:00,14.433333333333334,7,22,476.0,1342.0,0,0
52075,2024-07-03,1,07:55:00,22:01:00,14.1,7,22,475.0,1321.0,0,0
52075,2024-07-04,2,07:56:00,21:51:00,13.916666666666666,7,21,476.0,1311.0,0,0
52075,2024-07-05,2,07:56:00,21:53:00,13.95,7,21,476.0,1313.0,0,0
52075,2024-07-06,3,07:56:00,21:54:00,13.966666666666669,7,21,476.0,1314.0,0,0
52075,2024-07-07,3,07:56:00,21:52:00,13.933333333333334,7,21,476.0,1312.0,0,0
52075,2024-07-08,4,07:56:00,21:52:00,13.933333333333334,7,21,476.0,1312.0,0,0
52075,2024-07-09,4,07:55:00,21:53:00,13.966666666666669,7,21,475.0,1313.0,0,0
52075,2024-07-10,5,06:54:00,22:20:00,15.433333333333334,6,22,414.0,1340.0,0,0
52075,2024-07-11,5,07:56:00,21:52:00,13.933333333333334,7,21,476.0,1312.0,0,0
52075,2024-07-12,6,07:59:00,21:51:00,13.866666666666667,7,21,479.0,1311.0,0,0
52075,2024-07-13,6,07:56:00,21:53:00,13.95,7,21,476.0,1313.0,0,0
52075,2024-07-14,0,07:56:00,21:53:00,13.95,7,21,476.0,1313.0,0,0
52075,2024-07-15,0,07:56:00,21:53:00,13.95,7,21,476.0,1313.0,0,0
52075,2024-07-16,1,08:05:00,21:59:00,13.9,8,21,485.0,1319.0,0,0
52075,2024-07-17,1,08:05:00,21:58:00,13.883333333333333,8,21,485.0,1318.0,0,0
52075,2024-07-18,2,08:06:00,22:07:00,14.016666666666667,8,22,486.0,1327.0,0,0
52075,2024-07-19,2,08:08:00,21:55:00,13.783333333333331,8,21,488.0,1315.0,0,0
52075,2024-07-20,3,08:06:00,21:57:00,13.85,8,21,486.0,1317.0,0,0
52075,2024-07-21,3,08:06:00,22:00:00,13.9,8,22,486.0,1320.0,0,0
52075,2024-07-22,5,08:06:00,22:02:00,13.933333333333334,8,22,486.0,1322.0,0,0
52075,2024-07-23,5,08:07:00,21:57:00,13.833333333333334,8,21,487.0,1317.0,0,0
52075,2024-07-24,6,08:09:00,21:58:00,13.816666666666666,8,21,489.0,1318.0,0,0
52075,2024-07-25,6,08:06:00,21:58:00,13.866666666666667,8,21,486.0,1318.0,0,0
52075,2024-07-26,0,08:06:00,21:57:00,13.85,8,21,486.0,1317.0,0,0
52075,2024-07-27,0,08:06:00,22:00:00,13.9,8,22,486.0,1320.0,0,0
52075,2024-07-28,1,08:06:00,22:26:00,14.333333333333334,8,22,486.0,1346.0,0,0
52075,2024-07-29,1,08:06:00,22:19:00,14.216666666666669,8,22,486.0,1339.0,0,0
52075,2024-07-30,2,08:07:00,21:55:00,13.8,8,21,487.0,1315.0,0,0
52075,2024-07-31,2,08:06:00,21:56:00,13.833333333333334,8,21,486.0,1316.0,0,0
52075,2024-08-01,3,07:56:00,21:54:00,13.966666666666669,7,21,476.0,1314.0,0,0
52075,2024-08-02,3,07:56:00,11:02:00,3.1,7,11,476.0,662.0,1,1
52076,2024-06-02,4,12:03:00,16:07:00,4.066666666666666,12,16,723.0,967.0,3,3
52076,2024-06-03,4,08:07:00,22:13:00,14.1,8,22,487.0,1333.0,0,0
52076,2024-06-04,5,08:05:00,22:06:00,14.016666666666667,8,22,485.0,1326.0,0,0
52076,2024-06-05,5,08:04:00,22:06:00,14.033333333333331,8,22,484.0,1326.0,0,0
52076,2024-06-06,6,08:05:00,22:09:00,14.066666666666666,8,22,485.0,1329.0,0,0
52076,2024-06-07,6,08:05:00,22:06:00,14.016666666666667,8,22,485.0,1326.0,0,0
52076,2024-06-08,0,08:07:00,22:02:00,13.916666666666666,8,22,487.0,1322.0,0,0
52076,2024-06-09,0,08:06:00,22:04:00,13.966666666666669,8,22,486.0,1324.0,0,0
52076,2024-06-10,1,08:05:00,22:04:00,13.983333333333333,8,22,485.0,1324.0,0,0
52076,2024-06-11,1,08:05:00,21:53:00,13.8,8,21,485.0,1313.0,0,0
52076,2024-06-12,2,08:08:00,22:09:00,14.016666666666667,8,22,488.0,1329.0,0,0
52076,2024-06-13,2,08:07:00,21:52:00,13.75,8,21,487.0,1312.0,0,0
52076,2024-06-14,3,08:02:00,21:38:00,13.6,8,21,482.0,1298.0,0,0
52076,2024-06-15,3,08:07:00,21:51:00,13.733333333333333,8,21,487.0,1311.0,0,0
52076,2024-06-18,4,08:31:00,21:53:00,13.366666666666667,8,21,511.0,1313.0,0,0
52076,2024-06-19,4,07:55:00,21:54:00,13.983333333333333,7,21,475.0,1314.0,0,0
52076,2024-06-20,5,07:56:00,21:54:00,13.966666666666669,7,21,476.0,1314.0,0,0
52076,2024-06-21,5,07:57:00,21:52:00,13.916666666666666,7,21,477.0,1312.0,0,0
52076,2024-06-22,6,07:57:00,21:52:00,13.916666666666666,7,21,477.0,1312.0,0,0
52076,2024-06-23,6,07:55:00,21:51:00,13.933333333333334,7,21,475.0,1311.0,0,0
52076,2024-06-24,0,07:57:00,21:52:00,13.916666666666666,7,21,477.0,1312.0,0,0
52076,2024-06-25,0,07:55:00,21:52:00,13.95,7,21,475.0,1312.0,0,0
52076,2024-06-26,1,07:56:00,21:52:00,13.933333333333334,7,21,476.0,1312.0,0,0
52076,2024-06-28,1,07:55:00,21:58:00,14.05,7,21,475.0,1318.0,0,0
52076,2024-06-29,2,07:55:00,22:00:00,14.083333333333334,7,22,475.0,1320.0,0,0
52076,2024-06-30,2,07:55:00,21:56:00,14.016666666666667,7,21,475.0,1316.0,0,0
52076,2024-07-01,3,08:06:00,22:50:00,14.733333333333333,8,22,486.0,1370.0,0,0
52076,2024-07-02,3,08:08:00,22:23:00,14.25,8,22,488.0,1343.0,0,0
52076,2024-07-03,4,08:06:00,22:16:00,14.166666666666666,8,22,486.0,1336.0,0,0
52076,2024-07-04,4,08:05:00,22:06:00,14.016666666666667,8,22,485.0,1326.0,0,0
52076,2024-07-05,5,08:06:00,22:07:00,14.016666666666667,8,22,486.0,1327.0,0,0
52076,2024-07-06,5,16:05:00,22:10:00,6.083333333333333,16,22,965.0,1330.0,2,2
52076,2024-07-07,6,08:06:00,22:08:00,14.033333333333331,8,22,486.0,1328.0,0,0
52076,2024-07-08,6,08:08:00,22:07:00,13.983333333333333,8,22,488.0,1327.0,0,0
52076,2024-07-09,0,08:05:00,22:12:00,14.116666666666667,8,22,485.0,1332.0,0,0
52076,2024-07-10,0,08:08:00,22:12:00,14.066666666666666,8,22,488.0,1332.0,0,0
52076,2024-07-11,1,08:05:00,21:52:00,13.783333333333331,8,21,485.0,1312.0,0,0
52076,2024-07-12,1,08:08:00,22:06:00,13.966666666666669,8,22,488.0,1326.0,0,0
52076,2024-07-13,2,08:05:00,22:07:00,14.033333333333331,8,22,485.0,1327.0,0,0
52076,2024-07-14,2,08:06:00,21:53:00,13.783333333333331,8,21,486.0,1313.0,0,0
52076,2024-07-15,3,08:06:00,22:09:00,14.05,8,22,486.0,1329.0,0,0
52076,2024-07-16,3,07:55:00,21:52:00,13.95,7,21,475.0,1312.0,0,0
52076,2024-07-17,0,07:56:00,21:53:00,13.95,7,21,476.0,1313.0,0,0
52076,2024-07-18,0,07:56:00,21:53:00,13.95,7,21,476.0,1313.0,0,0
52076,2024-07-19,1,07:56:00,21:53:00,13.95,7,21,476.0,1313.0,0,0
52076,2024-07-20,1,07:55:00,21:52:00,13.95,7,21,475.0,1312.0,0,0
52076,2024-07-21,2,07:55:00,21:51:00,13.933333333333334,7,21,475.0,1311.0,0,0
52076,2024-07-22,2,07:55:00,21:51:00,13.933333333333334,7,21,475.0,1311.0,0,0
52076,2024-07-23,3,07:56:00,21:53:00,13.95,7,21,476.0,1313.0,0,0
52076,2024-07-24,3,07:57:00,21:51:00,13.9,7,21,477.0,1311.0,0,0
52076,2024-07-25,4,07:56:00,11:52:00,3.933333333333333,7,11,476.0,712.0,1,1
52076,2024-07-26,4,07:56:00,21:52:00,13.933333333333334,7,21,476.0,1312.0,0,0
52076,2024-07-27,5,07:57:00,21:52:00,13.916666666666666,7,21,477.0,1312.0,0,0
52076,2024-07-28,6,07:56:00,22:26:00,14.5,7,22,476.0,1346.0,0,0
52076,2024-07-29,6,07:54:00,22:19:00,14.416666666666666,7,22,474.0,1339.0,0,0
52076,2024-07-30,0,07:56:00,21:52:00,13.933333333333334,7,21,476.0,1312.0,0,0
52076,2024-07-31,0,07:54:00,21:52:00,13.966666666666669,7,21,474.0,1312.0,0,0
52076,2024-08-01,1,08:06:00,22:03:00,13.95,8,22,486.0,1323.0,0,0
52077,2024-06-02,2,11:54:00,22:15:00,10.35,11,22,714.0,1335.0,2,2
52077,2024-06-03,2,07:57:00,21:56:00,13.983333333333333,7,21,477.0,1316.0,0,0
52077,2024-06-04,3,07:55:00,21:52:00,13.95,7,21,475.0,1312.0,0,0
52077,2024-06-05,3,07:56:00,21:51:00,13.916666666666666,7,21,476.0,1311.0,0,0
52077,2024-06-06,4,07:55:00,21:50:00,13.916666666666666,7,21,475.0,1310.0,0,0
52077,2024-06-07,4,07:55:00,21:53:00,13.966666666666669,7,21,475.0,1313.0,0,0
52077,2024-06-08,5,07:57:00,21:51:00,13.9,7,21,477.0,1311.0,0,0
52077,2024-06-09,5,07:55:00,22:05:00,14.166666666666666,7,22,475.0,1325.0,0,0
52077,2024-06-11,0,08:05:00,21:53:00,13.8,8,21,485.0,1313.0,0,0
52077,2024-06-12,1,07:55:00,21:55:00,14.0,7,21,475.0,1315.0,0,0
52077,2024-06-13,1,07:58:00,21:52:00,13.9,7,21,478.0,1312.0,0,0
52077,2024-06-14,2,07:53:00,21:52:00,13.983333333333333,7,21,473.0,1312.0,0,0
52077,2024-06-15,2,07:58:00,21:50:00,13.866666666666667,7,21,478.0,1310.0,0,0
52077,2024-06-17,3,07:57:00,21:48:00,13.85,7,21,477.0,1308.0,0,0
52077,2024-06-18,3,08:10:00,22:00:00,13.833333333333334,8,22,490.0,1320.0,0,0
52077,2024-06-19,4,08:06:00,22:12:00,14.1,8,22,486.0,1332.0,0,0
52077,2024-06-20,4,08:05:00,22:03:00,13.966666666666669,8,22,485.0,1323.0,0,0
52077,2024-06-21,5,08:08:00,22:04:00,13.933333333333334,8,22,488.0,1324.0,0,0
52077,2024-06-22,6,08:08:00,22:09:00,14.016666666666667,8,22,488.0,1329.0,0,0
52077,2024-06-23,6,08:05:00,22:09:00,14.066666666666666,8,22,485.0,1329.0,0,0
52077,2024-06-24,0,08:08:00,22:04:00,13.933333333333334,8,22,488.0,1324.0,0,0
52077,2024-06-25,0,08:05:00,21:53:00,13.8,8,21,485.0,1313.0,0,0
52077,2024-06-26,1,08:06:00,22:13:00,14.116666666666667,8,22,486.0,1333.0,0,0
52077,2024-06-27,1,08:07:00,22:26:00,14.316666666666666,8,22,487.0,1346.0,0,0
52077,2024-06-28,2,08:06:00,22:14:00,14.133333333333333,8,22,486.0,1334.0,0,0
52077,2024-06-29,2,08:08:00,22:13:00,14.083333333333334,8,22,488.0,1333.0,0,0
52077,2024-06-30,3,08:06:00,22:12:00,14.1,8,22,486.0,1332.0,0,0
52077,2024-07-01,3,08:02:00,22:35:00,14.55,8,22,482.0,1355.0,0,0
52077,2024-07-02,4,07:56:00,21:52:00,13.933333333333334,7,21,476.0,1312.0,0,0
52077,2024-07-03,4,07:56:00,22:01:00,14.083333333333334,7,22,476.0,1321.0,0,0
52077,2024-07-04,5,07:56:00,22:06:00,14.166666666666666,7,22,476.0,1326.0,0,0
52077,2024-07-05,5,07:56:00,21:53:00,13.95,7,21,476.0,1313.0,0,0
52077,2024-07-06,6,07:56:00,21:54:00,13.966666666666669,7,21,476.0,1314.0,0,0
52077,2024-07-08,6,07:56:00,21:52:00,13.933333333333334,7,21,476.0,1312.0,0,0
52077,2024-07-09,0,07:56:00,21:53:00,13.95,7,21,476.0,1313.0,0,0
52077,2024-07-10,0,07:56:00,21:55:00,13.983333333333333,7,21,476.0,1315.0,0,0
52077,2024-07-11,1,07:56:00,21:52:00,13.933333333333334,7,21,476.0,1312.0,0,0
52077,2024-07-12,1,07:58:00,21:51:00,13.883333333333333,7,21,478.0,1311.0,0,0
52077,2024-07-13,2,07:56:00,21:53:00,13.95,7,21,476.0,1313.0,0,0
52077,2024-07-14,2,07:56:00,21:53:00,13.95,7,21,476.0,1313.0,0,0
52077,2024-07-15,3,07:56:00,21:52:00,13.933333333333334,7,21,476.0,1312.0,0,0
52077,2024-07-16,3,08:05:00,22:07:00,14.033333333333331,8,22,485.0,1327.0,0,0
52077,2024-07-17,4,08:06:00,22:07:00,14.016666666666667,8,22,486.0,1327.0,0,0
52077,2024-07-18,4,08:06:00,16:10:00,8.066666666666666,8,16,486.0,970.0,3,3
52077,2024-07-19,5,08:08:00,22:09:00,14.016666666666667,8,22,488.0,1329.0,0,0
52077,2024-07-20,5,08:06:00,22:07:00,14.016666666666667,8,22,486.0,1327.0,0,0
52077,2024-07-21,6,08:06:00,22:06:00,14.0,8,22,486.0,1326.0,0,0
52077,2024-07-22,6,08:06:00,22:09:00,14.05,8,22,486.0,1329.0,0,0
52077,2024-07-23,0,08:07:00,22:07:00,14.0,8,22,487.0,1327.0,0,0
52077,2024-07-24,0,08:09:00,22:09:00,14.0,8,22,489.0,1329.0,0,0
52077,2024-07-25,1,08:06:00,22:07:00,14.016666666666667,8,22,486.0,1327.0,0,0
52077,2024-07-26,1,08:06:00,22:10:00,14.066666666666666,8,22,486.0,1330.0,0,0
52077,2024-07-27,2,08:06:00,22:11:00,14.083333333333334,8,22,486.0,1331.0,0,0
52077,2024-07-28,2,08:06:00,22:26:00,14.333333333333334,8,22,486.0,1346.0,0,0
52077,2024-07-29,3,08:06:00,22:19:00,14.216666666666669,8,22,486.0,1339.0,0,0
52077,2024-07-30,3,08:06:00,22:12:00,14.1,8,22,486.0,1332.0,0,0
52077,2024-07-31,5,08:06:00,22:07:00,14.016666666666667,8,22,486.0,1327.0,0,0
52077,2024-08-01,5,07:56:00,21:53:00,13.95,7,21,476.0,1313.0,0,0
52077,2024-08-02,6,07:56:00,11:02:00,3.1,7,11,476.0,662.0,1,1
52078,2024-06-03,6,01:57:00,11:52:00,9.916666666666666,1,11,117.0,712.0,4,4
52078,2024-06-04,0,02:01:00,11:57:00,9.933333333333334,2,11,121.0,717.0,4,4
52078,2024-06-05,0,02:05:00,11:51:00,9.766666666666667,2,11,125.0,711.0,4,4
52078,2024-06-06,1,02:00:00,11:53:00,9.883333333333333,2,11,120.0,713.0,4,4
52078,2024-06-07,1,01:58:00,10:57:00,8.983333333333333,1,10,118.0,657.0,4,4
52078,2024-06-10,3,01:58:00,07:52:00,5.9,1,7,118.0,472.0,4,4
52078,2024-06-11,3,01:57:00,11:54:00,9.95,1,11,117.0,714.0,4,4
52078,2024-06-12,4,02:13:00,11:53:00,9.666666666666666,2,11,133.0,713.0,4,4
52078,2024-06-13,4,02:05:00,11:53:00,9.8,2,11,125.0,713.0,4,4
52078,2024-06-14,5,02:01:00,11:00:00,8.983333333333333,2,11,121.0,660.0,4,4
52078,2024-06-18,6,02:03:00,11:49:00,9.766666666666667,2,11,123.0,709.0,4,4
52078,2024-06-19,0,01:57:00,11:54:00,9.95,1,11,117.0,714.0,4,4
52078,2024-06-20,0,02:02:00,11:53:00,9.85,2,11,122.0,713.0,4,4
52078,2024-06-21,1,02:08:00,10:59:00,8.85,2,10,128.0,659.0,4,4
52078,2024-06-24,2,02:06:00,11:54:00,9.8,2,11,126.0,714.0,4,4
52078,2024-06-25,3,02:01:00,15:59:00,13.966666666666669,2,15,121.0,959.0,4,4
52078,2024-06-26,3,01:53:00,11:52:00,9.983333333333333,1,11,113.0,712.0,4,4
52078,2024-06-27,4,02:05:00,11:50:00,9.75,2,11,125.0,710.0,4,4
52078,2024-06-28,4,02:01:00,11:00:00,8.983333333333333,2,11,121.0,660.0,4,4
52078,2024-06-29,5,02:04:00,11:54:00,9.833333333333334,2,11,124.0,714.0,4,4
52078,2024-06-30,5,02:07:00,11:54:00,9.783333333333331,2,11,127.0,714.0,4,4
52078,2024-07-01,6,02:06:00,11:54:00,9.8,2,11,126.0,714.0,4,4
52078,2024-07-02,6,02:04:00,11:53:00,9.816666666666666,2,11,124.0,713.0,4,4
52078,2024-07-03,0,02:11:00,11:53:00,9.7,2,11,131.0,713.0,4,4
52078,2024-07-04,0,02:07:00,11:53:00,9.766666666666667,2,11,127.0,713.0,4,4
52078,2024-07-05,1,02:12:00,10:53:00,8.683333333333334,2,10,132.0,653.0,4,4
52078,2024-07-06,1,02:08:00,11:53:00,9.75,2,11,128.0,713.0,4,4
52078,2024-07-07,2,02:02:00,11:54:00,9.866666666666667,2,11,122.0,714.0,4,4
52078,2024-07-08,2,02:07:00,15:59:00,13.866666666666667,2,15,127.0,959.0,4,4
52078,2024-07-09,3,02:03:00,11:52:00,9.816666666666666,2,11,123.0,712.0,4,4
52078,2024-07-10,3,02:02:00,11:53:00,9.85,2,11,122.0,713.0,4,4
52078,2024-07-11,4,02:10:00,11:52:00,9.7,2,11,130.0,712.0,4,4
52078,2024-07-12,4,02:08:00,10:57:00,8.816666666666666,2,10,128.0,657.0,4,4
52078,2024-07-14,6,02:03:00,11:51:00,9.8,2,11,123.0,711.0,4,4
52078,2024-07-15,6,02:05:00,11:51:00,9.766666666666667,2,11,125.0,711.0,4,4
52078,2024-07-16,0,02:01:00,11:52:00,9.85,2,11,121.0,712.0,4,4
52078,2024-07-17,0,02:05:00,11:53:00,9.8,2,11,125.0,713.0,4,4
52078,2024-07-18,1,02:08:00,11:53:00,9.75,2,11,128.0,713.0,4,4
52078,2024-07-19,1,02:00:00,10:47:00,8.783333333333333,2,10,120.0,647.0,4,4
52078,2024-07-20,2,02:03:00,11:51:00,9.8,2,11,123.0,711.0,4,4
52078,2024-07-21,2,02:03:00,11:54:00,9.85,2,11,123.0,714.0,4,4
52078,2024-07-22,3,01:58:00,11:52:00,9.9,1,11,118.0,712.0,4,4
52078,2024-07-23,3,02:05:00,11:50:00,9.75,2,11,125.0,710.0,4,4
52078,2024-07-25,4,01:56:00,11:52:00,9.933333333333334,1,11,116.0,712.0,4,4
52078,2024-07-26,5,01:55:00,10:44:00,8.816666666666666,1,10,115.0,644.0,4,4
52078,2024-07-27,5,01:54:00,11:51:00,9.95,1,11,114.0,711.0,4,4
52078,2024-07-28,6,01:56:00,11:52:00,9.933333333333334,1,11,116.0,712.0,4,4
52078,2024-07-29,6,02:05:00,11:53:00,9.8,2,11,125.0,713.0,4,4
52078,2024-07-30,0,01:58:00,11:52:00,9.9,1,11,118.0,712.0,4,4
52078,2024-07-31,0,01:58:00,11:51:00,9.883333333333333,1,11,118.0,711.0,4,4
52078,2024-08-01,1,01:56:00,11:52:00,9.933333333333334,1,11,116.0,712.0,4,4
52078,2024-08-02,1,02:01:00,11:02:00,9.016666666666667,2,11,121.0,662.0,4,4
52079,2024-07-01,2,00:02:00,12:00:00,11.966666666666669,0,12,2.0,720.0,4,4
52079,2024-07-02,2,08:00:00,12:00:00,4.0,8,12,480.0,720.0,1,1
52079,2024-07-03,3,08:00:00,12:01:00,4.016666666666667,8,12,480.0,721.0,1,1
52079,2024-07-04,3,08:00:00,23:58:00,15.966666666666669,8,23,480.0,1438.0,0,0
52079,2024-07-05,4,08:00:00,18:07:00,10.116666666666667,8,18,480.0,1087.0,3,3
52079,2024-07-06,4,08:02:00,11:59:00,3.95,8,11,482.0,719.0,1,1
52079,2024-07-07,5,08:01:00,23:59:00,15.966666666666669,8,23,481.0,1439.0,0,0
52079,2024-07-08,5,08:01:00,23:59:00,15.966666666666669,8,23,481.0,1439.0,0,0
52079,2024-07-09,6,08:01:00,12:01:00,4.0,8,12,481.0,721.0,1,1
52079,2024-07-10,6,00:00:00,22:02:00,22.03333333333333,0,22,0.0,1322.0,4,4
52079,2024-07-11,0,08:00:00,22:00:00,14.0,8,22,480.0,1320.0,0,0
52079,2024-07-12,0,08:03:00,17:48:00,9.75,8,17,483.0,1068.0,3,3
52079,2024-07-13,1,08:01:00,22:00:00,13.983333333333333,8,22,481.0,1320.0,0,0
52079,2024-07-14,1,08:00:00,22:00:00,14.0,8,22,480.0,1320.0,0,0
52079,2024-07-15,2,08:01:00,22:00:00,13.983333333333333,8,22,481.0,1320.0,0,0
52079,2024-07-16,2,08:02:00,22:00:00,13.966666666666669,8,22,482.0,1320.0,0,0
52079,2024-07-17,3,07:59:00,22:00:00,14.016666666666667,7,22,479.0,1320.0,0,0
52079,2024-07-18,3,07:58:00,22:01:00,14.05,7,22,478.0,1321.0,0,0
52079,2024-07-19,4,08:02:00,18:02:00,10.0,8,18,482.0,1082.0,3,3
52079,2024-07-20,4,07:59:00,22:02:00,14.05,7,22,479.0,1322.0,0,0
52079,2024-07-21,5,08:02:00,22:00:00,13.966666666666669,8,22,482.0,1320.0,0,0
52079,2024-07-22,5,07:59:00,21:58:00,13.983333333333333,7,21,479.0,1318.0,0,0
52079,2024-07-23,6,08:00:00,21:57:00,13.95,8,21,480.0,1317.0,0,0
52079,2024-07-24,6,08:01:00,22:00:00,13.983333333333333,8,22,481.0,1320.0,0,0
52079,2024-07-25,0,08:03:00,21:59:00,13.933333333333334,8,21,483.0,1319.0,0,0
52079,2024-07-26,0,08:03:00,18:00:00,9.95,8,18,483.0,1080.0,3,3
52079,2024-07-27,1,08:02:00,22:00:00,13.966666666666669,8,22,482.0,1320.0,0,0
52079,2024-07-28,1,08:02:00,23:58:00,15.933333333333334,8,23,482.0,1438.0,0,0
52079,2024-07-29,2,08:02:00,23:10:00,15.133333333333333,8,23,482.0,1390.0,0,0
52079,2024-07-30,2,08:01:00,22:55:00,14.9,8,22,481.0,1375.0,0,0
52079,2024-07-31,3,08:02:00,22:52:00,14.833333333333334,8,22,482.0,1372.0,0,0
52079,2024-08-01,3,08:02:00,22:58:00,14.933333333333334,8,22,482.0,1378.0,0,0
52081,2024-06-18,0,10:06:00,22:38:00,12.533333333333331,10,22,606.0,1358.0,0,0
52081,2024-06-19,1,10:24:00,22:35:00,12.183333333333334,10,22,624.0,1355.0,0,0
52081,2024-06-28,4,12:51:00,17:40:00,4.816666666666666,12,17,771.0,1060.0,3,3
52081,2024-06-29,5,05:55:00,17:38:00,11.716666666666669,5,17,355.0,1058.0,3,3
52081,2024-06-30,5,05:47:00,16:57:00,11.166666666666666,5,16,347.0,1017.0,3,3
52081,2024-07-01,6,05:31:00,16:58:00,11.45,5,16,331.0,1018.0,3,3
52081,2024-07-02,6,05:33:00,16:59:00,11.433333333333334,5,16,333.0,1019.0,3,3
52081,2024-07-03,0,05:31:00,16:54:00,11.383333333333333,5,16,331.0,1014.0,3,3
52081,2024-07-04,0,05:32:00,16:56:00,11.4,5,16,332.0,1016.0,3,3
52081,2024-07-06,1,05:33:00,17:02:00,11.483333333333333,5,17,333.0,1022.0,3,3
52081,2024-07-07,1,05:33:00,16:55:00,11.366666666666667,5,16,333.0,1015.0,3,3
52081,2024-07-08,2,05:33:00,17:00:00,11.45,5,17,333.0,1020.0,3,3
52081,2024-07-09,2,05:33:00,16:58:00,11.416666666666666,5,16,333.0,1018.0,3,3
52081,2024-07-10,3,05:33:00,16:55:00,11.366666666666667,5,16,333.0,1015.0,3,3
52081,2024-07-11,3,05:33:00,16:51:00,11.3,5,16,333.0,1011.0,3,3
52081,2024-07-12,4,05:33:00,17:07:00,11.566666666666666,5,17,333.0,1027.0,3,3
52081,2024-07-13,4,05:33:00,17:41:00,12.133333333333333,5,17,333.0,1061.0,3,3
52081,2024-07-14,5,05:31:00,16:55:00,11.4,5,16,331.0,1015.0,3,3
52081,2024-07-15,5,05:31:00,16:50:00,11.316666666666666,5,16,331.0,1010.0,3,3
52081,2024-07-16,0,05:31:00,17:07:00,11.6,5,17,331.0,1027.0,3,3
52081,2024-07-17,0,05:34:00,16:52:00,11.3,5,16,334.0,1012.0,3,3
52081,2024-07-19,1,05:32:00,16:56:00,11.4,5,16,332.0,1016.0,3,3
52081,2024-07-20,2,05:32:00,16:48:00,11.266666666666667,5,16,332.0,1008.0,3,3
52081,2024-07-21,2,05:34:00,16:58:00,11.4,5,16,334.0,1018.0,3,3
52081,2024-07-22,3,05:34:00,16:57:00,11.383333333333333,5,16,334.0,1017.0,3,3
52081,2024-07-23,3,05:33:00,16:55:00,11.366666666666667,5,16,333.0,1015.0,3,3
52081,2024-07-24,4,05:33:00,16:59:00,11.433333333333334,5,16,333.0,1019.0,3,3
52081,2024-07-25,4,05:32:00,17:06:00,11.566666666666666,5,17,332.0,1026.0,3,3
52081,2024-07-26,5,05:32:00,09:40:00,4.133333333333334,5,9,332.0,580.0,1,1
52081,2024-08-01,0,05:36:00,17:09:00,11.55,5,17,336.0,1029.0,3,3
52081,2024-08-02,1,05:17:00,17:18:00,12.016666666666667,5,17,317.0,1038.0,3,3
52083,2024-06-04,2,06:56:00,21:58:00,15.033333333333331,6,21,416.0,1318.0,0,0
52083,2024-06-05,2,06:59:00,22:00:00,15.016666666666667,6,22,419.0,1320.0,0,0
52083,2024-06-06,3,06:59:00,15:56:00,8.95,6,15,419.0,956.0,3,3
52083,2024-06-08,3,16:40:00,21:58:00,5.3,16,21,1000.0,1318.0,2,2
52083,2024-06-09,4,06:59:00,22:07:00,15.133333333333333,6,22,419.0,1327.0,0,0
52083,2024-06-10,4,06:58:00,22:02:00,15.066666666666666,6,22,418.0,1322.0,0,0
52083,2024-06-11,5,06:59:00,22:04:00,15.083333333333334,6,22,419.0,1324.0,0,0
52083,2024-06-12,5,06:58:00,22:00:00,15.033333333333331,6,22,418.0,1320.0,0,0
52083,2024-06-13,6,06:54:00,22:01:00,15.116666666666667,6,22,414.0,1321.0,0,0
52083,2024-06-14,6,15:54:00,22:35:00,6.683333333333334,15,22,954.0,1355.0,2,2
52083,2024-06-15,0,06:56:00,22:02:00,15.1,6,22,416.0,1322.0,0,0
52083,2024-06-19,0,06:47:00,21:58:00,15.183333333333334,6,21,407.0,1318.0,0,0
52083,2024-06-20,1,07:04:00,22:01:00,14.95,7,22,424.0,1321.0,0,0
52083,2024-06-21,1,15:59:00,21:58:00,5.983333333333333,15,21,959.0,1318.0,2,2
52083,2024-06-22,2,06:59:00,22:00:00,15.016666666666667,6,22,419.0,1320.0,0,0
52083,2024-06-23,2,06:57:00,21:58:00,15.016666666666667,6,21,417.0,1318.0,0,0
52083,2024-06-24,3,07:03:00,21:58:00,14.916666666666666,7,21,423.0,1318.0,0,0
52083,2024-06-25,3,06:54:00,21:57:00,15.05,6,21,414.0,1317.0,0,0
52083,2024-06-26,4,06:54:00,11:58:00,5.066666666666666,6,11,414.0,718.0,1,1
52083,2024-06-27,4,04:00:00,15:58:00,11.966666666666669,4,15,240.0,958.0,4,4
52083,2024-06-28,5,15:58:00,22:26:00,6.466666666666667,15,22,958.0,1346.0,2,2
52083,2024-06-29,5,07:02:00,22:00:00,14.966666666666669,7,22,422.0,1320.0,0,0
52083,2024-06-30,6,06:56:00,21:58:00,15.033333333333331,6,21,416.0,1318.0,0,0
52083,2024-07-01,6,07:00:00,22:00:00,15.0,7,22,420.0,1320.0,0,0
52083,2024-07-02,0,07:00:00,22:12:00,15.2,7,22,420.0,1332.0,0,0
52083,2024-07-03,0,07:00:00,22:02:00,15.033333333333331,7,22,420.0,1322.0,0,0
52083,2024-07-04,1,07:02:00,21:58:00,14.933333333333334,7,21,422.0,1318.0,0,0
52083,2024-07-05,1,16:01:00,22:02:00,6.016666666666667,16,22,961.0,1322.0,2,2
52083,2024-07-06,2,07:02:00,21:58:00,14.933333333333334,7,21,422.0,1318.0,0,0
52083,2024-07-07,2,07:02:00,21:58:00,14.933333333333334,7,21,422.0,1318.0,0,0
52083,2024-07-08,3,06:55:00,21:59:00,15.066666666666666,6,21,415.0,1319.0,0,0
52083,2024-07-09,3,06:58:00,21:58:00,15.0,6,21,418.0,1318.0,0,0
52083,2024-07-10,4,07:06:00,21:58:00,14.866666666666667,7,21,426.0,1318.0,0,0
52083,2024-07-11,4,07:02:00,21:57:00,14.916666666666666,7,21,422.0,1317.0,0,0
52083,2024-07-12,5,16:00:00,21:59:00,5.983333333333333,16,21,960.0,1319.0,2,2
52083,2024-07-13,5,07:01:00,21:59:00,14.966666666666669,7,21,421.0,1319.0,0,0
52083,2024-07-14,6,06:57:00,21:57:00,15.0,6,21,417.0,1317.0,0,0
52083,2024-07-15,6,07:06:00,21:58:00,14.866666666666667,7,21,426.0,1318.0,0,0
52083,2024-07-16,0,07:02:00,21:58:00,14.933333333333334,7,21,422.0,1318.0,0,0
52083,2024-07-17,0,07:06:00,22:01:00,14.916666666666666,7,22,426.0,1321.0,0,0
52083,2024-07-18,1,06:59:00,22:02:00,15.05,6,22,419.0,1322.0,0,0
52083,2024-07-19,1,16:03:00,21:58:00,5.916666666666667,16,21,963.0,1318.0,2,2
52083,2024-07-20,2,06:55:00,22:01:00,15.1,6,22,415.0,1321.0,0,0
52083,2024-07-21,2,06:55:00,22:00:00,15.083333333333334,6,22,415.0,1320.0,0,0
52083,2024-07-22,3,07:04:00,21:58:00,14.9,7,21,424.0,1318.0,0,0
52083,2024-07-23,3,07:06:00,21:58:00,14.866666666666667,7,21,426.0,1318.0,0,0
52083,2024-07-24,4,06:58:00,21:59:00,15.016666666666667,6,21,418.0,1319.0,0,0
52083,2024-07-25,4,07:01:00,22:02:00,15.016666666666667,7,22,421.0,1322.0,0,0
52083,2024-07-26,5,16:02:00,21:59:00,5.95,16,21,962.0,1319.0,2,2
52083,2024-07-27,5,06:56:00,21:58:00,15.033333333333331,6,21,416.0,1318.0,0,0
52083,2024-07-28,6,06:59:00,22:02:00,15.05,6,22,419.0,1322.0,0,0
52083,2024-07-29,6,07:03:00,22:00:00,14.95,7,22,423.0,1320.0,0,0
52083,2024-07-30,0,07:04:00,21:59:00,14.916666666666666,7,21,424.0,1319.0,0,0
52083,2024-07-31,0,07:00:00,22:00:00,15.0,7,22,420.0,1320.0,0,0
52083,2024-08-01,1,07:02:00,22:02:00,15.0,7,22,422.0,1322.0,0,0
52084,2024-07-08,0,16:15:00,23:59:00,7.733333333333333,16,23,975.0,1439.0,2,2
52087,2024-07-01,2,10:08:00,16:02:00,5.9,10,16,608.0,962.0,3,3
52087,2024-07-02,2,09:59:00,15:58:00,5.983333333333333,9,15,599.0,958.0,3,3
52087,2024-07-03,3,10:00:00,15:59:00,5.983333333333333,10,15,600.0,959.0,3,3
52087,2024-07-04,3,09:57:00,16:00:00,6.05,9,16,597.0,960.0,3,3
52087,2024-07-05,4,12:46:00,16:07:00,3.35,12,16,766.0,967.0,3,3
52087,2024-07-06,4,09:57:00,16:01:00,6.066666666666666,9,16,597.0,961.0,3,3
52087,2024-07-07,5,09:57:00,16:00:00,6.05,9,16,597.0,960.0,3,3
52087,2024-07-08,5,10:00:00,15:59:00,5.983333333333333,10,15,600.0,959.0,3,3
52087,2024-07-09,6,09:56:00,15:56:00,6.0,9,15,596.0,956.0,3,3
52087,2024-07-10,6,11:10:00,16:01:00,4.85,11,16,670.0,961.0,3,3
52087,2024-07-11,0,10:58:00,15:58:00,5.0,10,15,658.0,958.0,3,3
52087,2024-07-12,0,12:50:00,15:59:00,3.15,12,15,770.0,959.0,3,3
52087,2024-07-13,1,11:14:00,15:58:00,4.733333333333333,11,15,674.0,958.0,3,3
52087,2024-07-14,1,11:10:00,15:56:00,4.766666666666667,11,15,670.0,956.0,3,3
52087,2024-07-15,2,11:01:00,15:57:00,4.933333333333334,11,15,661.0,957.0,3,3
52087,2024-07-16,2,10:59:00,15:57:00,4.966666666666667,10,15,659.0,957.0,3,3
52087,2024-07-17,3,11:01:00,15:57:00,4.933333333333334,11,15,661.0,957.0,3,3
52087,2024-07-18,3,11:00:00,15:58:00,4.966666666666667,11,15,660.0,958.0,3,3
52087,2024-07-19,4,12:55:00,15:59:00,3.066666666666667,12,15,775.0,959.0,3,3
52087,2024-07-20,4,11:06:00,15:59:00,4.883333333333334,11,15,666.0,959.0,3,3
52087,2024-07-21,5,11:01:00,15:57:00,4.933333333333334,11,15,661.0,957.0,3,3
52087,2024-07-22,5,11:00:00,15:56:00,4.933333333333334,11,15,660.0,956.0,3,3
52087,2024-07-23,6,10:57:00,15:59:00,5.033333333333333,10,15,657.0,959.0,3,3
52087,2024-07-24,6,10:59:00,15:59:00,5.0,10,15,659.0,959.0,3,3
52087,2024-07-25,0,11:00:00,15:57:00,4.95,11,15,660.0,957.0,3,3
52087,2024-07-26,0,12:48:00,15:57:00,3.15,12,15,768.0,957.0,3,3
52087,2024-07-27,1,10:57:00,15:56:00,4.983333333333333,10,15,657.0,956.0,3,3
52087,2024-07-28,1,10:57:00,16:00:00,5.05,10,16,657.0,960.0,3,3
52087,2024-07-29,2,10:58:00,16:01:00,5.05,10,16,658.0,961.0,3,3
52087,2024-07-30,2,11:00:00,15:57:00,4.95,11,15,660.0,957.0,3,3
52087,2024-07-31,3,11:00:00,15:57:00,4.95,11,15,660.0,957.0,3,3
52087,2024-08-01,3,11:02:00,15:59:00,4.95,11,15,662.0,959.0,3,3
52087,2024-08-02,4,12:56:00,15:59:00,3.05,12,15,776.0,959.0,3,3
52088,2024-07-01,4,08:04:00,11:59:00,3.9166666666666665,8,11,484.0,719.0,1,1
52088,2024-07-02,5,08:01:00,12:00:00,3.983333333333333,8,12,481.0,720.0,1,1
52088,2024-07-03,5,08:00:00,23:59:00,15.983333333333333,8,23,480.0,1439.0,0,0
52088,2024-07-04,6,08:00:00,23:57:00,15.95,8,23,480.0,1437.0,0,0
52088,2024-07-05,6,08:01:00,23:58:00,15.95,8,23,481.0,1438.0,0,0
52088,2024-07-06,0,08:02:00,11:59:00,3.95,8,11,482.0,719.0,1,1
52088,2024-07-07,0,08:01:00,23:58:00,15.95,8,23,481.0,1438.0,0,0
52088,2024-07-08,1,08:01:00,12:00:00,3.983333333333333,8,12,481.0,720.0,1,1
52088,2024-07-09,1,08:01:00,11:59:00,3.966666666666667,8,11,481.0,719.0,1,1
52088,2024-07-10,2,07:59:00,22:03:00,14.066666666666666,7,22,479.0,1323.0,0,0
52088,2024-07-11,2,08:00:00,22:00:00,14.0,8,22,480.0,1320.0,0,0
52088,2024-07-12,3,08:03:00,22:00:00,13.95,8,22,483.0,1320.0,0,0
52088,2024-07-13,3,08:02:00,22:00:00,13.966666666666669,8,22,482.0,1320.0,0,0
52088,2024-07-14,4,08:00:00,22:00:00,14.0,8,22,480.0,1320.0,0,0
52088,2024-07-15,4,08:01:00,22:00:00,13.983333333333333,8,22,481.0,1320.0,0,0
52088,2024-07-16,5,08:02:00,22:00:00,13.966666666666669,8,22,482.0,1320.0,0,0
52088,2024-07-17,5,07:59:00,22:00:00,14.016666666666667,7,22,479.0,1320.0,0,0
52088,2024-07-18,6,07:59:00,22:01:00,14.033333333333331,7,22,479.0,1321.0,0,0
52088,2024-07-19,6,08:03:00,22:00:00,13.95,8,22,483.0,1320.0,0,0
52088,2024-07-20,0,07:59:00,22:02:00,14.05,7,22,479.0,1322.0,0,0
52088,2024-07-21,0,08:02:00,22:00:00,13.966666666666669,8,22,482.0,1320.0,0,0
52088,2024-07-22,1,08:00:00,21:58:00,13.966666666666669,8,21,480.0,1318.0,0,0
52088,2024-07-23,1,08:00:00,21:56:00,13.933333333333334,8,21,480.0,1316.0,0,0
52088,2024-07-24,2,08:01:00,22:00:00,13.983333333333333,8,22,481.0,1320.0,0,0
52088,2024-07-25,2,08:03:00,21:59:00,13.933333333333334,8,21,483.0,1319.0,0,0
52088,2024-07-26,3,08:03:00,21:57:00,13.9,8,21,483.0,1317.0,0,0
52088,2024-07-27,3,08:02:00,22:00:00,13.966666666666669,8,22,482.0,1320.0,0,0
52088,2024-07-28,4,08:02:00,23:58:00,15.933333333333334,8,23,482.0,1438.0,0,0
52088,2024-07-29,4,08:02:00,23:09:00,15.116666666666667,8,23,482.0,1389.0,0,0
52088,2024-07-30,5,08:01:00,22:58:00,14.95,8,22,481.0,1378.0,0,0
52088,2024-07-31,5,08:02:00,22:51:00,14.816666666666666,8,22,482.0,1371.0,0,0
52088,2024-08-01,6,08:02:00,22:58:00,14.933333333333334,8,22,482.0,1378.0,0,0
52088,2024-08-02,6,08:03:00,10:57:00,2.9,8,10,483.0,657.0,1,1
52089,2024-06-03,0,09:59:00,15:55:00,5.933333333333334,9,15,599.0,955.0,3,3
52089,2024-06-04,0,09:59:00,15:55:00,5.933333333333334,9,15,599.0,955.0,3,3
52089,2024-06-05,1,10:03:00,23:57:00,13.9,10,23,603.0,1437.0,0,0
52089,2024-06-06,1,09:57:00,15:56:00,5.983333333333333,9,15,597.0,956.0,3,3
52089,2024-06-07,2,12:44:00,15:54:00,3.1666666666666665,12,15,764.0,954.0,3,3
52089,2024-06-08,2,09:57:00,15:54:00,5.95,9,15,597.0,954.0,3,3
52089,2024-06-09,3,10:02:00,23:58:00,13.933333333333334,10,23,602.0,1438.0,0,0
52089,2024-06-10,3,09:58:00,23:55:00,13.95,9,23,598.0,1435.0,0,0
52089,2024-06-11,4,09:59:00,23:57:00,13.966666666666669,9,23,599.0,1437.0,0,0
52089,2024-06-12,4,10:27:00,15:55:00,5.466666666666667,10,15,627.0,955.0,3,3
52089,2024-06-13,0,10:43:00,15:56:00,5.216666666666667,10,15,643.0,956.0,3,3
52089,2024-06-14,0,12:47:00,15:54:00,3.1166666666666667,12,15,767.0,954.0,3,3
52089,2024-06-16,5,09:54:00,23:59:00,14.083333333333334,9,23,594.0,1439.0,0,0
52089,2024-06-18,2,10:04:00,15:56:00,5.866666666666666,10,15,604.0,956.0,3,3
52089,2024-06-19,3,10:01:00,23:56:00,13.916666666666666,10,23,601.0,1436.0,0,0
52089,2024-06-20,3,09:57:00,23:55:00,13.966666666666669,9,23,597.0,1435.0,0,0
52089,2024-06-21,5,12:41:00,23:59:00,11.3,12,23,761.0,1439.0,2,2
52089,2024-06-22,5,09:59:00,23:58:00,13.983333333333333,9,23,599.0,1438.0,0,0
52089,2024-06-23,6,09:57:00,15:54:00,5.95,9,15,597.0,954.0,3,3
52089,2024-06-24,0,09:55:00,15:56:00,6.016666666666667,9,15,595.0,956.0,3,3
52089,2024-06-25,0,10:06:00,23:57:00,13.85,10,23,606.0,1437.0,0,0
52089,2024-06-26,1,10:31:00,23:57:00,13.433333333333334,10,23,631.0,1437.0,0,0
52089,2024-06-27,1,10:17:00,15:57:00,5.666666666666667,10,15,617.0,957.0,3,3
52089,2024-06-28,2,12:58:00,15:57:00,2.9833333333333334,12,15,778.0,957.0,3,3
52089,2024-06-29,2,10:00:00,15:57:00,5.95,10,15,600.0,957.0,3,3
52089,2024-06-30,3,09:57:00,16:01:00,6.066666666666666,9,16,597.0,961.0,3,3
52089,2024-07-01,3,09:57:00,15:55:00,5.966666666666667,9,15,597.0,955.0,3,3
52089,2024-07-02,4,10:07:00,15:59:00,5.866666666666666,10,15,607.0,959.0,3,3
52089,2024-07-03,4,09:58:00,15:54:00,5.933333333333334,9,15,598.0,954.0,3,3
52089,2024-07-04,5,10:07:00,15:55:00,5.8,10,15,607.0,955.0,3,3
52089,2024-07-05,5,12:51:00,15:57:00,3.1,12,15,771.0,957.0,3,3
52089,2024-07-07,6,09:58:00,15:55:00,5.95,9,15,598.0,955.0,3,3
52089,2024-07-08,0,10:04:00,15:54:00,5.833333333333333,10,15,604.0,954.0,3,3
52089,2024-07-09,0,09:57:00,23:58:00,14.016666666666667,9,23,597.0,1438.0,0,0
52089,2024-07-10,1,10:00:00,15:55:00,5.916666666666667,10,15,600.0,955.0,3,3
52089,2024-07-11,1,09:57:00,23:59:00,14.033333333333331,9,23,597.0,1439.0,0,0
52089,2024-07-12,2,12:51:00,15:55:00,3.066666666666667,12,15,771.0,955.0,3,3
52089,2024-07-13,2,09:57:00,15:55:00,5.966666666666667,9,15,597.0,955.0,3,3
52089,2024-07-14,3,10:00:00,23:59:00,13.983333333333333,10,23,600.0,1439.0,0,0
52089,2024-07-15,3,10:12:00,15:56:00,5.733333333333333,10,15,612.0,956.0,3,3
52089,2024-07-16,4,09:55:00,15:54:00,5.983333333333333,9,15,595.0,954.0,3,3
52089,2024-07-17,4,09:57:00,23:59:00,14.033333333333331,9,23,597.0,1439.0,0,0
52089,2024-07-18,5,09:58:00,15:56:00,5.966666666666667,9,15,598.0,956.0,3,3
52089,2024-07-19,5,12:50:00,23:59:00,11.15,12,23,770.0,1439.0,2,2
52089,2024-07-20,6,10:10:00,23:59:00,13.816666666666666,10,23,610.0,1439.0,0,0
52089,2024-07-21,0,09:58:00,15:55:00,5.95,9,15,598.0,955.0,3,3
52089,2024-07-22,0,10:02:00,15:57:00,5.916666666666667,10,15,602.0,957.0,3,3
52089,2024-07-23,1,10:07:00,23:59:00,13.866666666666667,10,23,607.0,1439.0,0,0
52089,2024-07-24,1,09:58:00,15:53:00,5.916666666666667,9,15,598.0,953.0,3,3
52089,2024-07-25,2,09:58:00,23:59:00,14.016666666666667,9,23,598.0,1439.0,0,0
52089,2024-07-26,2,12:49:00,15:55:00,3.1,12,15,769.0,955.0,3,3
52089,2024-07-27,4,09:56:00,23:59:00,14.05,9,23,596.0,1439.0,0,0
52089,2024-07-28,4,10:05:00,15:55:00,5.833333333333333,10,15,605.0,955.0,3,3
52089,2024-07-29,5,09:56:00,15:55:00,5.983333333333333,9,15,596.0,955.0,3,3
52089,2024-07-30,5,10:01:00,15:55:00,5.9,10,15,601.0,955.0,3,3
52089,2024-07-31,6,10:01:00,15:54:00,5.883333333333334,10,15,601.0,954.0,3,3
52089,2024-08-01,0,09:58:00,15:55:00,5.95,9,15,598.0,955.0,3,3
52089,2024-08-02,0,12:50:00,15:56:00,3.1,12,15,770.0,956.0,3,3
52090,2024-06-19,1,11:01:00,20:49:00,9.8,11,20,661.0,1249.0,0,0
52090,2024-06-20,1,07:55:00,21:48:00,13.883333333333333,7,21,475.0,1308.0,0,0
52090,2024-06-22,2,07:57:00,21:50:00,13.883333333333333,7,21,477.0,1310.0,0,0
52090,2024-06-23,2,07:55:00,21:50:00,13.916666666666666,7,21,475.0,1310.0,0,0
52090,2024-06-24,3,07:57:00,21:49:00,13.866666666666667,7,21,477.0,1309.0,0,0
52090,2024-06-25,3,07:56:00,21:51:00,13.916666666666666,7,21,476.0,1311.0,0,0
52090,2024-06-26,4,07:56:00,21:49:00,13.883333333333333,7,21,476.0,1309.0,0,0
52090,2024-06-27,4,07:56:00,21:55:00,13.983333333333333,7,21,476.0,1315.0,0,0
52090,2024-06-29,5,07:56:00,15:57:00,8.016666666666667,7,15,476.0,957.0,3,3
52090,2024-06-30,5,07:56:00,21:52:00,13.933333333333334,7,21,476.0,1312.0,0,0
52090,2024-07-01,6,08:02:00,21:49:00,13.783333333333331,8,21,482.0,1309.0,0,0
52090,2024-07-02,0,07:56:00,21:46:00,13.833333333333334,7,21,476.0,1306.0,0,0
52090,2024-07-03,0,07:55:00,21:46:00,13.85,7,21,475.0,1306.0,0,0
52090,2024-07-04,1,07:55:00,21:50:00,13.916666666666666,7,21,475.0,1310.0,0,0
52090,2024-07-06,1,07:56:00,15:53:00,7.95,7,15,476.0,953.0,3,3
52090,2024-07-07,2,07:55:00,21:51:00,13.933333333333334,7,21,475.0,1311.0,0,0
52090,2024-07-08,2,07:55:00,21:51:00,13.933333333333334,7,21,475.0,1311.0,0,0
52090,2024-07-10,3,07:56:00,21:51:00,13.916666666666666,7,21,476.0,1311.0,0,0
52090,2024-07-11,4,07:56:00,21:50:00,13.9,7,21,476.0,1310.0,0,0
52090,2024-07-13,4,07:56:00,21:50:00,13.9,7,21,476.0,1310.0,0,0
52090,2024-07-14,5,07:55:00,21:49:00,13.9,7,21,475.0,1309.0,0,0
52090,2024-07-15,5,07:56:00,18:35:00,10.65,7,18,476.0,1115.0,3,3
52090,2024-07-16,6,07:56:00,21:48:00,13.866666666666667,7,21,476.0,1308.0,0,0
52090,2024-07-17,0,07:56:00,21:49:00,13.883333333333333,7,21,476.0,1309.0,0,0
52090,2024-07-18,0,07:56:00,18:02:00,10.1,7,18,476.0,1082.0,3,3
52090,2024-07-20,1,07:56:00,21:51:00,13.916666666666666,7,21,476.0,1311.0,0,0
52090,2024-07-21,1,07:57:00,18:02:00,10.083333333333334,7,18,477.0,1082.0,3,3
52090,2024-07-22,2,07:55:00,21:48:00,13.883333333333333,7,21,475.0,1308.0,0,0
52090,2024-07-23,2,07:56:00,21:48:00,13.866666666666667,7,21,476.0,1308.0,0,0
52090,2024-07-24,3,07:58:00,21:47:00,13.816666666666666,7,21,478.0,1307.0,0,0
52090,2024-07-25,3,07:56:00,18:04:00,10.133333333333333,7,18,476.0,1084.0,3,3
52090,2024-07-27,3,08:06:00,18:02:00,9.933333333333334,8,18,486.0,1082.0,3,3
52090,2024-07-28,3,07:56:00,17:58:00,10.033333333333331,7,17,476.0,1078.0,3,3
52090,2024-07-29,4,07:54:00,21:47:00,13.883333333333333,7,21,474.0,1307.0,0,0
52090,2024-07-30,4,07:57:00,21:48:00,13.85,7,21,477.0,1308.0,0,0
52090,2024-07-31,5,07:54:00,21:48:00,13.9,7,21,474.0,1308.0,0,0
52090,2024-08-01,5,07:56:00,21:51:00,13.916666666666666,7,21,476.0,1311.0,0,0
52091,2024-06-02,6,18:58:00,22:10:00,3.2,18,22,1138.0,1330.0,2,2
52091,2024-06-03,0,07:57:00,23:59:00,16.033333333333335,7,23,477.0,1439.0,0,0
52091,2024-06-04,0,09:59:00,21:51:00,11.866666666666667,9,21,599.0,1311.0,0,0
52091,2024-06-05,1,07:55:00,21:51:00,13.933333333333334,7,21,475.0,1311.0,0,0
52091,2024-06-06,1,07:54:00,21:52:00,13.966666666666669,7,21,474.0,1312.0,0,0
52091,2024-06-07,2,08:05:00,17:46:00,9.683333333333334,8,17,485.0,1066.0,3,3
52091,2024-06-08,2,07:57:00,21:52:00,13.916666666666666,7,21,477.0,1312.0,0,0
52091,2024-06-09,3,07:55:00,11:56:00,4.016666666666667,7,11,475.0,716.0,1,1
52091,2024-06-10,3,07:54:00,21:51:00,13.95,7,21,474.0,1311.0,0,0
52091,2024-06-11,4,07:53:00,21:54:00,14.016666666666667,7,21,473.0,1314.0,0,0
52091,2024-06-12,4,07:55:00,21:55:00,14.0,7,21,475.0,1315.0,0,0
52091,2024-06-13,5,07:57:00,21:51:00,13.9,7,21,477.0,1311.0,0,0
52091,2024-06-14,5,08:03:00,17:53:00,9.833333333333334,8,17,483.0,1073.0,3,3
52091,2024-06-15,6,07:57:00,21:51:00,13.9,7,21,477.0,1311.0,0,0
52091,2024-06-17,6,07:57:00,21:49:00,13.866666666666667,7,21,477.0,1309.0,0,0
52091,2024-06-18,0,08:10:00,21:59:00,13.816666666666666,8,21,490.0,1319.0,0,0
52091,2024-06-19,0,11:54:00,16:10:00,4.266666666666667,11,16,714.0,970.0,3,3
52091,2024-06-20,1,08:05:00,21:53:00,13.8,8,21,485.0,1313.0,0,0
52091,2024-06-21,1,08:07:00,17:59:00,9.866666666666667,8,17,487.0,1079.0,3,3
52091,2024-06-22,2,08:07:00,22:04:00,13.95,8,22,487.0,1324.0,0,0
52091,2024-06-23,2,08:05:00,21:59:00,13.9,8,21,485.0,1319.0,0,0
52091,2024-06-24,3,08:08:00,21:52:00,13.733333333333333,8,21,488.0,1312.0,0,0
52091,2024-06-25,3,08:05:00,21:53:00,13.8,8,21,485.0,1313.0,0,0
52091,2024-06-26,4,08:05:00,11:53:00,3.8,8,11,485.0,713.0,1,1
52091,2024-06-27,4,08:06:00,22:22:00,14.266666666666667,8,22,486.0,1342.0,0,0
52091,2024-06-29,5,08:07:00,22:05:00,13.966666666666669,8,22,487.0,1325.0,0,0
52091,2024-06-30,5,08:05:00,22:06:00,14.016666666666667,8,22,485.0,1326.0,0,0
52091,2024-07-01,6,08:02:00,11:54:00,3.8666666666666663,8,11,482.0,714.0,1,1
52091,2024-07-02,6,07:55:00,21:52:00,13.95,7,21,475.0,1312.0,0,0
52091,2024-07-03,0,07:55:00,22:01:00,14.1,7,22,475.0,1321.0,0,0
52091,2024-07-04,0,07:55:00,21:51:00,13.933333333333334,7,21,475.0,1311.0,0,0
52091,2024-07-06,1,07:56:00,21:54:00,13.966666666666669,7,21,476.0,1314.0,0,0
52091,2024-07-07,1,07:55:00,21:52:00,13.95,7,21,475.0,1312.0,0,0
52091,2024-07-08,2,07:55:00,21:52:00,13.95,7,21,475.0,1312.0,0,0
52091,2024-07-09,2,07:55:00,21:53:00,13.966666666666669,7,21,475.0,1313.0,0,0
52091,2024-07-10,3,07:55:00,21:54:00,13.983333333333333,7,21,475.0,1314.0,0,0
52091,2024-07-11,3,07:55:00,21:52:00,13.95,7,21,475.0,1312.0,0,0
52091,2024-07-13,4,07:56:00,21:53:00,13.95,7,21,476.0,1313.0,0,0
52094,2024-06-04,5,07:11:00,16:11:00,9.0,7,16,431.0,971.0,3,3
52094,2024-06-05,5,07:12:00,22:02:00,14.833333333333334,7,22,432.0,1322.0,0,0
52094,2024-06-06,6,07:13:00,22:11:00,14.966666666666669,7,22,433.0,1331.0,0,0
52094,2024-06-07,6,16:11:00,22:00:00,5.816666666666666,16,22,971.0,1320.0,2,2
52094,2024-06-08,0,07:12:00,22:01:00,14.816666666666666,7,22,432.0,1321.0,0,0
52094,2024-06-09,0,07:18:00,21:58:00,14.666666666666666,7,21,438.0,1318.0,0,0
52094,2024-06-10,1,07:21:00,22:04:00,14.716666666666669,7,22,441.0,1324.0,0,0
52094,2024-06-11,1,07:17:00,21:58:00,14.683333333333334,7,21,437.0,1318.0,0,0
52094,2024-06-12,2,07:13:00,22:00:00,14.783333333333331,7,22,433.0,1320.0,0,0
52094,2024-06-13,2,07:15:00,22:05:00,14.833333333333334,7,22,435.0,1325.0,0,0
52094,2024-06-14,3,16:10:00,22:13:00,6.05,16,22,970.0,1333.0,2,2
52094,2024-06-15,3,07:54:00,23:07:00,15.216666666666669,7,23,474.0,1387.0,0,0
52094,2024-06-19,4,07:18:00,22:02:00,14.733333333333333,7,22,438.0,1322.0,0,0
52094,2024-06-20,4,07:13:00,22:01:00,14.8,7,22,433.0,1321.0,0,0
52094,2024-06-21,5,16:12:00,22:03:00,5.85,16,22,972.0,1323.0,2,2
52094,2024-06-22,5,07:16:00,22:01:00,14.75,7,22,436.0,1321.0,0,0
52094,2024-06-23,6,07:17:00,22:01:00,14.733333333333333,7,22,437.0,1321.0,0,0
52094,2024-06-24,6,07:18:00,22:05:00,14.783333333333331,7,22,438.0,1325.0,0,0
52094,2024-06-25,0,07:41:00,22:10:00,14.483333333333333,7,22,461.0,1330.0,0,0
52094,2024-06-26,0,07:19:00,11:57:00,4.633333333333334,7,11,439.0,717.0,1,1
52094,2024-06-27,1,07:24:00,22:10:00,14.766666666666667,7,22,444.0,1330.0,0,0
52094,2024-06-28,1,16:15:00,22:06:00,5.85,16,22,975.0,1326.0,2,2
52094,2024-06-29,2,07:30:00,22:00:00,14.5,7,22,450.0,1320.0,0,0
52094,2024-06-30,2,07:15:00,22:00:00,14.75,7,22,435.0,1320.0,0,0
52094,2024-07-01,3,07:18:00,22:02:00,14.733333333333333,7,22,438.0,1322.0,0,0
52094,2024-07-02,3,07:27:00,22:12:00,14.75,7,22,447.0,1332.0,0,0
52094,2024-07-03,4,07:15:00,22:10:00,14.916666666666666,7,22,435.0,1330.0,0,0
52094,2024-07-04,4,07:15:00,22:09:00,14.9,7,22,435.0,1329.0,0,0
52094,2024-07-05,5,16:15:00,21:58:00,5.716666666666667,16,21,975.0,1318.0,2,2
52094,2024-07-06,5,07:14:00,22:06:00,14.866666666666667,7,22,434.0,1326.0,0,0
52094,2024-07-07,6,07:17:00,21:54:00,14.616666666666667,7,21,437.0,1314.0,0,0
52094,2024-07-08,6,07:15:00,11:58:00,4.716666666666667,7,11,435.0,718.0,1,1
52094,2024-07-09,0,07:19:00,12:02:00,4.716666666666667,7,12,439.0,722.0,1,1
52094,2024-07-10,0,07:24:00,22:01:00,14.616666666666667,7,22,444.0,1321.0,0,0
52094,2024-07-11,1,07:15:00,22:05:00,14.833333333333334,7,22,435.0,1325.0,0,0
52094,2024-07-12,1,16:09:00,22:02:00,5.883333333333334,16,22,969.0,1322.0,2,2
52094,2024-07-13,2,07:14:00,22:02:00,14.8,7,22,434.0,1322.0,0,0
52094,2024-07-14,2,07:16:00,22:02:00,14.766666666666667,7,22,436.0,1322.0,0,0
52094,2024-07-15,3,07:14:00,21:59:00,14.75,7,21,434.0,1319.0,0,0
52094,2024-07-16,3,07:12:00,21:53:00,14.683333333333334,7,21,432.0,1313.0,0,0
52094,2024-07-17,6,07:16:00,22:03:00,14.783333333333331,7,22,436.0,1323.0,0,0
52094,2024-07-18,6,07:17:00,21:57:00,14.666666666666666,7,21,437.0,1317.0,0,0
52094,2024-07-19,0,16:15:00,21:59:00,5.733333333333333,16,21,975.0,1319.0,2,2
52094,2024-07-20,0,07:17:00,22:05:00,14.8,7,22,437.0,1325.0,0,0
52094,2024-07-21,1,07:39:00,22:03:00,14.4,7,22,459.0,1323.0,0,0
52094,2024-07-22,1,07:12:00,22:02:00,14.833333333333334,7,22,432.0,1322.0,0,0
52094,2024-07-23,2,07:29:00,21:59:00,14.5,7,21,449.0,1319.0,0,0
52094,2024-07-24,2,07:18:00,21:59:00,14.683333333333334,7,21,438.0,1319.0,0,0
52094,2024-07-25,3,07:17:00,22:09:00,14.866666666666667,7,22,437.0,1329.0,0,0
52094,2024-07-26,3,16:09:00,22:03:00,5.9,16,22,969.0,1323.0,2,2
52094,2024-07-27,4,07:17:00,21:59:00,14.7,7,21,437.0,1319.0,0,0
52094,2024-07-28,4,07:41:00,22:00:00,14.316666666666666,7,22,461.0,1320.0,0,0
52094,2024-07-29,5,07:18:00,22:01:00,14.716666666666669,7,22,438.0,1321.0,0,0
52094,2024-07-30,5,07:22:00,21:58:00,14.6,7,21,442.0,1318.0,0,0
52094,2024-07-31,6,07:45:00,22:03:00,14.3,7,22,465.0,1323.0,0,0
52094,2024-08-01,6,07:20:00,22:12:00,14.866666666666667,7,22,440.0,1332.0,0,0
52095,2024-06-04,1,07:15:00,22:04:00,14.816666666666666,7,22,435.0,1324.0,0,0
52095,2024-06-05,1,07:11:00,22:06:00,14.916666666666666,7,22,431.0,1326.0,0,0
52095,2024-06-06,2,07:09:00,22:06:00,14.95,7,22,429.0,1326.0,0,0
52095,2024-06-08,3,07:13:00,22:03:00,14.833333333333334,7,22,433.0,1323.0,0,0
52095,2024-06-09,3,07:11:00,21:59:00,14.8,7,21,431.0,1319.0,0,0
52095,2024-06-10,4,07:11:00,22:03:00,14.866666666666667,7,22,431.0,1323.0,0,0
52095,2024-06-11,4,07:17:00,21:57:00,14.666666666666666,7,21,437.0,1317.0,0,0
52095,2024-06-12,5,06:59:00,22:04:00,15.083333333333334,6,22,419.0,1324.0,0,0
52095,2024-06-13,5,07:11:00,22:14:00,15.05,7,22,431.0,1334.0,0,0
52095,2024-06-14,0,16:09:00,22:06:00,5.95,16,22,969.0,1326.0,2,2
52095,2024-06-15,0,07:10:00,12:07:00,4.95,7,12,430.0,727.0,1,1
52095,2024-06-19,1,07:09:00,22:05:00,14.933333333333334,7,22,429.0,1325.0,0,0
52095,2024-06-20,1,07:06:00,22:01:00,14.916666666666666,7,22,426.0,1321.0,0,0
52095,2024-06-21,2,16:07:00,21:59:00,5.866666666666666,16,21,967.0,1319.0,2,2
52095,2024-06-22,2,07:07:00,22:05:00,14.966666666666669,7,22,427.0,1325.0,0,0
52095,2024-06-23,3,07:13:00,21:57:00,14.733333333333333,7,21,433.0,1317.0,0,0
52095,2024-06-24,3,07:47:00,22:13:00,14.433333333333334,7,22,467.0,1333.0,0,0
52095,2024-06-25,4,07:11:00,21:59:00,14.8,7,21,431.0,1319.0,0,0
52095,2024-06-26,4,07:12:00,22:08:00,14.933333333333334,7,22,432.0,1328.0,0,0
52095,2024-06-27,5,07:10:00,21:57:00,14.783333333333331,7,21,430.0,1317.0,0,0
52095,2024-06-28,5,16:15:00,22:06:00,5.85,16,22,975.0,1326.0,2,2
52095,2024-06-29,6,07:11:00,21:59:00,14.8,7,21,431.0,1319.0,0,0
52095,2024-06-30,6,07:11:00,22:02:00,14.85,7,22,431.0,1322.0,0,0
52095,2024-07-01,0,07:14:00,22:04:00,14.833333333333334,7,22,434.0,1324.0,0,0
52095,2024-07-02,0,07:23:00,16:14:00,8.85,7,16,443.0,974.0,3,3
52095,2024-07-03,1,07:10:00,22:00:00,14.833333333333334,7,22,430.0,1320.0,0,0
52095,2024-07-04,1,07:16:00,22:02:00,14.766666666666667,7,22,436.0,1322.0,0,0
52095,2024-07-05,2,16:11:00,21:57:00,5.766666666666667,16,21,971.0,1317.0,2,2
52095,2024-07-06,2,07:12:00,22:05:00,14.883333333333333,7,22,432.0,1325.0,0,0
52095,2024-07-07,3,07:11:00,21:59:00,14.8,7,21,431.0,1319.0,0,0
52095,2024-07-08,3,07:08:00,16:07:00,8.983333333333333,7,16,428.0,967.0,3,3
52095,2024-07-09,4,07:08:00,22:01:00,14.883333333333333,7,22,428.0,1321.0,0,0
52095,2024-07-10,4,07:12:00,21:59:00,14.783333333333331,7,21,432.0,1319.0,0,0
52095,2024-07-11,5,07:08:00,21:58:00,14.833333333333334,7,21,428.0,1318.0,0,0
52095,2024-07-12,5,16:15:00,22:03:00,5.8,16,22,975.0,1323.0,2,2
52095,2024-07-13,6,07:09:00,16:10:00,9.016666666666667,7,16,429.0,970.0,3,3
52095,2024-07-14,6,07:15:00,22:07:00,14.866666666666667,7,22,435.0,1327.0,0,0
52095,2024-07-15,0,07:07:00,22:01:00,14.9,7,22,427.0,1321.0,0,0
52095,2024-07-16,0,07:09:00,22:03:00,14.9,7,22,429.0,1323.0,0,0
52095,2024-07-17,1,07:09:00,22:01:00,14.866666666666667,7,22,429.0,1321.0,0,0
52095,2024-07-18,1,07:10:00,21:58:00,14.8,7,21,430.0,1318.0,0,0
52095,2024-07-19,2,16:09:00,21:55:00,5.766666666666667,16,21,969.0,1315.0,2,2
52095,2024-07-20,2,07:11:00,21:58:00,14.783333333333331,7,21,431.0,1318.0,0,0
52095,2024-07-21,3,07:09:00,16:14:00,9.083333333333334,7,16,429.0,974.0,3,3
52095,2024-07-22,3,07:11:00,21:54:00,14.716666666666669,7,21,431.0,1314.0,0,0
52095,2024-07-23,4,07:10:00,21:57:00,14.783333333333331,7,21,430.0,1317.0,0,0
52095,2024-07-24,4,07:12:00,21:59:00,14.783333333333331,7,21,432.0,1319.0,0,0
52095,2024-07-25,5,07:14:00,21:56:00,14.7,7,21,434.0,1316.0,0,0
52095,2024-07-26,5,16:06:00,22:00:00,5.9,16,22,966.0,1320.0,2,2
52095,2024-07-27,6,07:08:00,21:59:00,14.85,7,21,428.0,1319.0,0,0
52095,2024-07-28,6,07:04:00,22:05:00,15.016666666666667,7,22,424.0,1325.0,0,0
52095,2024-07-29,0,07:07:00,22:10:00,15.05,7,22,427.0,1330.0,0,0
52095,2024-07-30,0,07:09:00,21:59:00,14.833333333333334,7,21,429.0,1319.0,0,0
52095,2024-07-31,1,07:11:00,22:01:00,14.833333333333334,7,22,431.0,1321.0,0,0
52095,2024-08-01,1,07:06:00,22:06:00,15.0,7,22,426.0,1326.0,0,0
52096,2024-06-07,3,16:19:00,22:05:00,5.766666666666667,16,22,979.0,1325.0,2,2
52096,2024-06-08,4,08:23:00,12:10:00,3.783333333333333,8,12,503.0,730.0,1,1
52096,2024-06-09,4,08:07:00,22:02:00,13.916666666666666,8,22,487.0,1322.0,0,0
52096,2024-06-10,5,08:09:00,21:59:00,13.833333333333334,8,21,489.0,1319.0,0,0
52096,2024-06-11,5,08:11:00,22:01:00,13.833333333333334,8,22,491.0,1321.0,0,0
52096,2024-06-12,6,08:14:00,22:02:00,13.8,8,22,494.0,1322.0,0,0
52096,2024-06-15,6,08:06:00,22:14:00,14.133333333333333,8,22,486.0,1334.0,0,0
52096,2024-06-20,0,08:06:00,11:58:00,3.8666666666666663,8,11,486.0,718.0,1,1
52096,2024-06-21,1,02:01:00,22:01:00,20.0,2,22,121.0,1321.0,0,0
52096,2024-06-22,1,08:12:00,12:00:00,3.8,8,12,492.0,720.0,1,1
52096,2024-06-23,2,08:05:00,22:08:00,14.05,8,22,485.0,1328.0,0,0
52096,2024-06-24,2,08:01:00,22:15:00,14.233333333333333,8,22,481.0,1335.0,0,0
52096,2024-06-25,3,08:05:00,21:54:00,13.816666666666666,8,21,485.0,1314.0,0,0
52096,2024-06-26,3,08:07:00,21:56:00,13.816666666666666,8,21,487.0,1316.0,0,0
52096,2024-06-29,4,08:03:00,22:02:00,13.983333333333333,8,22,483.0,1322.0,0,0
52096,2024-06-30,4,08:04:00,20:39:00,12.583333333333334,8,20,484.0,1239.0,0,0
52096,2024-07-01,5,08:04:00,22:02:00,13.966666666666669,8,22,484.0,1322.0,0,0
52096,2024-07-02,5,08:06:00,16:03:00,7.95,8,16,486.0,963.0,3,3
52096,2024-07-03,6,08:01:00,22:00:00,13.983333333333333,8,22,481.0,1320.0,0,0
52096,2024-07-05,6,15:58:00,22:00:00,6.033333333333333,15,22,958.0,1320.0,2,2
52096,2024-07-06,0,08:03:00,22:00:00,13.95,8,22,483.0,1320.0,0,0
52096,2024-07-07,0,08:02:00,22:01:00,13.983333333333333,8,22,482.0,1321.0,0,0
52096,2024-07-08,1,08:00:00,22:01:00,14.016666666666667,8,22,480.0,1321.0,0,0
52096,2024-07-09,1,08:06:00,22:01:00,13.916666666666666,8,22,486.0,1321.0,0,0
52096,2024-07-10,2,08:10:00,22:03:00,13.883333333333333,8,22,490.0,1323.0,0,0
52096,2024-07-12,2,16:12:00,22:04:00,5.866666666666666,16,22,972.0,1324.0,2,2
52096,2024-07-13,3,16:08:00,22:00:00,5.866666666666666,16,22,968.0,1320.0,2,2
52096,2024-07-14,3,08:06:00,22:00:00,13.9,8,22,486.0,1320.0,0,0
52096,2024-07-15,4,08:03:00,22:00:00,13.95,8,22,483.0,1320.0,0,0
52096,2024-07-16,4,07:52:00,16:02:00,8.166666666666666,7,16,472.0,962.0,3,3
52096,2024-07-17,5,08:04:00,22:02:00,13.966666666666669,8,22,484.0,1322.0,0,0
52096,2024-07-20,5,08:02:00,22:00:00,13.966666666666669,8,22,482.0,1320.0,0,0
52096,2024-07-21,6,08:07:00,22:01:00,13.9,8,22,487.0,1321.0,0,0
52096,2024-07-22,6,08:01:00,22:00:00,13.983333333333333,8,22,481.0,1320.0,0,0
52096,2024-07-23,0,08:02:00,22:03:00,14.016666666666667,8,22,482.0,1323.0,0,0
52096,2024-07-24,0,08:04:00,21:57:00,13.883333333333333,8,21,484.0,1317.0,0,0
52096,2024-07-27,1,07:59:00,22:01:00,14.033333333333331,7,22,479.0,1321.0,0,0
52096,2024-07-28,1,08:03:00,22:01:00,13.966666666666669,8,22,483.0,1321.0,0,0
52096,2024-07-29,2,07:58:00,22:05:00,14.116666666666667,7,22,478.0,1325.0,0,0
52096,2024-07-30,2,07:59:00,22:03:00,14.066666666666666,7,22,479.0,1323.0,0,0
52096,2024-07-31,3,08:11:00,21:59:00,13.8,8,21,491.0,1319.0,0,0
52099,2024-06-12,1,02:07:00,16:04:00,13.95,2,16,127.0,964.0,4,4
52102,2024-06-03,4,16:00:00,22:00:00,6.0,16,22,960.0,1320.0,2,2
52102,2024-06-04,5,07:16:00,21:59:00,14.716666666666669,7,21,436.0,1319.0,0,0
52102,2024-06-05,5,08:23:00,22:02:00,13.65,8,22,503.0,1322.0,0,0
52102,2024-06-06,6,08:26:00,22:00:00,13.566666666666666,8,22,506.0,1320.0,0,0
52102,2024-06-08,6,08:00:00,21:57:00,13.95,8,21,480.0,1317.0,0,0
52102,2024-06-09,0,08:15:00,21:55:00,13.666666666666666,8,21,495.0,1315.0,0,0
52102,2024-06-10,0,08:03:00,21:48:00,13.75,8,21,483.0,1308.0,0,0
52102,2024-06-11,1,15:04:00,21:56:00,6.866666666666666,15,21,904.0,1316.0,2,2
52102,2024-06-12,1,08:20:00,22:00:00,13.666666666666666,8,22,500.0,1320.0,0,0
52102,2024-06-13,2,08:04:00,22:00:00,13.933333333333334,8,22,484.0,1320.0,0,0
52102,2024-06-19,2,08:00:00,21:59:00,13.983333333333333,8,21,480.0,1319.0,0,0
52102,2024-06-20,3,08:12:00,22:00:00,13.8,8,22,492.0,1320.0,0,0
52102,2024-06-22,3,14:53:00,22:02:00,7.15,14,22,893.0,1322.0,2,2
52102,2024-06-23,4,08:13:00,21:57:00,13.733333333333333,8,21,493.0,1317.0,0,0
52102,2024-06-24,4,15:57:00,22:00:00,6.05,15,22,957.0,1320.0,2,2
52102,2024-06-25,5,08:26:00,22:01:00,13.583333333333334,8,22,506.0,1321.0,0,0
52102,2024-06-26,5,08:19:00,21:57:00,13.633333333333333,8,21,499.0,1317.0,0,0
52102,2024-06-27,6,08:13:00,22:14:00,14.016666666666667,8,22,493.0,1334.0,0,0
52102,2024-06-29,6,08:49:00,21:46:00,12.95,8,21,529.0,1306.0,0,0
52102,2024-07-16,0,15:48:00,21:42:00,5.9,15,21,948.0,1302.0,2,2
52102,2024-07-17,0,16:13:00,21:56:00,5.716666666666667,16,21,973.0,1316.0,2,2
52102,2024-07-18,1,08:25:00,16:21:00,7.933333333333334,8,16,505.0,981.0,3,3
52102,2024-07-20,1,08:27:00,22:13:00,13.766666666666667,8,22,507.0,1333.0,0,0
52102,2024-07-21,2,08:14:00,21:46:00,13.533333333333331,8,21,494.0,1306.0,0,0
52102,2024-07-22,2,08:00:00,22:03:00,14.05,8,22,480.0,1323.0,0,0
52102,2024-07-23,3,08:25:00,22:00:00,13.583333333333334,8,22,505.0,1320.0,0,0
52102,2024-07-24,3,16:13:00,21:07:00,4.9,16,21,973.0,1267.0,2,2
52102,2024-07-25,4,07:58:00,21:19:00,13.35,7,21,478.0,1279.0,0,0
52102,2024-07-27,4,08:17:00,21:12:00,12.916666666666666,8,21,497.0,1272.0,0,0
52102,2024-07-28,5,08:00:00,21:14:00,13.233333333333333,8,21,480.0,1274.0,0,0
52102,2024-07-29,5,08:30:00,21:07:00,12.616666666666667,8,21,510.0,1267.0,0,0
52102,2024-07-30,6,07:54:00,21:21:00,13.45,7,21,474.0,1281.0,0,0
52102,2024-07-31,6,08:00:00,21:11:00,13.183333333333334,8,21,480.0,1271.0,0,0
52102,2024-08-01,0,08:09:00,21:16:00,13.116666666666667,8,21,489.0,1276.0,0,0
52103,2024-06-04,1,07:12:00,22:05:00,14.883333333333333,7,22,432.0,1325.0,0,0
52103,2024-06-05,1,07:13:00,21:55:00,14.7,7,21,433.0,1315.0,0,0
52103,2024-06-06,2,07:12:00,22:08:00,14.933333333333334,7,22,432.0,1328.0,0,0
52103,2024-06-07,2,16:03:00,22:04:00,6.016666666666667,16,22,963.0,1324.0,2,2
52103,2024-06-08,3,07:07:00,21:38:00,14.516666666666667,7,21,427.0,1298.0,0,0
52103,2024-06-09,3,07:19:00,21:56:00,14.616666666666667,7,21,439.0,1316.0,0,0
52103,2024-06-10,4,07:06:00,22:00:00,14.9,7,22,426.0,1320.0,0,0
52103,2024-06-11,4,07:06:00,22:02:00,14.933333333333334,7,22,426.0,1322.0,0,0
52103,2024-06-12,5,07:08:00,22:03:00,14.916666666666666,7,22,428.0,1323.0,0,0
52103,2024-06-13,5,07:07:00,13:06:00,5.983333333333333,7,13,427.0,786.0,1,1
52103,2024-06-14,6,15:59:00,22:08:00,6.15,15,22,959.0,1328.0,2,2
52103,2024-06-15,6,07:12:00,23:29:00,16.283333333333335,7,23,432.0,1409.0,0,0
52103,2024-06-19,1,07:07:00,22:09:00,15.033333333333331,7,22,427.0,1329.0,0,0
52103,2024-06-20,1,07:10:00,22:05:00,14.916666666666666,7,22,430.0,1325.0,0,0
52103,2024-06-21,2,15:50:00,22:47:00,6.95,15,22,950.0,1367.0,2,2
52103,2024-06-22,2,07:08:00,22:00:00,14.866666666666667,7,22,428.0,1320.0,0,0
52103,2024-06-23,3,07:10:00,22:00:00,14.833333333333334,7,22,430.0,1320.0,0,0
52103,2024-06-24,3,07:12:00,22:07:00,14.916666666666666,7,22,432.0,1327.0,0,0
52103,2024-06-25,4,07:13:00,22:22:00,15.15,7,22,433.0,1342.0,0,0
52103,2024-06-26,4,07:07:00,19:02:00,11.916666666666666,7,19,427.0,1142.0,0,0
52103,2024-06-27,5,07:20:00,22:05:00,14.75,7,22,440.0,1325.0,0,0
52103,2024-06-28,5,15:56:00,22:09:00,6.216666666666667,15,22,956.0,1329.0,2,2
52103,2024-06-29,6,07:07:00,17:07:00,10.0,7,17,427.0,1027.0,3,3
52103,2024-06-30,6,07:12:00,17:05:00,9.883333333333333,7,17,432.0,1025.0,3,3
52103,2024-07-01,0,07:11:00,22:47:00,15.6,7,22,431.0,1367.0,0,0
52103,2024-07-02,0,07:10:00,22:04:00,14.9,7,22,430.0,1324.0,0,0
52103,2024-07-03,1,07:13:00,22:00:00,14.783333333333331,7,22,433.0,1320.0,0,0
52103,2024-07-04,1,07:10:00,21:50:00,14.666666666666666,7,21,430.0,1310.0,0,0
52103,2024-07-05,2,16:01:00,22:58:00,6.95,16,22,961.0,1378.0,2,2
52103,2024-07-06,2,07:10:00,21:58:00,14.8,7,21,430.0,1318.0,0,0
52103,2024-07-07,3,07:07:00,21:40:00,14.55,7,21,427.0,1300.0,0,0
52103,2024-07-08,3,07:11:00,21:32:00,14.35,7,21,431.0,1292.0,0,0
52103,2024-07-09,4,07:09:00,21:35:00,14.433333333333334,7,21,429.0,1295.0,0,0
52103,2024-07-10,4,07:09:00,21:35:00,14.433333333333334,7,21,429.0,1295.0,0,0
52103,2024-07-11,0,07:11:00,17:14:00,10.05,7,17,431.0,1034.0,3,3
52103,2024-07-13,2,07:10:00,21:32:00,14.366666666666667,7,21,430.0,1292.0,0,0
52103,2024-07-14,2,07:10:00,21:32:00,14.366666666666667,7,21,430.0,1292.0,0,0
52103,2024-07-15,3,07:09:00,17:02:00,9.883333333333333,7,17,429.0,1022.0,3,3
52103,2024-07-16,3,07:08:00,17:07:00,9.983333333333333,7,17,428.0,1027.0,3,3
52103,2024-07-17,4,07:03:00,21:35:00,14.533333333333331,7,21,423.0,1295.0,0,0
52103,2024-07-18,4,07:08:00,17:14:00,10.1,7,17,428.0,1034.0,3,3
52103,2024-07-20,6,07:18:00,17:09:00,9.85,7,17,438.0,1029.0,3,3
52103,2024-07-21,1,07:09:00,21:27:00,14.3,7,21,429.0,1287.0,0,0
52103,2024-07-22,1,07:15:00,21:29:00,14.233333333333333,7,21,435.0,1289.0,0,0
52103,2024-07-23,2,07:13:00,17:10:00,9.95,7,17,433.0,1030.0,3,3
52103,2024-07-24,2,07:25:00,21:30:00,14.083333333333334,7,21,445.0,1290.0,0,0
52103,2024-07-25,3,07:09:00,13:07:00,5.966666666666667,7,13,429.0,787.0,1,1
52103,2024-07-26,3,15:58:00,22:55:00,6.95,15,22,958.0,1375.0,2,2
52103,2024-07-27,4,07:12:00,21:33:00,14.35,7,21,432.0,1293.0,0,0
52103,2024-07-28,4,07:09:00,21:30:00,14.35,7,21,429.0,1290.0,0,0
52103,2024-07-29,5,07:10:00,17:12:00,10.033333333333331,7,17,430.0,1032.0,3,3
52103,2024-07-30,5,07:09:00,21:30:00,14.35,7,21,429.0,1290.0,0,0
52103,2024-07-31,6,07:10:00,21:33:00,14.383333333333333,7,21,430.0,1293.0,0,0
52103,2024-08-01,6,07:12:00,21:53:00,14.683333333333334,7,21,432.0,1313.0,0,0
52105,2024-06-04,1,06:39:00,20:30:00,13.85,6,20,399.0,1230.0,0,0
52105,2024-06-05,2,06:43:00,20:30:00,13.783333333333331,6,20,403.0,1230.0,0,0
52105,2024-06-06,2,06:39:00,20:35:00,13.933333333333334,6,20,399.0,1235.0,0,0
52105,2024-06-07,3,16:04:00,21:51:00,5.783333333333333,16,21,964.0,1311.0,2,2
52105,2024-06-08,4,06:35:00,20:31:00,13.933333333333334,6,20,395.0,1231.0,0,0
52105,2024-06-09,4,06:31:00,20:30:00,13.983333333333333,6,20,391.0,1230.0,0,0
52105,2024-06-10,5,06:39:00,20:31:00,13.866666666666667,6,20,399.0,1231.0,0,0
52105,2024-06-11,5,06:42:00,20:32:00,13.833333333333334,6,20,402.0,1232.0,0,0
52105,2024-06-12,6,06:37:00,20:31:00,13.9,6,20,397.0,1231.0,0,0
52105,2024-06-13,6,06:38:00,20:32:00,13.9,6,20,398.0,1232.0,0,0
52105,2024-06-14,0,15:59:00,22:07:00,6.133333333333334,15,22,959.0,1327.0,2,2
52105,2024-06-15,0,06:44:00,20:23:00,13.65,6,20,404.0,1223.0,0,0
52105,2024-06-17,1,07:12:00,16:28:00,9.266666666666667,7,16,432.0,988.0,3,3
52105,2024-06-18,1,07:12:00,16:59:00,9.783333333333331,7,16,432.0,1019.0,3,3
52105,2024-06-19,2,06:33:00,20:49:00,14.266666666666667,6,20,393.0,1249.0,0,0
52105,2024-06-20,2,06:42:00,20:30:00,13.8,6,20,402.0,1230.0,0,0
52105,2024-06-21,3,16:04:00,22:00:00,5.933333333333334,16,22,964.0,1320.0,2,2
52105,2024-06-22,3,07:09:00,20:52:00,13.716666666666669,7,20,429.0,1252.0,0,0
52105,2024-06-23,4,07:06:00,21:07:00,14.016666666666667,7,21,426.0,1267.0,0,0
52105,2024-06-24,4,06:41:00,20:40:00,13.983333333333333,6,20,401.0,1240.0,0,0
52105,2024-06-25,5,06:39:00,20:34:00,13.916666666666666,6,20,399.0,1234.0,0,0
52105,2024-06-26,5,06:45:00,20:32:00,13.783333333333331,6,20,405.0,1232.0,0,0
52105,2024-06-27,6,06:48:00,20:34:00,13.766666666666667,6,20,408.0,1234.0,0,0
52105,2024-06-28,6,16:00:00,22:14:00,6.233333333333333,16,22,960.0,1334.0,2,2
52105,2024-06-29,0,06:42:00,20:35:00,13.883333333333333,6,20,402.0,1235.0,0,0
52105,2024-06-30,0,06:51:00,16:02:00,9.183333333333334,6,16,411.0,962.0,3,3
52105,2024-07-01,1,08:08:00,18:46:00,10.633333333333333,8,18,488.0,1126.0,3,3
52105,2024-07-03,1,08:03:00,16:45:00,8.7,8,16,483.0,1005.0,3,3
52105,2024-07-04,2,07:43:00,19:10:00,11.45,7,19,463.0,1150.0,0,0
52105,2024-07-06,2,08:58:00,18:00:00,9.033333333333331,8,18,538.0,1080.0,3,3
52105,2024-07-07,3,08:08:00,18:17:00,10.15,8,18,488.0,1097.0,3,3
52105,2024-07-08,3,08:44:00,18:50:00,10.1,8,18,524.0,1130.0,3,3
52105,2024-07-09,4,07:36:00,17:09:00,9.55,7,17,456.0,1029.0,3,3
52105,2024-07-10,4,07:37:00,17:14:00,9.616666666666667,7,17,457.0,1034.0,3,3
52105,2024-07-11,5,07:33:00,17:40:00,10.116666666666667,7,17,453.0,1060.0,3,3
52105,2024-07-12,5,08:04:00,18:05:00,10.016666666666667,8,18,484.0,1085.0,3,3
52105,2024-07-14,6,07:39:00,17:42:00,10.05,7,17,459.0,1062.0,3,3
52105,2024-07-15,0,08:00:00,18:07:00,10.116666666666667,8,18,480.0,1087.0,3,3
52105,2024-07-17,1,08:01:00,18:01:00,10.0,8,18,481.0,1081.0,3,3
52105,2024-07-19,1,07:25:00,17:32:00,10.116666666666667,7,17,445.0,1052.0,3,3
52105,2024-07-20,2,07:35:00,17:33:00,9.966666666666669,7,17,455.0,1053.0,3,3
52105,2024-07-21,2,07:09:00,17:14:00,10.083333333333334,7,17,429.0,1034.0,3,3
52105,2024-07-22,3,07:11:00,17:13:00,10.033333333333331,7,17,431.0,1033.0,3,3
52105,2024-07-23,3,07:16:00,17:22:00,10.1,7,17,436.0,1042.0,3,3
52105,2024-07-24,4,08:11:00,18:00:00,9.816666666666666,8,18,491.0,1080.0,3,3
52105,2024-07-25,4,06:36:00,16:57:00,10.35,6,16,396.0,1017.0,3,3
52105,2024-07-26,5,07:21:00,17:58:00,10.616666666666667,7,17,441.0,1078.0,3,3
52105,2024-07-27,5,07:30:00,17:04:00,9.566666666666666,7,17,450.0,1024.0,3,3
52105,2024-07-28,6,07:17:00,17:03:00,9.766666666666667,7,17,437.0,1023.0,3,3
52105,2024-07-29,6,07:18:00,17:01:00,9.716666666666669,7,17,438.0,1021.0,3,3
52105,2024-07-30,0,07:48:00,17:40:00,9.866666666666667,7,17,468.0,1060.0,3,3
52105,2024-07-31,0,07:23:00,18:06:00,10.716666666666669,7,18,443.0,1086.0,3,3
52105,2024-08-01,1,07:25:00,17:23:00,9.966666666666669,7,17,445.0,1043.0,3,3
52107,2024-06-03,2,20:43:00,22:00:00,1.2833333333333334,20,22,1243.0,1320.0,2,2
52107,2024-06-04,2,08:07:00,22:00:00,13.883333333333333,8,22,487.0,1320.0,0,0
52107,2024-06-05,3,08:05:00,22:00:00,13.916666666666666,8,22,485.0,1320.0,0,0
52107,2024-06-06,3,08:07:00,22:04:00,13.95,8,22,487.0,1324.0,0,0
52107,2024-06-07,4,08:05:00,22:00:00,13.916666666666666,8,22,485.0,1320.0,0,0
52107,2024-06-08,4,08:08:00,21:57:00,13.816666666666666,8,21,488.0,1317.0,0,0
52107,2024-06-09,5,08:12:00,21:57:00,13.75,8,21,492.0,1317.0,0,0
52107,2024-06-10,5,08:09:00,21:59:00,13.833333333333334,8,21,489.0,1319.0,0,0
52107,2024-06-11,6,08:12:00,22:21:00,14.15,8,22,492.0,1341.0,0,0
52107,2024-06-12,6,08:02:00,21:58:00,13.933333333333334,8,21,482.0,1318.0,0,0
52107,2024-06-13,0,08:13:00,22:09:00,13.933333333333334,8,22,493.0,1329.0,0,0
52107,2024-06-14,0,08:11:00,10:43:00,2.533333333333333,8,10,491.0,643.0,1,1
52107,2024-06-15,1,08:10:00,21:59:00,13.816666666666666,8,21,490.0,1319.0,0,0
52107,2024-06-17,1,08:19:00,20:10:00,11.85,8,20,499.0,1210.0,0,0
52107,2024-06-18,2,08:14:00,20:13:00,11.983333333333333,8,20,494.0,1213.0,0,0
52107,2024-06-19,2,08:08:00,22:01:00,13.883333333333333,8,22,488.0,1321.0,0,0
52107,2024-06-20,3,08:07:00,22:05:00,13.966666666666669,8,22,487.0,1325.0,0,0
52107,2024-06-21,3,08:14:00,10:41:00,2.45,8,10,494.0,641.0,1,1
52107,2024-06-22,4,08:07:00,21:59:00,13.866666666666667,8,21,487.0,1319.0,0,0
52107,2024-06-23,4,08:10:00,21:57:00,13.783333333333331,8,21,490.0,1317.0,0,0
52107,2024-06-24,5,08:09:00,22:03:00,13.9,8,22,489.0,1323.0,0,0
52107,2024-06-25,5,08:10:00,12:09:00,3.983333333333333,8,12,490.0,729.0,1,1
52107,2024-06-26,6,08:08:00,22:03:00,13.916666666666666,8,22,488.0,1323.0,0,0
52107,2024-06-27,6,08:06:00,21:59:00,13.883333333333333,8,21,486.0,1319.0,0,0
52107,2024-06-28,0,08:13:00,21:59:00,13.766666666666667,8,21,493.0,1319.0,0,0
52107,2024-06-29,0,08:10:00,22:04:00,13.9,8,22,490.0,1324.0,0,0
52107,2024-06-30,1,08:51:00,22:04:00,13.216666666666669,8,22,531.0,1324.0,0,0
52107,2024-07-01,1,08:17:00,21:58:00,13.683333333333334,8,21,497.0,1318.0,0,0
52107,2024-07-02,2,08:15:00,22:01:00,13.766666666666667,8,22,495.0,1321.0,0,0
52107,2024-07-03,2,08:17:00,21:57:00,13.666666666666666,8,21,497.0,1317.0,0,0
52107,2024-07-04,3,08:11:00,12:00:00,3.816666666666667,8,12,491.0,720.0,1,1
52107,2024-07-05,3,08:08:00,21:58:00,13.833333333333334,8,21,488.0,1318.0,0,0
52107,2024-07-06,4,08:10:00,12:00:00,3.8333333333333335,8,12,490.0,720.0,1,1
52107,2024-07-07,4,08:13:00,22:01:00,13.8,8,22,493.0,1321.0,0,0
52107,2024-07-08,1,08:18:00,22:00:00,13.7,8,22,498.0,1320.0,0,0
52107,2024-07-09,1,08:11:00,22:01:00,13.833333333333334,8,22,491.0,1321.0,0,0
52107,2024-07-10,0,08:16:00,21:59:00,13.716666666666669,8,21,496.0,1319.0,0,0
52107,2024-07-11,0,08:05:00,21:57:00,13.866666666666667,8,21,485.0,1317.0,0,0
52107,2024-07-12,1,08:20:00,22:00:00,13.666666666666666,8,22,500.0,1320.0,0,0
52107,2024-07-13,1,08:21:00,22:00:00,13.65,8,22,501.0,1320.0,0,0
52107,2024-07-14,2,08:14:00,22:00:00,13.766666666666667,8,22,494.0,1320.0,0,0
52107,2024-07-15,2,08:20:00,22:02:00,13.7,8,22,500.0,1322.0,0,0
52107,2024-07-16,3,08:07:00,22:01:00,13.9,8,22,487.0,1321.0,0,0
52107,2024-07-17,3,08:11:00,21:59:00,13.8,8,21,491.0,1319.0,0,0
52107,2024-07-18,4,08:05:00,22:00:00,13.916666666666666,8,22,485.0,1320.0,0,0
52107,2024-07-19,4,08:05:00,22:14:00,14.15,8,22,485.0,1334.0,0,0
52107,2024-07-20,5,08:10:00,22:04:00,13.9,8,22,490.0,1324.0,0,0
52107,2024-07-21,5,08:03:00,22:01:00,13.966666666666669,8,22,483.0,1321.0,0,0
52107,2024-07-22,6,08:21:00,12:03:00,3.7,8,12,501.0,723.0,1,1
52107,2024-07-23,6,08:09:00,21:57:00,13.8,8,21,489.0,1317.0,0,0
52107,2024-07-24,0,08:06:00,22:02:00,13.933333333333334,8,22,486.0,1322.0,0,0
52107,2024-07-25,0,08:12:00,21:56:00,13.733333333333333,8,21,492.0,1316.0,0,0
52107,2024-07-26,1,08:08:00,22:01:00,13.883333333333333,8,22,488.0,1321.0,0,0
52107,2024-07-27,1,08:20:00,22:07:00,13.783333333333331,8,22,500.0,1327.0,0,0
52107,2024-07-28,2,08:16:00,22:03:00,13.783333333333331,8,22,496.0,1323.0,0,0
52107,2024-07-29,2,08:05:00,22:00:00,13.916666666666666,8,22,485.0,1320.0,0,0
52107,2024-07-30,3,08:13:00,22:03:00,13.833333333333334,8,22,493.0,1323.0,0,0
52107,2024-07-31,3,08:14:00,21:59:00,13.75,8,21,494.0,1319.0,0,0
52107,2024-08-01,4,08:10:00,12:01:00,3.85,8,12,490.0,721.0,1,1
52107,2024-08-02,4,08:09:00,10:45:00,2.6,8,10,489.0,645.0,1,1
52109,2024-06-23,4,07:49:00,16:01:00,8.2,7,16,469.0,961.0,3,3
52109,2024-06-24,4,07:51:00,22:07:00,14.266666666666667,7,22,471.0,1327.0,0,0
52109,2024-06-25,5,07:53:00,22:08:00,14.25,7,22,473.0,1328.0,0,0
52109,2024-06-27,5,07:58:00,12:15:00,4.283333333333333,7,12,478.0,735.0,1,1
52109,2024-06-28,6,15:57:00,22:28:00,6.516666666666667,15,22,957.0,1348.0,2,2
52109,2024-06-29,6,07:49:00,22:10:00,14.35,7,22,469.0,1330.0,0,0
52109,2024-06-30,0,07:58:00,22:17:00,14.316666666666666,7,22,478.0,1337.0,0,0
52109,2024-07-01,0,07:53:00,22:10:00,14.283333333333331,7,22,473.0,1330.0,0,0
52109,2024-07-02,1,08:01:00,22:29:00,14.466666666666669,8,22,481.0,1349.0,0,0
52109,2024-07-04,1,07:56:00,22:06:00,14.166666666666666,7,22,476.0,1326.0,0,0
52109,2024-07-05,2,16:04:00,22:08:00,6.066666666666666,16,22,964.0,1328.0,2,2
52109,2024-07-06,2,07:58:00,22:18:00,14.333333333333334,7,22,478.0,1338.0,0,0
52109,2024-07-07,4,07:53:00,22:13:00,14.333333333333334,7,22,473.0,1333.0,0,0
52109,2024-07-08,4,07:55:00,22:19:00,14.4,7,22,475.0,1339.0,0,0
52109,2024-07-09,5,07:51:00,22:09:00,14.3,7,22,471.0,1329.0,0,0
52109,2024-07-10,5,08:00:00,22:10:00,14.166666666666666,8,22,480.0,1330.0,0,0
52109,2024-07-12,6,16:02:00,22:04:00,6.033333333333333,16,22,962.0,1324.0,2,2
52109,2024-07-13,0,07:53:00,22:16:00,14.383333333333333,7,22,473.0,1336.0,0,0
52109,2024-07-14,0,08:01:00,22:13:00,14.2,8,22,481.0,1333.0,0,0
52109,2024-07-15,1,07:54:00,22:09:00,14.25,7,22,474.0,1329.0,0,0
52109,2024-07-16,1,07:58:00,22:13:00,14.25,7,22,478.0,1333.0,0,0
52109,2024-07-17,2,08:00:00,22:10:00,14.166666666666666,8,22,480.0,1330.0,0,0
52109,2024-07-18,2,08:02:00,22:05:00,14.05,8,22,482.0,1325.0,0,0
52109,2024-07-19,3,16:15:00,22:07:00,5.866666666666666,16,22,975.0,1327.0,2,2
52109,2024-07-20,3,08:02:00,22:14:00,14.2,8,22,482.0,1334.0,0,0
52109,2024-07-21,4,08:03:00,22:18:00,14.25,8,22,483.0,1338.0,0,0
52109,2024-07-22,4,07:57:00,22:08:00,14.183333333333334,7,22,477.0,1328.0,0,0
52109,2024-07-23,5,08:01:00,22:03:00,14.033333333333331,8,22,481.0,1323.0,0,0
52109,2024-07-24,5,08:04:00,22:04:00,14.0,8,22,484.0,1324.0,0,0
52109,2024-07-26,6,16:02:00,22:05:00,6.05,16,22,962.0,1325.0,2,2
52109,2024-07-28,0,07:59:00,22:03:00,14.066666666666666,7,22,479.0,1323.0,0,0
52109,2024-07-30,2,08:02:00,22:08:00,14.1,8,22,482.0,1328.0,0,0
52109,2024-07-31,3,07:57:00,22:03:00,14.1,7,22,477.0,1323.0,0,0
52109,2024-08-01,3,08:06:00,22:08:00,14.033333333333331,8,22,486.0,1328.0,0,0
52110,2024-06-04,5,08:07:00,22:00:00,13.883333333333333,8,22,487.0,1320.0,0,0
52110,2024-06-05,5,08:05:00,22:01:00,13.933333333333334,8,22,485.0,1321.0,0,0
52110,2024-06-06,6,07:53:00,22:00:00,14.116666666666667,7,22,473.0,1320.0,0,0
52110,2024-06-07,6,16:05:00,21:59:00,5.9,16,21,965.0,1319.0,2,2
52110,2024-06-08,0,07:49:00,22:04:00,14.25,7,22,469.0,1324.0,0,0
52110,2024-06-09,0,08:03:00,22:19:00,14.266666666666667,8,22,483.0,1339.0,0,0
52110,2024-06-10,1,07:42:00,22:02:00,14.333333333333334,7,22,462.0,1322.0,0,0
52110,2024-06-11,1,08:02:00,22:00:00,13.966666666666669,8,22,482.0,1320.0,0,0
52110,2024-06-12,2,07:41:00,22:04:00,14.383333333333333,7,22,461.0,1324.0,0,0
52110,2024-06-13,2,08:01:00,22:09:00,14.133333333333333,8,22,481.0,1329.0,0,0
52110,2024-06-14,3,16:03:00,22:06:00,6.05,16,22,963.0,1326.0,2,2
52110,2024-06-15,3,08:04:00,22:01:00,13.95,8,22,484.0,1321.0,0,0
52110,2024-06-19,4,08:02:00,22:01:00,13.983333333333333,8,22,482.0,1321.0,0,0
52110,2024-06-20,4,08:06:00,21:58:00,13.866666666666667,8,21,486.0,1318.0,0,0
52110,2024-06-21,6,16:04:00,21:57:00,5.883333333333334,16,21,964.0,1317.0,2,2
52110,2024-06-22,6,08:03:00,21:59:00,13.933333333333334,8,21,483.0,1319.0,0,0
52110,2024-06-23,0,08:05:00,11:58:00,3.883333333333333,8,11,485.0,718.0,1,1
52110,2024-06-24,0,08:06:00,22:00:00,13.9,8,22,486.0,1320.0,0,0
52110,2024-06-25,1,08:02:00,21:58:00,13.933333333333334,8,21,482.0,1318.0,0,0
52110,2024-06-26,1,08:04:00,22:05:00,14.016666666666667,8,22,484.0,1325.0,0,0
52110,2024-06-27,2,08:04:00,22:12:00,14.133333333333333,8,22,484.0,1332.0,0,0
52110,2024-06-28,2,16:06:00,22:06:00,6.0,16,22,966.0,1326.0,2,2
52110,2024-06-29,3,08:04:00,22:28:00,14.4,8,22,484.0,1348.0,0,0
52110,2024-06-30,3,08:04:00,22:05:00,14.016666666666667,8,22,484.0,1325.0,0,0
52110,2024-07-01,4,08:05:00,22:02:00,13.95,8,22,485.0,1322.0,0,0
52110,2024-07-02,4,08:10:00,22:01:00,13.85,8,22,490.0,1321.0,0,0
52110,2024-07-03,5,08:08:00,16:03:00,7.916666666666667,8,16,488.0,963.0,3,3
52110,2024-07-04,5,08:03:00,21:59:00,13.933333333333334,8,21,483.0,1319.0,0,0
52110,2024-07-05,6,16:09:00,22:00:00,5.85,16,22,969.0,1320.0,2,2
52110,2024-07-06,6,08:04:00,21:59:00,13.916666666666666,8,21,484.0,1319.0,0,0
52110,2024-07-07,0,08:04:00,21:52:00,13.8,8,21,484.0,1312.0,0,0
52110,2024-07-08,0,08:06:00,21:58:00,13.866666666666667,8,21,486.0,1318.0,0,0
52110,2024-07-09,1,08:14:00,21:59:00,13.75,8,21,494.0,1319.0,0,0
52110,2024-07-10,1,07:54:00,22:07:00,14.216666666666669,7,22,474.0,1327.0,0,0
52110,2024-07-11,2,16:04:00,22:00:00,5.933333333333334,16,22,964.0,1320.0,2,2
52110,2024-07-12,2,16:07:00,22:04:00,5.95,16,22,967.0,1324.0,2,2
52110,2024-07-13,3,08:03:00,22:03:00,14.0,8,22,483.0,1323.0,0,0
52110,2024-07-14,3,08:00:00,22:04:00,14.066666666666666,8,22,480.0,1324.0,0,0
52110,2024-07-15,4,08:03:00,11:56:00,3.883333333333333,8,11,483.0,716.0,1,1
52110,2024-07-16,4,07:54:00,22:00:00,14.1,7,22,474.0,1320.0,0,0
52110,2024-07-17,5,08:05:00,16:03:00,7.966666666666667,8,16,485.0,963.0,3,3
52110,2024-07-18,5,08:03:00,21:57:00,13.9,8,21,483.0,1317.0,0,0
52110,2024-07-19,6,16:07:00,22:14:00,6.116666666666666,16,22,967.0,1334.0,2,2
52110,2024-07-20,6,08:00:00,22:02:00,14.033333333333331,8,22,480.0,1322.0,0,0
52110,2024-07-21,1,12:02:00,16:03:00,4.016666666666667,12,16,722.0,963.0,3,3
52110,2024-07-22,1,08:00:00,11:58:00,3.966666666666667,8,11,480.0,718.0,1,1
52110,2024-07-23,2,08:01:00,21:57:00,13.933333333333334,8,21,481.0,1317.0,0,0
52110,2024-07-24,2,08:01:00,22:06:00,14.083333333333334,8,22,481.0,1326.0,0,0
52110,2024-07-25,3,12:02:00,16:06:00,4.066666666666666,12,16,722.0,966.0,3,3
52110,2024-07-26,3,16:05:00,21:58:00,5.883333333333334,16,21,965.0,1318.0,2,2
52110,2024-07-27,4,08:07:00,22:01:00,13.9,8,22,487.0,1321.0,0,0
52110,2024-07-28,4,07:51:00,22:00:00,14.15,7,22,471.0,1320.0,0,0
52110,2024-07-29,5,08:02:00,21:53:00,13.85,8,21,482.0,1313.0,0,0
52110,2024-07-30,5,07:59:00,22:00:00,14.016666666666667,7,22,479.0,1320.0,0,0
52110,2024-07-31,6,08:06:00,22:06:00,14.0,8,22,486.0,1326.0,0,0
52110,2024-08-01,6,07:53:00,22:05:00,14.2,7,22,473.0,1325.0,0,0
52111,2024-06-03,0,16:00:00,21:30:00,5.5,16,21,960.0,1290.0,2,2
52111,2024-06-04,0,07:02:00,21:27:00,14.416666666666666,7,21,422.0,1287.0,0,0
52111,2024-06-05,1,07:00:00,21:37:00,14.616666666666667,7,21,420.0,1297.0,0,0
52111,2024-06-06,1,07:01:00,21:32:00,14.516666666666667,7,21,421.0,1292.0,0,0
52111,2024-06-07,2,16:01:00,21:58:00,5.95,16,21,961.0,1318.0,2,2
52111,2024-06-08,2,07:03:00,21:28:00,14.416666666666666,7,21,423.0,1288.0,0,0
52111,2024-06-09,3,07:01:00,21:29:00,14.466666666666669,7,21,421.0,1289.0,0,0
52111,2024-06-10,3,07:00:00,21:41:00,14.683333333333334,7,21,420.0,1301.0,0,0
52111,2024-06-11,4,07:02:00,21:36:00,14.566666666666666,7,21,422.0,1296.0,0,0
52111,2024-06-12,4,07:00:00,21:30:00,14.5,7,21,420.0,1290.0,0,0
52111,2024-06-13,5,07:02:00,21:28:00,14.433333333333334,7,21,422.0,1288.0,0,0
52111,2024-06-14,5,15:59:00,21:59:00,6.0,15,21,959.0,1319.0,2,2
52111,2024-06-15,6,07:02:00,22:17:00,15.25,7,22,422.0,1337.0,0,0
52111,2024-06-19,6,07:02:00,21:31:00,14.483333333333333,7,21,422.0,1291.0,0,0
52111,2024-06-20,0,07:02:00,21:25:00,14.383333333333333,7,21,422.0,1285.0,0,0
52111,2024-06-21,0,15:57:00,21:49:00,5.866666666666666,15,21,957.0,1309.0,2,2
52111,2024-06-22,1,07:01:00,21:30:00,14.483333333333333,7,21,421.0,1290.0,0,0
52111,2024-06-23,1,07:03:00,20:57:00,13.9,7,20,423.0,1257.0,0,0
52111,2024-06-24,2,07:03:00,21:31:00,14.466666666666669,7,21,423.0,1291.0,0,0
52111,2024-06-25,2,07:04:00,21:28:00,14.4,7,21,424.0,1288.0,0,0
52111,2024-06-26,3,07:03:00,21:28:00,14.416666666666666,7,21,423.0,1288.0,0,0
52111,2024-06-27,3,07:02:00,21:37:00,14.583333333333334,7,21,422.0,1297.0,0,0
52111,2024-06-28,4,15:57:00,21:59:00,6.033333333333333,15,21,957.0,1319.0,2,2
52111,2024-06-29,4,07:05:00,21:30:00,14.416666666666666,7,21,425.0,1290.0,0,0
52111,2024-06-30,5,07:04:00,21:43:00,14.65,7,21,424.0,1303.0,0,0
52111,2024-07-01,5,07:05:00,21:27:00,14.366666666666667,7,21,425.0,1287.0,0,0
52111,2024-07-02,6,07:07:00,21:31:00,14.4,7,21,427.0,1291.0,0,0
52111,2024-07-03,6,07:04:00,21:32:00,14.466666666666669,7,21,424.0,1292.0,0,0
52111,2024-07-04,0,07:04:00,21:24:00,14.333333333333334,7,21,424.0,1284.0,0,0
52111,2024-07-05,0,15:52:00,22:00:00,6.133333333333334,15,22,952.0,1320.0,2,2
52111,2024-07-06,1,07:05:00,21:26:00,14.35,7,21,425.0,1286.0,0,0
52111,2024-07-07,1,07:04:00,21:43:00,14.65,7,21,424.0,1303.0,0,0
52111,2024-07-08,2,07:02:00,21:20:00,14.3,7,21,422.0,1280.0,0,0
52111,2024-07-09,2,07:01:00,21:29:00,14.466666666666669,7,21,421.0,1289.0,0,0
52111,2024-07-10,3,07:03:00,21:30:00,14.45,7,21,423.0,1290.0,0,0
52111,2024-07-11,3,07:04:00,21:26:00,14.366666666666667,7,21,424.0,1286.0,0,0
52111,2024-07-12,4,16:03:00,22:00:00,5.95,16,22,963.0,1320.0,2,2
52111,2024-07-13,4,07:02:00,21:25:00,14.383333333333333,7,21,422.0,1285.0,0,0
52111,2024-07-14,5,07:05:00,22:00:00,14.916666666666666,7,22,425.0,1320.0,0,0
52111,2024-07-15,5,08:03:00,18:10:00,10.116666666666667,8,18,483.0,1090.0,3,3
52111,2024-07-16,6,08:02:00,18:09:00,10.116666666666667,8,18,482.0,1089.0,3,3
52111,2024-07-17,6,08:06:00,18:01:00,9.916666666666666,8,18,486.0,1081.0,3,3
52111,2024-07-18,0,08:11:00,18:12:00,10.016666666666667,8,18,491.0,1092.0,3,3
52111,2024-08-02,0,16:06:00,22:00:00,5.9,16,22,966.0,1320.0,2,2
52113,2024-06-04,1,07:17:00,21:58:00,14.683333333333334,7,21,437.0,1318.0,0,0
52113,2024-06-05,1,07:17:00,21:57:00,14.666666666666666,7,21,437.0,1317.0,0,0
52113,2024-06-06,2,07:18:00,21:57:00,14.65,7,21,438.0,1317.0,0,0
52113,2024-06-07,2,16:15:00,21:58:00,5.716666666666667,16,21,975.0,1318.0,2,2
52113,2024-06-08,3,07:32:00,21:24:00,13.866666666666667,7,21,452.0,1284.0,0,0
52113,2024-06-09,3,07:15:00,21:58:00,14.716666666666669,7,21,435.0,1318.0,0,0
52113,2024-06-10,4,07:17:00,21:57:00,14.666666666666666,7,21,437.0,1317.0,0,0
52113,2024-06-11,4,07:30:00,21:58:00,14.466666666666669,7,21,450.0,1318.0,0,0
52113,2024-06-12,5,08:01:00,21:58:00,13.95,8,21,481.0,1318.0,0,0
52113,2024-06-13,5,07:26:00,22:08:00,14.7,7,22,446.0,1328.0,0,0
52113,2024-06-14,6,16:09:00,23:46:00,7.616666666666666,16,23,969.0,1426.0,2,2
52113,2024-06-15,6,07:29:00,22:11:00,14.7,7,22,449.0,1331.0,0,0
52113,2024-06-19,0,07:40:00,11:59:00,4.316666666666666,7,11,460.0,719.0,1,1
52113,2024-06-20,0,07:22:00,21:57:00,14.583333333333334,7,21,442.0,1317.0,0,0
52113,2024-06-21,1,16:04:00,21:57:00,5.883333333333334,16,21,964.0,1317.0,2,2
52113,2024-06-22,1,07:18:00,21:56:00,14.633333333333333,7,21,438.0,1316.0,0,0
52113,2024-06-23,2,07:20:00,21:55:00,14.583333333333334,7,21,440.0,1315.0,0,0
52113,2024-06-24,2,07:52:00,21:57:00,14.083333333333334,7,21,472.0,1317.0,0,0
52113,2024-06-25,3,08:00:00,12:01:00,4.016666666666667,8,12,480.0,721.0,1,1
52113,2024-06-26,3,07:18:00,21:55:00,14.616666666666667,7,21,438.0,1315.0,0,0
52113,2024-06-27,4,07:25:00,12:01:00,4.6,7,12,445.0,721.0,1,1
52113,2024-06-28,4,16:03:00,22:09:00,6.1,16,22,963.0,1329.0,2,2
52113,2024-06-29,0,07:53:00,21:56:00,14.05,7,21,473.0,1316.0,0,0
52113,2024-06-30,0,07:41:00,21:55:00,14.233333333333333,7,21,461.0,1315.0,0,0
52113,2024-07-01,1,07:58:00,21:57:00,13.983333333333333,7,21,478.0,1317.0,0,0
52113,2024-07-02,1,08:13:00,11:58:00,3.75,8,11,493.0,718.0,1,1
52113,2024-07-03,2,16:05:00,21:56:00,5.85,16,21,965.0,1316.0,2,2
52113,2024-07-04,2,07:25:00,21:52:00,14.45,7,21,445.0,1312.0,0,0
52113,2024-07-05,3,16:03:00,21:55:00,5.866666666666666,16,21,963.0,1315.0,2,2
52113,2024-07-06,3,07:54:00,21:58:00,14.066666666666666,7,21,474.0,1318.0,0,0
52113,2024-07-07,4,07:54:00,11:57:00,4.05,7,11,474.0,717.0,1,1
52113,2024-07-08,4,07:30:00,12:03:00,4.55,7,12,450.0,723.0,1,1
52113,2024-07-09,5,07:24:00,21:58:00,14.566666666666666,7,21,444.0,1318.0,0,0
52113,2024-07-10,5,08:10:00,21:55:00,13.75,8,21,490.0,1315.0,0,0
52113,2024-07-11,6,07:45:00,11:59:00,4.233333333333333,7,11,465.0,719.0,1,1
52113,2024-07-12,6,16:06:00,21:57:00,5.85,16,21,966.0,1317.0,2,2
52113,2024-07-13,0,07:28:00,21:56:00,14.466666666666669,7,21,448.0,1316.0,0,0
52113,2024-07-14,0,07:48:00,11:58:00,4.166666666666667,7,11,468.0,718.0,1,1
52113,2024-07-15,1,07:22:00,21:58:00,14.6,7,21,442.0,1318.0,0,0
52113,2024-07-16,1,07:30:00,21:55:00,14.416666666666666,7,21,450.0,1315.0,0,0
52113,2024-07-17,2,07:44:00,21:59:00,14.25,7,21,464.0,1319.0,0,0
52113,2024-07-18,2,07:24:00,21:56:00,14.533333333333331,7,21,444.0,1316.0,0,0
52113,2024-07-19,3,16:06:00,21:55:00,5.816666666666666,16,21,966.0,1315.0,2,2
52113,2024-07-20,3,07:42:00,21:57:00,14.25,7,21,462.0,1317.0,0,0
52113,2024-07-21,4,07:38:00,21:59:00,14.35,7,21,458.0,1319.0,0,0
52113,2024-07-22,4,16:05:00,21:54:00,5.816666666666666,16,21,965.0,1314.0,2,2
52113,2024-07-23,5,07:19:00,21:56:00,14.616666666666667,7,21,439.0,1316.0,0,0
52113,2024-07-24,5,08:05:00,21:56:00,13.85,8,21,485.0,1316.0,0,0
52113,2024-07-25,0,07:36:00,21:56:00,14.333333333333334,7,21,456.0,1316.0,0,0
52113,2024-07-26,0,16:00:00,21:58:00,5.966666666666667,16,21,960.0,1318.0,2,2
52113,2024-07-27,1,07:16:00,21:58:00,14.7,7,21,436.0,1318.0,0,0
52113,2024-07-28,1,07:32:00,21:55:00,14.383333333333333,7,21,452.0,1315.0,0,0
52113,2024-07-29,2,07:50:00,21:59:00,14.15,7,21,470.0,1319.0,0,0
52113,2024-07-30,2,07:19:00,21:58:00,14.65,7,21,439.0,1318.0,0,0
52113,2024-07-31,3,07:11:00,21:58:00,14.783333333333331,7,21,431.0,1318.0,0,0
52113,2024-08-01,3,07:17:00,21:56:00,14.65,7,21,437.0,1316.0,0,0
52114,2024-06-04,4,08:15:00,15:57:00,7.7,8,15,495.0,957.0,3,3
52114,2024-06-05,5,08:11:00,15:58:00,7.783333333333333,8,15,491.0,958.0,3,3
52114,2024-06-06,5,08:13:00,15:53:00,7.666666666666667,8,15,493.0,953.0,3,3
52114,2024-06-08,6,08:05:00,15:53:00,7.8,8,15,485.0,953.0,3,3
52114,2024-06-09,0,08:03:00,16:14:00,8.183333333333334,8,16,483.0,974.0,3,3
52114,2024-06-10,0,08:13:00,15:53:00,7.666666666666667,8,15,493.0,953.0,3,3
52114,2024-06-11,1,08:18:00,15:54:00,7.6,8,15,498.0,954.0,3,3
52114,2024-06-12,1,08:11:00,15:59:00,7.8,8,15,491.0,959.0,3,3
52114,2024-06-13,2,08:06:00,16:00:00,7.9,8,16,486.0,960.0,3,3
52114,2024-06-15,3,08:20:00,16:10:00,7.833333333333333,8,16,500.0,970.0,3,3
52114,2024-06-19,3,08:06:00,16:03:00,7.95,8,16,486.0,963.0,3,3
52114,2024-06-20,4,08:24:00,15:48:00,7.4,8,15,504.0,948.0,3,3
52114,2024-06-22,5,08:09:00,15:57:00,7.8,8,15,489.0,957.0,3,3
52114,2024-06-23,5,08:02:00,15:47:00,7.75,8,15,482.0,947.0,3,3
52114,2024-06-24,6,08:01:00,15:56:00,7.916666666666667,8,15,481.0,956.0,3,3
52114,2024-06-25,6,08:06:00,15:53:00,7.783333333333333,8,15,486.0,953.0,3,3
52114,2024-06-26,0,08:09:00,15:52:00,7.716666666666667,8,15,489.0,952.0,3,3
52114,2024-06-27,0,08:12:00,15:59:00,7.783333333333333,8,15,492.0,959.0,3,3
52114,2024-06-29,1,08:05:00,15:50:00,7.75,8,15,485.0,950.0,3,3
52114,2024-06-30,1,08:14:00,15:58:00,7.733333333333333,8,15,494.0,958.0,3,3
52114,2024-07-01,2,08:11:00,15:56:00,7.75,8,15,491.0,956.0,3,3
52114,2024-07-02,2,08:17:00,15:57:00,7.666666666666667,8,15,497.0,957.0,3,3
52114,2024-07-03,3,08:24:00,16:03:00,7.65,8,16,504.0,963.0,3,3
52114,2024-07-04,3,08:19:00,16:03:00,7.733333333333333,8,16,499.0,963.0,3,3
52114,2024-07-07,4,08:09:00,16:01:00,7.866666666666666,8,16,489.0,961.0,3,3
52114,2024-07-08,4,08:12:00,16:02:00,7.833333333333333,8,16,492.0,962.0,3,3
52114,2024-07-09,5,08:05:00,15:58:00,7.883333333333334,8,15,485.0,958.0,3,3
52114,2024-07-10,5,08:20:00,15:58:00,7.633333333333334,8,15,500.0,958.0,3,3
52114,2024-07-11,6,08:14:00,15:59:00,7.75,8,15,494.0,959.0,3,3
52114,2024-07-13,0,08:10:00,15:57:00,7.783333333333333,8,15,490.0,957.0,3,3
52114,2024-07-14,0,08:17:00,15:52:00,7.583333333333333,8,15,497.0,952.0,3,3
52114,2024-07-15,1,08:10:00,16:03:00,7.883333333333334,8,16,490.0,963.0,3,3
52114,2024-07-16,1,08:13:00,16:03:00,7.833333333333333,8,16,493.0,963.0,3,3
52114,2024-07-17,2,08:16:00,16:02:00,7.766666666666667,8,16,496.0,962.0,3,3
52114,2024-07-18,2,08:18:00,15:59:00,7.683333333333334,8,15,498.0,959.0,3,3
52114,2024-07-20,3,08:16:00,15:54:00,7.633333333333334,8,15,496.0,954.0,3,3
52114,2024-07-21,4,08:17:00,16:01:00,7.733333333333333,8,16,497.0,961.0,3,3
52114,2024-07-22,4,08:13:00,15:54:00,7.683333333333334,8,15,493.0,954.0,3,3
52114,2024-07-23,5,08:18:00,16:01:00,7.716666666666667,8,16,498.0,961.0,3,3
52114,2024-07-24,5,08:21:00,15:58:00,7.616666666666666,8,15,501.0,958.0,3,3
52114,2024-07-25,6,08:11:00,16:02:00,7.85,8,16,491.0,962.0,3,3
52114,2024-07-27,0,08:14:00,15:57:00,7.716666666666667,8,15,494.0,957.0,3,3
52114,2024-07-29,1,08:05:00,15:54:00,7.816666666666666,8,15,485.0,954.0,3,3
52114,2024-07-30,1,08:15:00,15:59:00,7.733333333333333,8,15,495.0,959.0,3,3
52114,2024-07-31,2,08:17:00,15:58:00,7.683333333333334,8,15,497.0,958.0,3,3
52114,2024-08-01,2,08:16:00,16:13:00,7.95,8,16,496.0,973.0,3,3
52115,2024-06-04,4,08:12:00,21:55:00,13.716666666666669,8,21,492.0,1315.0,0,0
52115,2024-06-05,4,08:13:00,22:03:00,13.833333333333334,8,22,493.0,1323.0,0,0
52115,2024-06-06,5,08:12:00,22:11:00,13.983333333333333,8,22,492.0,1331.0,0,0
52115,2024-06-07,5,16:09:00,21:53:00,5.733333333333333,16,21,969.0,1313.0,2,2
52115,2024-06-08,6,08:18:00,21:57:00,13.65,8,21,498.0,1317.0,0,0
52115,2024-06-09,6,08:14:00,22:36:00,14.366666666666667,8,22,494.0,1356.0,0,0
52115,2024-06-10,0,08:15:00,22:01:00,13.766666666666667,8,22,495.0,1321.0,0,0
52115,2024-06-11,0,08:10:00,21:59:00,13.816666666666666,8,21,490.0,1319.0,0,0
52115,2024-06-12,1,08:11:00,22:00:00,13.816666666666666,8,22,491.0,1320.0,0,0
52115,2024-06-13,1,08:11:00,22:05:00,13.9,8,22,491.0,1325.0,0,0
52115,2024-06-15,2,08:18:00,22:44:00,14.433333333333334,8,22,498.0,1364.0,0,0
52115,2024-06-19,2,08:20:00,22:01:00,13.683333333333334,8,22,500.0,1321.0,0,0
52115,2024-06-20,3,08:10:00,21:59:00,13.816666666666666,8,21,490.0,1319.0,0,0
52115,2024-06-21,3,16:18:00,21:58:00,5.666666666666667,16,21,978.0,1318.0,2,2
52115,2024-06-22,4,08:13:00,22:40:00,14.45,8,22,493.0,1360.0,0,0
52115,2024-06-23,4,08:15:00,21:57:00,13.7,8,21,495.0,1317.0,0,0
52115,2024-06-24,5,08:27:00,22:03:00,13.6,8,22,507.0,1323.0,0,0
52115,2024-06-25,5,08:13:00,22:05:00,13.866666666666667,8,22,493.0,1325.0,0,0
52115,2024-06-26,6,08:08:00,22:03:00,13.916666666666666,8,22,488.0,1323.0,0,0
52115,2024-06-27,6,08:19:00,21:58:00,13.65,8,21,499.0,1318.0,0,0
52115,2024-06-29,0,08:13:00,22:00:00,13.783333333333331,8,22,493.0,1320.0,0,0
52115,2024-06-30,0,08:20:00,11:58:00,3.633333333333333,8,11,500.0,718.0,1,1
52115,2024-07-01,1,08:08:00,21:55:00,13.783333333333331,8,21,488.0,1315.0,0,0
52115,2024-07-02,1,08:17:00,22:28:00,14.183333333333334,8,22,497.0,1348.0,0,0
52115,2024-07-03,2,08:14:00,21:59:00,13.75,8,21,494.0,1319.0,0,0
52115,2024-07-04,2,08:14:00,21:51:00,13.616666666666667,8,21,494.0,1311.0,0,0
52115,2024-07-05,3,16:20:00,22:04:00,5.733333333333333,16,22,980.0,1324.0,2,2
52115,2024-07-06,3,08:15:00,22:02:00,13.783333333333331,8,22,495.0,1322.0,0,0
52115,2024-07-07,4,08:10:00,22:11:00,14.016666666666667,8,22,490.0,1331.0,0,0
52115,2024-07-08,4,08:13:00,22:21:00,14.133333333333333,8,22,493.0,1341.0,0,0
52115,2024-07-09,1,08:15:00,22:06:00,13.85,8,22,495.0,1326.0,0,0
52115,2024-07-10,1,08:15:00,16:11:00,7.933333333333334,8,16,495.0,971.0,3,3
52115,2024-07-11,0,08:15:00,21:40:00,13.416666666666666,8,21,495.0,1300.0,0,0
52115,2024-07-13,0,08:15:00,22:02:00,13.783333333333331,8,22,495.0,1322.0,0,0
52115,2024-07-14,1,08:15:00,22:00:00,13.75,8,22,495.0,1320.0,0,0
52115,2024-07-15,1,08:15:00,21:56:00,13.683333333333334,8,21,495.0,1316.0,0,0
52115,2024-07-16,2,08:16:00,22:05:00,13.816666666666666,8,22,496.0,1325.0,0,0
52115,2024-07-17,2,08:14:00,22:00:00,13.766666666666667,8,22,494.0,1320.0,0,0
52115,2024-07-18,3,08:10:00,22:04:00,13.9,8,22,490.0,1324.0,0,0
52115,2024-07-19,3,16:11:00,22:03:00,5.866666666666666,16,22,971.0,1323.0,2,2
52115,2024-07-20,4,08:14:00,21:59:00,13.75,8,21,494.0,1319.0,0,0
52115,2024-07-21,4,08:18:00,22:02:00,13.733333333333333,8,22,498.0,1322.0,0,0
52115,2024-07-22,5,08:13:00,22:01:00,13.8,8,22,493.0,1321.0,0,0
52115,2024-07-23,5,08:15:00,21:58:00,13.716666666666669,8,21,495.0,1318.0,0,0
52115,2024-07-24,6,08:15:00,21:58:00,13.716666666666669,8,21,495.0,1318.0,0,0
52115,2024-07-25,6,08:16:00,21:54:00,13.633333333333333,8,21,496.0,1314.0,0,0
52115,2024-07-27,1,08:14:00,21:55:00,13.683333333333334,8,21,494.0,1315.0,0,0
52115,2024-07-28,1,08:09:00,21:58:00,13.816666666666666,8,21,489.0,1318.0,0,0
52115,2024-07-29,2,08:12:00,22:00:00,13.8,8,22,492.0,1320.0,0,0
52115,2024-07-30,2,08:10:00,21:56:00,13.766666666666667,8,21,490.0,1316.0,0,0
52115,2024-07-31,3,08:12:00,22:00:00,13.8,8,22,492.0,1320.0,0,0
52115,2024-08-01,3,08:13:00,22:01:00,13.8,8,22,493.0,1321.0,0,0
52116,2024-06-04,5,08:05:00,12:04:00,3.983333333333333,8,12,485.0,724.0,1,1
52116,2024-06-05,5,08:05:00,22:02:00,13.95,8,22,485.0,1322.0,0,0
52116,2024-06-06,6,08:05:00,22:02:00,13.95,8,22,485.0,1322.0,0,0
52116,2024-06-07,6,08:06:00,22:01:00,13.916666666666666,8,22,486.0,1321.0,0,0
52116,2024-06-08,0,08:05:00,22:13:00,14.133333333333333,8,22,485.0,1333.0,0,0
52116,2024-06-09,0,08:05:00,22:04:00,13.983333333333333,8,22,485.0,1324.0,0,0
52116,2024-06-10,1,08:04:00,22:00:00,13.933333333333334,8,22,484.0,1320.0,0,0
52116,2024-06-11,1,08:02:00,22:00:00,13.966666666666669,8,22,482.0,1320.0,0,0
52116,2024-06-12,2,08:03:00,22:02:00,13.983333333333333,8,22,483.0,1322.0,0,0
52116,2024-06-13,2,08:04:00,22:02:00,13.966666666666669,8,22,484.0,1322.0,0,0
52116,2024-06-14,3,08:05:00,22:00:00,13.916666666666666,8,22,485.0,1320.0,0,0
52116,2024-06-15,3,08:06:00,21:59:00,13.883333333333333,8,21,486.0,1319.0,0,0
52116,2024-06-17,4,08:09:00,21:48:00,13.65,8,21,489.0,1308.0,0,0
52116,2024-06-18,4,08:08:00,21:57:00,13.816666666666666,8,21,488.0,1317.0,0,0
52116,2024-06-19,5,08:05:00,21:59:00,13.9,8,21,485.0,1319.0,0,0
52116,2024-06-20,5,08:05:00,22:01:00,13.933333333333334,8,22,485.0,1321.0,0,0
52116,2024-06-21,6,08:03:00,22:01:00,13.966666666666669,8,22,483.0,1321.0,0,0
52116,2024-06-22,6,08:05:00,22:09:00,14.066666666666666,8,22,485.0,1329.0,0,0
52116,2024-06-23,0,08:05:00,22:04:00,13.983333333333333,8,22,485.0,1324.0,0,0
52116,2024-06-24,0,08:06:00,22:11:00,14.083333333333334,8,22,486.0,1331.0,0,0
52116,2024-06-25,1,08:06:00,22:02:00,13.933333333333334,8,22,486.0,1322.0,0,0
52116,2024-06-26,1,08:03:00,22:05:00,14.033333333333331,8,22,483.0,1325.0,0,0
52116,2024-06-27,2,08:05:00,22:02:00,13.95,8,22,485.0,1322.0,0,0
52116,2024-06-28,2,08:09:00,22:02:00,13.883333333333333,8,22,489.0,1322.0,0,0
52116,2024-06-29,3,08:09:00,22:04:00,13.916666666666666,8,22,489.0,1324.0,0,0
52116,2024-06-30,3,08:04:00,21:54:00,13.833333333333334,8,21,484.0,1314.0,0,0
52116,2024-07-01,4,08:05:00,22:05:00,14.0,8,22,485.0,1325.0,0,0
52116,2024-07-02,4,08:05:00,22:02:00,13.95,8,22,485.0,1322.0,0,0
52116,2024-07-03,5,08:07:00,22:01:00,13.9,8,22,487.0,1321.0,0,0
52116,2024-07-04,5,08:05:00,22:03:00,13.966666666666669,8,22,485.0,1323.0,0,0
52116,2024-07-05,6,08:05:00,22:06:00,14.016666666666667,8,22,485.0,1326.0,0,0
52116,2024-07-06,6,08:06:00,22:02:00,13.933333333333334,8,22,486.0,1322.0,0,0
52116,2024-07-07,0,08:05:00,22:01:00,13.933333333333334,8,22,485.0,1321.0,0,0
52116,2024-07-08,0,08:08:00,22:01:00,13.883333333333333,8,22,488.0,1321.0,0,0
52116,2024-07-09,1,08:06:00,22:03:00,13.95,8,22,486.0,1323.0,0,0
52116,2024-07-10,1,08:05:00,22:02:00,13.95,8,22,485.0,1322.0,0,0
52116,2024-07-11,2,08:04:00,22:07:00,14.05,8,22,484.0,1327.0,0,0
52116,2024-07-12,2,08:08:00,22:00:00,13.866666666666667,8,22,488.0,1320.0,0,0
52116,2024-07-13,3,08:04:00,22:00:00,13.933333333333334,8,22,484.0,1320.0,0,0
52116,2024-07-14,3,08:05:00,22:00:00,13.916666666666666,8,22,485.0,1320.0,0,0
52116,2024-07-15,4,08:08:00,22:01:00,13.883333333333333,8,22,488.0,1321.0,0,0
52116,2024-07-16,4,08:05:00,22:00:00,13.916666666666666,8,22,485.0,1320.0,0,0
52116,2024-07-17,6,08:07:00,22:01:00,13.9,8,22,487.0,1321.0,0,0
52116,2024-07-18,6,08:01:00,22:02:00,14.016666666666667,8,22,481.0,1322.0,0,0
52116,2024-07-19,0,08:08:00,22:01:00,13.883333333333333,8,22,488.0,1321.0,0,0
52116,2024-07-20,0,08:04:00,22:07:00,14.05,8,22,484.0,1327.0,0,0
52116,2024-07-21,1,08:07:00,22:00:00,13.883333333333333,8,22,487.0,1320.0,0,0
52116,2024-07-22,1,08:07:00,22:03:00,13.933333333333334,8,22,487.0,1323.0,0,0
52116,2024-07-23,2,08:09:00,22:03:00,13.9,8,22,489.0,1323.0,0,0
52116,2024-07-24,2,08:05:00,22:02:00,13.95,8,22,485.0,1322.0,0,0
52116,2024-07-25,3,08:06:00,22:01:00,13.916666666666666,8,22,486.0,1321.0,0,0
52116,2024-07-26,3,08:06:00,22:00:00,13.9,8,22,486.0,1320.0,0,0
52116,2024-07-27,4,08:07:00,22:07:00,14.0,8,22,487.0,1327.0,0,0
52116,2024-07-28,4,08:06:00,22:10:00,14.066666666666666,8,22,486.0,1330.0,0,0
52116,2024-07-29,5,08:06:00,22:00:00,13.9,8,22,486.0,1320.0,0,0
52116,2024-07-30,5,08:04:00,22:13:00,14.15,8,22,484.0,1333.0,0,0
52116,2024-07-31,6,08:06:00,22:00:00,13.9,8,22,486.0,1320.0,0,0
52116,2024-08-01,6,08:05:00,22:04:00,13.983333333333333,8,22,485.0,1324.0,0,0
52116,2024-08-02,0,08:07:00,10:46:00,2.65,8,10,487.0,646.0,1,1
52118,2024-06-04,1,07:18:00,21:58:00,14.666666666666666,7,21,438.0,1318.0,0,0
52118,2024-06-05,1,07:14:00,22:00:00,14.766666666666667,7,22,434.0,1320.0,0,0
52118,2024-06-06,2,07:12:00,22:04:00,14.866666666666667,7,22,432.0,1324.0,0,0
52118,2024-06-07,2,15:55:00,21:58:00,6.05,15,21,955.0,1318.0,2,2
52118,2024-06-08,3,08:00:00,21:59:00,13.983333333333333,8,21,480.0,1319.0,0,0
52118,2024-06-09,3,07:11:00,16:07:00,8.933333333333334,7,16,431.0,967.0,3,3
52118,2024-06-10,4,08:04:00,21:58:00,13.9,8,21,484.0,1318.0,0,0
52118,2024-06-11,4,07:20:00,21:58:00,14.633333333333333,7,21,440.0,1318.0,0,0
52118,2024-06-12,5,07:09:00,22:02:00,14.883333333333333,7,22,429.0,1322.0,0,0
52118,2024-06-13,5,07:19:00,21:52:00,14.55,7,21,439.0,1312.0,0,0
52118,2024-06-14,6,16:09:00,22:01:00,5.866666666666666,16,22,969.0,1321.0,2,2
52118,2024-06-15,6,07:19:00,22:53:00,15.566666666666666,7,22,439.0,1373.0,0,0
52118,2024-06-19,1,07:17:00,21:58:00,14.683333333333334,7,21,437.0,1318.0,0,0
52118,2024-06-20,1,07:17:00,21:57:00,14.666666666666666,7,21,437.0,1317.0,0,0
52118,2024-06-21,2,16:03:00,21:53:00,5.833333333333333,16,21,963.0,1313.0,2,2
52118,2024-06-22,2,07:16:00,21:55:00,14.65,7,21,436.0,1315.0,0,0
52118,2024-06-23,3,07:40:00,21:58:00,14.3,7,21,460.0,1318.0,0,0
52118,2024-06-24,3,07:54:00,21:59:00,14.083333333333334,7,21,474.0,1319.0,0,0
52118,2024-06-25,4,08:04:00,21:58:00,13.9,8,21,484.0,1318.0,0,0
52118,2024-06-26,4,07:19:00,22:00:00,14.683333333333334,7,22,439.0,1320.0,0,0
52118,2024-06-27,5,07:13:00,21:58:00,14.75,7,21,433.0,1318.0,0,0
52118,2024-06-28,5,16:06:00,21:57:00,5.85,16,21,966.0,1317.0,2,2
52118,2024-06-29,6,07:55:00,21:57:00,14.033333333333331,7,21,475.0,1317.0,0,0
52118,2024-06-30,6,07:18:00,21:58:00,14.666666666666666,7,21,438.0,1318.0,0,0
52118,2024-07-01,0,07:59:00,21:59:00,14.0,7,21,479.0,1319.0,0,0
52118,2024-07-02,0,07:34:00,22:00:00,14.433333333333334,7,22,454.0,1320.0,0,0
52118,2024-07-03,1,07:23:00,21:56:00,14.55,7,21,443.0,1316.0,0,0
52118,2024-07-04,1,07:27:00,21:57:00,14.5,7,21,447.0,1317.0,0,0
52118,2024-07-05,2,16:07:00,21:55:00,5.8,16,21,967.0,1315.0,2,2
52118,2024-07-06,2,07:09:00,21:52:00,14.716666666666669,7,21,429.0,1312.0,0,0
52118,2024-07-07,3,07:39:00,21:51:00,14.2,7,21,459.0,1311.0,0,0
52118,2024-07-08,3,08:51:00,11:55:00,3.066666666666667,8,11,531.0,715.0,1,1
52118,2024-07-09,4,07:13:00,21:59:00,14.766666666666667,7,21,433.0,1319.0,0,0
52118,2024-07-10,4,07:07:00,22:08:00,15.016666666666667,7,22,427.0,1328.0,0,0
52118,2024-07-11,5,11:58:00,16:06:00,4.133333333333334,11,16,718.0,966.0,3,3
52118,2024-07-12,5,16:12:00,21:54:00,5.7,16,21,972.0,1314.0,2,2
52118,2024-07-13,6,07:16:00,21:37:00,14.35,7,21,436.0,1297.0,0,0
52118,2024-07-14,6,07:43:00,21:55:00,14.2,7,21,463.0,1315.0,0,0
52118,2024-07-16,0,10:14:00,21:50:00,11.6,10,21,614.0,1310.0,0,0
52118,2024-07-17,0,10:13:00,21:54:00,11.683333333333334,10,21,613.0,1314.0,0,0
52118,2024-07-18,1,12:37:00,21:48:00,9.183333333333334,12,21,757.0,1308.0,2,2
52118,2024-07-19,1,16:06:00,21:56:00,5.833333333333333,16,21,966.0,1316.0,2,2
52118,2024-07-20,2,10:12:00,11:56:00,1.7333333333333334,10,11,612.0,716.0,1,1
52118,2024-07-22,2,10:12:00,21:56:00,11.733333333333333,10,21,612.0,1316.0,0,0
52118,2024-07-23,3,10:11:00,21:57:00,11.766666666666667,10,21,611.0,1317.0,0,0
52118,2024-07-24,3,10:46:00,22:00:00,11.233333333333333,10,22,646.0,1320.0,0,0
52118,2024-07-25,4,10:14:00,21:52:00,11.633333333333333,10,21,614.0,1312.0,0,0
52118,2024-07-26,4,16:07:00,22:00:00,5.883333333333334,16,22,967.0,1320.0,2,2
52118,2024-07-27,5,10:12:00,21:57:00,11.75,10,21,612.0,1317.0,0,0
52118,2024-07-28,5,10:14:00,21:55:00,11.683333333333334,10,21,614.0,1315.0,0,0
52118,2024-07-29,6,10:14:00,22:02:00,11.8,10,22,614.0,1322.0,0,0
52118,2024-07-30,6,10:18:00,21:55:00,11.616666666666667,10,21,618.0,1315.0,0,0
52118,2024-07-31,0,10:14:00,21:57:00,11.716666666666669,10,21,614.0,1317.0,0,0
52118,2024-08-01,0,10:16:00,20:10:00,9.9,10,20,616.0,1210.0,0,0
52119,2024-06-04,1,08:14:00,20:08:00,11.9,8,20,494.0,1208.0,0,0
52119,2024-06-05,1,08:08:00,20:09:00,12.016666666666667,8,20,488.0,1209.0,0,0
52119,2024-06-06,2,08:11:00,20:17:00,12.1,8,20,491.0,1217.0,0,0
52119,2024-06-07,2,16:09:00,21:59:00,5.833333333333333,16,21,969.0,1319.0,2,2
52119,2024-06-08,3,08:11:00,20:01:00,11.833333333333334,8,20,491.0,1201.0,0,0
52119,2024-06-09,3,08:18:00,20:05:00,11.783333333333331,8,20,498.0,1205.0,0,0
52119,2024-06-10,4,08:13:00,20:01:00,11.8,8,20,493.0,1201.0,0,0
52119,2024-06-11,4,08:11:00,20:09:00,11.966666666666669,8,20,491.0,1209.0,0,0
52119,2024-06-12,5,08:14:00,20:08:00,11.9,8,20,494.0,1208.0,0,0
52119,2024-06-13,5,08:11:00,20:12:00,12.016666666666667,8,20,491.0,1212.0,0,0
52119,2024-06-14,6,16:06:00,22:01:00,5.916666666666667,16,22,966.0,1321.0,2,2
52119,2024-06-15,6,08:09:00,20:27:00,12.3,8,20,489.0,1227.0,0,0
52119,2024-06-19,0,08:16:00,20:05:00,11.816666666666666,8,20,496.0,1205.0,0,0
52119,2024-06-20,0,08:02:00,20:01:00,11.983333333333333,8,20,482.0,1201.0,0,0
52119,2024-06-21,1,16:17:00,21:58:00,5.683333333333334,16,21,977.0,1318.0,2,2
52119,2024-06-22,1,08:10:00,20:08:00,11.966666666666669,8,20,490.0,1208.0,0,0
52119,2024-06-23,2,08:11:00,20:00:00,11.816666666666666,8,20,491.0,1200.0,0,0
52119,2024-06-24,2,08:10:00,20:08:00,11.966666666666669,8,20,490.0,1208.0,0,0
52119,2024-06-25,3,08:07:00,20:02:00,11.916666666666666,8,20,487.0,1202.0,0,0
52119,2024-06-26,3,08:10:00,20:10:00,12.0,8,20,490.0,1210.0,0,0
52119,2024-06-27,4,08:09:00,20:09:00,12.0,8,20,489.0,1209.0,0,0
52119,2024-06-28,4,16:07:00,22:00:00,5.883333333333334,16,22,967.0,1320.0,2,2
52119,2024-06-29,5,08:07:00,20:04:00,11.95,8,20,487.0,1204.0,0,0
52119,2024-06-30,5,08:19:00,20:02:00,11.716666666666669,8,20,499.0,1202.0,0,0
52119,2024-07-01,6,08:09:00,20:03:00,11.9,8,20,489.0,1203.0,0,0
52119,2024-07-02,6,08:16:00,20:11:00,11.916666666666666,8,20,496.0,1211.0,0,0
52119,2024-07-03,0,08:13:00,21:31:00,13.3,8,21,493.0,1291.0,0,0
52119,2024-07-04,0,08:19:00,20:03:00,11.733333333333333,8,20,499.0,1203.0,0,0
52119,2024-07-05,1,16:07:00,21:58:00,5.85,16,21,967.0,1318.0,2,2
52119,2024-07-06,1,08:11:00,20:00:00,11.816666666666666,8,20,491.0,1200.0,0,0
52119,2024-07-07,2,08:15:00,20:15:00,12.0,8,20,495.0,1215.0,0,0
52119,2024-07-08,2,08:10:00,20:01:00,11.85,8,20,490.0,1201.0,0,0
52119,2024-07-09,3,08:12:00,20:04:00,11.866666666666667,8,20,492.0,1204.0,0,0
52119,2024-07-10,3,08:08:00,20:02:00,11.9,8,20,488.0,1202.0,0,0
52119,2024-07-11,4,08:36:00,20:04:00,11.466666666666669,8,20,516.0,1204.0,0,0
52119,2024-07-12,4,15:57:00,22:10:00,6.216666666666667,15,22,957.0,1330.0,2,2
52119,2024-07-13,5,08:21:00,20:20:00,11.983333333333333,8,20,501.0,1220.0,0,0
52119,2024-07-14,5,08:12:00,20:02:00,11.833333333333334,8,20,492.0,1202.0,0,0
52119,2024-07-15,6,08:17:00,20:04:00,11.783333333333331,8,20,497.0,1204.0,0,0
52119,2024-07-16,6,08:13:00,20:02:00,11.816666666666666,8,20,493.0,1202.0,0,0
52119,2024-07-17,0,08:10:00,20:04:00,11.9,8,20,490.0,1204.0,0,0
52119,2024-07-18,0,08:09:00,20:01:00,11.866666666666667,8,20,489.0,1201.0,0,0
52119,2024-07-19,1,16:07:00,22:12:00,6.083333333333333,16,22,967.0,1332.0,2,2
52119,2024-07-20,1,08:12:00,20:03:00,11.85,8,20,492.0,1203.0,0,0
52119,2024-07-21,2,08:37:00,20:04:00,11.45,8,20,517.0,1204.0,0,0
52119,2024-07-22,2,08:11:00,20:05:00,11.9,8,20,491.0,1205.0,0,0
52119,2024-07-23,3,08:12:00,20:01:00,11.816666666666666,8,20,492.0,1201.0,0,0
52119,2024-07-24,3,08:06:00,20:03:00,11.95,8,20,486.0,1203.0,0,0
52119,2024-07-25,4,08:29:00,20:03:00,11.566666666666666,8,20,509.0,1203.0,0,0
52119,2024-07-26,4,16:04:00,22:12:00,6.133333333333334,16,22,964.0,1332.0,2,2
52119,2024-07-27,6,08:13:00,20:14:00,12.016666666666667,8,20,493.0,1214.0,0,0
52119,2024-07-28,6,08:28:00,20:05:00,11.616666666666667,8,20,508.0,1205.0,0,0
52119,2024-07-29,0,08:13:00,13:18:00,5.083333333333333,8,13,493.0,798.0,1,1
52119,2024-07-30,0,08:10:00,20:17:00,12.116666666666667,8,20,490.0,1217.0,0,0
52119,2024-07-31,1,08:07:00,20:00:00,11.883333333333333,8,20,487.0,1200.0,0,0
52119,2024-08-01,1,08:15:00,20:07:00,11.866666666666667,8,20,495.0,1207.0,0,0
52120,2024-06-03,2,16:00:00,21:27:00,5.45,16,21,960.0,1287.0,2,2
52120,2024-06-04,3,06:54:00,21:26:00,14.533333333333331,6,21,414.0,1286.0,0,0
52120,2024-06-05,3,06:55:00,21:30:00,14.583333333333334,6,21,415.0,1290.0,0,0
52120,2024-06-06,4,06:53:00,21:27:00,14.566666666666666,6,21,413.0,1287.0,0,0
52120,2024-06-08,4,06:55:00,21:29:00,14.566666666666666,6,21,415.0,1289.0,0,0
52120,2024-06-09,5,06:53:00,21:27:00,14.566666666666666,6,21,413.0,1287.0,0,0
52120,2024-06-10,5,06:54:00,21:37:00,14.716666666666669,6,21,414.0,1297.0,0,0
52120,2024-06-11,6,06:55:00,20:00:00,13.083333333333334,6,20,415.0,1200.0,0,0
52120,2024-06-19,6,16:19:00,21:34:00,5.25,16,21,979.0,1294.0,2,2
52120,2024-06-20,0,06:54:00,21:30:00,14.6,6,21,414.0,1290.0,0,0
52120,2024-06-21,0,15:59:00,21:59:00,6.0,15,21,959.0,1319.0,2,2
52120,2024-06-22,1,06:51:00,21:32:00,14.683333333333334,6,21,411.0,1292.0,0,0
52120,2024-06-23,1,06:56:00,22:00:00,15.066666666666666,6,22,416.0,1320.0,0,0
52120,2024-06-24,2,06:54:00,21:35:00,14.683333333333334,6,21,414.0,1295.0,0,0
52120,2024-06-25,2,06:58:00,21:29:00,14.516666666666667,6,21,418.0,1289.0,0,0
52120,2024-06-26,3,06:56:00,21:29:00,14.55,6,21,416.0,1289.0,0,0
52120,2024-06-27,3,06:53:00,22:01:00,15.133333333333333,6,22,413.0,1321.0,0,0
52120,2024-06-29,4,06:57:00,21:30:00,14.55,6,21,417.0,1290.0,0,0
52120,2024-06-30,4,06:50:00,21:31:00,14.683333333333334,6,21,410.0,1291.0,0,0
52120,2024-07-01,5,06:48:00,21:46:00,14.966666666666669,6,21,408.0,1306.0,0,0
52120,2024-07-02,5,06:51:00,21:22:00,14.516666666666667,6,21,411.0,1282.0,0,0
52120,2024-07-03,1,06:54:00,21:34:00,14.666666666666666,6,21,414.0,1294.0,0,0
52120,2024-07-04,1,07:01:00,21:37:00,14.6,7,21,421.0,1297.0,0,0
52120,2024-07-05,2,16:01:00,22:00:00,5.983333333333333,16,22,961.0,1320.0,2,2
52120,2024-07-06,2,06:49:00,21:29:00,14.666666666666666,6,21,409.0,1289.0,0,0
52120,2024-07-07,3,06:55:00,21:29:00,14.566666666666666,6,21,415.0,1289.0,0,0
52120,2024-07-08,3,06:56:00,21:29:00,14.55,6,21,416.0,1289.0,0,0
52120,2024-07-09,4,06:57:00,21:26:00,14.483333333333333,6,21,417.0,1286.0,0,0
52120,2024-07-10,4,06:56:00,21:14:00,14.3,6,21,416.0,1274.0,0,0
52120,2024-07-11,5,06:53:00,21:31:00,14.633333333333333,6,21,413.0,1291.0,0,0
52120,2024-07-13,5,06:50:00,21:27:00,14.616666666666667,6,21,410.0,1287.0,0,0
52120,2024-07-14,6,06:55:00,21:31:00,14.6,6,21,415.0,1291.0,0,0
52120,2024-07-15,6,06:49:00,21:29:00,14.666666666666666,6,21,409.0,1289.0,0,0
52120,2024-07-16,0,06:56:00,21:28:00,14.533333333333331,6,21,416.0,1288.0,0,0
52120,2024-07-17,0,06:59:00,21:43:00,14.733333333333333,6,21,419.0,1303.0,0,0
52120,2024-07-18,1,06:55:00,21:26:00,14.516666666666667,6,21,415.0,1286.0,0,0
52120,2024-07-19,1,16:00:00,22:06:00,6.1,16,22,960.0,1326.0,2,2
52120,2024-07-20,2,06:53:00,21:32:00,14.65,6,21,413.0,1292.0,0,0
52120,2024-07-21,2,07:01:00,21:23:00,14.366666666666667,7,21,421.0,1283.0,0,0
52120,2024-07-22,3,06:54:00,21:30:00,14.6,6,21,414.0,1290.0,0,0
52120,2024-07-23,3,06:55:00,21:31:00,14.6,6,21,415.0,1291.0,0,0
52120,2024-07-24,4,06:53:00,21:30:00,14.616666666666667,6,21,413.0,1290.0,0,0
52120,2024-07-25,4,06:55:00,21:27:00,14.533333333333331,6,21,415.0,1287.0,0,0
52120,2024-07-27,5,06:52:00,21:33:00,14.683333333333334,6,21,412.0,1293.0,0,0
52120,2024-07-28,5,06:50:00,21:33:00,14.716666666666669,6,21,410.0,1293.0,0,0
52120,2024-07-29,6,06:54:00,21:33:00,14.65,6,21,414.0,1293.0,0,0
52120,2024-07-30,6,06:53:00,21:30:00,14.616666666666667,6,21,413.0,1290.0,0,0
52120,2024-07-31,0,06:56:00,21:30:00,14.566666666666666,6,21,416.0,1290.0,0,0
52120,2024-08-01,0,06:53:00,12:05:00,5.2,6,12,413.0,725.0,1,1
52120,2024-08-02,1,15:52:00,22:00:00,6.133333333333334,15,22,952.0,1320.0,2,2
52121,2024-07-21,2,07:42:00,16:16:00,8.566666666666666,7,16,462.0,976.0,3,3
52121,2024-07-22,2,07:52:00,16:24:00,8.533333333333333,7,16,472.0,984.0,3,3
52121,2024-07-23,3,07:53:00,15:53:00,8.0,7,15,473.0,953.0,3,3
52121,2024-07-24,3,07:48:00,15:53:00,8.083333333333334,7,15,468.0,953.0,3,3
52121,2024-07-25,4,08:03:00,16:15:00,8.2,8,16,483.0,975.0,3,3
52121,2024-07-27,5,07:55:00,16:08:00,8.216666666666667,7,16,475.0,968.0,3,3
52121,2024-07-28,5,08:00:00,16:20:00,8.333333333333334,8,16,480.0,980.0,3,3
52121,2024-07-29,6,07:55:00,16:25:00,8.5,7,16,475.0,985.0,3,3
52121,2024-07-30,6,07:54:00,16:10:00,8.266666666666667,7,16,474.0,970.0,3,3
52121,2024-07-31,0,07:54:00,16:30:00,8.6,7,16,474.0,990.0,3,3
52121,2024-08-01,0,07:43:00,16:13:00,8.5,7,16,463.0,973.0,3,3
52122,2024-06-04,2,08:05:00,21:53:00,13.8,8,21,485.0,1313.0,0,0
52122,2024-06-05,2,08:13:00,22:05:00,13.866666666666667,8,22,493.0,1325.0,0,0
52122,2024-06-06,3,08:11:00,21:57:00,13.766666666666667,8,21,491.0,1317.0,0,0
52122,2024-06-08,3,08:09:00,16:42:00,8.55,8,16,489.0,1002.0,3,3
52122,2024-06-09,4,08:02:00,22:27:00,14.416666666666666,8,22,482.0,1347.0,0,0
52122,2024-06-10,4,08:10:00,22:03:00,13.883333333333333,8,22,490.0,1323.0,0,0
52122,2024-06-11,5,08:09:00,21:59:00,13.833333333333334,8,21,489.0,1319.0,0,0
52122,2024-06-12,5,08:08:00,22:00:00,13.866666666666667,8,22,488.0,1320.0,0,0
52122,2024-06-13,6,08:11:00,22:37:00,14.433333333333334,8,22,491.0,1357.0,0,0
52122,2024-06-14,6,16:00:00,22:30:00,6.5,16,22,960.0,1350.0,2,2
52122,2024-06-15,0,08:08:00,11:57:00,3.816666666666667,8,11,488.0,717.0,1,1
52122,2024-06-19,0,08:14:00,22:01:00,13.783333333333331,8,22,494.0,1321.0,0,0
52122,2024-06-20,1,08:15:00,21:54:00,13.65,8,21,495.0,1314.0,0,0
52122,2024-06-22,1,08:20:00,21:56:00,13.6,8,21,500.0,1316.0,0,0
52122,2024-06-23,2,08:12:00,21:54:00,13.7,8,21,492.0,1314.0,0,0
52122,2024-06-24,2,08:08:00,22:21:00,14.216666666666669,8,22,488.0,1341.0,0,0
52122,2024-06-25,3,08:03:00,22:00:00,13.95,8,22,483.0,1320.0,0,0
52122,2024-06-26,3,08:14:00,17:13:00,8.983333333333333,8,17,494.0,1033.0,3,3
52122,2024-06-27,4,08:16:00,21:58:00,13.7,8,21,496.0,1318.0,0,0
52122,2024-06-28,4,16:04:00,22:22:00,6.3,16,22,964.0,1342.0,2,2
52122,2024-06-29,5,08:07:00,22:00:00,13.883333333333333,8,22,487.0,1320.0,0,0
52122,2024-06-30,5,08:05:00,22:16:00,14.183333333333334,8,22,485.0,1336.0,0,0
52122,2024-07-03,6,08:07:00,22:01:00,13.9,8,22,487.0,1321.0,0,0
52122,2024-07-04,6,08:13:00,21:41:00,13.466666666666669,8,21,493.0,1301.0,0,0
52122,2024-07-06,0,08:17:00,22:07:00,13.833333333333334,8,22,497.0,1327.0,0,0
52122,2024-07-07,0,08:06:00,22:03:00,13.95,8,22,486.0,1323.0,0,0
52122,2024-07-08,1,08:12:00,22:03:00,13.85,8,22,492.0,1323.0,0,0
52122,2024-07-09,1,08:06:00,22:01:00,13.916666666666666,8,22,486.0,1321.0,0,0
52122,2024-07-10,2,08:08:00,21:55:00,13.783333333333331,8,21,488.0,1315.0,0,0
52122,2024-07-11,2,08:09:00,21:39:00,13.5,8,21,489.0,1299.0,0,0
52122,2024-07-12,3,16:06:00,21:58:00,5.866666666666666,16,21,966.0,1318.0,2,2
52122,2024-07-13,3,08:08:00,22:19:00,14.183333333333334,8,22,488.0,1339.0,0,0
52122,2024-07-14,4,08:05:00,22:12:00,14.116666666666667,8,22,485.0,1332.0,0,0
52122,2024-07-15,4,08:09:00,21:58:00,13.816666666666666,8,21,489.0,1318.0,0,0
52122,2024-07-16,5,07:48:00,21:57:00,14.15,7,21,468.0,1317.0,0,0
52122,2024-07-17,5,08:08:00,22:01:00,13.883333333333333,8,22,488.0,1321.0,0,0
52122,2024-07-18,6,08:09:00,13:47:00,5.633333333333334,8,13,489.0,827.0,1,1
52122,2024-07-20,6,08:09:00,22:04:00,13.916666666666666,8,22,489.0,1324.0,0,0
52122,2024-07-21,0,08:04:00,22:01:00,13.95,8,22,484.0,1321.0,0,0
52122,2024-07-22,0,08:05:00,21:55:00,13.833333333333334,8,21,485.0,1315.0,0,0
52122,2024-07-23,1,08:07:00,15:54:00,7.783333333333333,8,15,487.0,954.0,3,3
52122,2024-07-24,1,08:06:00,21:58:00,13.866666666666667,8,21,486.0,1318.0,0,0
52122,2024-07-25,2,08:13:00,21:57:00,13.733333333333333,8,21,493.0,1317.0,0,0
52122,2024-07-26,2,15:58:00,21:59:00,6.016666666666667,15,21,958.0,1319.0,2,2
52122,2024-07-27,3,08:07:00,21:56:00,13.816666666666666,8,21,487.0,1316.0,0,0
52122,2024-07-28,3,08:04:00,21:58:00,13.9,8,21,484.0,1318.0,0,0
52122,2024-07-29,4,07:53:00,22:00:00,14.116666666666667,7,22,473.0,1320.0,0,0
52122,2024-07-30,4,08:07:00,21:56:00,13.816666666666666,8,21,487.0,1316.0,0,0
52122,2024-07-31,6,08:10:00,22:02:00,13.866666666666667,8,22,490.0,1322.0,0,0
52122,2024-08-01,6,08:13:00,22:02:00,13.816666666666666,8,22,493.0,1322.0,0,0
52123,2024-07-17,0,16:07:00,22:02:00,5.916666666666667,16,22,967.0,1322.0,2,2
52123,2024-07-18,0,13:02:00,21:50:00,8.8,13,21,782.0,1310.0,2,2
52123,2024-07-19,1,15:58:00,21:56:00,5.966666666666667,15,21,958.0,1316.0,2,2
52123,2024-07-20,1,13:03:00,21:59:00,8.933333333333334,13,21,783.0,1319.0,2,2
52123,2024-07-21,2,04:00:00,22:00:00,18.0,4,22,240.0,1320.0,0,0
52123,2024-07-22,2,13:07:00,21:51:00,8.733333333333333,13,21,787.0,1311.0,2,2
52123,2024-07-23,3,13:06:00,21:56:00,8.833333333333334,13,21,786.0,1316.0,2,2
52123,2024-07-24,3,13:06:00,21:57:00,8.85,13,21,786.0,1317.0,2,2
52123,2024-07-25,4,13:07:00,21:56:00,8.816666666666666,13,21,787.0,1316.0,2,2
52123,2024-07-27,4,13:04:00,21:56:00,8.866666666666667,13,21,784.0,1316.0,2,2
52123,2024-07-28,5,13:07:00,22:00:00,8.883333333333333,13,22,787.0,1320.0,2,2
52123,2024-07-29,5,13:02:00,21:59:00,8.95,13,21,782.0,1319.0,2,2
52123,2024-07-30,6,13:05:00,21:56:00,8.85,13,21,785.0,1316.0,2,2
52123,2024-07-31,6,13:03:00,22:01:00,8.966666666666667,13,22,783.0,1321.0,2,2
52123,2024-08-01,0,13:01:00,22:01:00,9.0,13,22,781.0,1321.0,2,2
52124,2024-06-04,1,08:10:00,22:01:00,13.85,8,22,490.0,1321.0,0,0
52124,2024-06-05,1,08:05:00,22:01:00,13.933333333333334,8,22,485.0,1321.0,0,0
52124,2024-06-06,2,08:04:00,22:00:00,13.933333333333334,8,22,484.0,1320.0,0,0
52124,2024-06-07,2,08:05:00,22:04:00,13.983333333333333,8,22,485.0,1324.0,0,0
52124,2024-06-08,3,08:06:00,22:00:00,13.9,8,22,486.0,1320.0,0,0
52124,2024-06-09,3,08:07:00,22:00:00,13.883333333333333,8,22,487.0,1320.0,0,0
52124,2024-06-10,4,08:05:00,22:00:00,13.916666666666666,8,22,485.0,1320.0,0,0
52124,2024-06-11,4,08:07:00,22:01:00,13.9,8,22,487.0,1321.0,0,0
52124,2024-06-12,5,08:07:00,22:02:00,13.916666666666666,8,22,487.0,1322.0,0,0
52124,2024-06-13,5,08:08:00,22:01:00,13.883333333333333,8,22,488.0,1321.0,0,0
52124,2024-06-14,6,08:12:00,22:11:00,13.983333333333333,8,22,492.0,1331.0,0,0
52124,2024-06-15,6,08:06:00,22:05:00,13.983333333333333,8,22,486.0,1325.0,0,0
52124,2024-06-16,1,08:07:00,22:05:00,13.966666666666669,8,22,487.0,1325.0,0,0
52124,2024-06-17,1,08:06:00,22:00:00,13.9,8,22,486.0,1320.0,0,0
52124,2024-06-18,2,08:11:00,22:00:00,13.816666666666666,8,22,491.0,1320.0,0,0
52124,2024-06-19,2,08:05:00,22:00:00,13.916666666666666,8,22,485.0,1320.0,0,0
52124,2024-06-20,3,08:08:00,22:01:00,13.883333333333333,8,22,488.0,1321.0,0,0
52124,2024-06-21,3,08:07:00,22:04:00,13.95,8,22,487.0,1324.0,0,0
52124,2024-06-22,4,08:06:00,22:00:00,13.9,8,22,486.0,1320.0,0,0
52124,2024-06-23,4,08:08:00,22:00:00,13.866666666666667,8,22,488.0,1320.0,0,0
52124,2024-06-24,5,08:08:00,22:01:00,13.883333333333333,8,22,488.0,1321.0,0,0
52124,2024-06-25,5,08:07:00,22:06:00,13.983333333333333,8,22,487.0,1326.0,0,0
52124,2024-06-26,6,08:05:00,22:07:00,14.033333333333331,8,22,485.0,1327.0,0,0
52124,2024-06-27,6,08:07:00,22:05:00,13.966666666666669,8,22,487.0,1325.0,0,0
52124,2024-06-28,0,08:07:00,22:02:00,13.916666666666666,8,22,487.0,1322.0,0,0
52124,2024-06-29,0,08:05:00,22:01:00,13.933333333333334,8,22,485.0,1321.0,0,0
52124,2024-06-30,1,08:06:00,22:03:00,13.95,8,22,486.0,1323.0,0,0
52124,2024-07-01,1,08:06:00,22:03:00,13.95,8,22,486.0,1323.0,0,0
52124,2024-07-02,2,08:06:00,22:01:00,13.916666666666666,8,22,486.0,1321.0,0,0
52124,2024-07-03,2,08:08:00,22:09:00,14.016666666666667,8,22,488.0,1329.0,0,0
52124,2024-07-04,3,08:07:00,22:05:00,13.966666666666669,8,22,487.0,1325.0,0,0
52124,2024-07-05,3,08:08:00,22:02:00,13.9,8,22,488.0,1322.0,0,0
52124,2024-07-06,4,08:08:00,22:03:00,13.916666666666666,8,22,488.0,1323.0,0,0
52124,2024-07-07,4,08:10:00,22:01:00,13.85,8,22,490.0,1321.0,0,0
52124,2024-07-08,5,08:07:00,22:00:00,13.883333333333333,8,22,487.0,1320.0,0,0
52124,2024-07-09,5,08:09:00,22:02:00,13.883333333333333,8,22,489.0,1322.0,0,0
52124,2024-07-10,6,08:07:00,22:00:00,13.883333333333333,8,22,487.0,1320.0,0,0
52124,2024-07-11,6,08:07:00,22:43:00,14.6,8,22,487.0,1363.0,0,0
52124,2024-07-12,0,08:09:00,22:01:00,13.866666666666667,8,22,489.0,1321.0,0,0
52124,2024-07-13,0,08:11:00,22:01:00,13.833333333333334,8,22,491.0,1321.0,0,0
52124,2024-07-14,1,08:05:00,22:02:00,13.95,8,22,485.0,1322.0,0,0
52124,2024-07-15,1,08:08:00,22:05:00,13.95,8,22,488.0,1325.0,0,0
52124,2024-07-16,2,08:06:00,22:06:00,14.0,8,22,486.0,1326.0,0,0
52124,2024-07-17,2,08:10:00,22:01:00,13.85,8,22,490.0,1321.0,0,0
52124,2024-07-18,3,08:11:00,22:12:00,14.016666666666667,8,22,491.0,1332.0,0,0
52124,2024-07-19,3,08:40:00,22:01:00,13.35,8,22,520.0,1321.0,0,0
52124,2024-07-20,4,08:10:00,22:00:00,13.833333333333334,8,22,490.0,1320.0,0,0
52124,2024-07-21,4,08:07:00,22:02:00,13.916666666666666,8,22,487.0,1322.0,0,0
52124,2024-07-22,5,08:12:00,22:01:00,13.816666666666666,8,22,492.0,1321.0,0,0
52124,2024-07-23,5,08:10:00,22:01:00,13.85,8,22,490.0,1321.0,0,0
52124,2024-07-24,6,08:07:00,22:00:00,13.883333333333333,8,22,487.0,1320.0,0,0
52124,2024-07-25,6,08:08:00,22:01:00,13.883333333333333,8,22,488.0,1321.0,0,0
52124,2024-07-26,0,08:12:00,22:01:00,13.816666666666666,8,22,492.0,1321.0,0,0
52124,2024-07-27,0,08:08:00,22:00:00,13.866666666666667,8,22,488.0,1320.0,0,0
52124,2024-07-28,1,08:07:00,22:04:00,13.95,8,22,487.0,1324.0,0,0
52124,2024-07-29,1,08:08:00,22:07:00,13.983333333333333,8,22,488.0,1327.0,0,0
52124,2024-07-30,2,08:08:00,22:00:00,13.866666666666667,8,22,488.0,1320.0,0,0
52124,2024-07-31,2,08:07:00,22:00:00,13.883333333333333,8,22,487.0,1320.0,0,0
52124,2024-08-01,3,08:08:00,22:05:00,13.95,8,22,488.0,1325.0,0,0
52124,2024-08-02,3,08:08:00,10:46:00,2.6333333333333333,8,10,488.0,646.0,1,1
52125,2024-06-04,4,08:05:00,16:04:00,7.983333333333333,8,16,485.0,964.0,3,3
52125,2024-06-05,4,08:13:00,15:57:00,7.733333333333333,8,15,493.0,957.0,3,3
52125,2024-06-06,5,08:11:00,15:54:00,7.716666666666667,8,15,491.0,954.0,3,3
52125,2024-06-08,5,08:09:00,15:58:00,7.816666666666666,8,15,489.0,958.0,3,3
52125,2024-06-11,0,08:10:00,11:54:00,3.733333333333333,8,11,490.0,714.0,1,1
52125,2024-06-12,0,08:23:00,15:47:00,7.4,8,15,503.0,947.0,3,3
52125,2024-06-13,1,08:18:00,21:59:00,13.683333333333334,8,21,498.0,1319.0,0,0
52125,2024-06-15,1,08:24:00,12:07:00,3.716666666666667,8,12,504.0,727.0,1,1
52125,2024-06-19,2,08:05:00,22:17:00,14.2,8,22,485.0,1337.0,0,0
52125,2024-06-20,2,08:29:00,11:58:00,3.4833333333333334,8,11,509.0,718.0,1,1
52125,2024-06-22,3,08:12:00,22:01:00,13.816666666666666,8,22,492.0,1321.0,0,0
52125,2024-06-23,3,08:18:00,16:10:00,7.866666666666666,8,16,498.0,970.0,3,3
52125,2024-06-24,4,16:12:00,22:14:00,6.033333333333333,16,22,972.0,1334.0,2,2
52125,2024-06-25,4,08:30:00,22:01:00,13.516666666666667,8,22,510.0,1321.0,0,0
52125,2024-06-26,5,12:06:00,16:13:00,4.116666666666666,12,16,726.0,973.0,3,3
52125,2024-06-27,5,08:19:00,12:28:00,4.15,8,12,499.0,748.0,1,1
52125,2024-06-29,6,08:20:00,22:01:00,13.683333333333334,8,22,500.0,1321.0,0,0
52125,2024-06-30,6,08:15:00,22:04:00,13.816666666666666,8,22,495.0,1324.0,0,0
52125,2024-07-01,0,08:19:00,22:04:00,13.75,8,22,499.0,1324.0,0,0
52125,2024-07-02,0,08:09:00,12:04:00,3.9166666666666665,8,12,489.0,724.0,1,1
52125,2024-07-03,1,08:10:00,22:06:00,13.933333333333334,8,22,490.0,1326.0,0,0
52125,2024-07-04,1,08:13:00,22:54:00,14.683333333333334,8,22,493.0,1374.0,0,0
52125,2024-07-06,2,08:07:00,21:57:00,13.833333333333334,8,21,487.0,1317.0,0,0
52125,2024-07-07,2,08:05:00,16:00:00,7.916666666666667,8,16,485.0,960.0,3,3
52125,2024-07-08,3,08:11:00,21:56:00,13.75,8,21,491.0,1316.0,0,0
52125,2024-07-09,3,08:20:00,21:56:00,13.6,8,21,500.0,1316.0,0,0
52125,2024-07-10,4,08:19:00,21:55:00,13.6,8,21,499.0,1315.0,0,0
52125,2024-07-11,4,08:19:00,21:54:00,13.583333333333334,8,21,499.0,1314.0,0,0
52125,2024-07-13,5,08:11:00,21:55:00,13.733333333333333,8,21,491.0,1315.0,0,0
52125,2024-07-14,5,08:15:00,15:58:00,7.716666666666667,8,15,495.0,958.0,3,3
52125,2024-07-15,6,08:20:00,21:58:00,13.633333333333333,8,21,500.0,1318.0,0,0
52125,2024-07-16,6,08:24:00,22:00:00,13.6,8,22,504.0,1320.0,0,0
52125,2024-07-17,0,11:54:00,16:08:00,4.233333333333333,11,16,714.0,968.0,3,3
52125,2024-07-18,0,08:06:00,21:03:00,12.95,8,21,486.0,1263.0,0,0
52125,2024-07-20,1,08:04:00,21:49:00,13.75,8,21,484.0,1309.0,0,0
52125,2024-07-21,1,08:17:00,21:58:00,13.683333333333334,8,21,497.0,1318.0,0,0
52125,2024-07-22,2,08:27:00,16:07:00,7.666666666666667,8,16,507.0,967.0,3,3
52125,2024-07-23,2,08:20:00,21:55:00,13.583333333333334,8,21,500.0,1315.0,0,0
52125,2024-07-24,3,08:19:00,21:59:00,13.666666666666666,8,21,499.0,1319.0,0,0
52125,2024-07-25,3,08:17:00,14:36:00,6.316666666666666,8,14,497.0,876.0,3,3
52125,2024-07-27,4,08:14:00,21:57:00,13.716666666666669,8,21,494.0,1317.0,0,0
52125,2024-07-28,4,08:14:00,21:59:00,13.75,8,21,494.0,1319.0,0,0
52125,2024-07-29,0,08:15:00,21:54:00,13.65,8,21,495.0,1314.0,0,0
52125,2024-07-30,0,08:08:00,22:00:00,13.866666666666667,8,22,488.0,1320.0,0,0
52125,2024-07-31,1,08:17:00,21:55:00,13.633333333333333,8,21,497.0,1315.0,0,0
52125,2024-08-01,1,08:04:00,12:02:00,3.966666666666667,8,12,484.0,722.0,1,1
52126,2024-06-04,2,10:01:00,22:01:00,12.0,10,22,601.0,1321.0,0,0
52126,2024-06-05,3,09:58:00,21:57:00,11.983333333333333,9,21,598.0,1317.0,0,0
52126,2024-06-06,3,10:05:00,22:02:00,11.95,10,22,605.0,1322.0,0,0
52126,2024-06-07,4,15:57:00,21:58:00,6.016666666666667,15,21,957.0,1318.0,2,2
52126,2024-06-08,4,10:04:00,21:58:00,11.9,10,21,604.0,1318.0,0,0
52126,2024-06-09,5,10:04:00,21:55:00,11.85,10,21,604.0,1315.0,0,0
52126,2024-06-10,5,10:04:00,22:00:00,11.933333333333334,10,22,604.0,1320.0,0,0
52126,2024-06-11,6,10:08:00,22:02:00,11.9,10,22,608.0,1322.0,0,0
52126,2024-06-12,6,10:05:00,22:21:00,12.266666666666667,10,22,605.0,1341.0,0,0
52126,2024-06-13,0,10:05:00,21:51:00,11.766666666666667,10,21,605.0,1311.0,0,0
52126,2024-06-14,0,15:57:00,22:07:00,6.166666666666667,15,22,957.0,1327.0,2,2
52126,2024-06-15,1,10:14:00,23:28:00,13.233333333333333,10,23,614.0,1408.0,0,0
52126,2024-06-19,1,09:54:00,22:09:00,12.25,9,22,594.0,1329.0,0,0
52126,2024-06-20,2,10:08:00,21:58:00,11.833333333333334,10,21,608.0,1318.0,0,0
52126,2024-06-21,2,15:57:00,21:59:00,6.033333333333333,15,21,957.0,1319.0,2,2
52126,2024-06-22,3,10:03:00,22:03:00,12.0,10,22,603.0,1323.0,0,0
52126,2024-06-23,3,10:06:00,22:14:00,12.133333333333333,10,22,606.0,1334.0,0,0
52126,2024-06-24,4,10:04:00,22:04:00,12.0,10,22,604.0,1324.0,0,0
52126,2024-06-25,4,10:00:00,21:57:00,11.95,10,21,600.0,1317.0,0,0
52126,2024-06-26,5,09:57:00,22:00:00,12.05,9,22,597.0,1320.0,0,0
52126,2024-06-27,5,10:00:00,22:01:00,12.016666666666667,10,22,600.0,1321.0,0,0
52126,2024-06-28,6,15:59:00,22:03:00,6.066666666666666,15,22,959.0,1323.0,2,2
52126,2024-06-29,6,09:52:00,22:00:00,12.133333333333333,9,22,592.0,1320.0,0,0
52126,2024-06-30,2,10:00:00,22:00:00,12.0,10,22,600.0,1320.0,0,0
52126,2024-07-01,2,10:00:00,22:00:00,12.0,10,22,600.0,1320.0,0,0
52126,2024-07-02,3,10:09:00,22:46:00,12.616666666666667,10,22,609.0,1366.0,0,0
52126,2024-07-03,3,09:58:00,22:01:00,12.05,9,22,598.0,1321.0,0,0
52126,2024-07-04,4,10:12:00,22:01:00,11.816666666666666,10,22,612.0,1321.0,0,0
52126,2024-07-05,4,15:57:00,22:06:00,6.15,15,22,957.0,1326.0,2,2
52126,2024-07-06,5,09:59:00,21:59:00,12.0,9,21,599.0,1319.0,0,0
52126,2024-07-07,5,09:59:00,22:03:00,12.066666666666666,9,22,599.0,1323.0,0,0
52126,2024-07-08,6,10:02:00,21:30:00,11.466666666666669,10,21,602.0,1290.0,0,0
52126,2024-07-09,6,10:02:00,21:58:00,11.933333333333334,10,21,602.0,1318.0,0,0
52126,2024-07-10,0,09:59:00,22:12:00,12.216666666666669,9,22,599.0,1332.0,0,0
52126,2024-07-11,0,10:04:00,21:59:00,11.916666666666666,10,21,604.0,1319.0,0,0
52126,2024-07-12,1,15:58:00,21:59:00,6.016666666666667,15,21,958.0,1319.0,2,2
52126,2024-07-13,1,10:00:00,22:02:00,12.033333333333331,10,22,600.0,1322.0,0,0
52126,2024-07-14,3,09:57:00,22:07:00,12.166666666666666,9,22,597.0,1327.0,0,0
52126,2024-07-15,3,09:58:00,22:04:00,12.1,9,22,598.0,1324.0,0,0
52126,2024-07-16,4,10:02:00,22:02:00,12.0,10,22,602.0,1322.0,0,0
52126,2024-07-17,4,10:03:00,22:02:00,11.983333333333333,10,22,603.0,1322.0,0,0
52126,2024-07-21,5,10:08:00,22:05:00,11.95,10,22,608.0,1325.0,0,0
52126,2024-07-22,5,10:03:00,21:59:00,11.933333333333334,10,21,603.0,1319.0,0,0
52126,2024-07-23,6,09:58:00,21:57:00,11.983333333333333,9,21,598.0,1317.0,0,0
52126,2024-07-24,6,09:55:00,22:02:00,12.116666666666667,9,22,595.0,1322.0,0,0
52126,2024-07-25,0,09:58:00,21:59:00,12.016666666666667,9,21,598.0,1319.0,0,0
52126,2024-07-26,0,15:56:00,22:12:00,6.266666666666667,15,22,956.0,1332.0,2,2
52126,2024-07-27,1,10:04:00,22:01:00,11.95,10,22,604.0,1321.0,0,0
52126,2024-07-28,1,10:03:00,22:11:00,12.133333333333333,10,22,603.0,1331.0,0,0
52127,2024-06-04,5,07:53:00,21:55:00,14.033333333333331,7,21,473.0,1315.0,0,0
52127,2024-06-05,5,07:44:00,22:02:00,14.3,7,22,464.0,1322.0,0,0
52127,2024-06-06,6,07:10:00,22:00:00,14.833333333333334,7,22,430.0,1320.0,0,0
52127,2024-06-07,6,16:07:00,21:51:00,5.733333333333333,16,21,967.0,1311.0,2,2
52127,2024-06-08,0,07:43:00,21:57:00,14.233333333333333,7,21,463.0,1317.0,0,0
52127,2024-06-09,0,07:52:00,22:00:00,14.133333333333333,7,22,472.0,1320.0,0,0
52127,2024-06-10,1,07:10:00,22:01:00,14.85,7,22,430.0,1321.0,0,0
52127,2024-06-11,1,07:50:00,21:59:00,14.15,7,21,470.0,1319.0,0,0
52127,2024-06-12,2,07:14:00,21:57:00,14.716666666666669,7,21,434.0,1317.0,0,0
52127,2024-06-13,2,07:41:00,22:18:00,14.616666666666667,7,22,461.0,1338.0,0,0
52127,2024-06-14,4,16:09:00,22:01:00,5.866666666666666,16,22,969.0,1321.0,2,2
52127,2024-06-15,4,07:40:00,22:57:00,15.283333333333331,7,22,460.0,1377.0,0,0
52127,2024-06-19,5,07:01:00,21:55:00,14.9,7,21,421.0,1315.0,0,0
52127,2024-06-20,5,07:41:00,21:57:00,14.266666666666667,7,21,461.0,1317.0,0,0
52127,2024-06-21,6,15:59:00,21:57:00,5.966666666666667,15,21,959.0,1317.0,2,2
52127,2024-06-22,6,07:30:00,21:58:00,14.466666666666669,7,21,450.0,1318.0,0,0
52127,2024-06-23,0,07:37:00,21:55:00,14.3,7,21,457.0,1315.0,0,0
52127,2024-06-24,0,07:52:00,21:57:00,14.083333333333334,7,21,472.0,1317.0,0,0
52127,2024-06-25,1,08:05:00,21:59:00,13.9,8,21,485.0,1319.0,0,0
52127,2024-06-26,1,07:25:00,21:56:00,14.516666666666667,7,21,445.0,1316.0,0,0
52127,2024-06-27,2,07:32:00,21:57:00,14.416666666666666,7,21,452.0,1317.0,0,0
52127,2024-06-28,2,16:16:00,22:10:00,5.9,16,22,976.0,1330.0,2,2
52127,2024-06-29,5,07:47:00,21:58:00,14.183333333333334,7,21,467.0,1318.0,0,0
52127,2024-06-30,5,07:39:00,21:57:00,14.3,7,21,459.0,1317.0,0,0
52127,2024-07-01,6,07:57:00,20:52:00,12.916666666666666,7,20,477.0,1252.0,0,0
52127,2024-07-02,6,16:05:00,22:01:00,5.933333333333334,16,22,965.0,1321.0,2,2
52127,2024-07-03,0,07:38:00,21:56:00,14.3,7,21,458.0,1316.0,0,0
52127,2024-07-04,0,07:41:00,21:51:00,14.166666666666666,7,21,461.0,1311.0,0,0
52127,2024-07-05,1,16:06:00,21:54:00,5.8,16,21,966.0,1314.0,2,2
52127,2024-07-06,1,07:35:00,21:57:00,14.366666666666667,7,21,455.0,1317.0,0,0
52127,2024-07-07,2,07:38:00,21:55:00,14.283333333333331,7,21,458.0,1315.0,0,0
52127,2024-07-08,2,07:36:00,21:43:00,14.116666666666667,7,21,456.0,1303.0,0,0
52127,2024-07-09,3,07:42:00,21:58:00,14.266666666666667,7,21,462.0,1318.0,0,0
52127,2024-07-10,3,07:15:00,21:55:00,14.666666666666666,7,21,435.0,1315.0,0,0
52127,2024-07-11,4,07:28:00,21:41:00,14.216666666666669,7,21,448.0,1301.0,0,0
52127,2024-07-12,4,16:04:00,20:56:00,4.866666666666666,16,20,964.0,1256.0,2,2
52127,2024-07-13,5,07:42:00,21:56:00,14.233333333333333,7,21,462.0,1316.0,0,0
52127,2024-07-14,5,07:32:00,21:58:00,14.433333333333334,7,21,452.0,1318.0,0,0
52127,2024-07-15,6,07:39:00,21:56:00,14.283333333333331,7,21,459.0,1316.0,0,0
52127,2024-07-16,6,07:42:00,21:55:00,14.216666666666669,7,21,462.0,1315.0,0,0
52127,2024-07-17,0,07:42:00,22:00:00,14.3,7,22,462.0,1320.0,0,0
52127,2024-07-18,0,07:29:00,21:58:00,14.483333333333333,7,21,449.0,1318.0,0,0
52127,2024-07-19,1,16:16:00,21:55:00,5.65,16,21,976.0,1315.0,2,2
52127,2024-07-20,1,07:39:00,21:58:00,14.316666666666666,7,21,459.0,1318.0,0,0
52127,2024-07-21,2,07:37:00,21:57:00,14.333333333333334,7,21,457.0,1317.0,0,0
52127,2024-07-22,2,07:36:00,21:25:00,13.816666666666666,7,21,456.0,1285.0,0,0
52127,2024-07-23,3,07:30:00,21:56:00,14.433333333333334,7,21,450.0,1316.0,0,0
52127,2024-07-24,3,07:46:00,21:56:00,14.166666666666666,7,21,466.0,1316.0,0,0
52127,2024-07-25,4,07:35:00,21:43:00,14.133333333333333,7,21,455.0,1303.0,0,0
52127,2024-07-26,4,16:05:00,21:58:00,5.883333333333334,16,21,965.0,1318.0,2,2
52127,2024-07-27,0,07:29:00,21:55:00,14.433333333333334,7,21,449.0,1315.0,0,0
52127,2024-07-28,0,07:39:00,21:55:00,14.266666666666667,7,21,459.0,1315.0,0,0
52127,2024-07-29,1,07:23:00,21:59:00,14.6,7,21,443.0,1319.0,0,0
52127,2024-07-30,1,07:15:00,21:59:00,14.733333333333333,7,21,435.0,1319.0,0,0
52127,2024-07-31,2,07:24:00,21:59:00,14.583333333333334,7,21,444.0,1319.0,0,0
52127,2024-08-01,2,07:22:00,21:55:00,14.55,7,21,442.0,1315.0,0,0
52128,2024-06-04,3,08:23:00,11:58:00,3.583333333333333,8,11,503.0,718.0,1,1
52128,2024-06-05,4,08:26:00,16:14:00,7.8,8,16,506.0,974.0,3,3
52128,2024-06-06,4,08:30:00,12:09:00,3.65,8,12,510.0,729.0,1,1
52128,2024-06-08,5,12:00:00,16:21:00,4.35,12,16,720.0,981.0,3,3
52128,2024-06-09,5,08:07:00,22:02:00,13.916666666666666,8,22,487.0,1322.0,0,0
52128,2024-06-10,6,08:11:00,21:57:00,13.766666666666667,8,21,491.0,1317.0,0,0
52128,2024-06-11,6,12:00:00,16:26:00,4.433333333333334,12,16,720.0,986.0,3,3
52128,2024-06-12,0,12:05:00,16:14:00,4.15,12,16,725.0,974.0,3,3
52128,2024-06-13,0,08:18:00,11:58:00,3.6666666666666665,8,11,498.0,718.0,1,1
52128,2024-06-15,1,08:37:00,12:08:00,3.5166666666666666,8,12,517.0,728.0,1,1
52128,2024-06-19,1,16:33:00,21:52:00,5.316666666666666,16,21,993.0,1312.0,2,2
52128,2024-06-20,2,11:56:00,16:31:00,4.583333333333333,11,16,716.0,991.0,3,3
52128,2024-06-22,2,08:18:00,21:57:00,13.65,8,21,498.0,1317.0,0,0
52128,2024-06-23,3,08:36:00,21:52:00,13.266666666666667,8,21,516.0,1312.0,0,0
52128,2024-06-24,3,08:32:00,21:50:00,13.3,8,21,512.0,1310.0,0,0
52128,2024-06-25,4,08:40:00,21:55:00,13.25,8,21,520.0,1315.0,0,0
52128,2024-06-26,4,08:10:00,16:30:00,8.333333333333334,8,16,490.0,990.0,3,3
52128,2024-06-27,0,08:32:00,16:39:00,8.116666666666667,8,16,512.0,999.0,3,3
52128,2024-06-29,0,12:07:00,16:11:00,4.066666666666666,12,16,727.0,971.0,3,3
52128,2024-06-30,1,08:18:00,22:17:00,13.983333333333333,8,22,498.0,1337.0,0,0
52128,2024-07-01,1,08:27:00,16:12:00,7.75,8,16,507.0,972.0,3,3
52128,2024-07-02,2,08:25:00,22:00:00,13.583333333333334,8,22,505.0,1320.0,0,0
52128,2024-07-03,2,08:39:00,21:58:00,13.316666666666666,8,21,519.0,1318.0,0,0
52128,2024-07-04,3,08:21:00,16:21:00,8.0,8,16,501.0,981.0,3,3
52128,2024-07-06,3,08:29:00,12:02:00,3.55,8,12,509.0,722.0,1,1
52128,2024-07-07,4,08:26:00,22:02:00,13.6,8,22,506.0,1322.0,0,0
52128,2024-07-08,4,08:19:00,21:55:00,13.6,8,21,499.0,1315.0,0,0
52128,2024-07-09,5,08:26:00,16:39:00,8.216666666666667,8,16,506.0,999.0,3,3
52128,2024-07-10,5,08:25:00,12:06:00,3.683333333333333,8,12,505.0,726.0,1,1
52128,2024-07-11,6,08:32:00,12:03:00,3.5166666666666666,8,12,512.0,723.0,1,1
52128,2024-07-13,6,08:29:00,12:07:00,3.633333333333333,8,12,509.0,727.0,1,1
52128,2024-07-14,0,08:34:00,22:03:00,13.483333333333333,8,22,514.0,1323.0,0,0
52128,2024-07-15,0,12:00:00,16:21:00,4.35,12,16,720.0,981.0,3,3
52128,2024-07-16,1,08:40:00,16:27:00,7.783333333333333,8,16,520.0,987.0,3,3
52128,2024-07-17,1,12:05:00,16:27:00,4.366666666666666,12,16,725.0,987.0,3,3
52128,2024-07-18,2,08:33:00,11:59:00,3.433333333333333,8,11,513.0,719.0,1,1
52128,2024-07-20,2,08:28:00,21:54:00,13.433333333333334,8,21,508.0,1314.0,0,0
52128,2024-07-21,3,10:11:00,22:01:00,11.833333333333334,10,22,611.0,1321.0,0,0
52128,2024-07-22,3,08:25:00,16:36:00,8.183333333333334,8,16,505.0,996.0,3,3
52128,2024-07-23,4,08:45:00,22:06:00,13.35,8,22,525.0,1326.0,0,0
52128,2024-07-24,4,08:33:00,22:04:00,13.516666666666667,8,22,513.0,1324.0,0,0
52128,2024-07-25,5,08:38:00,21:53:00,13.25,8,21,518.0,1313.0,0,0
52128,2024-07-27,5,08:27:00,22:00:00,13.55,8,22,507.0,1320.0,0,0
52128,2024-07-28,0,08:19:00,12:00:00,3.683333333333333,8,12,499.0,720.0,1,1
52128,2024-07-29,0,08:20:00,21:57:00,13.616666666666667,8,21,500.0,1317.0,0,0
52128,2024-07-30,1,08:18:00,21:58:00,13.666666666666666,8,21,498.0,1318.0,0,0
52128,2024-07-31,1,08:29:00,16:11:00,7.7,8,16,509.0,971.0,3,3
52128,2024-08-01,2,08:04:00,21:57:00,13.883333333333333,8,21,484.0,1317.0,0,0
52130,2024-06-04,3,07:05:00,22:06:00,15.016666666666667,7,22,425.0,1326.0,0,0
52130,2024-06-05,3,07:02:00,22:07:00,15.083333333333334,7,22,422.0,1327.0,0,0
52130,2024-06-06,4,07:03:00,22:07:00,15.066666666666666,7,22,423.0,1327.0,0,0
52130,2024-06-07,4,16:03:00,22:03:00,6.0,16,22,963.0,1323.0,2,2
52130,2024-06-08,5,07:03:00,22:03:00,15.0,7,22,423.0,1323.0,0,0
52130,2024-06-09,5,07:04:00,22:01:00,14.95,7,22,424.0,1321.0,0,0
52130,2024-06-10,6,07:02:00,22:07:00,15.083333333333334,7,22,422.0,1327.0,0,0
52130,2024-06-11,6,07:02:00,22:01:00,14.983333333333333,7,22,422.0,1321.0,0,0
52130,2024-06-12,0,07:03:00,22:06:00,15.05,7,22,423.0,1326.0,0,0
52130,2024-06-13,0,07:01:00,22:10:00,15.15,7,22,421.0,1330.0,0,0
52130,2024-06-14,1,16:06:00,22:02:00,5.933333333333334,16,22,966.0,1322.0,2,2
52130,2024-06-15,1,07:04:00,23:14:00,16.166666666666668,7,23,424.0,1394.0,0,0
52130,2024-06-19,2,07:01:00,22:07:00,15.1,7,22,421.0,1327.0,0,0
52130,2024-06-20,2,07:03:00,22:00:00,14.95,7,22,423.0,1320.0,0,0
52130,2024-06-21,3,16:01:00,21:58:00,5.95,16,21,961.0,1318.0,2,2
52130,2024-06-22,3,07:03:00,22:02:00,14.983333333333333,7,22,423.0,1322.0,0,0
52130,2024-06-23,4,07:03:00,21:57:00,14.9,7,21,423.0,1317.0,0,0
52130,2024-06-24,4,07:03:00,22:05:00,15.033333333333331,7,22,423.0,1325.0,0,0
52130,2024-06-25,5,07:00:00,21:59:00,14.983333333333333,7,21,420.0,1319.0,0,0
52130,2024-06-26,5,07:03:00,22:00:00,14.95,7,22,423.0,1320.0,0,0
52130,2024-06-27,6,07:03:00,12:01:00,4.966666666666667,7,12,423.0,721.0,1,1
52130,2024-06-28,6,16:06:00,22:07:00,6.016666666666667,16,22,966.0,1327.0,2,2
52130,2024-06-29,0,07:03:00,22:01:00,14.966666666666669,7,22,423.0,1321.0,0,0
52130,2024-06-30,0,07:01:00,22:01:00,15.0,7,22,421.0,1321.0,0,0
52130,2024-07-01,1,07:01:00,22:01:00,15.0,7,22,421.0,1321.0,0,0
52130,2024-07-02,1,07:01:00,22:02:00,15.016666666666667,7,22,421.0,1322.0,0,0
52130,2024-07-03,2,07:03:00,22:01:00,14.966666666666669,7,22,423.0,1321.0,0,0
52130,2024-07-04,2,07:04:00,22:00:00,14.933333333333334,7,22,424.0,1320.0,0,0
52130,2024-07-05,3,16:05:00,21:59:00,5.9,16,21,965.0,1319.0,2,2
52130,2024-07-06,3,07:04:00,22:00:00,14.933333333333334,7,22,424.0,1320.0,0,0
52130,2024-07-07,4,07:04:00,22:06:00,15.033333333333331,7,22,424.0,1326.0,0,0
52130,2024-07-08,4,07:01:00,22:00:00,14.983333333333333,7,22,421.0,1320.0,0,0
52130,2024-07-09,5,07:03:00,22:02:00,14.983333333333333,7,22,423.0,1322.0,0,0
52130,2024-07-10,5,07:04:00,22:00:00,14.933333333333334,7,22,424.0,1320.0,0,0
52130,2024-07-11,6,07:03:00,12:03:00,5.0,7,12,423.0,723.0,1,1
52130,2024-07-12,6,16:04:00,22:00:00,5.933333333333334,16,22,964.0,1320.0,2,2
52130,2024-07-13,0,07:04:00,22:02:00,14.966666666666669,7,22,424.0,1322.0,0,0
52130,2024-07-14,0,07:03:00,22:01:00,14.966666666666669,7,22,423.0,1321.0,0,0
52130,2024-07-15,1,07:05:00,21:59:00,14.9,7,21,425.0,1319.0,0,0
52130,2024-07-16,1,07:04:00,21:57:00,14.883333333333333,7,21,424.0,1317.0,0,0
52130,2024-07-17,2,07:02:00,22:02:00,15.0,7,22,422.0,1322.0,0,0
52130,2024-07-18,2,07:03:00,21:57:00,14.9,7,21,423.0,1317.0,0,0
52130,2024-07-19,3,16:02:00,22:04:00,6.033333333333333,16,22,962.0,1324.0,2,2
52130,2024-07-20,3,07:02:00,21:59:00,14.95,7,21,422.0,1319.0,0,0
52130,2024-07-21,4,07:03:00,22:01:00,14.966666666666669,7,22,423.0,1321.0,0,0
52130,2024-07-22,4,07:03:00,21:55:00,14.866666666666667,7,21,423.0,1315.0,0,0
52130,2024-07-23,5,07:02:00,22:01:00,14.983333333333333,7,22,422.0,1321.0,0,0
52130,2024-07-24,5,07:03:00,21:58:00,14.916666666666666,7,21,423.0,1318.0,0,0
52130,2024-07-25,6,07:02:00,21:58:00,14.933333333333334,7,21,422.0,1318.0,0,0
52130,2024-07-26,6,16:08:00,22:00:00,5.866666666666666,16,22,968.0,1320.0,2,2
52130,2024-07-27,0,07:04:00,21:59:00,14.916666666666666,7,21,424.0,1319.0,0,0
52130,2024-07-28,0,07:05:00,21:58:00,14.883333333333333,7,21,425.0,1318.0,0,0
52130,2024-07-29,1,07:02:00,22:06:00,15.066666666666666,7,22,422.0,1326.0,0,0
52130,2024-07-30,1,07:05:00,22:00:00,14.916666666666666,7,22,425.0,1320.0,0,0
52130,2024-07-31,2,07:01:00,22:01:00,15.0,7,22,421.0,1321.0,0,0
52130,2024-08-01,2,07:01:00,21:58:00,14.95,7,21,421.0,1318.0,0,0
52131,2024-06-04,4,10:19:00,22:05:00,11.766666666666667,10,22,619.0,1325.0,0,0
52131,2024-06-05,4,10:16:00,22:03:00,11.783333333333331,10,22,616.0,1323.0,0,0
52131,2024-06-06,5,10:18:00,22:13:00,11.916666666666666,10,22,618.0,1333.0,0,0
52131,2024-06-07,5,16:13:00,22:02:00,5.816666666666666,16,22,973.0,1322.0,2,2
52131,2024-06-08,6,10:20:00,22:05:00,11.75,10,22,620.0,1325.0,0,0
52131,2024-06-09,6,10:20:00,22:00:00,11.666666666666666,10,22,620.0,1320.0,0,0
52131,2024-06-10,0,10:18:00,22:08:00,11.833333333333334,10,22,618.0,1328.0,0,0
52131,2024-06-11,0,10:16:00,22:02:00,11.766666666666667,10,22,616.0,1322.0,0,0
52131,2024-06-12,1,10:19:00,22:04:00,11.75,10,22,619.0,1324.0,0,0
52131,2024-06-13,1,10:16:00,22:14:00,11.966666666666669,10,22,616.0,1334.0,0,0
52131,2024-06-14,2,16:08:00,22:06:00,5.966666666666667,16,22,968.0,1326.0,2,2
52131,2024-06-15,2,10:14:00,23:48:00,13.566666666666666,10,23,614.0,1428.0,0,0
52131,2024-06-19,3,10:17:00,16:15:00,5.966666666666667,10,16,617.0,975.0,3,3
52131,2024-06-21,3,16:05:00,22:01:00,5.933333333333334,16,22,965.0,1321.0,2,2
52131,2024-06-22,4,10:17:00,22:05:00,11.8,10,22,617.0,1325.0,0,0
52131,2024-06-23,4,10:17:00,21:58:00,11.683333333333334,10,21,617.0,1318.0,0,0
52131,2024-06-24,5,10:16:00,22:04:00,11.8,10,22,616.0,1324.0,0,0
52131,2024-06-25,5,10:17:00,22:00:00,11.716666666666669,10,22,617.0,1320.0,0,0
52131,2024-06-26,6,10:15:00,22:00:00,11.75,10,22,615.0,1320.0,0,0
52131,2024-06-27,6,10:15:00,21:59:00,11.733333333333333,10,21,615.0,1319.0,0,0
52131,2024-06-28,0,16:15:00,22:09:00,5.9,16,22,975.0,1329.0,2,2
52131,2024-06-29,0,10:19:00,22:00:00,11.683333333333334,10,22,619.0,1320.0,0,0
52131,2024-06-30,1,10:19:00,22:03:00,11.733333333333333,10,22,619.0,1323.0,0,0
52131,2024-07-01,1,10:15:00,22:04:00,11.816666666666666,10,22,615.0,1324.0,0,0
52131,2024-07-02,2,10:18:00,22:05:00,11.783333333333331,10,22,618.0,1325.0,0,0
52131,2024-07-03,2,10:18:00,22:04:00,11.766666666666667,10,22,618.0,1324.0,0,0
52131,2024-07-04,3,10:13:00,16:05:00,5.866666666666666,10,16,613.0,965.0,3,3
52131,2024-07-05,3,16:07:00,21:58:00,5.85,16,21,967.0,1318.0,2,2
52131,2024-07-06,4,10:20:00,22:02:00,11.7,10,22,620.0,1322.0,0,0
52131,2024-07-07,4,10:18:00,22:18:00,12.0,10,22,618.0,1338.0,0,0
52131,2024-07-08,6,10:16:00,22:00:00,11.733333333333333,10,22,616.0,1320.0,0,0
52131,2024-07-09,6,10:17:00,22:00:00,11.716666666666669,10,22,617.0,1320.0,0,0
52131,2024-07-10,0,10:15:00,22:01:00,11.766666666666667,10,22,615.0,1321.0,0,0
52131,2024-07-11,0,10:17:00,21:59:00,11.7,10,21,617.0,1319.0,0,0
52131,2024-07-12,1,16:11:00,22:01:00,5.833333333333333,16,22,971.0,1321.0,2,2
52131,2024-07-13,1,10:17:00,22:20:00,12.05,10,22,617.0,1340.0,0,0
52131,2024-07-14,2,10:13:00,22:02:00,11.816666666666666,10,22,613.0,1322.0,0,0
52131,2024-07-15,2,13:02:00,21:59:00,8.95,13,21,782.0,1319.0,2,2
52131,2024-07-16,3,10:14:00,21:57:00,11.716666666666669,10,21,614.0,1317.0,0,0
52131,2024-07-17,3,10:16:00,22:01:00,11.75,10,22,616.0,1321.0,0,0
52131,2024-07-18,4,10:14:00,22:01:00,11.783333333333331,10,22,614.0,1321.0,0,0
52131,2024-07-19,4,16:09:00,22:05:00,5.933333333333334,16,22,969.0,1325.0,2,2
52131,2024-07-20,5,10:12:00,22:01:00,11.816666666666666,10,22,612.0,1321.0,0,0
52131,2024-07-21,5,10:16:00,22:03:00,11.783333333333331,10,22,616.0,1323.0,0,0
52131,2024-07-22,6,10:19:00,21:56:00,11.616666666666667,10,21,619.0,1316.0,0,0
52131,2024-07-23,6,10:16:00,22:00:00,11.733333333333333,10,22,616.0,1320.0,0,0
52131,2024-07-24,0,10:17:00,22:00:00,11.716666666666669,10,22,617.0,1320.0,0,0
52131,2024-07-25,0,10:16:00,21:58:00,11.7,10,21,616.0,1318.0,0,0
52131,2024-07-26,1,16:14:00,22:51:00,6.616666666666666,16,22,974.0,1371.0,2,2
52131,2024-07-27,1,10:18:00,22:00:00,11.7,10,22,618.0,1320.0,0,0
52131,2024-07-28,2,10:18:00,22:05:00,11.783333333333331,10,22,618.0,1325.0,0,0
52131,2024-07-29,2,07:04:00,19:12:00,12.133333333333333,7,19,424.0,1152.0,0,0
52131,2024-07-30,3,07:21:00,22:03:00,14.7,7,22,441.0,1323.0,0,0
52131,2024-07-31,3,07:05:00,22:01:00,14.933333333333334,7,22,425.0,1321.0,0,0
52131,2024-08-01,4,16:06:00,22:03:00,5.95,16,22,966.0,1323.0,2,2
52133,2024-06-04,5,10:13:00,22:01:00,11.8,10,22,613.0,1321.0,0,0
52133,2024-06-05,0,10:11:00,22:03:00,11.866666666666667,10,22,611.0,1323.0,0,0
52133,2024-06-06,0,10:11:00,22:02:00,11.85,10,22,611.0,1322.0,0,0
52133,2024-06-07,1,16:10:00,21:58:00,5.8,16,21,970.0,1318.0,2,2
52133,2024-06-08,1,10:17:00,22:03:00,11.766666666666667,10,22,617.0,1323.0,0,0
52133,2024-06-09,2,10:14:00,21:58:00,11.733333333333333,10,21,614.0,1318.0,0,0
52133,2024-06-10,2,10:14:00,22:03:00,11.816666666666666,10,22,614.0,1323.0,0,0
52133,2024-06-11,3,10:04:00,22:02:00,11.966666666666669,10,22,604.0,1322.0,0,0
52133,2024-06-12,3,10:15:00,16:49:00,6.566666666666666,10,16,615.0,1009.0,3,3
52133,2024-06-13,4,10:11:00,22:00:00,11.816666666666666,10,22,611.0,1320.0,0,0
52133,2024-06-14,4,16:09:00,22:06:00,5.95,16,22,969.0,1326.0,2,2
52133,2024-06-19,5,10:12:00,22:02:00,11.833333333333334,10,22,612.0,1322.0,0,0
52133,2024-06-20,6,10:06:00,22:07:00,12.016666666666667,10,22,606.0,1327.0,0,0
52133,2024-06-21,6,16:10:00,21:58:00,5.8,16,21,970.0,1318.0,2,2
52133,2024-06-22,0,10:13:00,21:59:00,11.766666666666667,10,21,613.0,1319.0,0,0
52133,2024-06-23,0,10:10:00,21:57:00,11.783333333333331,10,21,610.0,1317.0,0,0
52133,2024-06-24,1,10:11:00,22:04:00,11.883333333333333,10,22,611.0,1324.0,0,0
52133,2024-06-25,1,10:11:00,21:59:00,11.8,10,21,611.0,1319.0,0,0
52133,2024-06-26,2,10:09:00,22:00:00,11.85,10,22,609.0,1320.0,0,0
52133,2024-06-27,2,12:58:00,22:01:00,9.05,12,22,778.0,1321.0,2,2
52133,2024-06-28,3,16:10:00,21:59:00,5.816666666666666,16,21,970.0,1319.0,2,2
52133,2024-06-29,3,10:11:00,22:00:00,11.816666666666666,10,22,611.0,1320.0,0,0
52133,2024-06-30,4,10:12:00,21:57:00,11.75,10,21,612.0,1317.0,0,0
52133,2024-07-01,4,10:11:00,22:05:00,11.9,10,22,611.0,1325.0,0,0
52133,2024-07-02,5,10:12:00,21:59:00,11.783333333333331,10,21,612.0,1319.0,0,0
52133,2024-07-03,5,10:18:00,21:57:00,11.65,10,21,618.0,1317.0,0,0
52133,2024-07-04,6,10:11:00,21:57:00,11.766666666666667,10,21,611.0,1317.0,0,0
52133,2024-07-05,6,16:08:00,21:57:00,5.816666666666666,16,21,968.0,1317.0,2,2
52133,2024-07-06,0,10:09:00,22:02:00,11.883333333333333,10,22,609.0,1322.0,0,0
52133,2024-07-07,0,13:03:00,16:05:00,3.033333333333333,13,16,783.0,965.0,3,3
52133,2024-07-08,1,10:10:00,21:58:00,11.8,10,21,610.0,1318.0,0,0
52133,2024-07-09,1,10:11:00,21:59:00,11.8,10,21,611.0,1319.0,0,0
52133,2024-07-10,2,10:12:00,21:59:00,11.783333333333331,10,21,612.0,1319.0,0,0
52133,2024-07-11,2,10:12:00,21:58:00,11.766666666666667,10,21,612.0,1318.0,0,0
52133,2024-07-12,3,16:03:00,22:00:00,5.95,16,22,963.0,1320.0,2,2
52133,2024-07-13,3,10:14:00,22:00:00,11.766666666666667,10,22,614.0,1320.0,0,0
52133,2024-07-14,4,10:11:00,22:00:00,11.816666666666666,10,22,611.0,1320.0,0,0
52133,2024-07-15,4,11:09:00,11:58:00,0.8166666666666667,11,11,669.0,718.0,1,1
52133,2024-07-16,5,10:10:00,21:56:00,11.766666666666667,10,21,610.0,1316.0,0,0
52133,2024-07-17,5,10:09:00,11:58:00,1.8166666666666669,10,11,609.0,718.0,1,1
52133,2024-07-18,6,10:14:00,21:58:00,11.733333333333333,10,21,614.0,1318.0,0,0
52133,2024-07-19,6,16:13:00,22:06:00,5.883333333333334,16,22,973.0,1326.0,2,2
52133,2024-07-20,0,10:10:00,21:58:00,11.8,10,21,610.0,1318.0,0,0
52133,2024-07-21,0,10:52:00,12:01:00,1.15,10,12,652.0,721.0,1,1
52133,2024-07-22,1,16:04:00,21:55:00,5.85,16,21,964.0,1315.0,2,2
52133,2024-07-23,1,10:10:00,22:01:00,11.85,10,22,610.0,1321.0,0,0
52133,2024-07-24,2,10:08:00,21:58:00,11.833333333333334,10,21,608.0,1318.0,0,0
52133,2024-07-25,2,10:14:00,21:57:00,11.716666666666669,10,21,614.0,1317.0,0,0
52133,2024-07-26,3,16:12:00,22:01:00,5.816666666666666,16,22,972.0,1321.0,2,2
52133,2024-07-27,3,10:14:00,12:05:00,1.85,10,12,614.0,725.0,1,1
52133,2024-07-28,4,10:09:00,22:05:00,11.933333333333334,10,22,609.0,1325.0,0,0
52133,2024-07-29,4,10:15:00,22:07:00,11.866666666666667,10,22,615.0,1327.0,0,0
52133,2024-07-30,5,10:12:00,12:02:00,1.8333333333333333,10,12,612.0,722.0,1,1
52133,2024-07-31,5,10:09:00,12:02:00,1.8833333333333333,10,12,609.0,722.0,1,1
52133,2024-08-01,6,10:12:00,21:58:00,11.766666666666667,10,21,612.0,1318.0,0,0
52134,2024-06-04,0,07:09:00,22:02:00,14.883333333333333,7,22,429.0,1322.0,0,0
52134,2024-06-05,1,07:04:00,21:59:00,14.916666666666666,7,21,424.0,1319.0,0,0
52134,2024-06-06,1,07:17:00,21:53:00,14.6,7,21,437.0,1313.0,0,0
52134,2024-06-07,2,16:04:00,21:58:00,5.9,16,21,964.0,1318.0,2,2
52134,2024-06-08,2,07:51:00,21:58:00,14.116666666666667,7,21,471.0,1318.0,0,0
52134,2024-06-09,3,07:05:00,22:00:00,14.916666666666666,7,22,425.0,1320.0,0,0
52134,2024-06-10,3,07:02:00,22:02:00,15.0,7,22,422.0,1322.0,0,0
52134,2024-06-11,4,07:05:00,22:02:00,14.95,7,22,425.0,1322.0,0,0
52134,2024-06-12,4,07:05:00,21:57:00,14.866666666666667,7,21,425.0,1317.0,0,0
52134,2024-06-13,5,07:03:00,22:19:00,15.266666666666667,7,22,423.0,1339.0,0,0
52134,2024-06-14,5,16:06:00,22:23:00,6.283333333333333,16,22,966.0,1343.0,2,2
52134,2024-06-15,6,07:06:00,23:12:00,16.1,7,23,426.0,1392.0,0,0
52134,2024-06-19,6,07:06:00,22:00:00,14.9,7,22,426.0,1320.0,0,0
52134,2024-06-20,0,07:07:00,21:58:00,14.85,7,21,427.0,1318.0,0,0
52134,2024-06-21,0,16:04:00,21:57:00,5.883333333333334,16,21,964.0,1317.0,2,2
52134,2024-06-22,1,06:59:00,22:40:00,15.683333333333334,6,22,419.0,1360.0,0,0
52134,2024-06-23,1,16:05:00,21:57:00,5.866666666666666,16,21,965.0,1317.0,2,2
52134,2024-06-24,2,07:03:00,21:58:00,14.916666666666666,7,21,423.0,1318.0,0,0
52134,2024-06-25,2,07:11:00,21:58:00,14.783333333333331,7,21,431.0,1318.0,0,0
52134,2024-06-26,3,07:23:00,22:00:00,14.616666666666667,7,22,443.0,1320.0,0,0
52134,2024-06-27,3,07:57:00,21:59:00,14.033333333333331,7,21,477.0,1319.0,0,0
52134,2024-06-28,4,16:08:00,22:33:00,6.416666666666667,16,22,968.0,1353.0,2,2
52134,2024-06-29,4,07:13:00,21:56:00,14.716666666666669,7,21,433.0,1316.0,0,0
52134,2024-06-30,5,07:14:00,21:58:00,14.733333333333333,7,21,434.0,1318.0,0,0
52134,2024-07-01,5,07:11:00,21:55:00,14.733333333333333,7,21,431.0,1315.0,0,0
52134,2024-07-02,6,07:18:00,22:34:00,15.266666666666667,7,22,438.0,1354.0,0,0
52134,2024-07-03,6,07:12:00,21:56:00,14.733333333333333,7,21,432.0,1316.0,0,0
52134,2024-07-04,0,07:05:00,21:59:00,14.9,7,21,425.0,1319.0,0,0
52134,2024-07-05,0,16:04:00,22:06:00,6.033333333333333,16,22,964.0,1326.0,2,2
52134,2024-07-06,1,13:03:00,21:57:00,8.9,13,21,783.0,1317.0,2,2
52134,2024-07-08,1,16:04:00,21:59:00,5.916666666666667,16,21,964.0,1319.0,2,2
52134,2024-07-09,2,16:04:00,22:45:00,6.683333333333334,16,22,964.0,1365.0,2,2
52134,2024-07-10,2,07:01:00,22:05:00,15.066666666666666,7,22,421.0,1325.0,0,0
52134,2024-07-11,3,07:08:00,21:57:00,14.816666666666666,7,21,428.0,1317.0,0,0
52134,2024-07-12,3,16:10:00,22:08:00,5.966666666666667,16,22,970.0,1328.0,2,2
52134,2024-07-13,4,07:04:00,22:26:00,15.366666666666667,7,22,424.0,1346.0,0,0
52134,2024-07-14,4,07:03:00,22:04:00,15.016666666666667,7,22,423.0,1324.0,0,0
52134,2024-07-15,6,07:30:00,21:58:00,14.466666666666669,7,21,450.0,1318.0,0,0
52134,2024-07-16,6,07:08:00,22:00:00,14.866666666666667,7,22,428.0,1320.0,0,0
52134,2024-07-17,0,07:03:00,22:00:00,14.95,7,22,423.0,1320.0,0,0
52134,2024-07-19,0,16:06:00,22:04:00,5.966666666666667,16,22,966.0,1324.0,2,2
52134,2024-07-20,1,07:17:00,22:02:00,14.75,7,22,437.0,1322.0,0,0
52134,2024-07-21,1,07:05:00,22:04:00,14.983333333333333,7,22,425.0,1324.0,0,0
52134,2024-07-22,2,07:22:00,21:56:00,14.566666666666666,7,21,442.0,1316.0,0,0
52134,2024-07-23,2,07:10:00,21:59:00,14.816666666666666,7,21,430.0,1319.0,0,0
52134,2024-07-24,3,07:07:00,22:02:00,14.916666666666666,7,22,427.0,1322.0,0,0
52134,2024-07-25,3,07:06:00,21:59:00,14.883333333333333,7,21,426.0,1319.0,0,0
52134,2024-07-26,4,16:04:00,22:04:00,6.0,16,22,964.0,1324.0,2,2
52134,2024-07-27,4,07:04:00,22:00:00,14.933333333333334,7,22,424.0,1320.0,0,0
52134,2024-07-28,5,07:06:00,22:00:00,14.9,7,22,426.0,1320.0,0,0
52134,2024-07-29,5,07:02:00,22:03:00,15.016666666666667,7,22,422.0,1323.0,0,0
52134,2024-07-30,6,07:11:00,22:00:00,14.816666666666666,7,22,431.0,1320.0,0,0
52134,2024-07-31,6,07:05:00,22:01:00,14.933333333333334,7,22,425.0,1321.0,0,0
52134,2024-08-01,0,07:18:00,22:01:00,14.716666666666669,7,22,438.0,1321.0,0,0
52135,2024-06-04,1,07:05:00,11:58:00,4.883333333333334,7,11,425.0,718.0,1,1
52135,2024-06-06,2,07:01:00,21:58:00,14.95,7,21,421.0,1318.0,0,0
52135,2024-06-07,2,16:05:00,21:58:00,5.883333333333334,16,21,965.0,1318.0,2,2
52135,2024-06-08,3,06:58:00,22:00:00,15.033333333333331,6,22,418.0,1320.0,0,0
52135,2024-06-09,3,06:57:00,22:01:00,15.066666666666666,6,22,417.0,1321.0,0,0
52135,2024-06-10,4,07:02:00,21:59:00,14.95,7,21,422.0,1319.0,0,0
52135,2024-06-11,4,07:03:00,22:03:00,15.0,7,22,423.0,1323.0,0,0
52135,2024-06-12,5,07:03:00,21:58:00,14.916666666666666,7,21,423.0,1318.0,0,0
52135,2024-06-13,5,06:59:00,21:57:00,14.966666666666669,6,21,419.0,1317.0,0,0
52135,2024-06-14,1,16:04:00,23:45:00,7.683333333333334,16,23,964.0,1425.0,2,2
52135,2024-06-15,1,07:15:00,22:51:00,15.6,7,22,435.0,1371.0,0,0
52135,2024-06-19,2,07:01:00,21:58:00,14.95,7,21,421.0,1318.0,0,0
52135,2024-06-20,2,07:03:00,21:58:00,14.916666666666666,7,21,423.0,1318.0,0,0
52135,2024-06-21,3,16:03:00,22:00:00,5.95,16,22,963.0,1320.0,2,2
52135,2024-06-22,3,07:00:00,21:59:00,14.983333333333333,7,21,420.0,1319.0,0,0
52135,2024-06-23,4,07:00:00,21:57:00,14.95,7,21,420.0,1317.0,0,0
52135,2024-06-24,4,07:02:00,21:58:00,14.933333333333334,7,21,422.0,1318.0,0,0
52135,2024-06-25,5,07:00:00,21:59:00,14.983333333333333,7,21,420.0,1319.0,0,0
52135,2024-06-26,5,06:59:00,21:58:00,14.983333333333333,6,21,419.0,1318.0,0,0
52135,2024-06-27,6,07:16:00,22:20:00,15.066666666666666,7,22,436.0,1340.0,0,0
52135,2024-06-28,6,16:08:00,22:10:00,6.033333333333333,16,22,968.0,1330.0,2,2
52135,2024-06-29,0,07:01:00,21:58:00,14.95,7,21,421.0,1318.0,0,0
52135,2024-06-30,0,07:01:00,21:58:00,14.95,7,21,421.0,1318.0,0,0
52135,2024-07-01,1,06:58:00,22:00:00,15.033333333333331,6,22,418.0,1320.0,0,0
52135,2024-07-02,1,07:02:00,22:12:00,15.166666666666666,7,22,422.0,1332.0,0,0
52135,2024-07-03,2,07:02:00,21:57:00,14.916666666666666,7,21,422.0,1317.0,0,0
52135,2024-07-04,2,07:02:00,21:58:00,14.933333333333334,7,21,422.0,1318.0,0,0
52135,2024-07-05,3,16:06:00,22:17:00,6.183333333333334,16,22,966.0,1337.0,2,2
52135,2024-07-06,3,07:01:00,21:58:00,14.95,7,21,421.0,1318.0,0,0
52135,2024-07-07,4,07:01:00,21:58:00,14.95,7,21,421.0,1318.0,0,0
52135,2024-07-08,4,07:02:00,21:59:00,14.95,7,21,422.0,1319.0,0,0
52135,2024-07-09,5,07:03:00,21:58:00,14.916666666666666,7,21,423.0,1318.0,0,0
52135,2024-07-10,5,07:04:00,21:59:00,14.916666666666666,7,21,424.0,1319.0,0,0
52135,2024-07-11,6,07:01:00,21:56:00,14.916666666666666,7,21,421.0,1316.0,0,0
52135,2024-07-12,6,16:06:00,21:57:00,5.85,16,21,966.0,1317.0,2,2
52135,2024-07-13,0,07:02:00,21:59:00,14.95,7,21,422.0,1319.0,0,0
52135,2024-07-14,0,07:03:00,21:57:00,14.9,7,21,423.0,1317.0,0,0
52135,2024-07-15,1,16:06:00,21:55:00,5.816666666666666,16,21,966.0,1315.0,2,2
52135,2024-07-16,1,07:02:00,21:58:00,14.933333333333334,7,21,422.0,1318.0,0,0
52135,2024-07-17,2,07:04:00,21:59:00,14.916666666666666,7,21,424.0,1319.0,0,0
52135,2024-07-18,2,07:01:00,21:57:00,14.933333333333334,7,21,421.0,1317.0,0,0
52135,2024-07-19,3,16:08:00,21:58:00,5.833333333333333,16,21,968.0,1318.0,2,2
52135,2024-07-20,3,07:04:00,21:57:00,14.883333333333333,7,21,424.0,1317.0,0,0
52135,2024-07-21,4,07:04:00,21:57:00,14.883333333333333,7,21,424.0,1317.0,0,0
52135,2024-07-22,4,07:05:00,21:57:00,14.866666666666667,7,21,425.0,1317.0,0,0
52135,2024-07-23,5,07:04:00,21:56:00,14.866666666666667,7,21,424.0,1316.0,0,0
52135,2024-07-24,5,07:02:00,22:10:00,15.133333333333333,7,22,422.0,1330.0,0,0
52135,2024-07-25,6,07:04:00,21:57:00,14.883333333333333,7,21,424.0,1317.0,0,0
52135,2024-07-26,6,16:05:00,21:58:00,5.883333333333334,16,21,965.0,1318.0,2,2
52135,2024-07-27,0,07:04:00,21:58:00,14.9,7,21,424.0,1318.0,0,0
52135,2024-07-28,0,07:05:00,21:56:00,14.85,7,21,425.0,1316.0,0,0
52135,2024-07-29,1,07:04:00,22:01:00,14.95,7,22,424.0,1321.0,0,0
52135,2024-07-30,1,07:01:00,21:59:00,14.966666666666669,7,21,421.0,1319.0,0,0
52135,2024-07-31,2,07:03:00,21:59:00,14.933333333333334,7,21,423.0,1319.0,0,0
52135,2024-08-01,2,07:01:00,22:16:00,15.25,7,22,421.0,1336.0,0,0
52136,2024-06-04,4,08:15:00,23:01:00,14.766666666666667,8,23,495.0,1381.0,0,0
52136,2024-06-05,4,08:08:00,23:02:00,14.9,8,23,488.0,1382.0,0,0
52136,2024-06-06,5,08:12:00,23:16:00,15.066666666666666,8,23,492.0,1396.0,0,0
52136,2024-06-07,5,16:07:00,22:56:00,6.816666666666666,16,22,967.0,1376.0,2,2
52136,2024-06-08,6,08:07:00,22:59:00,14.866666666666667,8,22,487.0,1379.0,0,0
52136,2024-06-09,6,08:19:00,23:02:00,14.716666666666669,8,23,499.0,1382.0,0,0
52136,2024-06-10,0,08:13:00,22:58:00,14.75,8,22,493.0,1378.0,0,0
52136,2024-06-11,0,08:12:00,23:08:00,14.933333333333334,8,23,492.0,1388.0,0,0
52136,2024-06-12,1,08:14:00,23:01:00,14.783333333333331,8,23,494.0,1381.0,0,0
52136,2024-06-13,1,08:14:00,23:00:00,14.766666666666667,8,23,494.0,1380.0,0,0
52136,2024-06-14,2,16:07:00,22:59:00,6.866666666666666,16,22,967.0,1379.0,2,2
52136,2024-06-15,2,08:17:00,23:21:00,15.066666666666666,8,23,497.0,1401.0,0,0
52136,2024-06-19,3,07:58:00,23:12:00,15.233333333333333,7,23,478.0,1392.0,0,0
52136,2024-06-20,3,08:19:00,23:10:00,14.85,8,23,499.0,1390.0,0,0
52136,2024-06-21,4,16:13:00,22:54:00,6.683333333333334,16,22,973.0,1374.0,2,2
52136,2024-06-22,4,08:15:00,22:50:00,14.583333333333334,8,22,495.0,1370.0,0,0
52136,2024-06-23,5,08:18:00,23:03:00,14.75,8,23,498.0,1383.0,0,0
52136,2024-06-24,5,08:15:00,22:55:00,14.666666666666666,8,22,495.0,1375.0,0,0
52136,2024-06-25,6,08:19:00,22:56:00,14.616666666666667,8,22,499.0,1376.0,0,0
52136,2024-06-26,6,08:12:00,23:00:00,14.8,8,23,492.0,1380.0,0,0
52136,2024-06-27,0,08:13:00,23:09:00,14.933333333333334,8,23,493.0,1389.0,0,0
52136,2024-06-28,0,16:08:00,23:03:00,6.916666666666667,16,23,968.0,1383.0,2,2
52136,2024-06-29,1,08:16:00,23:04:00,14.8,8,23,496.0,1384.0,0,0
52136,2024-06-30,1,08:08:00,22:59:00,14.85,8,22,488.0,1379.0,0,0
52136,2024-07-01,2,08:05:00,23:13:00,15.133333333333333,8,23,485.0,1393.0,0,0
52136,2024-07-02,2,08:13:00,23:07:00,14.9,8,23,493.0,1387.0,0,0
52136,2024-07-03,3,08:13:00,23:11:00,14.966666666666669,8,23,493.0,1391.0,0,0
52136,2024-07-04,3,08:23:00,23:38:00,15.25,8,23,503.0,1418.0,0,0
52136,2024-07-05,4,16:11:00,22:55:00,6.733333333333333,16,22,971.0,1375.0,2,2
52136,2024-07-06,4,08:22:00,12:02:00,3.6666666666666665,8,12,502.0,722.0,1,1
52136,2024-07-07,5,07:59:00,23:03:00,15.066666666666666,7,23,479.0,1383.0,0,0
52136,2024-07-08,5,08:16:00,22:58:00,14.7,8,22,496.0,1378.0,0,0
52136,2024-07-09,6,08:13:00,23:00:00,14.783333333333331,8,23,493.0,1380.0,0,0
52136,2024-07-10,6,08:11:00,22:55:00,14.733333333333333,8,22,491.0,1375.0,0,0
52136,2024-07-11,0,08:11:00,23:09:00,14.966666666666669,8,23,491.0,1389.0,0,0
52136,2024-07-12,0,16:06:00,22:59:00,6.883333333333334,16,22,966.0,1379.0,2,2
52136,2024-07-13,1,08:16:00,22:54:00,14.633333333333333,8,22,496.0,1374.0,0,0
52136,2024-07-14,1,08:13:00,23:02:00,14.816666666666666,8,23,493.0,1382.0,0,0
52136,2024-07-15,2,08:16:00,23:02:00,14.766666666666667,8,23,496.0,1382.0,0,0
52136,2024-07-16,2,08:14:00,23:00:00,14.766666666666667,8,23,494.0,1380.0,0,0
52136,2024-07-17,3,08:18:00,22:56:00,14.633333333333333,8,22,498.0,1376.0,0,0
52136,2024-07-18,3,08:08:00,23:00:00,14.866666666666667,8,23,488.0,1380.0,0,0
52136,2024-07-19,4,16:11:00,22:58:00,6.783333333333333,16,22,971.0,1378.0,2,2
52136,2024-07-20,4,08:14:00,22:59:00,14.75,8,22,494.0,1379.0,0,0
52136,2024-07-21,1,08:21:00,22:54:00,14.55,8,22,501.0,1374.0,0,0
52136,2024-07-22,1,08:15:00,22:57:00,14.7,8,22,495.0,1377.0,0,0
52136,2024-07-23,2,08:08:00,22:54:00,14.766666666666667,8,22,488.0,1374.0,0,0
52136,2024-07-24,2,08:14:00,23:02:00,14.8,8,23,494.0,1382.0,0,0
52136,2024-07-25,3,08:16:00,23:14:00,14.966666666666669,8,23,496.0,1394.0,0,0
52136,2024-07-26,3,16:15:00,22:51:00,6.6,16,22,975.0,1371.0,2,2
52136,2024-07-27,4,08:06:00,22:53:00,14.783333333333331,8,22,486.0,1373.0,0,0
52136,2024-07-28,4,08:05:00,22:56:00,14.85,8,22,485.0,1376.0,0,0
52136,2024-07-29,5,08:15:00,23:00:00,14.75,8,23,495.0,1380.0,0,0
52136,2024-07-30,5,08:20:00,22:59:00,14.65,8,22,500.0,1379.0,0,0
52136,2024-07-31,6,08:09:00,23:03:00,14.9,8,23,489.0,1383.0,0,0
52136,2024-08-01,6,08:15:00,23:07:00,14.866666666666667,8,23,495.0,1387.0,0,0
52138,2024-07-01,0,08:04:00,12:02:00,3.966666666666667,8,12,484.0,722.0,1,1
52138,2024-07-02,1,08:01:00,12:02:00,4.016666666666667,8,12,481.0,722.0,1,1
52138,2024-07-03,1,08:01:00,12:00:00,3.983333333333333,8,12,481.0,720.0,1,1
52138,2024-07-04,2,08:00:00,23:58:00,15.966666666666669,8,23,480.0,1438.0,0,0
52138,2024-07-05,2,08:01:00,23:59:00,15.966666666666669,8,23,481.0,1439.0,0,0
52138,2024-07-06,3,08:05:00,11:59:00,3.9,8,11,485.0,719.0,1,1
52138,2024-07-07,3,08:01:00,23:59:00,15.966666666666669,8,23,481.0,1439.0,0,0
52138,2024-07-08,4,08:02:00,23:59:00,15.95,8,23,482.0,1439.0,0,0
52138,2024-07-09,4,08:02:00,12:00:00,3.966666666666667,8,12,482.0,720.0,1,1
52138,2024-07-10,5,08:00:00,22:03:00,14.05,8,22,480.0,1323.0,0,0
52138,2024-07-11,5,08:01:00,22:01:00,14.0,8,22,481.0,1321.0,0,0
52138,2024-07-12,6,08:04:00,22:00:00,13.933333333333334,8,22,484.0,1320.0,0,0
52138,2024-07-13,6,08:02:00,22:02:00,14.0,8,22,482.0,1322.0,0,0
52138,2024-07-14,0,08:01:00,22:00:00,13.983333333333333,8,22,481.0,1320.0,0,0
52138,2024-07-15,0,08:01:00,21:59:00,13.966666666666669,8,21,481.0,1319.0,0,0
52138,2024-07-16,1,08:02:00,22:01:00,13.983333333333333,8,22,482.0,1321.0,0,0
52138,2024-07-17,1,07:59:00,22:03:00,14.066666666666666,7,22,479.0,1323.0,0,0
52138,2024-07-18,2,07:59:00,22:04:00,14.083333333333334,7,22,479.0,1324.0,0,0
52138,2024-07-19,2,08:03:00,22:01:00,13.966666666666669,8,22,483.0,1321.0,0,0
52138,2024-07-20,3,08:00:00,22:00:00,14.0,8,22,480.0,1320.0,0,0
52138,2024-07-21,3,08:03:00,22:01:00,13.966666666666669,8,22,483.0,1321.0,0,0
52138,2024-07-22,4,08:00:00,21:59:00,13.983333333333333,8,21,480.0,1319.0,0,0
52138,2024-07-23,4,08:00:00,21:56:00,13.933333333333334,8,21,480.0,1316.0,0,0
52138,2024-07-24,5,08:02:00,22:00:00,13.966666666666669,8,22,482.0,1320.0,0,0
52138,2024-07-25,5,08:03:00,22:02:00,13.983333333333333,8,22,483.0,1322.0,0,0
52138,2024-07-26,6,08:03:00,21:58:00,13.916666666666666,8,21,483.0,1318.0,0,0
52138,2024-07-27,6,08:02:00,22:01:00,13.983333333333333,8,22,482.0,1321.0,0,0
52138,2024-07-28,0,08:01:00,23:59:00,15.966666666666669,8,23,481.0,1439.0,0,0
52138,2024-07-29,0,08:02:00,23:13:00,15.183333333333334,8,23,482.0,1393.0,0,0
52138,2024-07-30,1,08:02:00,22:07:00,14.083333333333334,8,22,482.0,1327.0,0,0
52138,2024-07-31,1,08:02:00,22:56:00,14.9,8,22,482.0,1376.0,0,0
52138,2024-08-01,2,08:02:00,23:00:00,14.966666666666669,8,23,482.0,1380.0,0,0
52138,2024-08-02,2,08:03:00,10:58:00,2.9166666666666665,8,10,483.0,658.0,1,1
52139,2024-06-04,3,06:56:00,18:22:00,11.433333333333334,6,18,416.0,1102.0,3,3
52139,2024-06-05,4,07:59:00,16:19:00,8.333333333333334,7,16,479.0,979.0,3,3
52139,2024-06-06,4,08:02:00,21:58:00,13.933333333333334,8,21,482.0,1318.0,0,0
52139,2024-06-07,5,16:00:00,21:59:00,5.983333333333333,16,21,960.0,1319.0,2,2
52139,2024-06-08,5,08:08:00,22:00:00,13.866666666666667,8,22,488.0,1320.0,0,0
52139,2024-06-09,6,07:58:00,21:56:00,13.966666666666669,7,21,478.0,1316.0,0,0
52139,2024-06-10,6,06:50:00,17:33:00,10.716666666666669,6,17,410.0,1053.0,3,3
52139,2024-06-11,0,07:53:00,21:25:00,13.533333333333331,7,21,473.0,1285.0,0,0
52139,2024-06-12,0,06:44:00,18:29:00,11.75,6,18,404.0,1109.0,3,3
52139,2024-06-13,1,07:17:00,21:11:00,13.9,7,21,437.0,1271.0,0,0
52139,2024-06-14,1,15:58:00,22:00:00,6.033333333333333,15,22,958.0,1320.0,2,2
52139,2024-06-15,2,08:03:00,21:11:00,13.133333333333333,8,21,483.0,1271.0,0,0
52139,2024-06-19,2,08:06:00,21:59:00,13.883333333333333,8,21,486.0,1319.0,0,0
52139,2024-06-20,3,08:02:00,19:49:00,11.783333333333331,8,19,482.0,1189.0,0,0
52139,2024-06-21,3,15:59:00,21:53:00,5.9,15,21,959.0,1313.0,2,2
52139,2024-06-22,4,08:01:00,18:10:00,10.15,8,18,481.0,1090.0,3,3
52139,2024-06-23,4,08:07:00,18:56:00,10.816666666666666,8,18,487.0,1136.0,3,3
52139,2024-06-24,5,08:01:00,23:14:00,15.216666666666669,8,23,481.0,1394.0,0,0
52139,2024-06-25,5,06:33:00,21:17:00,14.733333333333333,6,21,393.0,1277.0,0,0
52139,2024-06-27,6,10:42:00,23:34:00,12.866666666666667,10,23,642.0,1414.0,0,0
52139,2024-06-28,6,16:04:00,22:26:00,6.366666666666666,16,22,964.0,1346.0,2,2
52139,2024-06-29,0,06:49:00,17:23:00,10.566666666666666,6,17,409.0,1043.0,3,3
52139,2024-06-30,0,08:03:00,18:02:00,9.983333333333333,8,18,483.0,1082.0,3,3
52139,2024-07-01,1,08:03:00,19:58:00,11.916666666666666,8,19,483.0,1198.0,0,0
52139,2024-07-02,1,06:55:00,19:36:00,12.683333333333334,6,19,415.0,1176.0,0,0
52139,2024-07-03,2,06:52:00,17:27:00,10.583333333333334,6,17,412.0,1047.0,3,3
52139,2024-07-04,2,08:11:00,19:51:00,11.666666666666666,8,19,491.0,1191.0,0,0
52139,2024-07-05,3,16:04:00,21:52:00,5.8,16,21,964.0,1312.0,2,2
52139,2024-07-06,3,08:03:00,19:38:00,11.583333333333334,8,19,483.0,1178.0,0,0
52139,2024-07-07,4,07:28:00,19:54:00,12.433333333333334,7,19,448.0,1194.0,0,0
52139,2024-07-08,4,06:42:00,18:37:00,11.916666666666666,6,18,402.0,1117.0,3,3
52139,2024-07-09,5,08:04:00,19:12:00,11.133333333333333,8,19,484.0,1152.0,0,0
52139,2024-07-10,5,08:08:00,20:03:00,11.916666666666666,8,20,488.0,1203.0,0,0
52139,2024-07-11,6,06:40:00,20:01:00,13.35,6,20,400.0,1201.0,0,0
52139,2024-07-12,6,16:06:00,21:53:00,5.783333333333333,16,21,966.0,1313.0,2,2
52139,2024-07-13,0,08:06:00,18:12:00,10.1,8,18,486.0,1092.0,3,3
52139,2024-07-14,0,06:34:00,17:12:00,10.633333333333333,6,17,394.0,1032.0,3,3
52139,2024-07-15,1,07:56:00,21:55:00,13.983333333333333,7,21,476.0,1315.0,0,0
52139,2024-07-16,1,08:04:00,21:18:00,13.233333333333333,8,21,484.0,1278.0,0,0
52139,2024-07-17,2,08:01:00,22:05:00,14.066666666666666,8,22,481.0,1325.0,0,0
52139,2024-07-18,2,07:58:00,18:27:00,10.483333333333333,7,18,478.0,1107.0,3,3
52139,2024-07-19,3,16:05:00,21:54:00,5.816666666666666,16,21,965.0,1314.0,2,2
52139,2024-07-20,3,07:17:00,20:00:00,12.716666666666669,7,20,437.0,1200.0,0,0
52139,2024-07-21,4,08:10:00,20:18:00,12.133333333333333,8,20,490.0,1218.0,0,0
52139,2024-07-22,4,08:05:00,20:46:00,12.683333333333334,8,20,485.0,1246.0,0,0
52139,2024-07-23,5,06:35:00,20:31:00,13.933333333333334,6,20,395.0,1231.0,0,0
52139,2024-07-24,5,08:01:00,20:30:00,12.483333333333333,8,20,481.0,1230.0,0,0
52139,2024-07-25,6,08:02:00,19:19:00,11.283333333333331,8,19,482.0,1159.0,0,0
52139,2024-07-26,6,16:01:00,21:55:00,5.9,16,21,961.0,1315.0,2,2
52139,2024-07-27,0,06:49:00,18:22:00,11.55,6,18,409.0,1102.0,3,3
52139,2024-07-28,0,08:26:00,18:34:00,10.133333333333333,8,18,506.0,1114.0,3,3
52139,2024-07-29,1,07:59:00,21:24:00,13.416666666666666,7,21,479.0,1284.0,0,0
52139,2024-07-30,1,08:13:00,18:11:00,9.966666666666669,8,18,493.0,1091.0,3,3
52139,2024-07-31,2,07:59:00,18:12:00,10.216666666666669,7,18,479.0,1092.0,3,3
52139,2024-08-01,2,07:53:00,19:11:00,11.3,7,19,473.0,1151.0,0,0
52140,2024-06-04,3,07:02:00,17:05:00,10.05,7,17,422.0,1025.0,3,3
52140,2024-06-05,4,07:02:00,17:01:00,9.983333333333333,7,17,422.0,1021.0,3,3
52140,2024-06-06,4,07:02:00,17:02:00,10.0,7,17,422.0,1022.0,3,3
52140,2024-06-07,5,07:10:00,17:05:00,9.916666666666666,7,17,430.0,1025.0,3,3
52140,2024-06-08,5,07:04:00,17:07:00,10.05,7,17,424.0,1027.0,3,3
52140,2024-06-09,6,07:03:00,17:00:00,9.95,7,17,423.0,1020.0,3,3
52140,2024-06-10,6,07:02:00,17:04:00,10.033333333333331,7,17,422.0,1024.0,3,3
52140,2024-06-11,0,07:02:00,17:03:00,10.016666666666667,7,17,422.0,1023.0,3,3
52140,2024-06-12,0,07:02:00,17:04:00,10.033333333333331,7,17,422.0,1024.0,3,3
52140,2024-06-13,1,07:03:00,17:01:00,9.966666666666669,7,17,423.0,1021.0,3,3
52140,2024-06-14,1,07:01:00,17:00:00,9.983333333333333,7,17,421.0,1020.0,3,3
52140,2024-06-15,2,07:04:00,18:00:00,10.933333333333334,7,18,424.0,1080.0,3,3
52140,2024-06-17,2,08:00:00,16:06:00,8.1,8,16,480.0,966.0,3,3
52140,2024-06-19,3,07:03:00,17:01:00,9.966666666666669,7,17,423.0,1021.0,3,3
52140,2024-06-20,0,07:02:00,17:02:00,10.0,7,17,422.0,1022.0,3,3
52140,2024-06-21,0,07:07:00,17:03:00,9.933333333333334,7,17,427.0,1023.0,3,3
52140,2024-06-22,1,07:04:00,17:00:00,9.933333333333334,7,17,424.0,1020.0,3,3
52140,2024-06-23,1,07:05:00,21:45:00,14.666666666666666,7,21,425.0,1305.0,0,0
52140,2024-06-24,2,07:07:00,17:02:00,9.916666666666666,7,17,427.0,1022.0,3,3
52140,2024-06-25,2,07:03:00,17:16:00,10.216666666666669,7,17,423.0,1036.0,3,3
52140,2024-06-26,3,07:03:00,17:03:00,10.0,7,17,423.0,1023.0,3,3
52140,2024-06-27,3,07:04:00,19:58:00,12.9,7,19,424.0,1198.0,0,0
52140,2024-06-28,4,07:03:00,18:01:00,10.966666666666669,7,18,423.0,1081.0,3,3
52140,2024-06-29,4,07:03:00,19:05:00,12.033333333333331,7,19,423.0,1145.0,0,0
52140,2024-06-30,5,07:04:00,17:01:00,9.95,7,17,424.0,1021.0,3,3
52140,2024-07-01,5,07:03:00,18:03:00,11.0,7,18,423.0,1083.0,3,3
52140,2024-07-02,6,07:03:00,17:34:00,10.516666666666667,7,17,423.0,1054.0,3,3
52140,2024-07-03,6,06:58:00,17:05:00,10.116666666666667,6,17,418.0,1025.0,3,3
52140,2024-07-04,0,07:04:00,17:02:00,9.966666666666669,7,17,424.0,1022.0,3,3
52140,2024-07-05,0,07:19:00,17:01:00,9.7,7,17,439.0,1021.0,3,3
52140,2024-07-06,1,07:04:00,17:08:00,10.066666666666666,7,17,424.0,1028.0,3,3
52140,2024-07-07,1,07:04:00,17:02:00,9.966666666666669,7,17,424.0,1022.0,3,3
52140,2024-07-08,2,07:03:00,17:00:00,9.95,7,17,423.0,1020.0,3,3
52140,2024-07-09,2,07:03:00,17:01:00,9.966666666666669,7,17,423.0,1021.0,3,3
52140,2024-07-10,3,07:04:00,17:02:00,9.966666666666669,7,17,424.0,1022.0,3,3
52140,2024-07-11,3,07:04:00,17:08:00,10.066666666666666,7,17,424.0,1028.0,3,3
52140,2024-07-12,4,07:04:00,17:01:00,9.95,7,17,424.0,1021.0,3,3
52140,2024-07-13,4,07:05:00,17:04:00,9.983333333333333,7,17,425.0,1024.0,3,3
52140,2024-07-14,5,07:03:00,17:10:00,10.116666666666667,7,17,423.0,1030.0,3,3
52140,2024-07-15,5,07:02:00,17:06:00,10.066666666666666,7,17,422.0,1026.0,3,3
52140,2024-07-16,0,07:03:00,17:03:00,10.0,7,17,423.0,1023.0,3,3
52140,2024-07-17,0,07:03:00,17:02:00,9.983333333333333,7,17,423.0,1022.0,3,3
52140,2024-07-18,1,07:03:00,17:02:00,9.983333333333333,7,17,423.0,1022.0,3,3
52140,2024-07-19,1,07:01:00,17:01:00,10.0,7,17,421.0,1021.0,3,3
52140,2024-07-20,2,07:04:00,17:02:00,9.966666666666669,7,17,424.0,1022.0,3,3
52140,2024-07-21,2,06:56:00,17:02:00,10.1,6,17,416.0,1022.0,3,3
52140,2024-07-22,3,07:03:00,17:01:00,9.966666666666669,7,17,423.0,1021.0,3,3
52140,2024-07-23,3,07:03:00,17:01:00,9.966666666666669,7,17,423.0,1021.0,3,3
52140,2024-07-24,4,07:01:00,17:01:00,10.0,7,17,421.0,1021.0,3,3
52140,2024-07-25,4,07:03:00,17:02:00,9.983333333333333,7,17,423.0,1022.0,3,3
52140,2024-07-26,5,07:02:00,17:13:00,10.183333333333334,7,17,422.0,1033.0,3,3
52140,2024-07-27,5,07:01:00,17:01:00,10.0,7,17,421.0,1021.0,3,3
52140,2024-07-28,6,06:57:00,19:05:00,12.133333333333333,6,19,417.0,1145.0,0,0
52140,2024-07-29,6,07:04:00,17:02:00,9.966666666666669,7,17,424.0,1022.0,3,3
52140,2024-07-30,0,07:01:00,17:00:00,9.983333333333333,7,17,421.0,1020.0,3,3
52140,2024-07-31,0,07:04:00,17:01:00,9.95,7,17,424.0,1021.0,3,3
52140,2024-08-01,1,07:02:00,18:02:00,11.0,7,18,422.0,1082.0,3,3
52140,2024-08-02,1,06:57:00,17:02:00,10.083333333333334,6,17,417.0,1022.0,3,3
52141,2024-06-04,2,10:09:00,22:00:00,11.85,10,22,609.0,1320.0,0,0
52141,2024-06-05,3,10:08:00,22:02:00,11.9,10,22,608.0,1322.0,0,0
52141,2024-06-06,3,10:11:00,22:14:00,12.05,10,22,611.0,1334.0,0,0
52141,2024-06-07,4,16:10:00,21:58:00,5.8,16,21,970.0,1318.0,2,2
52141,2024-06-08,4,10:08:00,22:02:00,11.9,10,22,608.0,1322.0,0,0
52141,2024-06-09,5,10:07:00,21:58:00,11.85,10,21,607.0,1318.0,0,0
52141,2024-06-11,5,10:09:00,22:01:00,11.866666666666667,10,22,609.0,1321.0,0,0
52141,2024-06-12,6,10:10:00,22:00:00,11.833333333333334,10,22,610.0,1320.0,0,0
52141,2024-06-13,6,10:08:00,22:18:00,12.166666666666666,10,22,608.0,1338.0,0,0
52141,2024-06-14,0,16:11:00,22:05:00,5.9,16,22,971.0,1325.0,2,2
52141,2024-06-15,0,10:11:00,23:11:00,13.0,10,23,611.0,1391.0,0,0
52141,2024-06-19,1,10:08:00,22:01:00,11.883333333333333,10,22,608.0,1321.0,0,0
52141,2024-06-20,1,10:09:00,21:58:00,11.816666666666666,10,21,609.0,1318.0,0,0
52141,2024-06-21,2,16:06:00,21:59:00,5.883333333333334,16,21,966.0,1319.0,2,2
52141,2024-06-22,2,10:06:00,21:58:00,11.866666666666667,10,21,606.0,1318.0,0,0
52141,2024-06-23,3,10:11:00,21:57:00,11.766666666666667,10,21,611.0,1317.0,0,0
52141,2024-06-24,3,10:08:00,21:59:00,11.85,10,21,608.0,1319.0,0,0
52141,2024-06-25,4,10:08:00,21:59:00,11.85,10,21,608.0,1319.0,0,0
52141,2024-06-26,4,10:08:00,22:00:00,11.866666666666667,10,22,608.0,1320.0,0,0
52141,2024-06-27,5,10:11:00,21:57:00,11.766666666666667,10,21,611.0,1317.0,0,0
52141,2024-06-28,5,16:13:00,22:02:00,5.816666666666666,16,22,973.0,1322.0,2,2
52141,2024-06-29,6,10:13:00,22:00:00,11.783333333333331,10,22,613.0,1320.0,0,0
52141,2024-06-30,6,10:13:00,22:01:00,11.8,10,22,613.0,1321.0,0,0
52141,2024-07-02,0,10:09:00,22:00:00,11.85,10,22,609.0,1320.0,0,0
52141,2024-07-03,0,10:07:00,22:01:00,11.9,10,22,607.0,1321.0,0,0
52141,2024-07-04,1,10:09:00,21:59:00,11.833333333333334,10,21,609.0,1319.0,0,0
52141,2024-07-05,1,16:09:00,21:57:00,5.8,16,21,969.0,1317.0,2,2
52141,2024-07-06,2,10:10:00,21:59:00,11.816666666666666,10,21,610.0,1319.0,0,0
52141,2024-07-07,2,10:11:00,22:00:00,11.816666666666666,10,22,611.0,1320.0,0,0
52141,2024-07-08,3,10:10:00,13:06:00,2.933333333333333,10,13,610.0,786.0,1,1
52141,2024-07-09,3,10:09:00,22:00:00,11.85,10,22,609.0,1320.0,0,0
52141,2024-07-10,4,10:08:00,21:58:00,11.833333333333334,10,21,608.0,1318.0,0,0
52141,2024-07-11,4,10:07:00,21:58:00,11.85,10,21,607.0,1318.0,0,0
52141,2024-07-12,5,16:10:00,21:59:00,5.816666666666666,16,21,970.0,1319.0,2,2
52141,2024-07-13,5,10:05:00,22:01:00,11.933333333333334,10,22,605.0,1321.0,0,0
52141,2024-07-14,6,10:07:00,22:00:00,11.883333333333333,10,22,607.0,1320.0,0,0
52141,2024-07-15,6,10:07:00,21:58:00,11.85,10,21,607.0,1318.0,0,0
52141,2024-07-16,0,10:07:00,21:57:00,11.833333333333334,10,21,607.0,1317.0,0,0
52141,2024-07-17,0,10:08:00,22:00:00,11.866666666666667,10,22,608.0,1320.0,0,0
52141,2024-07-18,1,10:09:00,21:59:00,11.833333333333334,10,21,609.0,1319.0,0,0
52141,2024-07-20,1,10:06:00,21:58:00,11.866666666666667,10,21,606.0,1318.0,0,0
52141,2024-07-21,2,10:07:00,22:00:00,11.883333333333333,10,22,607.0,1320.0,0,0
52141,2024-07-22,2,10:07:00,21:57:00,11.833333333333334,10,21,607.0,1317.0,0,0
52141,2024-07-23,3,10:07:00,22:00:00,11.883333333333333,10,22,607.0,1320.0,0,0
52141,2024-07-24,3,10:09:00,21:58:00,11.816666666666666,10,21,609.0,1318.0,0,0
52141,2024-07-25,4,10:07:00,21:58:00,11.85,10,21,607.0,1318.0,0,0
52141,2024-07-26,4,16:10:00,22:00:00,5.833333333333333,16,22,970.0,1320.0,2,2
52141,2024-07-27,5,10:06:00,22:00:00,11.9,10,22,606.0,1320.0,0,0
52141,2024-07-28,5,10:07:00,21:57:00,11.833333333333334,10,21,607.0,1317.0,0,0
52141,2024-07-29,6,10:08:00,22:02:00,11.9,10,22,608.0,1322.0,0,0
52141,2024-07-30,6,10:10:00,22:00:00,11.833333333333334,10,22,610.0,1320.0,0,0
52141,2024-07-31,0,10:09:00,22:00:00,11.85,10,22,609.0,1320.0,0,0
52141,2024-08-01,0,10:10:00,22:01:00,11.85,10,22,610.0,1321.0,0,0
52142,2024-06-04,2,08:05:00,12:00:00,3.9166666666666665,8,12,485.0,720.0,1,1
52142,2024-06-05,2,08:02:00,22:01:00,13.983333333333333,8,22,482.0,1321.0,0,0
52142,2024-06-06,3,08:08:00,22:02:00,13.9,8,22,488.0,1322.0,0,0
52142,2024-06-07,3,08:46:00,10:44:00,1.9666666666666663,8,10,526.0,644.0,1,1
52142,2024-06-08,4,08:09:00,21:59:00,13.833333333333334,8,21,489.0,1319.0,0,0
52142,2024-06-09,4,08:15:00,22:00:00,13.75,8,22,495.0,1320.0,0,0
52142,2024-06-10,5,08:09:00,22:00:00,13.85,8,22,489.0,1320.0,0,0
52142,2024-06-11,5,08:07:00,22:00:00,13.883333333333333,8,22,487.0,1320.0,0,0
52142,2024-06-12,6,08:06:00,22:00:00,13.9,8,22,486.0,1320.0,0,0
52142,2024-06-13,6,08:10:00,22:00:00,13.833333333333334,8,22,490.0,1320.0,0,0
52142,2024-06-14,0,08:19:00,21:57:00,13.633333333333333,8,21,499.0,1317.0,0,0
52142,2024-06-15,0,08:09:00,21:58:00,13.816666666666666,8,21,489.0,1318.0,0,0
52142,2024-06-16,1,08:03:00,16:54:00,8.85,8,16,483.0,1014.0,3,3
52142,2024-06-19,1,08:02:00,22:00:00,13.966666666666669,8,22,482.0,1320.0,0,0
52142,2024-06-20,2,08:10:00,22:00:00,13.833333333333334,8,22,490.0,1320.0,0,0
52142,2024-06-21,2,08:24:00,10:42:00,2.3,8,10,504.0,642.0,1,1
52142,2024-06-22,3,08:06:00,22:01:00,13.916666666666666,8,22,486.0,1321.0,0,0
52142,2024-06-23,3,08:07:00,21:59:00,13.866666666666667,8,21,487.0,1319.0,0,0
52142,2024-06-24,4,08:22:00,22:00:00,13.633333333333333,8,22,502.0,1320.0,0,0
52142,2024-06-25,4,08:12:00,22:02:00,13.833333333333334,8,22,492.0,1322.0,0,0
52142,2024-06-26,6,08:11:00,22:00:00,13.816666666666666,8,22,491.0,1320.0,0,0
52142,2024-06-27,6,08:14:00,21:58:00,13.733333333333333,8,21,494.0,1318.0,0,0
52142,2024-06-28,0,08:33:00,22:00:00,13.45,8,22,513.0,1320.0,0,0
52142,2024-06-29,0,08:15:00,22:01:00,13.766666666666667,8,22,495.0,1321.0,0,0
52142,2024-06-30,1,08:19:00,11:59:00,3.6666666666666665,8,11,499.0,719.0,1,1
52142,2024-07-01,1,08:03:00,22:03:00,14.0,8,22,483.0,1323.0,0,0
52142,2024-07-02,2,08:15:00,22:00:00,13.75,8,22,495.0,1320.0,0,0
52142,2024-07-03,2,08:11:00,21:59:00,13.8,8,21,491.0,1319.0,0,0
52142,2024-07-04,3,08:18:00,21:59:00,13.683333333333334,8,21,498.0,1319.0,0,0
52142,2024-07-05,3,08:34:00,10:47:00,2.216666666666667,8,10,514.0,647.0,1,1
52142,2024-07-06,4,08:11:00,21:59:00,13.8,8,21,491.0,1319.0,0,0
52142,2024-07-07,4,08:02:00,21:59:00,13.95,8,21,482.0,1319.0,0,0
52142,2024-07-08,5,08:13:00,12:01:00,3.8,8,12,493.0,721.0,1,1
52142,2024-07-09,5,08:13:00,12:00:00,3.783333333333333,8,12,493.0,720.0,1,1
52142,2024-07-10,6,08:04:00,22:01:00,13.95,8,22,484.0,1321.0,0,0
52142,2024-07-11,6,08:03:00,21:57:00,13.9,8,21,483.0,1317.0,0,0
52142,2024-07-12,0,08:18:00,22:00:00,13.7,8,22,498.0,1320.0,0,0
52142,2024-07-13,0,08:10:00,22:01:00,13.85,8,22,490.0,1321.0,0,0
52142,2024-07-14,1,08:11:00,11:59:00,3.8,8,11,491.0,719.0,1,1
52142,2024-07-15,1,08:13:00,22:00:00,13.783333333333331,8,22,493.0,1320.0,0,0
52142,2024-07-16,2,08:16:00,22:01:00,13.75,8,22,496.0,1321.0,0,0
52142,2024-07-17,2,08:17:00,22:00:00,13.716666666666669,8,22,497.0,1320.0,0,0
52142,2024-07-18,3,08:06:00,22:00:00,13.9,8,22,486.0,1320.0,0,0
52142,2024-07-20,3,08:13:00,22:01:00,13.8,8,22,493.0,1321.0,0,0
52142,2024-07-21,4,08:16:00,22:00:00,13.733333333333333,8,22,496.0,1320.0,0,0
52142,2024-07-22,4,08:17:00,21:58:00,13.683333333333334,8,21,497.0,1318.0,0,0
52142,2024-07-23,5,08:15:00,22:00:00,13.75,8,22,495.0,1320.0,0,0
52142,2024-07-24,5,08:09:00,22:00:00,13.85,8,22,489.0,1320.0,0,0
52142,2024-07-25,0,08:11:00,22:00:00,13.816666666666666,8,22,491.0,1320.0,0,0
52142,2024-07-26,0,08:14:00,22:02:00,13.8,8,22,494.0,1322.0,0,0
52142,2024-07-27,1,08:07:00,22:00:00,13.883333333333333,8,22,487.0,1320.0,0,0
52142,2024-07-28,1,08:09:00,21:58:00,13.816666666666666,8,21,489.0,1318.0,0,0
52142,2024-07-29,2,08:05:00,22:01:00,13.933333333333334,8,22,485.0,1321.0,0,0
52142,2024-07-30,2,08:09:00,21:59:00,13.833333333333334,8,21,489.0,1319.0,0,0
52142,2024-07-31,3,08:08:00,23:24:00,15.266666666666667,8,23,488.0,1404.0,0,0
52142,2024-08-01,3,08:16:00,22:00:00,13.733333333333333,8,22,496.0,1320.0,0,0
52142,2024-08-02,4,08:33:00,10:46:00,2.216666666666667,8,10,513.0,646.0,1,1
52144,2024-06-04,5,07:09:00,22:02:00,14.883333333333333,7,22,429.0,1322.0,0,0
52144,2024-06-05,5,07:13:00,22:02:00,14.816666666666666,7,22,433.0,1322.0,0,0
52144,2024-06-06,6,07:28:00,22:01:00,14.55,7,22,448.0,1321.0,0,0
52144,2024-06-07,6,16:05:00,21:59:00,5.9,16,21,965.0,1319.0,2,2
52144,2024-06-08,0,06:59:00,22:01:00,15.033333333333331,6,22,419.0,1321.0,0,0
52144,2024-06-09,0,07:10:00,21:59:00,14.816666666666666,7,21,430.0,1319.0,0,0
52144,2024-06-10,1,07:20:00,22:03:00,14.716666666666669,7,22,440.0,1323.0,0,0
52144,2024-06-11,1,07:12:00,22:01:00,14.816666666666666,7,22,432.0,1321.0,0,0
52144,2024-06-12,2,07:08:00,12:01:00,4.883333333333334,7,12,428.0,721.0,1,1
52144,2024-06-13,2,07:06:00,22:02:00,14.933333333333334,7,22,426.0,1322.0,0,0
52144,2024-06-14,3,16:05:00,22:07:00,6.033333333333333,16,22,965.0,1327.0,2,2
52144,2024-06-15,3,07:03:00,23:15:00,16.2,7,23,423.0,1395.0,0,0
52144,2024-06-19,4,07:08:00,23:12:00,16.066666666666666,7,23,428.0,1392.0,0,0
52144,2024-06-20,4,07:06:00,21:59:00,14.883333333333333,7,21,426.0,1319.0,0,0
52144,2024-06-21,5,16:08:00,22:07:00,5.983333333333333,16,22,968.0,1327.0,2,2
52144,2024-06-22,5,07:29:00,21:59:00,14.5,7,21,449.0,1319.0,0,0
52144,2024-06-23,6,07:52:00,21:58:00,14.1,7,21,472.0,1318.0,0,0
52144,2024-06-24,6,07:06:00,21:59:00,14.883333333333333,7,21,426.0,1319.0,0,0
52144,2024-06-25,0,07:02:00,12:05:00,5.05,7,12,422.0,725.0,1,1
52144,2024-06-26,0,07:12:00,22:00:00,14.8,7,22,432.0,1320.0,0,0
52144,2024-06-27,1,07:09:00,21:59:00,14.833333333333334,7,21,429.0,1319.0,0,0
52144,2024-06-28,1,16:01:00,22:05:00,6.066666666666666,16,22,961.0,1325.0,2,2
52144,2024-06-29,2,16:26:00,22:00:00,5.566666666666666,16,22,986.0,1320.0,2,2
52144,2024-06-30,2,07:08:00,22:03:00,14.916666666666666,7,22,428.0,1323.0,0,0
52144,2024-07-01,3,07:13:00,22:03:00,14.833333333333334,7,22,433.0,1323.0,0,0
52144,2024-07-02,3,06:58:00,22:00:00,15.033333333333331,6,22,418.0,1320.0,0,0
52144,2024-07-03,4,07:09:00,21:59:00,14.833333333333334,7,21,429.0,1319.0,0,0
52144,2024-07-04,4,07:14:00,21:59:00,14.75,7,21,434.0,1319.0,0,0
52144,2024-07-05,5,16:10:00,22:36:00,6.433333333333334,16,22,970.0,1356.0,2,2
52144,2024-07-06,5,07:13:00,22:02:00,14.816666666666666,7,22,433.0,1322.0,0,0
52144,2024-07-07,6,07:01:00,22:04:00,15.05,7,22,421.0,1324.0,0,0
52144,2024-07-08,6,07:10:00,22:00:00,14.833333333333334,7,22,430.0,1320.0,0,0
52144,2024-07-09,0,11:59:00,16:07:00,4.133333333333334,11,16,719.0,967.0,3,3
52144,2024-07-10,0,07:10:00,22:01:00,14.85,7,22,430.0,1321.0,0,0
52144,2024-07-11,1,07:12:00,21:59:00,14.783333333333331,7,21,432.0,1319.0,0,0
52144,2024-07-12,1,16:08:00,22:03:00,5.916666666666667,16,22,968.0,1323.0,2,2
52144,2024-07-13,2,07:12:00,22:05:00,14.883333333333333,7,22,432.0,1325.0,0,0
52144,2024-07-14,2,16:04:00,22:00:00,5.933333333333334,16,22,964.0,1320.0,2,2
52144,2024-07-15,3,07:15:00,22:01:00,14.766666666666667,7,22,435.0,1321.0,0,0
52144,2024-07-16,3,07:10:00,22:00:00,14.833333333333334,7,22,430.0,1320.0,0,0
52144,2024-07-17,4,07:13:00,22:00:00,14.783333333333331,7,22,433.0,1320.0,0,0
52144,2024-07-18,4,07:22:00,22:00:00,14.633333333333333,7,22,442.0,1320.0,0,0
52144,2024-07-19,5,16:08:00,22:03:00,5.916666666666667,16,22,968.0,1323.0,2,2
52144,2024-07-20,5,07:07:00,21:59:00,14.866666666666667,7,21,427.0,1319.0,0,0
52144,2024-07-21,6,07:09:00,22:01:00,14.866666666666667,7,22,429.0,1321.0,0,0
52144,2024-07-22,6,07:11:00,11:59:00,4.8,7,11,431.0,719.0,1,1
52144,2024-07-23,0,07:13:00,22:00:00,14.783333333333331,7,22,433.0,1320.0,0,0
52144,2024-07-24,0,07:13:00,22:01:00,14.8,7,22,433.0,1321.0,0,0
52144,2024-07-25,1,07:18:00,21:58:00,14.666666666666666,7,21,438.0,1318.0,0,0
52144,2024-07-26,1,16:09:00,22:00:00,5.85,16,22,969.0,1320.0,2,2
52144,2024-07-27,2,07:16:00,21:59:00,14.716666666666669,7,21,436.0,1319.0,0,0
52144,2024-07-28,2,12:02:00,16:08:00,4.1,12,16,722.0,968.0,3,3
52144,2024-07-29,3,07:14:00,12:10:00,4.933333333333334,7,12,434.0,730.0,1,1
52144,2024-07-30,3,07:16:00,21:59:00,14.716666666666669,7,21,436.0,1319.0,0,0
52144,2024-07-31,4,07:13:00,22:01:00,14.8,7,22,433.0,1321.0,0,0
52144,2024-08-01,4,07:15:00,22:03:00,14.8,7,22,435.0,1323.0,0,0
52145,2024-06-04,6,07:36:00,21:57:00,14.35,7,21,456.0,1317.0,0,0
52145,2024-06-05,6,07:44:00,18:23:00,10.65,7,18,464.0,1103.0,3,3
52145,2024-06-06,0,07:35:00,21:58:00,14.383333333333333,7,21,455.0,1318.0,0,0
52145,2024-06-07,0,16:00:00,21:59:00,5.983333333333333,16,21,960.0,1319.0,2,2
52145,2024-06-08,1,07:26:00,21:03:00,13.616666666666667,7,21,446.0,1263.0,0,0
52145,2024-06-09,1,06:31:00,22:32:00,16.016666666666666,6,22,391.0,1352.0,0,0
52145,2024-06-10,2,06:26:00,19:02:00,12.6,6,19,386.0,1142.0,0,0
52145,2024-06-11,2,06:32:00,18:21:00,11.816666666666666,6,18,392.0,1101.0,3,3
52145,2024-06-12,3,06:33:00,18:59:00,12.433333333333334,6,18,393.0,1139.0,0,0
52145,2024-06-13,3,07:04:00,18:49:00,11.75,7,18,424.0,1129.0,3,3
52145,2024-06-14,4,16:02:00,22:01:00,5.983333333333333,16,22,962.0,1321.0,2,2
52145,2024-06-15,4,06:29:00,18:11:00,11.7,6,18,389.0,1091.0,3,3
52145,2024-06-19,5,06:40:00,18:48:00,12.133333333333333,6,18,400.0,1128.0,0,0
52145,2024-06-21,6,16:00:00,21:53:00,5.883333333333334,16,21,960.0,1313.0,2,2
52145,2024-06-22,6,06:25:00,20:51:00,14.433333333333334,6,20,385.0,1251.0,0,0
52145,2024-06-23,0,07:07:00,18:56:00,11.816666666666666,7,18,427.0,1136.0,0,0
52145,2024-06-24,0,06:54:00,21:23:00,14.483333333333333,6,21,414.0,1283.0,0,0
52145,2024-06-25,1,06:50:00,18:15:00,11.416666666666666,6,18,410.0,1095.0,3,3
52145,2024-06-26,1,06:26:00,19:10:00,12.733333333333333,6,19,386.0,1150.0,0,0
52145,2024-06-27,2,06:58:00,19:04:00,12.1,6,19,418.0,1144.0,0,0
52145,2024-06-28,2,16:03:00,22:00:00,5.95,16,22,963.0,1320.0,2,2
52145,2024-06-29,3,06:37:00,21:01:00,14.4,6,21,397.0,1261.0,0,0
52145,2024-06-30,3,07:26:00,22:04:00,14.633333333333333,7,22,446.0,1324.0,0,0
52145,2024-07-01,4,07:27:00,20:10:00,12.716666666666669,7,20,447.0,1210.0,0,0
52145,2024-07-02,4,06:37:00,18:47:00,12.166666666666666,6,18,397.0,1127.0,0,0
52145,2024-07-03,2,06:28:00,19:55:00,13.45,6,19,388.0,1195.0,0,0
52145,2024-07-04,2,07:31:00,20:25:00,12.9,7,20,451.0,1225.0,0,0
52145,2024-07-05,3,15:53:00,21:52:00,5.983333333333333,15,21,953.0,1312.0,2,2
52145,2024-07-06,3,07:32:00,21:53:00,14.35,7,21,452.0,1313.0,0,0
52145,2024-07-07,4,07:00:00,18:32:00,11.533333333333331,7,18,420.0,1112.0,3,3
52145,2024-07-08,4,07:00:00,19:05:00,12.083333333333334,7,19,420.0,1145.0,0,0
52145,2024-07-09,5,06:58:00,18:31:00,11.55,6,18,418.0,1111.0,3,3
52145,2024-07-10,5,07:30:00,21:39:00,14.15,7,21,450.0,1299.0,0,0
52145,2024-07-11,6,06:55:00,21:07:00,14.2,6,21,415.0,1267.0,0,0
52145,2024-07-12,6,16:03:00,21:53:00,5.833333333333333,16,21,963.0,1313.0,2,2
52145,2024-07-13,0,07:25:00,21:26:00,14.016666666666667,7,21,445.0,1286.0,0,0
52145,2024-07-14,0,06:29:00,17:12:00,10.716666666666669,6,17,389.0,1032.0,3,3
52145,2024-07-15,1,07:27:00,21:55:00,14.466666666666669,7,21,447.0,1315.0,0,0
52145,2024-07-16,1,07:32:00,21:48:00,14.266666666666667,7,21,452.0,1308.0,0,0
52145,2024-07-17,2,07:31:00,22:05:00,14.566666666666666,7,22,451.0,1325.0,0,0
52145,2024-07-18,2,07:30:00,20:46:00,13.266666666666667,7,20,450.0,1246.0,0,0
52145,2024-07-19,3,16:07:00,21:54:00,5.783333333333333,16,21,967.0,1314.0,2,2
52145,2024-07-20,3,08:03:00,21:56:00,13.883333333333333,8,21,483.0,1316.0,0,0
52145,2024-07-21,4,07:40:00,21:41:00,14.016666666666667,7,21,460.0,1301.0,0,0
52145,2024-07-22,4,07:43:00,20:31:00,12.8,7,20,463.0,1231.0,0,0
52145,2024-07-23,5,07:57:00,21:55:00,13.966666666666669,7,21,477.0,1315.0,0,0
52145,2024-07-24,5,08:02:00,22:04:00,14.033333333333331,8,22,482.0,1324.0,0,0
52145,2024-07-25,6,07:39:00,21:53:00,14.233333333333333,7,21,459.0,1313.0,0,0
52145,2024-07-26,6,15:54:00,21:53:00,5.983333333333333,15,21,954.0,1313.0,2,2
52145,2024-07-27,0,06:51:00,18:27:00,11.6,6,18,411.0,1107.0,3,3
52145,2024-07-29,1,06:56:00,18:02:00,11.1,6,18,416.0,1082.0,3,3
52145,2024-07-30,1,07:03:00,18:11:00,11.133333333333333,7,18,423.0,1091.0,3,3
52145,2024-07-31,2,07:05:00,18:11:00,11.1,7,18,425.0,1091.0,3,3
52145,2024-08-01,2,07:02:00,22:00:00,14.966666666666669,7,22,422.0,1320.0,0,0
52147,2024-06-06,4,14:08:00,23:45:00,9.616666666666667,14,23,848.0,1425.0,2,2
52147,2024-06-09,5,14:05:00,23:56:00,9.85,14,23,845.0,1436.0,2,2
52147,2024-06-13,0,14:05:00,23:57:00,9.866666666666667,14,23,845.0,1437.0,2,2
52147,2024-06-14,0,14:10:00,23:54:00,9.733333333333333,14,23,850.0,1434.0,2,2
52147,2024-06-15,1,14:09:00,23:51:00,9.7,14,23,849.0,1431.0,2,2
52147,2024-06-16,1,16:14:00,23:57:00,7.716666666666667,16,23,974.0,1437.0,2,2
52147,2024-06-19,2,14:06:00,23:58:00,9.866666666666667,14,23,846.0,1438.0,2,2
52147,2024-06-20,2,14:08:00,23:54:00,9.766666666666667,14,23,848.0,1434.0,2,2
52147,2024-06-22,3,14:09:00,23:55:00,9.766666666666667,14,23,849.0,1435.0,2,2
52147,2024-06-23,3,14:06:00,23:03:00,8.95,14,23,846.0,1383.0,2,2
52147,2024-06-25,4,14:20:00,23:56:00,9.6,14,23,860.0,1436.0,2,2
52147,2024-06-26,4,14:06:00,23:56:00,9.833333333333334,14,23,846.0,1436.0,2,2
52147,2024-06-27,5,14:04:00,23:57:00,9.883333333333333,14,23,844.0,1437.0,2,2
52147,2024-06-29,5,14:06:00,23:52:00,9.766666666666667,14,23,846.0,1432.0,2,2
52147,2024-07-01,6,14:02:00,23:55:00,9.883333333333333,14,23,842.0,1435.0,2,2
52147,2024-07-02,6,14:07:00,23:57:00,9.833333333333334,14,23,847.0,1437.0,2,2
52147,2024-07-05,0,14:08:00,23:54:00,9.766666666666667,14,23,848.0,1434.0,2,2
52147,2024-07-08,1,14:06:00,23:58:00,9.866666666666667,14,23,846.0,1438.0,2,2
52147,2024-07-09,1,14:07:00,23:55:00,9.8,14,23,847.0,1435.0,2,2
52147,2024-07-12,2,14:09:00,23:55:00,9.766666666666667,14,23,849.0,1435.0,2,2
52147,2024-07-13,3,14:09:00,23:53:00,9.733333333333333,14,23,849.0,1433.0,2,2
52147,2024-07-14,3,14:06:00,23:55:00,9.816666666666666,14,23,846.0,1435.0,2,2
52147,2024-07-15,4,14:09:00,23:57:00,9.8,14,23,849.0,1437.0,2,2
52147,2024-07-16,4,14:08:00,23:57:00,9.816666666666666,14,23,848.0,1437.0,2,2
52147,2024-07-17,6,14:05:00,23:57:00,9.866666666666667,14,23,845.0,1437.0,2,2
52147,2024-07-18,6,14:10:00,23:57:00,9.783333333333331,14,23,850.0,1437.0,2,2
52147,2024-07-19,0,14:06:00,23:55:00,9.816666666666666,14,23,846.0,1435.0,2,2
52147,2024-07-20,0,14:06:00,23:56:00,9.833333333333334,14,23,846.0,1436.0,2,2
52147,2024-07-21,1,04:00:00,23:58:00,19.966666666666665,4,23,240.0,1438.0,0,0
52147,2024-07-23,1,14:08:00,23:56:00,9.8,14,23,848.0,1436.0,2,2
52147,2024-07-24,2,13:58:00,23:53:00,9.916666666666666,13,23,838.0,1433.0,2,2
52147,2024-07-25,2,14:09:00,23:55:00,9.766666666666667,14,23,849.0,1435.0,2,2
52147,2024-07-26,3,14:06:00,23:58:00,9.866666666666667,14,23,846.0,1438.0,2,2
52147,2024-07-27,3,14:00:00,23:55:00,9.916666666666666,14,23,840.0,1435.0,2,2
52147,2024-07-28,4,14:05:00,23:55:00,9.833333333333334,14,23,845.0,1435.0,2,2
52147,2024-07-29,4,14:06:00,23:54:00,9.8,14,23,846.0,1434.0,2,2
52147,2024-07-30,5,14:17:00,23:36:00,9.316666666666666,14,23,857.0,1416.0,2,2
52147,2024-07-31,5,14:06:00,23:55:00,9.816666666666666,14,23,846.0,1435.0,2,2
52148,2024-06-04,6,10:05:00,22:01:00,11.933333333333334,10,22,605.0,1321.0,0,0
52148,2024-06-05,0,10:06:00,22:06:00,12.0,10,22,606.0,1326.0,0,0
52148,2024-06-06,0,10:04:00,22:14:00,12.166666666666666,10,22,604.0,1334.0,0,0
52148,2024-06-07,1,16:10:00,22:00:00,5.833333333333333,16,22,970.0,1320.0,2,2
52148,2024-06-08,1,10:10:00,22:03:00,11.883333333333333,10,22,610.0,1323.0,0,0
52148,2024-06-09,2,13:05:00,21:59:00,8.9,13,21,785.0,1319.0,2,2
52148,2024-06-10,2,10:11:00,22:02:00,11.85,10,22,611.0,1322.0,0,0
52148,2024-06-11,3,10:09:00,22:01:00,11.866666666666667,10,22,609.0,1321.0,0,0
52148,2024-06-12,3,13:07:00,22:04:00,8.95,13,22,787.0,1324.0,2,2
52148,2024-06-13,4,10:07:00,22:07:00,12.0,10,22,607.0,1327.0,0,0
52148,2024-06-14,4,16:08:00,22:06:00,5.966666666666667,16,22,968.0,1326.0,2,2
52148,2024-06-15,5,10:08:00,23:10:00,13.033333333333331,10,23,608.0,1390.0,0,0
52148,2024-06-19,5,10:09:00,22:01:00,11.866666666666667,10,22,609.0,1321.0,0,0
52148,2024-06-20,6,13:05:00,21:59:00,8.9,13,21,785.0,1319.0,2,2
52148,2024-06-21,6,16:07:00,22:01:00,5.9,16,22,967.0,1321.0,2,2
52148,2024-06-22,0,10:06:00,21:57:00,11.85,10,21,606.0,1317.0,0,0
52148,2024-06-23,0,10:08:00,21:58:00,11.833333333333334,10,21,608.0,1318.0,0,0
52148,2024-06-25,1,10:06:00,21:58:00,11.866666666666667,10,21,606.0,1318.0,0,0
52148,2024-06-26,1,10:08:00,21:57:00,11.816666666666666,10,21,608.0,1317.0,0,0
52148,2024-06-27,2,10:11:00,21:59:00,11.8,10,21,611.0,1319.0,0,0
52148,2024-06-28,2,16:10:00,22:00:00,5.833333333333333,16,22,970.0,1320.0,2,2
52148,2024-06-29,3,10:09:00,21:57:00,11.8,10,21,609.0,1317.0,0,0
52148,2024-06-30,3,10:07:00,21:58:00,11.85,10,21,607.0,1318.0,0,0
52148,2024-07-01,4,10:08:00,21:59:00,11.85,10,21,608.0,1319.0,0,0
52148,2024-07-02,4,13:06:00,22:01:00,8.916666666666666,13,22,786.0,1321.0,2,2
52148,2024-07-03,5,10:08:00,21:57:00,11.816666666666666,10,21,608.0,1317.0,0,0
52148,2024-07-04,5,10:08:00,21:59:00,11.85,10,21,608.0,1319.0,0,0
52148,2024-07-05,6,16:08:00,21:58:00,5.833333333333333,16,21,968.0,1318.0,2,2
52148,2024-07-06,6,10:09:00,22:22:00,12.216666666666669,10,22,609.0,1342.0,0,0
52148,2024-07-07,0,10:10:00,22:04:00,11.9,10,22,610.0,1324.0,0,0
52148,2024-07-08,0,10:08:00,21:59:00,11.85,10,21,608.0,1319.0,0,0
52148,2024-07-09,1,10:10:00,22:21:00,12.183333333333334,10,22,610.0,1341.0,0,0
52148,2024-07-10,1,13:04:00,21:58:00,8.9,13,21,784.0,1318.0,2,2
52148,2024-07-11,2,10:04:00,21:58:00,11.9,10,21,604.0,1318.0,0,0
52148,2024-07-12,2,16:11:00,22:00:00,5.816666666666666,16,22,971.0,1320.0,2,2
52148,2024-07-13,3,13:06:00,22:01:00,8.916666666666666,13,22,786.0,1321.0,2,2
52148,2024-07-14,3,10:06:00,21:59:00,11.883333333333333,10,21,606.0,1319.0,0,0
52148,2024-07-15,4,13:05:00,21:59:00,8.9,13,21,785.0,1319.0,2,2
52148,2024-07-16,4,10:10:00,22:00:00,11.833333333333334,10,22,610.0,1320.0,0,0
52148,2024-07-17,5,10:05:00,22:00:00,11.916666666666666,10,22,605.0,1320.0,0,0
52148,2024-07-18,5,10:07:00,22:00:00,11.883333333333333,10,22,607.0,1320.0,0,0
52148,2024-07-19,6,16:09:00,22:03:00,5.9,16,22,969.0,1323.0,2,2
52148,2024-07-20,6,10:09:00,22:01:00,11.866666666666667,10,22,609.0,1321.0,0,0
52148,2024-07-21,0,10:07:00,21:59:00,11.866666666666667,10,21,607.0,1319.0,0,0
52148,2024-07-22,0,10:07:00,21:58:00,11.85,10,21,607.0,1318.0,0,0
52148,2024-07-23,1,10:07:00,22:02:00,11.916666666666666,10,22,607.0,1322.0,0,0
52148,2024-07-24,1,10:06:00,21:58:00,11.866666666666667,10,21,606.0,1318.0,0,0
52148,2024-07-25,2,10:07:00,21:57:00,11.833333333333334,10,21,607.0,1317.0,0,0
52148,2024-07-26,2,16:07:00,22:00:00,5.883333333333334,16,22,967.0,1320.0,2,2
52148,2024-07-27,3,10:10:00,21:58:00,11.8,10,21,610.0,1318.0,0,0
52148,2024-07-28,3,10:05:00,21:57:00,11.866666666666667,10,21,605.0,1317.0,0,0
52148,2024-07-29,4,10:08:00,22:06:00,11.966666666666669,10,22,608.0,1326.0,0,0
52148,2024-07-30,4,10:05:00,21:59:00,11.9,10,21,605.0,1319.0,0,0
52148,2024-07-31,5,10:10:00,22:01:00,11.85,10,22,610.0,1321.0,0,0
52148,2024-08-01,5,10:09:00,22:00:00,11.85,10,22,609.0,1320.0,0,0
52149,2024-06-16,5,16:05:00,23:56:00,7.85,16,23,965.0,1436.0,2,2
52149,2024-06-17,6,08:05:00,15:59:00,7.9,8,15,485.0,959.0,3,3
52149,2024-06-18,6,16:00:00,23:54:00,7.9,16,23,960.0,1434.0,2,2
52149,2024-06-27,4,08:00:00,22:05:00,14.083333333333334,8,22,480.0,1325.0,0,0
52149,2024-06-28,4,08:04:00,22:13:00,14.15,8,22,484.0,1333.0,0,0
52149,2024-06-29,5,08:01:00,22:00:00,13.983333333333333,8,22,481.0,1320.0,0,0
52149,2024-06-30,5,08:02:00,22:00:00,13.966666666666669,8,22,482.0,1320.0,0,0
52149,2024-07-01,6,08:00:00,21:59:00,13.983333333333333,8,21,480.0,1319.0,0,0
52149,2024-07-02,6,08:02:00,22:00:00,13.966666666666669,8,22,482.0,1320.0,0,0
52149,2024-07-03,0,08:01:00,22:01:00,14.0,8,22,481.0,1321.0,0,0
52149,2024-07-05,0,08:04:00,22:00:00,13.933333333333334,8,22,484.0,1320.0,0,0
52149,2024-07-06,1,08:01:00,21:59:00,13.966666666666669,8,21,481.0,1319.0,0,0
52149,2024-07-07,1,08:01:00,22:02:00,14.016666666666667,8,22,481.0,1322.0,0,0
52149,2024-07-09,2,08:01:00,22:00:00,13.983333333333333,8,22,481.0,1320.0,0,0
52149,2024-07-10,3,08:01:00,22:00:00,13.983333333333333,8,22,481.0,1320.0,0,0
52149,2024-07-11,3,08:00:00,21:58:00,13.966666666666669,8,21,480.0,1318.0,0,0
52149,2024-07-12,4,08:01:00,22:00:00,13.983333333333333,8,22,481.0,1320.0,0,0
52149,2024-07-13,4,08:34:00,22:01:00,13.45,8,22,514.0,1321.0,0,0
52149,2024-07-14,5,08:00:00,12:00:00,4.0,8,12,480.0,720.0,1,1
52149,2024-07-15,5,07:59:00,22:00:00,14.016666666666667,7,22,479.0,1320.0,0,0
52149,2024-07-16,6,08:00:00,22:00:00,14.0,8,22,480.0,1320.0,0,0
52149,2024-07-17,6,08:01:00,22:26:00,14.416666666666666,8,22,481.0,1346.0,0,0
52149,2024-07-18,0,07:58:00,22:00:00,14.033333333333331,7,22,478.0,1320.0,0,0
52149,2024-07-19,0,08:03:00,22:00:00,13.95,8,22,483.0,1320.0,0,0
52149,2024-07-20,1,08:02:00,12:00:00,3.966666666666667,8,12,482.0,720.0,1,1
52149,2024-07-21,1,08:03:00,22:02:00,13.983333333333333,8,22,483.0,1322.0,0,0
52149,2024-07-22,2,08:00:00,21:59:00,13.983333333333333,8,21,480.0,1319.0,0,0
52149,2024-07-23,2,08:00:00,22:00:00,14.0,8,22,480.0,1320.0,0,0
52149,2024-07-24,3,08:02:00,22:00:00,13.966666666666669,8,22,482.0,1320.0,0,0
52149,2024-07-25,3,08:02:00,22:04:00,14.033333333333331,8,22,482.0,1324.0,0,0
52149,2024-07-26,4,08:02:00,22:00:00,13.966666666666669,8,22,482.0,1320.0,0,0
52149,2024-07-27,4,08:03:00,22:00:00,13.95,8,22,483.0,1320.0,0,0
52149,2024-07-28,6,08:01:00,15:54:00,7.883333333333334,8,15,481.0,954.0,3,3
52149,2024-07-29,6,08:01:00,22:04:00,14.05,8,22,481.0,1324.0,0,0
52149,2024-07-30,0,08:05:00,22:00:00,13.916666666666666,8,22,485.0,1320.0,0,0
52149,2024-07-31,0,08:00:00,22:00:00,14.0,8,22,480.0,1320.0,0,0
52149,2024-08-01,1,08:02:00,22:00:00,13.966666666666669,8,22,482.0,1320.0,0,0
52149,2024-08-02,1,08:04:00,10:45:00,2.683333333333333,8,10,484.0,645.0,1,1
52150,2024-07-01,2,10:10:00,16:03:00,5.883333333333334,10,16,610.0,963.0,3,3
52150,2024-07-02,2,10:00:00,15:58:00,5.966666666666667,10,15,600.0,958.0,3,3
52150,2024-07-03,3,08:01:00,23:58:00,15.95,8,23,481.0,1438.0,0,0
52150,2024-07-04,3,09:57:00,16:01:00,6.066666666666666,9,16,597.0,961.0,3,3
52150,2024-07-05,4,12:47:00,16:06:00,3.316666666666667,12,16,767.0,966.0,3,3
52150,2024-07-06,4,09:57:00,16:01:00,6.066666666666666,9,16,597.0,961.0,3,3
52150,2024-07-07,6,09:57:00,16:01:00,6.066666666666666,9,16,597.0,961.0,3,3
52150,2024-07-08,6,10:00:00,16:00:00,6.0,10,16,600.0,960.0,3,3
52150,2024-07-09,0,09:56:00,15:56:00,6.0,9,15,596.0,956.0,3,3
52150,2024-07-10,0,11:10:00,16:02:00,4.866666666666666,11,16,670.0,962.0,3,3
52150,2024-07-11,1,10:57:00,15:56:00,4.983333333333333,10,15,657.0,956.0,3,3
52150,2024-07-12,1,12:51:00,16:00:00,3.15,12,16,771.0,960.0,3,3
52150,2024-07-14,2,11:10:00,15:57:00,4.783333333333333,11,15,670.0,957.0,3,3
52150,2024-07-15,3,11:01:00,16:00:00,4.983333333333333,11,16,661.0,960.0,3,3
52150,2024-07-16,3,10:59:00,15:57:00,4.966666666666667,10,15,659.0,957.0,3,3
52150,2024-07-17,4,11:01:00,15:57:00,4.933333333333334,11,15,661.0,957.0,3,3
52150,2024-07-18,4,11:00:00,15:58:00,4.966666666666667,11,15,660.0,958.0,3,3
52150,2024-07-19,5,15:59:00,20:57:00,4.966666666666667,15,20,959.0,1257.0,2,2
52150,2024-07-20,5,02:00:00,15:58:00,13.966666666666669,2,15,120.0,958.0,4,4
52150,2024-07-21,0,11:01:00,15:57:00,4.933333333333334,11,15,661.0,957.0,3,3
52150,2024-07-22,0,11:00:00,15:56:00,4.933333333333334,11,15,660.0,956.0,3,3
52150,2024-07-23,1,10:57:00,16:00:00,5.05,10,16,657.0,960.0,3,3
52150,2024-07-24,1,11:00:00,15:59:00,4.983333333333333,11,15,660.0,959.0,3,3
52150,2024-07-25,2,11:00:00,15:57:00,4.95,11,15,660.0,957.0,3,3
52150,2024-07-26,2,12:49:00,15:59:00,3.1666666666666665,12,15,769.0,959.0,3,3
52150,2024-07-27,3,10:58:00,15:56:00,4.966666666666667,10,15,658.0,956.0,3,3
52150,2024-07-28,3,10:58:00,16:01:00,5.05,10,16,658.0,961.0,3,3
52150,2024-07-29,4,10:58:00,16:01:00,5.05,10,16,658.0,961.0,3,3
52150,2024-07-30,4,12:35:00,16:01:00,3.433333333333333,12,16,755.0,961.0,3,3
52150,2024-07-31,5,10:59:00,15:59:00,5.0,10,15,659.0,959.0,3,3
52150,2024-08-01,5,10:56:00,16:00:00,5.066666666666666,10,16,656.0,960.0,3,3
52150,2024-08-02,6,12:56:00,15:59:00,3.05,12,15,776.0,959.0,3,3
52151,2024-06-04,6,00:00:00,16:01:00,16.016666666666666,0,16,0.0,961.0,4,4
52151,2024-06-05,0,10:02:00,23:58:00,13.933333333333334,10,23,602.0,1438.0,0,0
52151,2024-06-06,0,10:03:00,16:02:00,5.983333333333333,10,16,603.0,962.0,3,3
52151,2024-06-07,1,13:01:00,16:08:00,3.1166666666666667,13,16,781.0,968.0,3,3
52151,2024-06-10,1,10:02:00,16:01:00,5.983333333333333,10,16,602.0,961.0,3,3
52151,2024-06-11,2,10:04:00,23:56:00,13.866666666666667,10,23,604.0,1436.0,0,0
52151,2024-06-12,2,10:02:00,23:55:00,13.883333333333333,10,23,602.0,1435.0,0,0
52151,2024-06-13,3,10:02:00,16:03:00,6.016666666666667,10,16,602.0,963.0,3,3
52151,2024-06-14,3,12:50:00,23:57:00,11.116666666666667,12,23,770.0,1437.0,2,2
52151,2024-06-15,4,10:01:00,23:59:00,13.966666666666669,10,23,601.0,1439.0,0,0
52151,2024-06-16,4,09:19:00,21:50:00,12.516666666666667,9,21,559.0,1310.0,0,0
52151,2024-06-18,5,09:58:00,22:20:00,12.366666666666667,9,22,598.0,1340.0,0,0
52151,2024-06-19,5,10:02:00,16:02:00,6.0,10,16,602.0,962.0,3,3
52151,2024-06-20,6,10:03:00,23:57:00,13.9,10,23,603.0,1437.0,0,0
52151,2024-06-21,6,12:56:00,23:55:00,10.983333333333333,12,23,776.0,1435.0,2,2
52151,2024-06-22,0,10:04:00,23:56:00,13.866666666666667,10,23,604.0,1436.0,0,0
52151,2024-06-23,0,10:02:00,23:56:00,13.9,10,23,602.0,1436.0,0,0
52151,2024-06-24,1,10:03:00,23:55:00,13.866666666666667,10,23,603.0,1435.0,0,0
52151,2024-06-25,1,10:03:00,23:56:00,13.883333333333333,10,23,603.0,1436.0,0,0
52151,2024-06-26,2,10:02:00,16:04:00,6.033333333333333,10,16,602.0,964.0,3,3
52151,2024-06-27,2,10:06:00,23:58:00,13.866666666666667,10,23,606.0,1438.0,0,0
52151,2024-06-28,4,13:08:00,23:56:00,10.8,13,23,788.0,1436.0,2,2
52151,2024-06-29,4,10:03:00,23:55:00,13.866666666666667,10,23,603.0,1435.0,0,0
52151,2024-06-30,5,12:21:00,23:56:00,11.583333333333334,12,23,741.0,1436.0,2,2
52151,2024-07-01,5,10:03:00,23:57:00,13.9,10,23,603.0,1437.0,0,0
52151,2024-07-02,0,10:03:00,23:58:00,13.916666666666666,10,23,603.0,1438.0,0,0
52151,2024-07-03,0,10:05:00,16:03:00,5.966666666666667,10,16,605.0,963.0,3,3
52151,2024-07-04,1,10:05:00,23:54:00,13.816666666666666,10,23,605.0,1434.0,0,0
52151,2024-07-05,1,13:07:00,23:55:00,10.8,13,23,787.0,1435.0,2,2
52151,2024-07-06,2,10:09:00,23:58:00,13.816666666666666,10,23,609.0,1438.0,0,0
52151,2024-07-07,2,10:04:00,16:02:00,5.966666666666667,10,16,604.0,962.0,3,3
52151,2024-07-08,3,13:08:00,23:56:00,10.8,13,23,788.0,1436.0,2,2
52151,2024-07-09,3,10:01:00,23:56:00,13.916666666666666,10,23,601.0,1436.0,0,0
52151,2024-07-10,4,10:03:00,23:57:00,13.9,10,23,603.0,1437.0,0,0
52151,2024-07-11,4,10:06:00,23:57:00,13.85,10,23,606.0,1437.0,0,0
52151,2024-07-12,5,13:08:00,23:55:00,10.783333333333331,13,23,788.0,1435.0,2,2
52151,2024-07-13,5,10:04:00,23:59:00,13.916666666666666,10,23,604.0,1439.0,0,0
52151,2024-07-14,6,10:04:00,23:55:00,13.85,10,23,604.0,1435.0,0,0
52151,2024-07-15,6,10:04:00,23:57:00,13.883333333333333,10,23,604.0,1437.0,0,0
52151,2024-07-16,0,10:04:00,23:57:00,13.883333333333333,10,23,604.0,1437.0,0,0
52151,2024-07-17,0,10:05:00,23:59:00,13.9,10,23,605.0,1439.0,0,0
52151,2024-07-18,1,10:07:00,16:01:00,5.9,10,16,607.0,961.0,3,3
52151,2024-07-19,1,13:09:00,23:57:00,10.8,13,23,789.0,1437.0,2,2
52151,2024-07-20,2,10:05:00,23:56:00,13.85,10,23,605.0,1436.0,0,0
52151,2024-07-21,2,10:04:00,23:56:00,13.866666666666667,10,23,604.0,1436.0,0,0
52151,2024-07-22,3,10:07:00,23:56:00,13.816666666666666,10,23,607.0,1436.0,0,0
52151,2024-07-23,3,10:05:00,23:56:00,13.85,10,23,605.0,1436.0,0,0
52151,2024-07-24,4,10:06:00,23:56:00,13.833333333333334,10,23,606.0,1436.0,0,0
52151,2024-07-25,4,10:07:00,23:55:00,13.8,10,23,607.0,1435.0,0,0
52151,2024-07-26,5,13:03:00,23:58:00,10.916666666666666,13,23,783.0,1438.0,2,2
52151,2024-07-27,5,10:05:00,23:57:00,13.866666666666667,10,23,605.0,1437.0,0,0
52151,2024-07-28,6,10:06:00,23:58:00,13.866666666666667,10,23,606.0,1438.0,0,0
52151,2024-07-29,6,10:05:00,23:57:00,13.866666666666667,10,23,605.0,1437.0,0,0
52151,2024-07-30,0,10:07:00,23:57:00,13.833333333333334,10,23,607.0,1437.0,0,0
52151,2024-07-31,0,10:07:00,23:57:00,13.833333333333334,10,23,607.0,1437.0,0,0
52151,2024-08-01,1,12:13:00,23:56:00,11.716666666666669,12,23,733.0,1436.0,2,2
52151,2024-08-02,1,13:16:00,16:02:00,2.7666666666666666,13,16,796.0,962.0,3,3
52152,2024-06-04,2,08:02:00,22:01:00,13.983333333333333,8,22,482.0,1321.0,0,0
52152,2024-06-05,3,07:56:00,22:04:00,14.133333333333333,7,22,476.0,1324.0,0,0
52152,2024-06-06,3,10:46:00,11:55:00,1.15,10,11,646.0,715.0,1,1
52154,2024-06-04,4,08:07:00,12:00:00,3.883333333333333,8,12,487.0,720.0,1,1
52154,2024-06-05,5,08:08:00,22:00:00,13.866666666666667,8,22,488.0,1320.0,0,0
52154,2024-06-06,5,08:09:00,22:01:00,13.866666666666667,8,22,489.0,1321.0,0,0
52154,2024-06-07,6,08:06:00,22:01:00,13.916666666666666,8,22,486.0,1321.0,0,0
52154,2024-06-08,6,08:06:00,22:00:00,13.9,8,22,486.0,1320.0,0,0
52154,2024-06-09,0,08:05:00,12:00:00,3.9166666666666665,8,12,485.0,720.0,1,1
52154,2024-06-10,0,08:05:00,22:00:00,13.916666666666666,8,22,485.0,1320.0,0,0
52154,2024-06-11,1,08:06:00,22:00:00,13.9,8,22,486.0,1320.0,0,0
52154,2024-06-12,1,08:07:00,22:00:00,13.883333333333333,8,22,487.0,1320.0,0,0
52154,2024-06-13,2,08:06:00,22:04:00,13.966666666666669,8,22,486.0,1324.0,0,0
52154,2024-06-14,2,08:05:00,22:07:00,14.033333333333331,8,22,485.0,1327.0,0,0
52154,2024-06-15,3,08:07:00,21:58:00,13.85,8,21,487.0,1318.0,0,0
52154,2024-06-16,3,08:12:00,16:59:00,8.783333333333333,8,16,492.0,1019.0,3,3
52154,2024-06-18,4,08:10:00,20:13:00,12.05,8,20,490.0,1213.0,0,0
52154,2024-06-19,4,08:04:00,22:03:00,13.983333333333333,8,22,484.0,1323.0,0,0
52154,2024-06-20,1,08:05:00,22:00:00,13.916666666666666,8,22,485.0,1320.0,0,0
52154,2024-06-21,1,08:09:00,22:00:00,13.85,8,22,489.0,1320.0,0,0
52154,2024-06-22,2,08:10:00,12:00:00,3.8333333333333335,8,12,490.0,720.0,1,1
52154,2024-06-23,2,08:07:00,22:06:00,13.983333333333333,8,22,487.0,1326.0,0,0
52154,2024-06-24,3,08:08:00,22:00:00,13.866666666666667,8,22,488.0,1320.0,0,0
52154,2024-06-25,3,08:07:00,22:00:00,13.883333333333333,8,22,487.0,1320.0,0,0
52154,2024-06-26,4,08:07:00,22:00:00,13.883333333333333,8,22,487.0,1320.0,0,0
52154,2024-06-27,4,08:13:00,23:33:00,15.333333333333334,8,23,493.0,1413.0,0,0
52154,2024-06-28,5,08:07:00,22:13:00,14.1,8,22,487.0,1333.0,0,0
52154,2024-06-29,5,08:06:00,21:58:00,13.866666666666667,8,21,486.0,1318.0,0,0
52154,2024-06-30,6,08:07:00,22:00:00,13.883333333333333,8,22,487.0,1320.0,0,0
52154,2024-07-01,6,08:05:00,23:33:00,15.466666666666669,8,23,485.0,1413.0,0,0
52154,2024-07-02,0,08:07:00,22:07:00,14.0,8,22,487.0,1327.0,0,0
52154,2024-07-03,0,08:07:00,22:03:00,13.933333333333334,8,22,487.0,1323.0,0,0
52154,2024-07-04,1,08:07:00,22:01:00,13.9,8,22,487.0,1321.0,0,0
52154,2024-07-05,1,08:07:00,10:46:00,2.65,8,10,487.0,646.0,1,1
52154,2024-07-06,2,16:06:00,21:59:00,5.883333333333334,16,21,966.0,1319.0,2,2
52154,2024-07-07,2,08:08:00,22:06:00,13.966666666666669,8,22,488.0,1326.0,0,0
52154,2024-07-08,3,08:06:00,22:01:00,13.916666666666666,8,22,486.0,1321.0,0,0
52154,2024-07-09,3,08:06:00,22:09:00,14.05,8,22,486.0,1329.0,0,0
52154,2024-07-10,4,08:05:00,21:59:00,13.9,8,21,485.0,1319.0,0,0
52154,2024-07-11,4,08:06:00,22:00:00,13.9,8,22,486.0,1320.0,0,0
52154,2024-07-12,5,08:07:00,22:00:00,13.883333333333333,8,22,487.0,1320.0,0,0
52154,2024-07-13,5,08:06:00,22:01:00,13.916666666666666,8,22,486.0,1321.0,0,0
52154,2024-07-14,2,08:06:00,22:00:00,13.9,8,22,486.0,1320.0,0,0
52154,2024-07-15,2,16:07:00,22:00:00,5.883333333333334,16,22,967.0,1320.0,2,2
52154,2024-07-16,3,08:07:00,21:59:00,13.866666666666667,8,21,487.0,1319.0,0,0
52154,2024-07-17,3,08:05:00,22:07:00,14.033333333333331,8,22,485.0,1327.0,0,0
52154,2024-07-18,4,08:07:00,22:03:00,13.933333333333334,8,22,487.0,1323.0,0,0
52154,2024-07-19,4,08:05:00,22:00:00,13.916666666666666,8,22,485.0,1320.0,0,0
52154,2024-07-20,5,08:07:00,22:00:00,13.883333333333333,8,22,487.0,1320.0,0,0
52154,2024-07-21,5,08:05:00,22:00:00,13.916666666666666,8,22,485.0,1320.0,0,0
52154,2024-07-22,6,08:05:00,21:59:00,13.9,8,21,485.0,1319.0,0,0
52154,2024-07-23,6,16:07:00,22:00:00,5.883333333333334,16,22,967.0,1320.0,2,2
52154,2024-07-24,0,08:06:00,11:59:00,3.883333333333333,8,11,486.0,719.0,1,1
52154,2024-07-25,0,08:07:00,22:00:00,13.883333333333333,8,22,487.0,1320.0,0,0
52154,2024-07-26,1,08:07:00,22:00:00,13.883333333333333,8,22,487.0,1320.0,0,0
52154,2024-07-27,1,08:07:00,22:00:00,13.883333333333333,8,22,487.0,1320.0,0,0
52154,2024-07-28,2,08:06:00,22:02:00,13.933333333333334,8,22,486.0,1322.0,0,0
52154,2024-07-29,2,08:06:00,22:00:00,13.9,8,22,486.0,1320.0,0,0
52154,2024-07-30,3,08:08:00,22:00:00,13.866666666666667,8,22,488.0,1320.0,0,0
52154,2024-07-31,3,08:13:00,21:59:00,13.766666666666667,8,21,493.0,1319.0,0,0
52154,2024-08-01,4,08:11:00,22:08:00,13.95,8,22,491.0,1328.0,0,0
52154,2024-08-02,4,08:07:00,10:46:00,2.65,8,10,487.0,646.0,1,1
52155,2024-06-04,5,08:09:00,22:00:00,13.85,8,22,489.0,1320.0,0,0
52155,2024-06-05,6,08:09:00,22:00:00,13.85,8,22,489.0,1320.0,0,0
52155,2024-06-06,6,08:09:00,22:02:00,13.883333333333333,8,22,489.0,1322.0,0,0
52155,2024-06-07,0,08:11:00,22:00:00,13.816666666666666,8,22,491.0,1320.0,0,0
52155,2024-06-08,0,08:06:00,22:00:00,13.9,8,22,486.0,1320.0,0,0
52155,2024-06-09,1,08:09:00,22:00:00,13.85,8,22,489.0,1320.0,0,0
52155,2024-06-10,1,08:06:00,22:00:00,13.9,8,22,486.0,1320.0,0,0
52155,2024-06-11,2,08:06:00,22:00:00,13.9,8,22,486.0,1320.0,0,0
52155,2024-06-12,2,08:10:00,22:00:00,13.833333333333334,8,22,490.0,1320.0,0,0
52155,2024-06-13,3,08:08:00,22:04:00,13.933333333333334,8,22,488.0,1324.0,0,0
52155,2024-06-14,3,08:14:00,22:02:00,13.8,8,22,494.0,1322.0,0,0
52155,2024-06-15,4,08:03:00,23:02:00,14.983333333333333,8,23,483.0,1382.0,0,0
52155,2024-06-16,4,08:16:00,16:54:00,8.633333333333333,8,16,496.0,1014.0,3,3
52155,2024-06-17,5,08:01:00,16:36:00,8.583333333333334,8,16,481.0,996.0,3,3
52155,2024-06-18,5,08:06:00,17:04:00,8.966666666666667,8,17,486.0,1024.0,3,3
52155,2024-06-19,6,08:04:00,22:02:00,13.966666666666669,8,22,484.0,1322.0,0,0
52155,2024-06-20,6,07:59:00,22:06:00,14.116666666666667,7,22,479.0,1326.0,0,0
52155,2024-06-21,0,08:07:00,22:00:00,13.883333333333333,8,22,487.0,1320.0,0,0
52155,2024-06-22,0,08:03:00,22:00:00,13.95,8,22,483.0,1320.0,0,0
52155,2024-06-23,1,08:02:00,21:59:00,13.95,8,21,482.0,1319.0,0,0
52155,2024-06-24,1,08:10:00,22:02:00,13.866666666666667,8,22,490.0,1322.0,0,0
52155,2024-06-25,2,08:09:00,22:00:00,13.85,8,22,489.0,1320.0,0,0
52155,2024-06-26,2,08:11:00,22:00:00,13.816666666666666,8,22,491.0,1320.0,0,0
52155,2024-06-27,3,08:07:00,22:02:00,13.916666666666666,8,22,487.0,1322.0,0,0
52155,2024-06-28,3,08:10:00,16:04:00,7.9,8,16,490.0,964.0,3,3
52155,2024-06-29,4,08:09:00,22:01:00,13.866666666666667,8,22,489.0,1321.0,0,0
52155,2024-06-30,4,08:07:00,22:03:00,13.933333333333334,8,22,487.0,1323.0,0,0
52155,2024-07-01,5,08:05:00,22:00:00,13.916666666666666,8,22,485.0,1320.0,0,0
52155,2024-07-02,5,08:03:00,22:02:00,13.983333333333333,8,22,483.0,1322.0,0,0
52155,2024-07-03,6,08:08:00,22:02:00,13.9,8,22,488.0,1322.0,0,0
52155,2024-07-04,6,08:11:00,21:59:00,13.8,8,21,491.0,1319.0,0,0
52155,2024-07-05,0,08:11:00,22:02:00,13.85,8,22,491.0,1322.0,0,0
52155,2024-07-06,0,08:11:00,22:00:00,13.816666666666666,8,22,491.0,1320.0,0,0
52155,2024-07-07,1,08:10:00,22:02:00,13.866666666666667,8,22,490.0,1322.0,0,0
52155,2024-07-08,1,08:07:00,22:01:00,13.9,8,22,487.0,1321.0,0,0
52155,2024-07-09,2,08:10:00,22:02:00,13.866666666666667,8,22,490.0,1322.0,0,0
52155,2024-07-10,2,08:11:00,21:58:00,13.783333333333331,8,21,491.0,1318.0,0,0
52155,2024-07-11,3,08:09:00,22:00:00,13.85,8,22,489.0,1320.0,0,0
52155,2024-07-12,3,08:08:00,22:01:00,13.883333333333333,8,22,488.0,1321.0,0,0
52155,2024-07-13,5,08:08:00,22:01:00,13.883333333333333,8,22,488.0,1321.0,0,0
52155,2024-07-14,5,08:11:00,22:02:00,13.85,8,22,491.0,1322.0,0,0
52155,2024-07-15,6,08:10:00,22:10:00,14.0,8,22,490.0,1330.0,0,0
52155,2024-07-16,6,08:08:00,22:00:00,13.866666666666667,8,22,488.0,1320.0,0,0
52155,2024-07-17,0,08:10:00,22:01:00,13.85,8,22,490.0,1321.0,0,0
52155,2024-07-18,0,08:12:00,22:03:00,13.85,8,22,492.0,1323.0,0,0
52155,2024-07-19,1,08:10:00,22:01:00,13.85,8,22,490.0,1321.0,0,0
52155,2024-07-20,1,08:10:00,22:01:00,13.85,8,22,490.0,1321.0,0,0
52155,2024-07-21,2,08:11:00,22:01:00,13.833333333333334,8,22,491.0,1321.0,0,0
52155,2024-07-22,2,08:11:00,21:59:00,13.8,8,21,491.0,1319.0,0,0
52155,2024-07-23,3,08:14:00,22:02:00,13.8,8,22,494.0,1322.0,0,0
52155,2024-07-24,3,08:07:00,22:00:00,13.883333333333333,8,22,487.0,1320.0,0,0
52155,2024-07-25,4,08:09:00,22:00:00,13.85,8,22,489.0,1320.0,0,0
52155,2024-07-26,4,08:10:00,22:00:00,13.833333333333334,8,22,490.0,1320.0,0,0
52155,2024-07-27,5,08:10:00,22:01:00,13.85,8,22,490.0,1321.0,0,0
52155,2024-07-28,5,08:10:00,22:02:00,13.866666666666667,8,22,490.0,1322.0,0,0
52155,2024-07-29,6,08:09:00,22:02:00,13.883333333333333,8,22,489.0,1322.0,0,0
52155,2024-07-30,6,08:11:00,22:10:00,13.983333333333333,8,22,491.0,1330.0,0,0
52155,2024-07-31,0,08:10:00,22:00:00,13.833333333333334,8,22,490.0,1320.0,0,0
52155,2024-08-01,0,08:09:00,22:00:00,13.85,8,22,489.0,1320.0,0,0
52155,2024-08-02,1,08:13:00,10:46:00,2.55,8,10,493.0,646.0,1,1
52156,2024-07-01,1,08:04:00,11:59:00,3.9166666666666665,8,11,484.0,719.0,1,1
52156,2024-07-03,2,08:00:00,23:59:00,15.983333333333333,8,23,480.0,1439.0,0,0
52156,2024-07-04,3,08:02:00,23:57:00,15.916666666666666,8,23,482.0,1437.0,0,0
52156,2024-07-05,3,08:01:00,23:59:00,15.966666666666669,8,23,481.0,1439.0,0,0
52156,2024-07-07,4,08:04:00,23:58:00,15.9,8,23,484.0,1438.0,0,0
52156,2024-07-08,6,08:01:00,23:59:00,15.966666666666669,8,23,481.0,1439.0,0,0
52156,2024-07-09,6,08:02:00,11:59:00,3.95,8,11,482.0,719.0,1,1
52156,2024-07-10,0,07:59:00,22:03:00,14.066666666666666,7,22,479.0,1323.0,0,0
52156,2024-07-11,0,08:01:00,21:59:00,13.966666666666669,8,21,481.0,1319.0,0,0
52156,2024-07-12,1,08:03:00,22:01:00,13.966666666666669,8,22,483.0,1321.0,0,0
52156,2024-07-13,1,08:01:00,12:01:00,4.0,8,12,481.0,721.0,1,1
52156,2024-07-14,2,08:16:00,22:01:00,13.75,8,22,496.0,1321.0,0,0
52156,2024-07-15,2,08:01:00,22:02:00,14.016666666666667,8,22,481.0,1322.0,0,0
52156,2024-07-16,3,08:02:00,12:01:00,3.983333333333333,8,12,482.0,721.0,1,1
52156,2024-07-17,3,07:59:00,22:03:00,14.066666666666666,7,22,479.0,1323.0,0,0
52156,2024-07-18,4,07:59:00,23:11:00,15.2,7,23,479.0,1391.0,0,0
52156,2024-07-19,4,08:02:00,22:00:00,13.966666666666669,8,22,482.0,1320.0,0,0
52156,2024-07-20,5,07:59:00,22:01:00,14.033333333333331,7,22,479.0,1321.0,0,0
52156,2024-07-21,5,08:03:00,21:59:00,13.933333333333334,8,21,483.0,1319.0,0,0
52156,2024-07-22,6,07:59:00,11:59:00,4.0,7,11,479.0,719.0,1,1
52156,2024-07-23,6,08:00:00,21:56:00,13.933333333333334,8,21,480.0,1316.0,0,0
52156,2024-07-24,0,08:03:00,22:53:00,14.833333333333334,8,22,483.0,1373.0,0,0
52156,2024-07-25,0,08:03:00,21:57:00,13.9,8,21,483.0,1317.0,0,0
52156,2024-07-26,1,08:03:00,21:57:00,13.9,8,21,483.0,1317.0,0,0
52156,2024-07-27,1,08:01:00,22:01:00,14.0,8,22,481.0,1321.0,0,0
52156,2024-07-28,2,08:02:00,23:58:00,15.933333333333334,8,23,482.0,1438.0,0,0
52156,2024-07-29,2,08:02:00,23:10:00,15.133333333333333,8,23,482.0,1390.0,0,0
52156,2024-07-30,3,08:02:00,22:59:00,14.95,8,22,482.0,1379.0,0,0
52156,2024-07-31,3,08:02:00,22:50:00,14.8,8,22,482.0,1370.0,0,0
52156,2024-08-01,4,08:03:00,22:58:00,14.916666666666666,8,22,483.0,1378.0,0,0
52156,2024-08-02,4,08:04:00,10:57:00,2.8833333333333333,8,10,484.0,657.0,1,1
52157,2024-06-04,5,08:06:00,21:53:00,13.783333333333331,8,21,486.0,1313.0,0,0
52157,2024-06-05,0,08:06:00,21:46:00,13.666666666666666,8,21,486.0,1306.0,0,0
52157,2024-06-06,0,08:10:00,21:47:00,13.616666666666667,8,21,490.0,1307.0,0,0
52157,2024-06-08,1,08:06:00,21:02:00,12.933333333333334,8,21,486.0,1262.0,0,0
52157,2024-06-09,1,08:12:00,21:56:00,13.733333333333333,8,21,492.0,1316.0,0,0
52157,2024-06-10,2,08:07:00,18:57:00,10.833333333333334,8,18,487.0,1137.0,3,3
52157,2024-06-11,2,07:02:00,20:56:00,13.9,7,20,422.0,1256.0,0,0
52157,2024-06-13,3,07:13:00,21:19:00,14.1,7,21,433.0,1279.0,0,0
52157,2024-06-15,4,08:03:00,21:01:00,12.966666666666669,8,21,483.0,1261.0,0,0
52157,2024-06-19,4,07:58:00,21:56:00,13.966666666666669,7,21,478.0,1316.0,0,0
52157,2024-06-20,5,07:52:00,21:52:00,14.0,7,21,472.0,1312.0,0,0
52157,2024-06-22,5,07:55:00,21:58:00,14.05,7,21,475.0,1318.0,0,0
52157,2024-06-23,6,07:10:00,18:40:00,11.5,7,18,430.0,1120.0,3,3
52157,2024-06-24,6,07:40:00,21:57:00,14.283333333333331,7,21,460.0,1317.0,0,0
52157,2024-06-25,0,07:48:00,21:53:00,14.083333333333334,7,21,468.0,1313.0,0,0
52157,2024-06-26,0,07:50:00,21:52:00,14.033333333333331,7,21,470.0,1312.0,0,0
52157,2024-06-27,1,07:51:00,21:40:00,13.816666666666666,7,21,471.0,1300.0,0,0
52157,2024-06-29,1,07:49:00,21:54:00,14.083333333333334,7,21,469.0,1314.0,0,0
52157,2024-06-30,2,07:48:00,21:51:00,14.05,7,21,468.0,1311.0,0,0
52157,2024-07-01,2,07:50:00,21:54:00,14.066666666666666,7,21,470.0,1314.0,0,0
52157,2024-07-02,3,07:49:00,21:55:00,14.1,7,21,469.0,1315.0,0,0
52157,2024-07-03,3,07:51:00,21:51:00,14.0,7,21,471.0,1311.0,0,0
52157,2024-07-04,4,07:55:00,21:52:00,13.95,7,21,475.0,1312.0,0,0
52157,2024-07-06,4,07:51:00,21:54:00,14.05,7,21,471.0,1314.0,0,0
52157,2024-07-07,5,07:51:00,21:44:00,13.883333333333333,7,21,471.0,1304.0,0,0
52157,2024-07-08,5,07:49:00,21:53:00,14.066666666666666,7,21,469.0,1313.0,0,0
52157,2024-07-09,6,07:49:00,21:52:00,14.05,7,21,469.0,1312.0,0,0
52157,2024-07-10,6,08:07:00,21:43:00,13.6,8,21,487.0,1303.0,0,0
52157,2024-07-11,0,08:09:00,21:57:00,13.8,8,21,489.0,1317.0,0,0
52157,2024-07-13,0,08:07:00,21:59:00,13.866666666666667,8,21,487.0,1319.0,0,0
52157,2024-07-14,1,08:07:00,22:00:00,13.883333333333333,8,22,487.0,1320.0,0,0
52157,2024-07-15,1,08:07:00,22:00:00,13.883333333333333,8,22,487.0,1320.0,0,0
52157,2024-07-16,2,08:06:00,21:57:00,13.85,8,21,486.0,1317.0,0,0
52157,2024-07-17,2,08:07:00,22:00:00,13.883333333333333,8,22,487.0,1320.0,0,0
52157,2024-07-18,3,08:07:00,22:00:00,13.883333333333333,8,22,487.0,1320.0,0,0
52157,2024-07-20,3,08:07:00,21:58:00,13.85,8,21,487.0,1318.0,0,0
52157,2024-07-21,4,08:08:00,21:59:00,13.85,8,21,488.0,1319.0,0,0
52157,2024-07-22,4,08:07:00,21:57:00,13.833333333333334,8,21,487.0,1317.0,0,0
52157,2024-07-23,5,08:10:00,21:59:00,13.816666666666666,8,21,490.0,1319.0,0,0
52157,2024-07-24,5,08:06:00,21:59:00,13.883333333333333,8,21,486.0,1319.0,0,0
52157,2024-07-25,6,08:07:00,21:53:00,13.766666666666667,8,21,487.0,1313.0,0,0
52157,2024-07-27,6,08:07:00,21:58:00,13.85,8,21,487.0,1318.0,0,0
52157,2024-07-28,0,08:06:00,21:57:00,13.85,8,21,486.0,1317.0,0,0
52157,2024-07-29,0,08:07:00,22:00:00,13.883333333333333,8,22,487.0,1320.0,0,0
52157,2024-07-30,1,08:08:00,22:00:00,13.866666666666667,8,22,488.0,1320.0,0,0
52157,2024-07-31,1,08:08:00,21:57:00,13.816666666666666,8,21,488.0,1317.0,0,0
52157,2024-08-01,2,08:09:00,21:58:00,13.816666666666666,8,21,489.0,1318.0,0,0
52158,2024-06-04,2,08:06:00,16:05:00,7.983333333333333,8,16,486.0,965.0,3,3
52158,2024-06-05,3,08:04:00,16:07:00,8.05,8,16,484.0,967.0,3,3
52158,2024-06-06,3,08:04:00,16:07:00,8.05,8,16,484.0,967.0,3,3
52158,2024-06-08,4,08:06:00,16:04:00,7.966666666666667,8,16,486.0,964.0,3,3
52158,2024-06-09,5,08:04:00,16:06:00,8.033333333333333,8,16,484.0,966.0,3,3
52158,2024-06-10,5,08:03:00,16:05:00,8.033333333333333,8,16,483.0,965.0,3,3
52158,2024-06-11,6,08:06:00,16:04:00,7.966666666666667,8,16,486.0,964.0,3,3
52158,2024-06-12,6,08:05:00,16:03:00,7.966666666666667,8,16,485.0,963.0,3,3
52158,2024-06-13,0,08:07:00,16:06:00,7.983333333333333,8,16,487.0,966.0,3,3
52158,2024-06-15,1,08:05:00,16:05:00,8.0,8,16,485.0,965.0,3,3
52158,2024-06-19,1,08:03:00,16:06:00,8.05,8,16,483.0,966.0,3,3
52158,2024-06-20,2,08:09:00,16:02:00,7.883333333333334,8,16,489.0,962.0,3,3
52158,2024-06-22,3,08:03:00,16:06:00,8.05,8,16,483.0,966.0,3,3
52158,2024-06-23,3,08:05:00,16:04:00,7.983333333333333,8,16,485.0,964.0,3,3
52158,2024-06-24,4,08:05:00,16:04:00,7.983333333333333,8,16,485.0,964.0,3,3
52158,2024-06-25,4,08:07:00,16:03:00,7.933333333333334,8,16,487.0,963.0,3,3
52158,2024-06-26,5,08:06:00,16:04:00,7.966666666666667,8,16,486.0,964.0,3,3
52158,2024-06-27,5,08:04:00,16:04:00,8.0,8,16,484.0,964.0,3,3
52158,2024-06-29,6,08:05:00,16:43:00,8.633333333333333,8,16,485.0,1003.0,3,3
52158,2024-07-01,6,08:07:00,16:03:00,7.933333333333334,8,16,487.0,963.0,3,3
52158,2024-07-02,0,08:05:00,16:05:00,8.0,8,16,485.0,965.0,3,3
52158,2024-07-03,0,08:03:00,16:06:00,8.05,8,16,483.0,966.0,3,3
52158,2024-07-04,1,10:32:00,16:04:00,5.533333333333333,10,16,632.0,964.0,3,3
52158,2024-07-06,1,08:02:00,16:04:00,8.033333333333333,8,16,482.0,964.0,3,3
52158,2024-07-07,2,08:05:00,16:04:00,7.983333333333333,8,16,485.0,964.0,3,3
52158,2024-07-08,2,08:04:00,16:04:00,8.0,8,16,484.0,964.0,3,3
52158,2024-07-09,3,08:03:00,16:05:00,8.033333333333333,8,16,483.0,965.0,3,3
52158,2024-07-10,3,08:04:00,16:04:00,8.0,8,16,484.0,964.0,3,3
52158,2024-07-11,4,08:03:00,16:03:00,8.0,8,16,483.0,963.0,3,3
52158,2024-07-13,5,08:02:00,16:05:00,8.05,8,16,482.0,965.0,3,3
52158,2024-07-14,5,08:03:00,16:06:00,8.05,8,16,483.0,966.0,3,3
52158,2024-07-15,6,08:03:00,16:06:00,8.05,8,16,483.0,966.0,3,3
52158,2024-07-16,6,08:04:00,16:03:00,7.983333333333333,8,16,484.0,963.0,3,3
52158,2024-07-17,0,08:10:00,16:06:00,7.933333333333334,8,16,490.0,966.0,3,3
52158,2024-07-18,0,08:04:00,16:03:00,7.983333333333333,8,16,484.0,963.0,3,3
52158,2024-07-20,1,08:06:00,16:06:00,8.0,8,16,486.0,966.0,3,3
52158,2024-07-21,2,08:05:00,16:01:00,7.933333333333334,8,16,485.0,961.0,3,3
52158,2024-07-22,2,08:04:00,16:04:00,8.0,8,16,484.0,964.0,3,3
52158,2024-07-23,3,08:00:00,16:05:00,8.083333333333334,8,16,480.0,965.0,3,3
52158,2024-07-24,3,08:01:00,16:05:00,8.066666666666666,8,16,481.0,965.0,3,3
52158,2024-07-25,4,08:01:00,16:05:00,8.066666666666666,8,16,481.0,965.0,3,3
52158,2024-07-27,6,08:03:00,16:04:00,8.016666666666667,8,16,483.0,964.0,3,3
52158,2024-07-28,6,08:04:00,16:03:00,7.983333333333333,8,16,484.0,963.0,3,3
52158,2024-07-29,0,08:02:00,16:03:00,8.016666666666667,8,16,482.0,963.0,3,3
52158,2024-07-30,0,08:04:00,16:04:00,8.0,8,16,484.0,964.0,3,3
52158,2024-07-31,1,08:06:00,16:04:00,7.966666666666667,8,16,486.0,964.0,3,3
52158,2024-08-01,1,08:05:00,16:03:00,7.966666666666667,8,16,485.0,963.0,3,3
52159,2024-06-04,3,10:12:00,22:04:00,11.866666666666667,10,22,612.0,1324.0,0,0
52159,2024-06-05,3,10:13:00,21:59:00,11.766666666666667,10,21,613.0,1319.0,0,0
52159,2024-06-06,4,10:11:00,22:07:00,11.933333333333334,10,22,611.0,1327.0,0,0
52159,2024-06-07,4,16:10:00,21:58:00,5.8,16,21,970.0,1318.0,2,2
52159,2024-06-08,5,10:18:00,22:03:00,11.75,10,22,618.0,1323.0,0,0
52159,2024-06-09,5,10:14:00,21:58:00,11.733333333333333,10,21,614.0,1318.0,0,0
52159,2024-06-10,6,10:15:00,22:04:00,11.816666666666666,10,22,615.0,1324.0,0,0
52159,2024-06-11,6,10:08:00,21:59:00,11.85,10,21,608.0,1319.0,0,0
52159,2024-06-12,0,10:15:00,22:01:00,11.766666666666667,10,22,615.0,1321.0,0,0
52159,2024-06-13,0,10:11:00,22:21:00,12.166666666666666,10,22,611.0,1341.0,0,0
52159,2024-06-14,1,16:11:00,22:05:00,5.9,16,22,971.0,1325.0,2,2
52159,2024-06-15,1,10:15:00,23:17:00,13.033333333333331,10,23,615.0,1397.0,0,0
52159,2024-06-19,2,10:13:00,22:04:00,11.85,10,22,613.0,1324.0,0,0
52159,2024-06-20,2,10:06:00,21:58:00,11.866666666666667,10,21,606.0,1318.0,0,0
52159,2024-06-21,3,16:08:00,22:00:00,5.866666666666666,16,22,968.0,1320.0,2,2
52159,2024-06-23,3,10:12:00,21:58:00,11.766666666666667,10,21,612.0,1318.0,0,0
52159,2024-06-24,4,10:13:00,22:09:00,11.933333333333334,10,22,613.0,1329.0,0,0
52159,2024-06-25,4,10:11:00,22:00:00,11.816666666666666,10,22,611.0,1320.0,0,0
52159,2024-06-26,5,10:09:00,22:00:00,11.85,10,22,609.0,1320.0,0,0
52159,2024-06-27,5,10:09:00,21:57:00,11.8,10,21,609.0,1317.0,0,0
52159,2024-06-28,1,16:13:00,22:00:00,5.783333333333333,16,22,973.0,1320.0,2,2
52159,2024-06-29,1,10:11:00,22:00:00,11.816666666666666,10,22,611.0,1320.0,0,0
52159,2024-06-30,2,10:11:00,21:58:00,11.783333333333331,10,21,611.0,1318.0,0,0
52159,2024-07-01,2,10:11:00,21:59:00,11.8,10,21,611.0,1319.0,0,0
52159,2024-07-02,3,13:06:00,22:01:00,8.916666666666666,13,22,786.0,1321.0,2,2
52159,2024-07-03,3,10:19:00,22:01:00,11.7,10,22,619.0,1321.0,0,0
52159,2024-07-04,4,10:11:00,21:59:00,11.8,10,21,611.0,1319.0,0,0
52159,2024-07-05,4,16:08:00,21:57:00,5.816666666666666,16,21,968.0,1317.0,2,2
52159,2024-07-06,5,10:11:00,21:59:00,11.8,10,21,611.0,1319.0,0,0
52159,2024-07-07,5,10:10:00,22:02:00,11.866666666666667,10,22,610.0,1322.0,0,0
52159,2024-07-08,6,10:12:00,21:59:00,11.783333333333331,10,21,612.0,1319.0,0,0
52159,2024-07-09,6,10:09:00,21:59:00,11.833333333333334,10,21,609.0,1319.0,0,0
52159,2024-07-10,0,10:12:00,22:02:00,11.833333333333334,10,22,612.0,1322.0,0,0
52159,2024-07-11,0,13:02:00,21:58:00,8.933333333333334,13,21,782.0,1318.0,2,2
52159,2024-07-12,1,16:07:00,22:00:00,5.883333333333334,16,22,967.0,1320.0,2,2
52159,2024-07-13,1,10:13:00,22:02:00,11.816666666666666,10,22,613.0,1322.0,0,0
52159,2024-07-14,2,16:04:00,21:59:00,5.916666666666667,16,21,964.0,1319.0,2,2
52159,2024-07-15,2,10:09:00,22:00:00,11.85,10,22,609.0,1320.0,0,0
52159,2024-07-16,4,07:15:00,22:01:00,14.766666666666667,7,22,435.0,1321.0,0,0
52159,2024-07-17,4,07:36:00,22:02:00,14.433333333333334,7,22,456.0,1322.0,0,0
52159,2024-07-18,5,07:12:00,22:05:00,14.883333333333333,7,22,432.0,1325.0,0,0
52159,2024-07-19,5,16:15:00,22:00:00,5.75,16,22,975.0,1320.0,2,2
52159,2024-07-20,6,16:11:00,21:59:00,5.8,16,21,971.0,1319.0,2,2
52159,2024-07-21,6,07:11:00,22:02:00,14.85,7,22,431.0,1322.0,0,0
52159,2024-07-22,0,08:17:00,21:59:00,13.7,8,21,497.0,1319.0,0,0
52159,2024-07-23,0,07:19:00,22:10:00,14.85,7,22,439.0,1330.0,0,0
52159,2024-07-24,1,07:36:00,22:00:00,14.4,7,22,456.0,1320.0,0,0
52159,2024-07-25,1,08:02:00,21:57:00,13.916666666666666,8,21,482.0,1317.0,0,0
52159,2024-07-26,2,16:11:00,21:59:00,5.8,16,21,971.0,1319.0,2,2
52159,2024-07-27,2,07:10:00,21:57:00,14.783333333333331,7,21,430.0,1317.0,0,0
52159,2024-07-28,3,08:11:00,22:03:00,13.866666666666667,8,22,491.0,1323.0,0,0
52159,2024-07-29,3,16:09:00,22:04:00,5.916666666666667,16,22,969.0,1324.0,2,2
52159,2024-07-30,4,08:20:00,22:02:00,13.7,8,22,500.0,1322.0,0,0
52159,2024-07-31,4,07:10:00,22:01:00,14.85,7,22,430.0,1321.0,0,0
52159,2024-08-01,5,07:50:00,12:06:00,4.266666666666667,7,12,470.0,726.0,1,1
52162,2024-06-04,6,07:11:00,21:59:00,14.8,7,21,431.0,1319.0,0,0
52162,2024-06-05,0,07:09:00,21:56:00,14.783333333333331,7,21,429.0,1316.0,0,0
52162,2024-06-06,0,07:09:00,21:57:00,14.8,7,21,429.0,1317.0,0,0
52162,2024-06-07,1,16:12:00,21:58:00,5.766666666666667,16,21,972.0,1318.0,2,2
52162,2024-06-08,1,07:05:00,22:00:00,14.916666666666666,7,22,425.0,1320.0,0,0
52162,2024-06-09,2,07:10:00,12:03:00,4.883333333333334,7,12,430.0,723.0,1,1
52162,2024-06-10,2,07:09:00,22:04:00,14.916666666666666,7,22,429.0,1324.0,0,0
52162,2024-06-11,3,07:09:00,22:01:00,14.866666666666667,7,22,429.0,1321.0,0,0
52162,2024-06-12,3,07:10:00,22:00:00,14.833333333333334,7,22,430.0,1320.0,0,0
52162,2024-06-13,4,07:08:00,21:58:00,14.833333333333334,7,21,428.0,1318.0,0,0
52162,2024-06-14,4,16:09:00,21:58:00,5.816666666666666,16,21,969.0,1318.0,2,2
52162,2024-06-15,5,07:07:00,22:53:00,15.766666666666667,7,22,427.0,1373.0,0,0
52162,2024-06-19,5,07:09:00,21:59:00,14.833333333333334,7,21,429.0,1319.0,0,0
52162,2024-06-20,6,07:20:00,21:58:00,14.633333333333333,7,21,440.0,1318.0,0,0
52162,2024-06-21,6,16:10:00,22:00:00,5.833333333333333,16,22,970.0,1320.0,2,2
52162,2024-06-22,0,07:08:00,21:58:00,14.833333333333334,7,21,428.0,1318.0,0,0
52162,2024-06-23,0,07:09:00,21:59:00,14.833333333333334,7,21,429.0,1319.0,0,0
52162,2024-06-24,1,07:13:00,21:59:00,14.766666666666667,7,21,433.0,1319.0,0,0
52162,2024-06-25,1,07:10:00,21:59:00,14.816666666666666,7,21,430.0,1319.0,0,0
52162,2024-06-26,2,07:09:00,21:57:00,14.8,7,21,429.0,1317.0,0,0
52162,2024-06-27,2,07:12:00,21:57:00,14.75,7,21,432.0,1317.0,0,0
52162,2024-06-28,3,16:08:00,22:11:00,6.05,16,22,968.0,1331.0,2,2
52162,2024-06-29,3,07:11:00,21:58:00,14.783333333333331,7,21,431.0,1318.0,0,0
52162,2024-06-30,4,07:12:00,21:59:00,14.783333333333331,7,21,432.0,1319.0,0,0
52162,2024-07-01,4,07:09:00,21:59:00,14.833333333333334,7,21,429.0,1319.0,0,0
52162,2024-07-02,5,07:09:00,21:59:00,14.833333333333334,7,21,429.0,1319.0,0,0
52162,2024-07-03,5,07:19:00,21:57:00,14.633333333333333,7,21,439.0,1317.0,0,0
52162,2024-07-04,6,07:10:00,21:59:00,14.816666666666666,7,21,430.0,1319.0,0,0
52162,2024-07-05,6,16:07:00,22:01:00,5.9,16,22,967.0,1321.0,2,2
52162,2024-07-06,0,07:09:00,22:00:00,14.85,7,22,429.0,1320.0,0,0
52162,2024-07-07,0,07:09:00,21:59:00,14.833333333333334,7,21,429.0,1319.0,0,0
52162,2024-07-08,1,07:09:00,21:59:00,14.833333333333334,7,21,429.0,1319.0,0,0
52162,2024-07-09,1,07:09:00,21:59:00,14.833333333333334,7,21,429.0,1319.0,0,0
52162,2024-07-10,2,07:11:00,21:59:00,14.8,7,21,431.0,1319.0,0,0
52162,2024-07-11,2,07:09:00,21:58:00,14.816666666666666,7,21,429.0,1318.0,0,0
52162,2024-07-12,3,16:08:00,21:57:00,5.816666666666666,16,21,968.0,1317.0,2,2
52162,2024-07-13,3,07:19:00,22:02:00,14.716666666666669,7,22,439.0,1322.0,0,0
52162,2024-07-14,4,07:10:00,21:58:00,14.8,7,21,430.0,1318.0,0,0
52162,2024-07-15,4,07:12:00,11:57:00,4.75,7,11,432.0,717.0,1,1
52162,2024-07-16,5,07:11:00,21:57:00,14.766666666666667,7,21,431.0,1317.0,0,0
52162,2024-07-17,5,07:10:00,21:58:00,14.8,7,21,430.0,1318.0,0,0
52162,2024-07-18,6,07:11:00,21:45:00,14.566666666666666,7,21,431.0,1305.0,0,0
52162,2024-07-19,6,16:09:00,21:59:00,5.833333333333333,16,21,969.0,1319.0,2,2
52162,2024-07-20,0,07:25:00,21:57:00,14.533333333333331,7,21,445.0,1317.0,0,0
52162,2024-07-21,0,07:08:00,22:00:00,14.866666666666667,7,22,428.0,1320.0,0,0
52162,2024-07-22,1,07:09:00,21:56:00,14.783333333333331,7,21,429.0,1316.0,0,0
52162,2024-07-23,1,07:10:00,21:56:00,14.766666666666667,7,21,430.0,1316.0,0,0
52162,2024-07-24,2,07:10:00,21:55:00,14.75,7,21,430.0,1315.0,0,0
52162,2024-07-25,2,07:08:00,21:56:00,14.8,7,21,428.0,1316.0,0,0
52162,2024-07-26,3,16:11:00,21:59:00,5.8,16,21,971.0,1319.0,2,2
52162,2024-07-27,3,07:12:00,21:56:00,14.733333333333333,7,21,432.0,1316.0,0,0
52162,2024-07-28,4,07:07:00,21:58:00,14.85,7,21,427.0,1318.0,0,0
52162,2024-07-29,4,07:16:00,22:04:00,14.8,7,22,436.0,1324.0,0,0
52162,2024-07-30,6,07:24:00,21:59:00,14.583333333333334,7,21,444.0,1319.0,0,0
52162,2024-07-31,6,07:10:00,22:01:00,14.85,7,22,430.0,1321.0,0,0
52162,2024-08-01,0,07:16:00,22:00:00,14.733333333333333,7,22,436.0,1320.0,0,0
52164,2024-06-04,1,08:08:00,22:00:00,13.866666666666667,8,22,488.0,1320.0,0,0
52164,2024-06-05,2,08:06:00,22:00:00,13.9,8,22,486.0,1320.0,0,0
52164,2024-06-06,2,08:08:00,22:06:00,13.966666666666669,8,22,488.0,1326.0,0,0
52164,2024-06-07,3,07:59:00,22:00:00,14.016666666666667,7,22,479.0,1320.0,0,0
52164,2024-06-08,3,08:05:00,22:01:00,13.933333333333334,8,22,485.0,1321.0,0,0
52164,2024-06-09,4,07:58:00,22:00:00,14.033333333333331,7,22,478.0,1320.0,0,0
52164,2024-06-10,4,08:08:00,22:02:00,13.9,8,22,488.0,1322.0,0,0
52164,2024-06-11,5,08:05:00,22:00:00,13.916666666666666,8,22,485.0,1320.0,0,0
52164,2024-06-12,5,08:03:00,22:00:00,13.95,8,22,483.0,1320.0,0,0
52164,2024-06-13,6,08:02:00,22:03:00,14.016666666666667,8,22,482.0,1323.0,0,0
52164,2024-06-14,6,08:00:00,22:00:00,14.0,8,22,480.0,1320.0,0,0
52164,2024-06-15,0,08:05:00,21:59:00,13.9,8,21,485.0,1319.0,0,0
52164,2024-06-16,0,08:11:00,16:54:00,8.716666666666667,8,16,491.0,1014.0,3,3
52164,2024-06-17,1,08:11:00,16:36:00,8.416666666666666,8,16,491.0,996.0,3,3
52164,2024-06-18,1,07:54:00,12:03:00,4.15,7,12,474.0,723.0,1,1
52164,2024-06-19,2,08:04:00,22:00:00,13.933333333333334,8,22,484.0,1320.0,0,0
52164,2024-06-20,2,08:06:00,22:00:00,13.9,8,22,486.0,1320.0,0,0
52164,2024-06-21,3,08:09:00,21:59:00,13.833333333333334,8,21,489.0,1319.0,0,0
52164,2024-06-22,3,07:59:00,22:01:00,14.033333333333331,7,22,479.0,1321.0,0,0
52164,2024-06-23,4,08:01:00,21:59:00,13.966666666666669,8,21,481.0,1319.0,0,0
52164,2024-06-24,4,08:07:00,22:00:00,13.883333333333333,8,22,487.0,1320.0,0,0
52164,2024-06-25,5,08:05:00,22:00:00,13.916666666666666,8,22,485.0,1320.0,0,0
52164,2024-06-26,5,08:13:00,22:00:00,13.783333333333331,8,22,493.0,1320.0,0,0
52164,2024-06-27,0,07:59:00,23:33:00,15.566666666666666,7,23,479.0,1413.0,0,0
52164,2024-06-28,0,08:05:00,22:02:00,13.95,8,22,485.0,1322.0,0,0
52164,2024-06-29,1,08:10:00,21:59:00,13.816666666666666,8,21,490.0,1319.0,0,0
52164,2024-06-30,1,08:51:00,22:00:00,13.15,8,22,531.0,1320.0,0,0
52164,2024-07-01,2,08:05:00,23:33:00,15.466666666666669,8,23,485.0,1413.0,0,0
52164,2024-07-02,2,08:04:00,22:01:00,13.95,8,22,484.0,1321.0,0,0
52164,2024-07-03,3,08:03:00,22:00:00,13.95,8,22,483.0,1320.0,0,0
52164,2024-07-04,3,08:10:00,22:00:00,13.833333333333334,8,22,490.0,1320.0,0,0
52164,2024-07-05,4,07:59:00,22:03:00,14.066666666666666,7,22,479.0,1323.0,0,0
52164,2024-07-06,4,08:12:00,22:02:00,13.833333333333334,8,22,492.0,1322.0,0,0
52164,2024-07-07,5,08:07:00,22:00:00,13.883333333333333,8,22,487.0,1320.0,0,0
52164,2024-07-08,5,08:01:00,22:01:00,14.0,8,22,481.0,1321.0,0,0
52164,2024-07-09,6,08:07:00,22:02:00,13.916666666666666,8,22,487.0,1322.0,0,0
52164,2024-07-10,6,08:01:00,21:59:00,13.966666666666669,8,21,481.0,1319.0,0,0
52164,2024-07-11,0,07:59:00,22:00:00,14.016666666666667,7,22,479.0,1320.0,0,0
52164,2024-07-12,0,08:06:00,22:04:00,13.966666666666669,8,22,486.0,1324.0,0,0
52164,2024-07-13,1,08:03:00,22:00:00,13.95,8,22,483.0,1320.0,0,0
52164,2024-07-14,1,08:08:00,22:12:00,14.066666666666666,8,22,488.0,1332.0,0,0
52164,2024-07-15,2,07:58:00,22:00:00,14.033333333333331,7,22,478.0,1320.0,0,0
52164,2024-07-16,2,08:04:00,22:00:00,13.933333333333334,8,22,484.0,1320.0,0,0
52164,2024-07-17,3,08:04:00,21:59:00,13.916666666666666,8,21,484.0,1319.0,0,0
52164,2024-07-18,3,08:05:00,22:29:00,14.4,8,22,485.0,1349.0,0,0
52164,2024-07-19,4,08:05:00,22:00:00,13.916666666666666,8,22,485.0,1320.0,0,0
52164,2024-07-20,4,08:06:00,22:00:00,13.9,8,22,486.0,1320.0,0,0
52164,2024-07-21,5,08:05:00,22:07:00,14.033333333333331,8,22,485.0,1327.0,0,0
52164,2024-07-22,5,08:03:00,22:02:00,13.983333333333333,8,22,483.0,1322.0,0,0
52164,2024-07-23,6,08:05:00,22:00:00,13.916666666666666,8,22,485.0,1320.0,0,0
52164,2024-07-24,6,08:11:00,22:00:00,13.816666666666666,8,22,491.0,1320.0,0,0
52164,2024-07-25,0,08:04:00,22:00:00,13.933333333333334,8,22,484.0,1320.0,0,0
52164,2024-07-26,0,08:04:00,22:00:00,13.933333333333334,8,22,484.0,1320.0,0,0
52164,2024-07-27,1,08:08:00,22:00:00,13.866666666666667,8,22,488.0,1320.0,0,0
52164,2024-07-28,1,08:09:00,22:00:00,13.85,8,22,489.0,1320.0,0,0
52164,2024-07-29,2,08:41:00,22:02:00,13.35,8,22,521.0,1322.0,0,0
52164,2024-07-30,2,08:02:00,22:38:00,14.6,8,22,482.0,1358.0,0,0
52164,2024-07-31,3,08:07:00,22:03:00,13.933333333333334,8,22,487.0,1323.0,0,0
52164,2024-08-01,3,08:05:00,22:01:00,13.933333333333334,8,22,485.0,1321.0,0,0
52164,2024-08-02,4,08:05:00,10:46:00,2.683333333333333,8,10,485.0,646.0,1,1
52165,2024-07-01,4,07:59:00,12:01:00,4.033333333333333,7,12,479.0,721.0,1,1
52165,2024-07-02,5,08:01:00,12:06:00,4.083333333333333,8,12,481.0,726.0,1,1
52165,2024-07-03,5,08:01:00,12:00:00,3.983333333333333,8,12,481.0,720.0,1,1
52165,2024-07-04,0,07:59:00,23:57:00,15.966666666666669,7,23,479.0,1437.0,0,0
52165,2024-07-05,0,08:02:00,10:49:00,2.783333333333333,8,10,482.0,649.0,1,1
52165,2024-07-06,1,08:00:00,12:10:00,4.166666666666667,8,12,480.0,730.0,1,1
52165,2024-07-07,1,08:03:00,12:04:00,4.016666666666667,8,12,483.0,724.0,1,1
52165,2024-07-08,2,08:00:00,12:03:00,4.05,8,12,480.0,723.0,1,1
52165,2024-07-09,2,08:01:00,12:00:00,3.983333333333333,8,12,481.0,720.0,1,1
52165,2024-07-10,3,07:57:00,22:01:00,14.066666666666666,7,22,477.0,1321.0,0,0
52165,2024-07-11,3,07:59:00,22:00:00,14.016666666666667,7,22,479.0,1320.0,0,0
52165,2024-07-12,4,08:00:00,22:04:00,14.066666666666666,8,22,480.0,1324.0,0,0
52165,2024-07-13,4,07:58:00,22:06:00,14.133333333333333,7,22,478.0,1326.0,0,0
52165,2024-07-14,5,07:56:00,22:00:00,14.066666666666666,7,22,476.0,1320.0,0,0
52165,2024-07-15,5,08:02:00,22:16:00,14.233333333333333,8,22,482.0,1336.0,0,0
52165,2024-07-16,6,08:00:00,22:04:00,14.066666666666666,8,22,480.0,1324.0,0,0
52165,2024-07-17,6,08:02:00,22:01:00,13.983333333333333,8,22,482.0,1321.0,0,0
52165,2024-07-18,0,07:57:00,22:01:00,14.066666666666666,7,22,477.0,1321.0,0,0
52165,2024-07-19,0,08:02:00,22:01:00,13.983333333333333,8,22,482.0,1321.0,0,0
52165,2024-07-20,1,08:02:00,22:03:00,14.016666666666667,8,22,482.0,1323.0,0,0
52165,2024-07-22,1,08:04:00,21:59:00,13.916666666666666,8,21,484.0,1319.0,0,0
52165,2024-07-23,2,08:05:00,21:57:00,13.866666666666667,8,21,485.0,1317.0,0,0
52165,2024-07-24,2,07:58:00,22:00:00,14.033333333333331,7,22,478.0,1320.0,0,0
52165,2024-07-25,3,08:02:00,21:59:00,13.95,8,21,482.0,1319.0,0,0
52165,2024-07-26,3,08:05:00,22:11:00,14.1,8,22,485.0,1331.0,0,0
52165,2024-07-27,4,08:07:00,22:03:00,13.933333333333334,8,22,487.0,1323.0,0,0
52165,2024-07-28,4,08:03:00,23:58:00,15.916666666666666,8,23,483.0,1438.0,0,0
52165,2024-07-29,5,08:03:00,23:06:00,15.05,8,23,483.0,1386.0,0,0
52165,2024-07-30,5,08:03:00,22:56:00,14.883333333333333,8,22,483.0,1376.0,0,0
52165,2024-07-31,6,08:01:00,22:51:00,14.833333333333334,8,22,481.0,1371.0,0,0
52165,2024-08-01,6,08:11:00,23:04:00,14.883333333333333,8,23,491.0,1384.0,0,0
52165,2024-08-02,0,08:19:00,10:58:00,2.65,8,10,499.0,658.0,1,1
52166,2024-07-01,0,12:04:00,15:57:00,3.883333333333333,12,15,724.0,957.0,3,3
52166,2024-07-02,1,08:07:00,22:17:00,14.166666666666666,8,22,487.0,1337.0,0,0
52166,2024-07-03,1,07:57:00,22:17:00,14.333333333333334,7,22,477.0,1337.0,0,0
52166,2024-07-04,2,07:57:00,22:01:00,14.066666666666666,7,22,477.0,1321.0,0,0
52166,2024-07-06,2,07:58:00,22:17:00,14.316666666666666,7,22,478.0,1337.0,0,0
52166,2024-07-08,3,12:06:00,16:00:00,3.9,12,16,726.0,960.0,3,3
52166,2024-07-09,3,08:06:00,22:10:00,14.066666666666666,8,22,486.0,1330.0,0,0
52166,2024-07-10,4,08:06:00,21:58:00,13.866666666666667,8,21,486.0,1318.0,0,0
52166,2024-07-11,4,08:08:00,21:57:00,13.816666666666666,8,21,488.0,1317.0,0,0
52166,2024-07-13,5,08:02:00,22:01:00,13.983333333333333,8,22,482.0,1321.0,0,0
52166,2024-07-14,5,08:01:00,22:02:00,14.016666666666667,8,22,481.0,1322.0,0,0
52166,2024-07-15,6,07:59:00,22:00:00,14.016666666666667,7,22,479.0,1320.0,0,0
52166,2024-07-16,6,12:03:00,16:03:00,4.0,12,16,723.0,963.0,3,3
52166,2024-07-17,0,07:58:00,22:05:00,14.116666666666667,7,22,478.0,1325.0,0,0
52166,2024-07-18,0,08:04:00,21:57:00,13.883333333333333,8,21,484.0,1317.0,0,0
52166,2024-07-20,1,08:08:00,22:11:00,14.05,8,22,488.0,1331.0,0,0
52166,2024-07-21,1,08:07:00,22:00:00,13.883333333333333,8,22,487.0,1320.0,0,0
52166,2024-07-22,2,08:10:00,22:08:00,13.966666666666669,8,22,490.0,1328.0,0,0
52166,2024-07-23,2,08:04:00,21:58:00,13.9,8,21,484.0,1318.0,0,0
52166,2024-07-24,3,08:02:00,21:56:00,13.9,8,21,482.0,1316.0,0,0
52166,2024-07-25,3,07:58:00,21:59:00,14.016666666666667,7,21,478.0,1319.0,0,0
52166,2024-07-27,4,07:59:00,21:54:00,13.916666666666666,7,21,479.0,1314.0,0,0
52166,2024-07-28,4,08:01:00,16:01:00,8.0,8,16,481.0,961.0,3,3
52166,2024-07-29,0,08:03:00,22:21:00,14.3,8,22,483.0,1341.0,0,0
52166,2024-07-30,0,08:05:00,22:05:00,14.0,8,22,485.0,1325.0,0,0
52166,2024-07-31,1,08:02:00,22:07:00,14.083333333333334,8,22,482.0,1327.0,0,0
52166,2024-08-01,1,08:04:00,22:02:00,13.966666666666669,8,22,484.0,1322.0,0,0
52170,2024-07-01,6,16:17:00,21:55:00,5.633333333333334,16,21,977.0,1315.0,2,2
52170,2024-07-02,0,08:15:00,16:03:00,7.8,8,16,495.0,963.0,3,3
52170,2024-07-22,2,08:20:00,18:06:00,9.766666666666667,8,18,500.0,1086.0,3,3
52179,2024-06-05,1,08:05:00,16:19:00,8.233333333333333,8,16,485.0,979.0,3,3
52179,2024-06-06,1,08:04:00,12:06:00,4.033333333333333,8,12,484.0,726.0,1,1
52179,2024-06-08,2,08:17:00,17:18:00,9.016666666666667,8,17,497.0,1038.0,3,3
52179,2024-06-09,2,08:07:00,21:16:00,13.15,8,21,487.0,1276.0,0,0
52179,2024-06-10,3,08:12:00,16:15:00,8.05,8,16,492.0,975.0,3,3
52179,2024-06-11,3,08:25:00,12:01:00,3.6,8,12,505.0,721.0,1,1
52179,2024-06-12,4,08:13:00,16:13:00,8.0,8,16,493.0,973.0,3,3
52179,2024-06-13,4,08:15:00,21:24:00,13.15,8,21,495.0,1284.0,0,0
52179,2024-06-15,6,07:59:00,21:01:00,13.033333333333331,7,21,479.0,1261.0,0,0
52179,2024-06-19,6,08:12:00,20:56:00,12.733333333333333,8,20,492.0,1256.0,0,0
52179,2024-06-20,0,08:14:00,11:59:00,3.75,8,11,494.0,719.0,1,1
52179,2024-06-24,1,08:11:00,16:13:00,8.033333333333333,8,16,491.0,973.0,3,3
52179,2024-06-25,2,08:14:00,20:59:00,12.75,8,20,494.0,1259.0,0,0
52179,2024-06-26,2,08:14:00,16:09:00,7.916666666666667,8,16,494.0,969.0,3,3
52179,2024-06-27,3,08:35:00,16:21:00,7.766666666666667,8,16,515.0,981.0,3,3
52179,2024-06-30,3,08:28:00,21:06:00,12.633333333333333,8,21,508.0,1266.0,0,0
52179,2024-07-01,4,08:13:00,20:59:00,12.766666666666667,8,20,493.0,1259.0,0,0
52179,2024-07-02,4,08:12:00,21:15:00,13.05,8,21,492.0,1275.0,0,0
52179,2024-07-03,5,08:10:00,21:25:00,13.25,8,21,490.0,1285.0,0,0
52179,2024-07-04,5,08:21:00,21:16:00,12.916666666666666,8,21,501.0,1276.0,0,0
52179,2024-07-06,6,08:12:00,21:16:00,13.066666666666666,8,21,492.0,1276.0,0,0
52179,2024-07-07,6,08:09:00,21:24:00,13.25,8,21,489.0,1284.0,0,0
52179,2024-07-08,0,08:12:00,12:03:00,3.85,8,12,492.0,723.0,1,1
52179,2024-07-09,0,08:00:00,21:28:00,13.466666666666669,8,21,480.0,1288.0,0,0
52179,2024-07-10,1,08:11:00,21:40:00,13.483333333333333,8,21,491.0,1300.0,0,0
52179,2024-07-11,1,08:00:00,21:33:00,13.55,8,21,480.0,1293.0,0,0
52179,2024-07-13,2,08:14:00,21:56:00,13.7,8,21,494.0,1316.0,0,0
52179,2024-07-14,2,08:13:00,21:29:00,13.266666666666667,8,21,493.0,1289.0,0,0
52179,2024-07-15,3,08:12:00,12:04:00,3.8666666666666663,8,12,492.0,724.0,1,1
52179,2024-07-16,3,08:20:00,16:07:00,7.783333333333333,8,16,500.0,967.0,3,3
52179,2024-07-17,4,08:07:00,12:28:00,4.35,8,12,487.0,748.0,1,1
52179,2024-07-18,4,08:11:00,21:01:00,12.833333333333334,8,21,491.0,1261.0,0,0
52179,2024-07-20,5,08:10:00,21:08:00,12.966666666666669,8,21,490.0,1268.0,0,0
52179,2024-07-21,5,08:19:00,16:07:00,7.8,8,16,499.0,967.0,3,3
52179,2024-07-22,6,08:14:00,16:08:00,7.9,8,16,494.0,968.0,3,3
52179,2024-07-23,6,08:08:00,21:13:00,13.083333333333334,8,21,488.0,1273.0,0,0
52179,2024-07-24,0,08:20:00,21:01:00,12.683333333333334,8,21,500.0,1261.0,0,0
52179,2024-07-25,0,08:08:00,21:18:00,13.166666666666666,8,21,488.0,1278.0,0,0
52179,2024-07-27,1,08:01:00,21:27:00,13.433333333333334,8,21,481.0,1287.0,0,0
52179,2024-07-28,1,08:20:00,21:11:00,12.85,8,21,500.0,1271.0,0,0
52179,2024-07-29,2,08:23:00,21:04:00,12.683333333333334,8,21,503.0,1264.0,0,0
52179,2024-07-30,2,08:04:00,12:10:00,4.1,8,12,484.0,730.0,1,1
52179,2024-07-31,3,08:11:00,12:26:00,4.25,8,12,491.0,746.0,1,1
52179,2024-08-01,3,08:15:00,12:05:00,3.8333333333333335,8,12,495.0,725.0,1,1
52180,2024-06-03,4,20:37:00,22:00:00,1.3833333333333333,20,22,1237.0,1320.0,2,2
52180,2024-06-04,4,08:08:00,21:49:00,13.683333333333334,8,21,488.0,1309.0,0,0
52180,2024-06-05,0,08:11:00,22:06:00,13.916666666666666,8,22,491.0,1326.0,0,0
52180,2024-06-06,0,08:16:00,21:58:00,13.7,8,21,496.0,1318.0,0,0
52180,2024-06-08,1,08:09:00,21:58:00,13.816666666666666,8,21,489.0,1318.0,0,0
52180,2024-06-09,1,08:09:00,22:03:00,13.9,8,22,489.0,1323.0,0,0
52180,2024-06-11,2,08:09:00,21:59:00,13.833333333333334,8,21,489.0,1319.0,0,0
52180,2024-06-12,2,08:08:00,16:09:00,8.016666666666667,8,16,488.0,969.0,3,3
52180,2024-06-13,3,08:12:00,22:07:00,13.916666666666666,8,22,492.0,1327.0,0,0
52180,2024-06-15,3,08:09:00,22:38:00,14.483333333333333,8,22,489.0,1358.0,0,0
52180,2024-06-19,4,08:14:00,22:02:00,13.8,8,22,494.0,1322.0,0,0
52180,2024-06-20,4,08:15:00,21:53:00,13.633333333333333,8,21,495.0,1313.0,0,0
52180,2024-06-22,5,08:14:00,21:58:00,13.733333333333333,8,21,494.0,1318.0,0,0
52180,2024-06-23,5,08:11:00,21:54:00,13.716666666666669,8,21,491.0,1314.0,0,0
52180,2024-06-24,6,08:02:00,22:03:00,14.016666666666667,8,22,482.0,1323.0,0,0
52180,2024-06-25,6,08:03:00,22:00:00,13.95,8,22,483.0,1320.0,0,0
52180,2024-06-26,0,08:14:00,21:53:00,13.65,8,21,494.0,1313.0,0,0
52180,2024-06-27,0,08:08:00,21:58:00,13.833333333333334,8,21,488.0,1318.0,0,0
52180,2024-06-29,1,08:07:00,22:01:00,13.9,8,22,487.0,1321.0,0,0
52180,2024-06-30,1,15:49:00,21:40:00,5.85,15,21,949.0,1300.0,2,2
52180,2024-07-01,2,08:08:00,22:08:00,14.0,8,22,488.0,1328.0,0,0
52180,2024-07-02,2,07:57:00,22:12:00,14.25,7,22,477.0,1332.0,0,0
52180,2024-07-03,3,08:07:00,21:59:00,13.866666666666667,8,21,487.0,1319.0,0,0
52180,2024-07-04,3,08:14:00,21:59:00,13.75,8,21,494.0,1319.0,0,0
52180,2024-07-06,4,08:19:00,22:16:00,13.95,8,22,499.0,1336.0,0,0
52180,2024-07-07,4,08:06:00,22:16:00,14.166666666666666,8,22,486.0,1336.0,0,0
52180,2024-07-08,5,08:08:00,22:13:00,14.083333333333334,8,22,488.0,1333.0,0,0
52180,2024-07-09,5,08:07:00,22:21:00,14.233333333333333,8,22,487.0,1341.0,0,0
52180,2024-07-10,6,08:08:00,22:34:00,14.433333333333334,8,22,488.0,1354.0,0,0
52180,2024-07-11,6,08:09:00,21:58:00,13.816666666666666,8,21,489.0,1318.0,0,0
52180,2024-07-13,0,08:09:00,22:23:00,14.233333333333333,8,22,489.0,1343.0,0,0
52180,2024-07-14,0,08:06:00,22:13:00,14.116666666666667,8,22,486.0,1333.0,0,0
52180,2024-07-15,1,12:28:00,15:57:00,3.4833333333333334,12,15,748.0,957.0,3,3
52180,2024-07-16,1,08:07:00,22:10:00,14.05,8,22,487.0,1330.0,0,0
52180,2024-07-17,2,07:57:00,22:01:00,14.066666666666666,7,22,477.0,1321.0,0,0
52180,2024-07-18,2,08:09:00,22:40:00,14.516666666666667,8,22,489.0,1360.0,0,0
52180,2024-07-20,3,08:08:00,22:17:00,14.15,8,22,488.0,1337.0,0,0
52180,2024-07-21,3,08:04:00,22:02:00,13.966666666666669,8,22,484.0,1322.0,0,0
52180,2024-07-22,4,08:06:00,22:15:00,14.15,8,22,486.0,1335.0,0,0
52180,2024-07-23,4,08:07:00,22:19:00,14.2,8,22,487.0,1339.0,0,0
52180,2024-07-24,5,08:07:00,22:12:00,14.083333333333334,8,22,487.0,1332.0,0,0
52180,2024-07-25,5,08:04:00,22:22:00,14.3,8,22,484.0,1342.0,0,0
52180,2024-07-27,6,08:12:00,22:19:00,14.116666666666667,8,22,492.0,1339.0,0,0
52180,2024-07-28,6,08:09:00,22:01:00,13.866666666666667,8,22,489.0,1321.0,0,0
52180,2024-07-30,0,08:03:00,22:14:00,14.183333333333334,8,22,483.0,1334.0,0,0
52180,2024-07-31,1,08:10:00,22:11:00,14.016666666666667,8,22,490.0,1331.0,0,0
52180,2024-08-01,1,08:13:00,22:33:00,14.333333333333334,8,22,493.0,1353.0,0,0
52181,2024-06-06,2,08:13:00,21:57:00,13.733333333333333,8,21,493.0,1317.0,0,0
52181,2024-06-08,3,08:18:00,12:01:00,3.716666666666667,8,12,498.0,721.0,1,1
52181,2024-06-09,3,08:16:00,22:03:00,13.783333333333331,8,22,496.0,1323.0,0,0
52181,2024-06-10,4,12:04:00,22:02:00,9.966666666666669,12,22,724.0,1322.0,2,2
52181,2024-06-11,4,08:20:00,21:57:00,13.616666666666667,8,21,500.0,1317.0,0,0
52181,2024-06-12,5,08:21:00,12:04:00,3.716666666666667,8,12,501.0,724.0,1,1
52181,2024-06-13,5,12:12:00,16:17:00,4.083333333333333,12,16,732.0,977.0,3,3
52181,2024-06-20,0,08:14:00,11:59:00,3.75,8,11,494.0,719.0,1,1
52181,2024-06-22,0,11:56:00,16:11:00,4.25,11,16,716.0,971.0,3,3
52181,2024-06-23,1,12:04:00,21:51:00,9.783333333333331,12,21,724.0,1311.0,2,2
52181,2024-06-24,1,11:57:00,22:02:00,10.083333333333334,11,22,717.0,1322.0,2,2
52181,2024-06-25,2,08:18:00,16:14:00,7.933333333333334,8,16,498.0,974.0,3,3
52181,2024-06-26,2,11:53:00,16:07:00,4.233333333333333,11,16,713.0,967.0,3,3
52181,2024-06-29,3,08:07:00,12:04:00,3.95,8,12,487.0,724.0,1,1
52181,2024-06-30,3,11:58:00,16:04:00,4.1,11,16,718.0,964.0,3,3
52181,2024-07-01,4,11:54:00,16:04:00,4.166666666666667,11,16,714.0,964.0,3,3
52181,2024-07-02,4,12:02:00,22:08:00,10.1,12,22,722.0,1328.0,2,2
52181,2024-07-04,0,08:12:00,11:52:00,3.6666666666666665,8,11,492.0,712.0,1,1
52181,2024-07-06,0,08:16:00,22:07:00,13.85,8,22,496.0,1327.0,0,0
52181,2024-07-07,1,08:24:00,12:05:00,3.683333333333333,8,12,504.0,725.0,1,1
52181,2024-07-08,1,16:13:00,22:21:00,6.133333333333334,16,22,973.0,1341.0,2,2
52181,2024-07-09,2,12:03:00,16:17:00,4.233333333333333,12,16,723.0,977.0,3,3
52181,2024-07-15,4,08:36:00,11:59:00,3.3833333333333333,8,11,516.0,719.0,1,1
52181,2024-07-17,5,11:59:00,21:55:00,9.933333333333334,11,21,719.0,1315.0,2,2
52181,2024-07-23,0,12:04:00,15:57:00,3.883333333333333,12,15,724.0,957.0,3,3
52182,2024-06-24,4,10:27:00,16:14:00,5.783333333333333,10,16,627.0,974.0,3,3
52182,2024-06-25,4,07:27:00,21:59:00,14.533333333333331,7,21,447.0,1319.0,0,0
52182,2024-06-26,5,07:12:00,21:54:00,14.7,7,21,432.0,1314.0,0,0
52182,2024-06-27,5,07:14:00,21:58:00,14.733333333333333,7,21,434.0,1318.0,0,0
52182,2024-06-28,6,16:25:00,22:10:00,5.75,16,22,985.0,1330.0,2,2
52182,2024-06-29,6,07:14:00,21:55:00,14.683333333333334,7,21,434.0,1315.0,0,0
52182,2024-06-30,0,07:21:00,21:55:00,14.566666666666666,7,21,441.0,1315.0,0,0
52182,2024-07-01,0,07:18:00,22:01:00,14.716666666666669,7,22,438.0,1321.0,0,0
52182,2024-07-02,1,07:08:00,22:01:00,14.883333333333333,7,22,428.0,1321.0,0,0
52182,2024-07-03,1,07:20:00,21:56:00,14.6,7,21,440.0,1316.0,0,0
52182,2024-07-04,2,07:15:00,21:57:00,14.7,7,21,435.0,1317.0,0,0
52182,2024-07-05,2,16:10:00,21:56:00,5.766666666666667,16,21,970.0,1316.0,2,2
52182,2024-07-06,3,07:09:00,21:58:00,14.816666666666666,7,21,429.0,1318.0,0,0
52182,2024-07-07,3,07:08:00,21:58:00,14.833333333333334,7,21,428.0,1318.0,0,0
52182,2024-07-08,5,07:07:00,21:54:00,14.783333333333331,7,21,427.0,1314.0,0,0
52182,2024-07-09,5,07:19:00,22:00:00,14.683333333333334,7,22,439.0,1320.0,0,0
52182,2024-07-10,6,07:17:00,21:55:00,14.633333333333333,7,21,437.0,1315.0,0,0
52182,2024-07-11,6,07:16:00,21:51:00,14.583333333333334,7,21,436.0,1311.0,0,0
52182,2024-07-12,0,16:05:00,21:59:00,5.9,16,21,965.0,1319.0,2,2
52182,2024-07-13,0,07:12:00,22:00:00,14.8,7,22,432.0,1320.0,0,0
52182,2024-07-14,1,07:07:00,22:00:00,14.883333333333333,7,22,427.0,1320.0,0,0
52182,2024-07-15,2,07:19:00,21:58:00,14.65,7,21,439.0,1318.0,0,0
52182,2024-07-16,3,07:28:00,22:00:00,14.533333333333331,7,22,448.0,1320.0,0,0
52182,2024-07-17,3,07:28:00,22:00:00,14.533333333333331,7,22,448.0,1320.0,0,0
52182,2024-07-18,4,07:22:00,21:57:00,14.583333333333334,7,21,442.0,1317.0,0,0
52182,2024-07-19,4,16:16:00,21:59:00,5.716666666666667,16,21,976.0,1319.0,2,2
52182,2024-07-20,5,07:24:00,21:57:00,14.55,7,21,444.0,1317.0,0,0
52182,2024-07-21,5,07:17:00,22:00:00,14.716666666666669,7,22,437.0,1320.0,0,0
52182,2024-07-22,6,07:08:00,21:54:00,14.766666666666667,7,21,428.0,1314.0,0,0
52182,2024-07-23,6,07:23:00,21:56:00,14.55,7,21,443.0,1316.0,0,0
52182,2024-07-24,0,07:26:00,21:59:00,14.55,7,21,446.0,1319.0,0,0
52182,2024-07-25,0,07:18:00,21:54:00,14.6,7,21,438.0,1314.0,0,0
52182,2024-07-26,1,16:13:00,21:59:00,5.766666666666667,16,21,973.0,1319.0,2,2
52182,2024-07-27,1,07:11:00,21:57:00,14.766666666666667,7,21,431.0,1317.0,0,0
52182,2024-07-28,2,07:17:00,21:56:00,14.65,7,21,437.0,1316.0,0,0
52182,2024-07-29,2,07:12:00,21:59:00,14.783333333333331,7,21,432.0,1319.0,0,0
52182,2024-07-30,3,07:10:00,21:58:00,14.8,7,21,430.0,1318.0,0,0
52182,2024-07-31,3,07:12:00,22:00:00,14.8,7,22,432.0,1320.0,0,0
52183,2024-06-04,5,07:09:00,22:00:00,14.85,7,22,429.0,1320.0,0,0
52183,2024-06-05,5,07:12:00,22:00:00,14.8,7,22,432.0,1320.0,0,0
52183,2024-06-06,6,07:07:00,22:01:00,14.9,7,22,427.0,1321.0,0,0
52183,2024-06-07,6,16:12:00,21:57:00,5.75,16,21,972.0,1317.0,2,2
52183,2024-06-08,0,07:16:00,22:03:00,14.783333333333331,7,22,436.0,1323.0,0,0
52183,2024-06-09,0,07:20:00,22:01:00,14.683333333333334,7,22,440.0,1321.0,0,0
52183,2024-06-10,1,07:17:00,22:00:00,14.716666666666669,7,22,437.0,1320.0,0,0
52183,2024-06-11,1,07:20:00,21:57:00,14.616666666666667,7,21,440.0,1317.0,0,0
52183,2024-06-12,2,07:22:00,21:57:00,14.583333333333334,7,21,442.0,1317.0,0,0
52183,2024-06-13,2,07:27:00,22:06:00,14.65,7,22,447.0,1326.0,0,0
52183,2024-06-14,3,16:11:00,22:08:00,5.95,16,22,971.0,1328.0,2,2
52183,2024-06-15,3,16:16:00,22:53:00,6.616666666666666,16,22,976.0,1373.0,2,2
52183,2024-06-19,4,07:24:00,11:59:00,4.583333333333333,7,11,444.0,719.0,1,1
52183,2024-06-20,4,07:33:00,12:02:00,4.483333333333333,7,12,453.0,722.0,1,1
52183,2024-06-21,5,16:02:00,22:00:00,5.966666666666667,16,22,962.0,1320.0,2,2
52183,2024-06-22,5,07:10:00,22:03:00,14.883333333333333,7,22,430.0,1323.0,0,0
52183,2024-06-23,6,07:14:00,22:03:00,14.816666666666666,7,22,434.0,1323.0,0,0
52183,2024-06-24,6,07:11:00,22:01:00,14.833333333333334,7,22,431.0,1321.0,0,0
52183,2024-06-25,0,07:23:00,21:58:00,14.583333333333334,7,21,443.0,1318.0,0,0
52183,2024-06-26,0,07:16:00,21:58:00,14.7,7,21,436.0,1318.0,0,0
52183,2024-06-27,1,07:14:00,21:57:00,14.716666666666669,7,21,434.0,1317.0,0,0
52183,2024-06-28,1,16:15:00,22:07:00,5.866666666666666,16,22,975.0,1327.0,2,2
52183,2024-06-29,2,07:12:00,21:56:00,14.733333333333333,7,21,432.0,1316.0,0,0
52183,2024-06-30,2,07:18:00,21:57:00,14.65,7,21,438.0,1317.0,0,0
52183,2024-07-01,3,07:13:00,22:00:00,14.783333333333331,7,22,433.0,1320.0,0,0
52183,2024-07-02,3,07:08:00,22:02:00,14.9,7,22,428.0,1322.0,0,0
52183,2024-07-03,4,07:18:00,21:57:00,14.65,7,21,438.0,1317.0,0,0
52183,2024-07-04,4,07:15:00,21:57:00,14.7,7,21,435.0,1317.0,0,0
52183,2024-07-05,5,15:58:00,22:00:00,6.033333333333333,15,22,958.0,1320.0,2,2
52183,2024-07-06,5,07:14:00,22:00:00,14.766666666666667,7,22,434.0,1320.0,0,0
52183,2024-07-07,6,07:19:00,21:56:00,14.616666666666667,7,21,439.0,1316.0,0,0
52183,2024-07-08,6,07:09:00,21:56:00,14.783333333333331,7,21,429.0,1316.0,0,0
52183,2024-07-09,0,07:21:00,15:53:00,8.533333333333333,7,15,441.0,953.0,3,3
52183,2024-07-10,0,07:07:00,21:59:00,14.866666666666667,7,21,427.0,1319.0,0,0
52183,2024-07-11,1,07:09:00,21:57:00,14.8,7,21,429.0,1317.0,0,0
52183,2024-07-12,1,16:10:00,21:58:00,5.8,16,21,970.0,1318.0,2,2
52183,2024-07-13,2,07:10:00,22:01:00,14.85,7,22,430.0,1321.0,0,0
52183,2024-07-14,2,07:40:00,21:58:00,14.3,7,21,460.0,1318.0,0,0
52183,2024-07-15,3,07:13:00,22:01:00,14.8,7,22,433.0,1321.0,0,0
52183,2024-07-16,3,07:08:00,21:58:00,14.833333333333334,7,21,428.0,1318.0,0,0
52183,2024-07-17,4,07:16:00,22:00:00,14.733333333333333,7,22,436.0,1320.0,0,0
52183,2024-07-18,4,08:16:00,21:58:00,13.7,8,21,496.0,1318.0,0,0
52183,2024-07-19,5,16:01:00,22:00:00,5.983333333333333,16,22,961.0,1320.0,2,2
52183,2024-07-20,5,07:03:00,15:57:00,8.9,7,15,423.0,957.0,3,3
52183,2024-07-21,6,07:00:00,21:59:00,14.983333333333333,7,21,420.0,1319.0,0,0
52183,2024-07-22,6,07:14:00,22:04:00,14.833333333333334,7,22,434.0,1324.0,0,0
52183,2024-07-23,0,07:01:00,21:56:00,14.916666666666666,7,21,421.0,1316.0,0,0
52183,2024-07-24,0,07:04:00,21:55:00,14.85,7,21,424.0,1315.0,0,0
52183,2024-07-25,1,07:22:00,21:48:00,14.433333333333334,7,21,442.0,1308.0,0,0
52183,2024-07-26,1,16:02:00,22:00:00,5.966666666666667,16,22,962.0,1320.0,2,2
52183,2024-07-27,2,07:03:00,21:58:00,14.916666666666666,7,21,423.0,1318.0,0,0
52183,2024-07-28,2,07:10:00,21:55:00,14.75,7,21,430.0,1315.0,0,0
52183,2024-07-29,3,07:06:00,22:05:00,14.983333333333333,7,22,426.0,1325.0,0,0
52183,2024-07-30,3,07:24:00,22:03:00,14.65,7,22,444.0,1323.0,0,0
52183,2024-07-31,6,07:17:00,21:58:00,14.683333333333334,7,21,437.0,1318.0,0,0
52183,2024-08-01,6,07:16:00,22:00:00,14.733333333333333,7,22,436.0,1320.0,0,0
52184,2024-06-04,2,07:25:00,11:59:00,4.566666666666666,7,11,445.0,719.0,1,1
52184,2024-06-05,2,16:11:00,21:58:00,5.783333333333333,16,21,971.0,1318.0,2,2
52184,2024-06-08,3,07:13:00,22:00:00,14.783333333333331,7,22,433.0,1320.0,0,0
52184,2024-06-09,4,07:18:00,11:59:00,4.683333333333334,7,11,438.0,719.0,1,1
52184,2024-06-10,4,07:23:00,21:58:00,14.583333333333334,7,21,443.0,1318.0,0,0
52184,2024-06-11,6,08:25:00,21:57:00,13.533333333333331,8,21,505.0,1317.0,0,0
52184,2024-06-12,6,07:15:00,21:59:00,14.733333333333333,7,21,435.0,1319.0,0,0
52184,2024-06-13,0,07:17:00,22:13:00,14.933333333333334,7,22,437.0,1333.0,0,0
52184,2024-06-14,0,16:14:00,22:03:00,5.816666666666666,16,22,974.0,1323.0,2,2
52184,2024-06-15,2,07:13:00,22:51:00,15.633333333333333,7,22,433.0,1371.0,0,0
52184,2024-06-19,2,07:20:00,22:05:00,14.75,7,22,440.0,1325.0,0,0
52184,2024-06-20,3,07:32:00,21:57:00,14.416666666666666,7,21,452.0,1317.0,0,0
52184,2024-06-21,3,16:07:00,21:57:00,5.833333333333333,16,21,967.0,1317.0,2,2
52184,2024-06-22,5,07:13:00,22:09:00,14.933333333333334,7,22,433.0,1329.0,0,0
52184,2024-06-23,5,07:12:00,21:58:00,14.766666666666667,7,21,432.0,1318.0,0,0
52184,2024-06-24,6,07:19:00,22:02:00,14.716666666666669,7,22,439.0,1322.0,0,0
52184,2024-06-25,6,07:15:00,22:00:00,14.75,7,22,435.0,1320.0,0,0
52184,2024-06-26,0,07:13:00,21:56:00,14.716666666666669,7,21,433.0,1316.0,0,0
52184,2024-06-27,0,07:14:00,21:58:00,14.733333333333333,7,21,434.0,1318.0,0,0
52184,2024-06-28,1,16:08:00,22:02:00,5.9,16,22,968.0,1322.0,2,2
52184,2024-06-29,1,07:15:00,21:57:00,14.7,7,21,435.0,1317.0,0,0
52184,2024-06-30,2,07:13:00,21:58:00,14.75,7,21,433.0,1318.0,0,0
52184,2024-07-01,2,07:15:00,21:57:00,14.7,7,21,435.0,1317.0,0,0
52184,2024-07-02,3,07:16:00,22:00:00,14.733333333333333,7,22,436.0,1320.0,0,0
52184,2024-07-03,3,07:16:00,21:57:00,14.683333333333334,7,21,436.0,1317.0,0,0
52184,2024-07-04,5,07:16:00,21:56:00,14.666666666666666,7,21,436.0,1316.0,0,0
52184,2024-07-05,5,16:13:00,21:57:00,5.733333333333333,16,21,973.0,1317.0,2,2
52184,2024-07-06,6,07:29:00,22:00:00,14.516666666666667,7,22,449.0,1320.0,0,0
52184,2024-07-07,6,16:06:00,22:01:00,5.916666666666667,16,22,966.0,1321.0,2,2
52184,2024-07-08,0,16:00:00,21:58:00,5.966666666666667,16,21,960.0,1318.0,2,2
52184,2024-07-09,0,07:13:00,21:59:00,14.766666666666667,7,21,433.0,1319.0,0,0
52184,2024-07-10,2,07:16:00,21:58:00,14.7,7,21,436.0,1318.0,0,0
52184,2024-07-11,2,07:12:00,21:57:00,14.75,7,21,432.0,1317.0,0,0
52184,2024-07-12,3,16:06:00,21:59:00,5.883333333333334,16,21,966.0,1319.0,2,2
52184,2024-07-13,3,07:10:00,21:58:00,14.8,7,21,430.0,1318.0,0,0
52184,2024-07-14,4,07:12:00,21:58:00,14.766666666666667,7,21,432.0,1318.0,0,0
52184,2024-07-15,4,07:12:00,21:58:00,14.766666666666667,7,21,432.0,1318.0,0,0
52184,2024-07-16,5,07:15:00,21:56:00,14.683333333333334,7,21,435.0,1316.0,0,0
52184,2024-07-17,5,07:13:00,21:59:00,14.766666666666667,7,21,433.0,1319.0,0,0
52184,2024-07-18,6,07:12:00,21:58:00,14.766666666666667,7,21,432.0,1318.0,0,0
52184,2024-07-19,6,16:10:00,22:05:00,5.916666666666667,16,22,970.0,1325.0,2,2
52184,2024-07-20,0,07:18:00,21:57:00,14.65,7,21,438.0,1317.0,0,0
52184,2024-07-21,0,07:10:00,22:03:00,14.883333333333333,7,22,430.0,1323.0,0,0
52184,2024-07-22,1,07:14:00,21:54:00,14.666666666666666,7,21,434.0,1314.0,0,0
52184,2024-07-23,1,07:26:00,21:56:00,14.5,7,21,446.0,1316.0,0,0
52184,2024-07-24,2,16:02:00,21:58:00,5.933333333333334,16,21,962.0,1318.0,2,2
52184,2024-07-25,2,07:14:00,11:59:00,4.75,7,11,434.0,719.0,1,1
52185,2024-06-04,3,08:04:00,22:00:00,13.933333333333334,8,22,484.0,1320.0,0,0
52185,2024-06-05,5,08:02:00,22:00:00,13.966666666666669,8,22,482.0,1320.0,0,0
52185,2024-06-06,5,08:04:00,22:01:00,13.95,8,22,484.0,1321.0,0,0
52185,2024-06-07,6,08:03:00,22:01:00,13.966666666666669,8,22,483.0,1321.0,0,0
52185,2024-06-08,6,08:01:00,21:59:00,13.966666666666669,8,21,481.0,1319.0,0,0
52185,2024-06-09,0,08:05:00,22:00:00,13.916666666666666,8,22,485.0,1320.0,0,0
52185,2024-06-10,0,08:01:00,22:00:00,13.983333333333333,8,22,481.0,1320.0,0,0
52185,2024-06-11,1,08:03:00,22:00:00,13.95,8,22,483.0,1320.0,0,0
52185,2024-06-12,1,08:01:00,22:00:00,13.983333333333333,8,22,481.0,1320.0,0,0
52185,2024-06-13,2,08:02:00,22:00:00,13.966666666666669,8,22,482.0,1320.0,0,0
52185,2024-06-14,2,08:06:00,22:01:00,13.916666666666666,8,22,486.0,1321.0,0,0
52185,2024-06-15,3,08:02:00,22:04:00,14.033333333333331,8,22,482.0,1324.0,0,0
52185,2024-06-19,4,08:01:00,22:01:00,14.0,8,22,481.0,1321.0,0,0
52185,2024-06-20,4,08:02:00,22:00:00,13.966666666666669,8,22,482.0,1320.0,0,0
52185,2024-06-21,5,08:03:00,22:00:00,13.95,8,22,483.0,1320.0,0,0
52185,2024-06-22,5,08:03:00,22:02:00,13.983333333333333,8,22,483.0,1322.0,0,0
52185,2024-06-23,6,08:01:00,22:01:00,14.0,8,22,481.0,1321.0,0,0
52185,2024-06-24,6,08:02:00,22:00:00,13.966666666666669,8,22,482.0,1320.0,0,0
52185,2024-06-25,0,08:01:00,22:00:00,13.983333333333333,8,22,481.0,1320.0,0,0
52185,2024-06-26,0,08:02:00,22:04:00,14.033333333333331,8,22,482.0,1324.0,0,0
52185,2024-06-27,1,08:02:00,23:33:00,15.516666666666667,8,23,482.0,1413.0,0,0
52185,2024-06-28,1,08:01:00,22:03:00,14.033333333333331,8,22,481.0,1323.0,0,0
52185,2024-06-29,2,08:01:00,21:59:00,13.966666666666669,8,21,481.0,1319.0,0,0
52185,2024-06-30,2,08:02:00,22:04:00,14.033333333333331,8,22,482.0,1324.0,0,0
52185,2024-07-01,3,08:01:00,22:03:00,14.033333333333331,8,22,481.0,1323.0,0,0
52185,2024-07-02,3,08:01:00,22:03:00,14.033333333333331,8,22,481.0,1323.0,0,0
52185,2024-07-03,4,08:01:00,22:03:00,14.033333333333331,8,22,481.0,1323.0,0,0
52185,2024-07-04,4,08:01:00,22:00:00,13.983333333333333,8,22,481.0,1320.0,0,0
52185,2024-07-05,5,08:04:00,22:04:00,14.0,8,22,484.0,1324.0,0,0
52185,2024-07-06,5,08:00:00,22:02:00,14.033333333333331,8,22,480.0,1322.0,0,0
52185,2024-07-07,6,08:00:00,22:02:00,14.033333333333331,8,22,480.0,1322.0,0,0
52185,2024-07-08,6,08:04:00,22:01:00,13.95,8,22,484.0,1321.0,0,0
52185,2024-07-09,0,08:00:00,22:03:00,14.05,8,22,480.0,1323.0,0,0
52185,2024-07-10,0,08:03:00,22:01:00,13.966666666666669,8,22,483.0,1321.0,0,0
52185,2024-07-11,1,08:01:00,22:01:00,14.0,8,22,481.0,1321.0,0,0
52185,2024-07-12,1,08:03:00,22:00:00,13.95,8,22,483.0,1320.0,0,0
52185,2024-07-13,2,08:01:00,22:02:00,14.016666666666667,8,22,481.0,1322.0,0,0
52185,2024-07-14,2,08:01:00,22:00:00,13.983333333333333,8,22,481.0,1320.0,0,0
52185,2024-07-15,3,07:58:00,22:01:00,14.05,7,22,478.0,1321.0,0,0
52185,2024-07-16,3,08:00:00,22:00:00,14.0,8,22,480.0,1320.0,0,0
52185,2024-07-17,4,08:01:00,22:01:00,14.0,8,22,481.0,1321.0,0,0
52185,2024-07-18,4,08:01:00,22:00:00,13.983333333333333,8,22,481.0,1320.0,0,0
52185,2024-07-19,5,08:03:00,22:00:00,13.95,8,22,483.0,1320.0,0,0
52185,2024-07-20,5,08:02:00,22:00:00,13.966666666666669,8,22,482.0,1320.0,0,0
52185,2024-07-21,6,08:01:00,22:00:00,13.983333333333333,8,22,481.0,1320.0,0,0
52185,2024-07-22,6,08:05:00,21:59:00,13.9,8,21,485.0,1319.0,0,0
52185,2024-07-23,0,08:02:00,22:00:00,13.966666666666669,8,22,482.0,1320.0,0,0
52185,2024-07-24,0,08:07:00,22:00:00,13.883333333333333,8,22,487.0,1320.0,0,0
52185,2024-07-25,2,08:02:00,22:02:00,14.0,8,22,482.0,1322.0,0,0
52185,2024-07-26,2,08:00:00,22:02:00,14.033333333333331,8,22,480.0,1322.0,0,0
52185,2024-07-27,3,08:02:00,22:00:00,13.966666666666669,8,22,482.0,1320.0,0,0
52185,2024-07-28,3,08:01:00,22:00:00,13.983333333333333,8,22,481.0,1320.0,0,0
52185,2024-07-29,4,08:01:00,22:00:00,13.983333333333333,8,22,481.0,1320.0,0,0
52185,2024-07-30,4,08:01:00,22:01:00,14.0,8,22,481.0,1321.0,0,0
52185,2024-07-31,0,08:00:00,22:02:00,14.033333333333331,8,22,480.0,1322.0,0,0
52185,2024-08-01,0,08:01:00,22:10:00,14.15,8,22,481.0,1330.0,0,0
52185,2024-08-02,1,08:03:00,10:46:00,2.716666666666667,8,10,483.0,646.0,1,1
52186,2024-06-03,2,12:59:00,22:15:00,9.266666666666667,12,22,779.0,1335.0,2,2
52186,2024-06-04,2,08:08:00,22:05:00,13.95,8,22,488.0,1325.0,0,0
52186,2024-06-05,3,08:04:00,22:10:00,14.1,8,22,484.0,1330.0,0,0
52186,2024-06-06,3,08:02:00,22:15:00,14.216666666666669,8,22,482.0,1335.0,0,0
52186,2024-06-07,5,08:06:00,22:06:00,14.0,8,22,486.0,1326.0,0,0
52186,2024-06-08,5,08:01:00,22:13:00,14.2,8,22,481.0,1333.0,0,0
52186,2024-06-09,6,08:00:00,22:04:00,14.066666666666666,8,22,480.0,1324.0,0,0
52186,2024-06-10,6,08:04:00,22:15:00,14.183333333333334,8,22,484.0,1335.0,0,0
52186,2024-06-11,0,08:06:00,22:00:00,13.9,8,22,486.0,1320.0,0,0
52186,2024-06-12,0,08:01:00,22:17:00,14.266666666666667,8,22,481.0,1337.0,0,0
52186,2024-06-13,1,08:04:00,22:13:00,14.15,8,22,484.0,1333.0,0,0
52186,2024-06-14,1,08:06:00,22:03:00,13.95,8,22,486.0,1323.0,0,0
52186,2024-06-15,2,08:08:00,22:07:00,13.983333333333333,8,22,488.0,1327.0,0,0
52186,2024-06-17,2,08:09:00,12:18:00,4.15,8,12,489.0,738.0,1,1
52186,2024-06-18,3,08:07:00,22:00:00,13.883333333333333,8,22,487.0,1320.0,0,0
52186,2024-06-19,3,08:09:00,22:07:00,13.966666666666669,8,22,489.0,1327.0,0,0
52186,2024-06-20,4,08:05:00,22:05:00,14.0,8,22,485.0,1325.0,0,0
52186,2024-06-21,4,08:06:00,15:58:00,7.866666666666666,8,15,486.0,958.0,3,3
52186,2024-06-22,5,08:10:00,22:09:00,13.983333333333333,8,22,490.0,1329.0,0,0
52186,2024-06-23,5,08:12:00,22:13:00,14.016666666666667,8,22,492.0,1333.0,0,0
52186,2024-06-24,2,08:09:00,22:11:00,14.033333333333331,8,22,489.0,1331.0,0,0
52186,2024-06-25,2,08:15:00,22:07:00,13.866666666666667,8,22,495.0,1327.0,0,0
52186,2024-06-26,3,08:05:00,22:17:00,14.2,8,22,485.0,1337.0,0,0
52186,2024-06-27,3,08:04:00,22:24:00,14.333333333333334,8,22,484.0,1344.0,0,0
52186,2024-06-28,4,08:08:00,22:06:00,13.966666666666669,8,22,488.0,1326.0,0,0
52186,2024-06-29,4,08:05:00,22:11:00,14.1,8,22,485.0,1331.0,0,0
52186,2024-06-30,5,08:08:00,22:05:00,13.95,8,22,488.0,1325.0,0,0
52186,2024-07-01,5,08:05:00,22:19:00,14.233333333333333,8,22,485.0,1339.0,0,0
52186,2024-07-02,6,08:08:00,22:04:00,13.933333333333334,8,22,488.0,1324.0,0,0
52186,2024-07-03,6,08:07:00,22:12:00,14.083333333333334,8,22,487.0,1332.0,0,0
52186,2024-07-04,0,08:07:00,22:12:00,14.083333333333334,8,22,487.0,1332.0,0,0
52186,2024-07-05,0,08:10:00,22:21:00,14.183333333333334,8,22,490.0,1341.0,0,0
52186,2024-07-06,1,08:08:00,22:03:00,13.916666666666666,8,22,488.0,1323.0,0,0
52186,2024-07-07,1,08:04:00,22:14:00,14.166666666666666,8,22,484.0,1334.0,0,0
52186,2024-07-08,2,08:07:00,22:08:00,14.016666666666667,8,22,487.0,1328.0,0,0
52186,2024-07-09,2,08:05:00,22:11:00,14.1,8,22,485.0,1331.0,0,0
52186,2024-07-10,3,08:12:00,22:11:00,13.983333333333333,8,22,492.0,1331.0,0,0
52186,2024-07-11,3,08:13:00,22:09:00,13.933333333333334,8,22,493.0,1329.0,0,0
52186,2024-07-12,4,08:08:00,22:08:00,14.0,8,22,488.0,1328.0,0,0
52186,2024-07-13,4,08:09:00,22:10:00,14.016666666666667,8,22,489.0,1330.0,0,0
52186,2024-07-14,5,08:07:00,22:05:00,13.966666666666669,8,22,487.0,1325.0,0,0
52186,2024-07-15,5,08:08:00,22:21:00,14.216666666666669,8,22,488.0,1341.0,0,0
52186,2024-07-16,6,08:14:00,12:03:00,3.816666666666667,8,12,494.0,723.0,1,1
52186,2024-07-17,6,08:08:00,22:02:00,13.9,8,22,488.0,1322.0,0,0
52186,2024-07-18,0,08:10:00,22:02:00,13.866666666666667,8,22,490.0,1322.0,0,0
52186,2024-07-19,0,08:10:00,22:08:00,13.966666666666669,8,22,490.0,1328.0,0,0
52186,2024-07-20,1,08:09:00,22:07:00,13.966666666666669,8,22,489.0,1327.0,0,0
52186,2024-07-21,1,08:09:00,22:00:00,13.85,8,22,489.0,1320.0,0,0
52186,2024-07-22,2,08:08:00,22:06:00,13.966666666666669,8,22,488.0,1326.0,0,0
52186,2024-07-23,2,08:08:00,22:04:00,13.933333333333334,8,22,488.0,1324.0,0,0
52186,2024-07-24,3,08:11:00,22:09:00,13.966666666666669,8,22,491.0,1329.0,0,0
52186,2024-07-25,3,08:05:00,22:06:00,14.016666666666667,8,22,485.0,1326.0,0,0
52186,2024-07-26,4,08:11:00,22:02:00,13.85,8,22,491.0,1322.0,0,0
52186,2024-07-27,4,08:12:00,22:07:00,13.916666666666666,8,22,492.0,1327.0,0,0
52186,2024-07-28,5,08:09:00,16:15:00,8.1,8,16,489.0,975.0,3,3
52186,2024-07-29,5,08:07:00,22:19:00,14.2,8,22,487.0,1339.0,0,0
52186,2024-07-30,6,08:11:00,22:13:00,14.033333333333331,8,22,491.0,1333.0,0,0
52186,2024-07-31,6,08:11:00,22:07:00,13.933333333333334,8,22,491.0,1327.0,0,0
52186,2024-08-01,0,08:07:00,22:33:00,14.433333333333334,8,22,487.0,1353.0,0,0
52186,2024-08-02,0,08:10:00,10:45:00,2.583333333333333,8,10,490.0,645.0,1,1
52187,2024-06-04,1,07:10:00,21:10:00,14.0,7,21,430.0,1270.0,0,0
52187,2024-06-05,2,16:02:00,21:33:00,5.516666666666667,16,21,962.0,1293.0,2,2
52187,2024-06-06,2,07:01:00,21:10:00,14.15,7,21,421.0,1270.0,0,0
52187,2024-06-07,3,07:11:00,21:01:00,13.833333333333334,7,21,431.0,1261.0,0,0
52187,2024-06-08,3,07:02:00,21:08:00,14.1,7,21,422.0,1268.0,0,0
52187,2024-06-09,4,07:03:00,21:01:00,13.966666666666669,7,21,423.0,1261.0,0,0
52187,2024-06-10,4,07:03:00,21:12:00,14.15,7,21,423.0,1272.0,0,0
52187,2024-06-11,5,07:03:00,21:27:00,14.4,7,21,423.0,1287.0,0,0
52187,2024-06-12,5,07:09:00,12:05:00,4.933333333333334,7,12,429.0,725.0,1,1
52187,2024-06-13,6,07:03:00,21:10:00,14.116666666666667,7,21,423.0,1270.0,0,0
52187,2024-06-14,6,07:06:00,21:13:00,14.116666666666667,7,21,426.0,1273.0,0,0
52187,2024-06-15,0,07:06:00,21:11:00,14.083333333333334,7,21,426.0,1271.0,0,0
52187,2024-06-16,0,08:00:00,17:30:00,9.5,8,17,480.0,1050.0,3,3
52187,2024-06-17,1,08:07:00,16:37:00,8.5,8,16,487.0,997.0,3,3
52187,2024-06-18,1,07:12:00,20:01:00,12.816666666666666,7,20,432.0,1201.0,0,0
52187,2024-06-19,2,07:03:00,21:06:00,14.05,7,21,423.0,1266.0,0,0
52187,2024-06-20,2,07:08:00,21:03:00,13.916666666666666,7,21,428.0,1263.0,0,0
52187,2024-06-21,3,07:17:00,21:06:00,13.816666666666666,7,21,437.0,1266.0,0,0
52187,2024-06-22,3,07:05:00,21:02:00,13.95,7,21,425.0,1262.0,0,0
52187,2024-06-23,4,07:05:00,21:07:00,14.033333333333331,7,21,425.0,1267.0,0,0
52187,2024-06-24,4,07:32:00,21:02:00,13.5,7,21,452.0,1262.0,0,0
52187,2024-06-25,5,07:03:00,21:09:00,14.1,7,21,423.0,1269.0,0,0
52187,2024-06-26,5,07:01:00,16:05:00,9.066666666666666,7,16,421.0,965.0,3,3
52187,2024-06-27,6,07:02:00,22:03:00,15.016666666666667,7,22,422.0,1323.0,0,0
52187,2024-06-28,6,07:03:00,21:02:00,13.983333333333333,7,21,423.0,1262.0,0,0
52187,2024-06-29,0,07:01:00,21:20:00,14.316666666666666,7,21,421.0,1280.0,0,0
52187,2024-06-30,0,07:02:00,21:09:00,14.116666666666667,7,21,422.0,1269.0,0,0
52187,2024-07-01,1,07:03:00,22:01:00,14.966666666666669,7,22,423.0,1321.0,0,0
52187,2024-07-02,1,07:03:00,22:09:00,15.1,7,22,423.0,1329.0,0,0
52187,2024-07-03,2,07:06:00,21:06:00,14.0,7,21,426.0,1266.0,0,0
52187,2024-07-04,2,07:05:00,21:17:00,14.2,7,21,425.0,1277.0,0,0
52187,2024-07-05,3,07:18:00,21:02:00,13.733333333333333,7,21,438.0,1262.0,0,0
52187,2024-07-06,3,07:04:00,21:03:00,13.983333333333333,7,21,424.0,1263.0,0,0
52187,2024-07-07,4,07:03:00,21:01:00,13.966666666666669,7,21,423.0,1261.0,0,0
52187,2024-07-08,4,07:06:00,21:08:00,14.033333333333331,7,21,426.0,1268.0,0,0
52187,2024-07-09,5,07:06:00,21:00:00,13.9,7,21,426.0,1260.0,0,0
52187,2024-07-10,5,07:06:00,16:03:00,8.95,7,16,426.0,963.0,3,3
52187,2024-07-11,6,07:05:00,21:01:00,13.933333333333334,7,21,425.0,1261.0,0,0
52187,2024-07-12,6,07:08:00,21:00:00,13.866666666666667,7,21,428.0,1260.0,0,0
52187,2024-07-13,0,07:04:00,21:03:00,13.983333333333333,7,21,424.0,1263.0,0,0
52187,2024-07-14,0,07:05:00,21:02:00,13.95,7,21,425.0,1262.0,0,0
52187,2024-07-15,1,07:09:00,21:03:00,13.9,7,21,429.0,1263.0,0,0
52187,2024-07-16,1,07:10:00,21:00:00,13.833333333333334,7,21,430.0,1260.0,0,0
52187,2024-07-17,2,07:03:00,21:03:00,14.0,7,21,423.0,1263.0,0,0
52187,2024-07-18,2,07:04:00,21:01:00,13.95,7,21,424.0,1261.0,0,0
52187,2024-07-19,3,07:06:00,21:01:00,13.916666666666666,7,21,426.0,1261.0,0,0
52187,2024-07-20,3,07:04:00,21:03:00,13.983333333333333,7,21,424.0,1263.0,0,0
52187,2024-07-21,4,07:04:00,21:01:00,13.95,7,21,424.0,1261.0,0,0
52187,2024-07-22,4,07:06:00,21:05:00,13.983333333333333,7,21,426.0,1265.0,0,0
52187,2024-07-23,0,07:04:00,21:02:00,13.966666666666669,7,21,424.0,1262.0,0,0
52187,2024-07-24,0,07:07:00,21:14:00,14.116666666666667,7,21,427.0,1274.0,0,0
52187,2024-07-25,1,07:08:00,21:02:00,13.9,7,21,428.0,1262.0,0,0
52187,2024-07-26,1,07:20:00,21:00:00,13.666666666666666,7,21,440.0,1260.0,0,0
52187,2024-07-27,2,07:04:00,21:03:00,13.983333333333333,7,21,424.0,1263.0,0,0
52187,2024-07-28,2,07:04:00,22:07:00,15.05,7,22,424.0,1327.0,0,0
52187,2024-07-29,3,07:08:00,21:09:00,14.016666666666667,7,21,428.0,1269.0,0,0
52187,2024-07-30,3,07:04:00,21:02:00,13.966666666666669,7,21,424.0,1262.0,0,0
52187,2024-07-31,4,07:04:00,21:11:00,14.116666666666667,7,21,424.0,1271.0,0,0
52187,2024-08-01,4,07:02:00,22:15:00,15.216666666666669,7,22,422.0,1335.0,0,0
52187,2024-08-02,5,07:05:00,10:46:00,3.683333333333333,7,10,425.0,646.0,1,1
52188,2024-06-03,5,08:11:00,15:56:00,7.75,8,15,491.0,956.0,3,3
52188,2024-06-04,6,00:04:00,11:59:00,11.916666666666666,0,11,4.0,719.0,4,4
52188,2024-06-05,6,08:05:00,23:49:00,15.733333333333333,8,23,485.0,1429.0,0,0
52188,2024-06-06,0,08:06:00,23:52:00,15.766666666666667,8,23,486.0,1432.0,0,0
52188,2024-06-07,0,08:07:00,23:51:00,15.733333333333333,8,23,487.0,1431.0,0,0
52188,2024-06-08,1,08:06:00,23:55:00,15.816666666666666,8,23,486.0,1435.0,0,0
52188,2024-06-09,1,08:10:00,23:53:00,15.716666666666669,8,23,490.0,1433.0,0,0
52188,2024-06-10,2,08:05:00,23:56:00,15.85,8,23,485.0,1436.0,0,0
52188,2024-06-11,2,08:08:00,23:55:00,15.783333333333331,8,23,488.0,1435.0,0,0
52188,2024-06-12,3,08:11:00,23:55:00,15.733333333333333,8,23,491.0,1435.0,0,0
52188,2024-06-13,3,08:12:00,23:54:00,15.7,8,23,492.0,1434.0,0,0
52188,2024-06-14,4,08:18:00,23:54:00,15.6,8,23,498.0,1434.0,0,0
52188,2024-06-15,4,00:00:00,23:46:00,23.766666666666666,0,23,0.0,1426.0,0,0
52188,2024-06-17,5,08:13:00,16:43:00,8.5,8,16,493.0,1003.0,3,3
52188,2024-06-18,5,08:15:00,16:59:00,8.733333333333333,8,16,495.0,1019.0,3,3
52188,2024-06-19,1,08:11:00,12:01:00,3.8333333333333335,8,12,491.0,721.0,1,1
52188,2024-06-20,1,08:11:00,23:54:00,15.716666666666669,8,23,491.0,1434.0,0,0
52188,2024-06-21,2,08:09:00,23:49:00,15.666666666666666,8,23,489.0,1429.0,0,0
52188,2024-06-22,2,08:10:00,23:50:00,15.666666666666666,8,23,490.0,1430.0,0,0
52188,2024-06-23,3,08:10:00,23:52:00,15.7,8,23,490.0,1432.0,0,0
52188,2024-06-24,3,08:10:00,23:54:00,15.733333333333333,8,23,490.0,1434.0,0,0
52188,2024-06-25,4,08:13:00,23:56:00,15.716666666666669,8,23,493.0,1436.0,0,0
52188,2024-06-26,4,08:13:00,23:57:00,15.733333333333333,8,23,493.0,1437.0,0,0
52188,2024-06-27,5,08:12:00,23:51:00,15.65,8,23,492.0,1431.0,0,0
52188,2024-06-28,5,08:06:00,10:41:00,2.583333333333333,8,10,486.0,641.0,1,1
52188,2024-06-29,6,08:09:00,23:52:00,15.716666666666669,8,23,489.0,1432.0,0,0
52188,2024-06-30,6,08:07:00,23:56:00,15.816666666666666,8,23,487.0,1436.0,0,0
52188,2024-07-01,0,08:08:00,23:55:00,15.783333333333331,8,23,488.0,1435.0,0,0
52188,2024-07-02,0,08:12:00,12:01:00,3.816666666666667,8,12,492.0,721.0,1,1
52188,2024-07-03,1,08:10:00,23:51:00,15.683333333333334,8,23,490.0,1431.0,0,0
52188,2024-07-04,1,08:12:00,22:04:00,13.866666666666667,8,22,492.0,1324.0,0,0
52188,2024-07-05,2,08:10:00,22:49:00,14.65,8,22,490.0,1369.0,0,0
52188,2024-07-06,2,08:13:00,16:06:00,7.883333333333334,8,16,493.0,966.0,3,3
52188,2024-07-07,3,08:12:00,22:17:00,14.083333333333334,8,22,492.0,1337.0,0,0
52188,2024-07-08,3,08:14:00,22:00:00,13.766666666666667,8,22,494.0,1320.0,0,0
52188,2024-07-09,4,08:11:00,22:00:00,13.816666666666666,8,22,491.0,1320.0,0,0
52188,2024-07-10,4,08:11:00,22:30:00,14.316666666666666,8,22,491.0,1350.0,0,0
52188,2024-07-11,5,08:14:00,22:03:00,13.816666666666666,8,22,494.0,1323.0,0,0
52188,2024-07-12,5,08:13:00,22:52:00,14.65,8,22,493.0,1372.0,0,0
52188,2024-07-13,6,08:11:00,22:01:00,13.833333333333334,8,22,491.0,1321.0,0,0
52188,2024-07-14,6,08:14:00,22:00:00,13.766666666666667,8,22,494.0,1320.0,0,0
52188,2024-07-15,0,08:15:00,22:04:00,13.816666666666666,8,22,495.0,1324.0,0,0
52188,2024-07-16,0,08:13:00,12:01:00,3.8,8,12,493.0,721.0,1,1
52188,2024-07-17,1,08:16:00,22:01:00,13.75,8,22,496.0,1321.0,0,0
52188,2024-07-18,1,08:09:00,22:01:00,13.866666666666667,8,22,489.0,1321.0,0,0
52188,2024-07-19,2,08:17:00,22:54:00,14.616666666666667,8,22,497.0,1374.0,0,0
52188,2024-07-20,2,08:10:00,22:00:00,13.833333333333334,8,22,490.0,1320.0,0,0
52188,2024-07-21,3,08:13:00,22:01:00,13.8,8,22,493.0,1321.0,0,0
52188,2024-07-22,3,08:08:00,21:59:00,13.85,8,21,488.0,1319.0,0,0
52188,2024-07-23,4,08:11:00,22:00:00,13.816666666666666,8,22,491.0,1320.0,0,0
52188,2024-07-24,4,08:09:00,22:00:00,13.85,8,22,489.0,1320.0,0,0
52188,2024-07-25,5,08:11:00,22:02:00,13.85,8,22,491.0,1322.0,0,0
52188,2024-07-26,5,08:17:00,22:01:00,13.733333333333333,8,22,497.0,1321.0,0,0
52188,2024-07-27,6,08:13:00,21:58:00,13.75,8,21,493.0,1318.0,0,0
52188,2024-07-28,6,08:10:00,22:01:00,13.85,8,22,490.0,1321.0,0,0
52188,2024-07-29,0,08:12:00,22:00:00,13.8,8,22,492.0,1320.0,0,0
52188,2024-07-30,0,08:11:00,22:26:00,14.25,8,22,491.0,1346.0,0,0
52188,2024-07-31,2,08:11:00,21:59:00,13.8,8,21,491.0,1319.0,0,0
52188,2024-08-01,2,08:10:00,22:30:00,14.333333333333334,8,22,490.0,1350.0,0,0
52188,2024-08-02,3,08:20:00,10:46:00,2.433333333333333,8,10,500.0,646.0,1,1
52189,2024-06-03,3,07:56:00,21:57:00,14.016666666666667,7,21,476.0,1317.0,0,0
52189,2024-06-04,4,02:01:00,16:00:00,13.983333333333333,2,16,121.0,960.0,4,4
52189,2024-06-05,4,10:00:00,16:00:00,6.0,10,16,600.0,960.0,3,3
52189,2024-06-06,5,10:00:00,16:02:00,6.033333333333333,10,16,600.0,962.0,3,3
52189,2024-06-07,5,13:01:00,16:02:00,3.0166666666666666,13,16,781.0,962.0,3,3
52189,2024-06-08,6,10:01:00,16:02:00,6.016666666666667,10,16,601.0,962.0,3,3
52189,2024-06-09,6,09:59:00,16:02:00,6.05,9,16,599.0,962.0,3,3
52189,2024-06-10,0,09:59:00,16:07:00,6.133333333333334,9,16,599.0,967.0,3,3
52189,2024-06-11,0,10:01:00,16:01:00,6.0,10,16,601.0,961.0,3,3
52189,2024-06-12,1,10:00:00,16:05:00,6.083333333333333,10,16,600.0,965.0,3,3
52189,2024-06-13,1,10:00:00,16:03:00,6.05,10,16,600.0,963.0,3,3
52189,2024-06-14,2,12:48:00,16:02:00,3.2333333333333334,12,16,768.0,962.0,3,3
52189,2024-06-15,2,09:59:00,16:01:00,6.033333333333333,9,16,599.0,961.0,3,3
52189,2024-06-19,4,10:01:00,16:02:00,6.016666666666667,10,16,601.0,962.0,3,3
52189,2024-06-20,4,10:04:00,16:02:00,5.966666666666667,10,16,604.0,962.0,3,3
52189,2024-06-21,5,12:50:00,16:01:00,3.183333333333333,12,16,770.0,961.0,3,3
52189,2024-06-22,5,10:00:00,16:02:00,6.033333333333333,10,16,600.0,962.0,3,3
52189,2024-06-23,6,09:59:00,16:04:00,6.083333333333333,9,16,599.0,964.0,3,3
52189,2024-06-24,6,09:56:00,18:01:00,8.083333333333334,9,18,596.0,1081.0,3,3
52189,2024-06-25,0,10:00:00,16:01:00,6.016666666666667,10,16,600.0,961.0,3,3
52189,2024-06-26,0,10:04:00,16:03:00,5.983333333333333,10,16,604.0,963.0,3,3
52189,2024-06-27,1,10:03:00,16:01:00,5.966666666666667,10,16,603.0,961.0,3,3
52189,2024-06-28,1,12:42:00,18:01:00,5.316666666666666,12,18,762.0,1081.0,3,3
52189,2024-06-29,2,09:58:00,16:05:00,6.116666666666666,9,16,598.0,965.0,3,3
52189,2024-06-30,2,10:02:00,16:02:00,6.0,10,16,602.0,962.0,3,3
52189,2024-07-01,3,10:01:00,16:01:00,6.0,10,16,601.0,961.0,3,3
52189,2024-07-02,3,10:00:00,16:01:00,6.016666666666667,10,16,600.0,961.0,3,3
52189,2024-07-03,4,10:01:00,16:01:00,6.0,10,16,601.0,961.0,3,3
52189,2024-07-04,4,10:01:00,16:02:00,6.016666666666667,10,16,601.0,962.0,3,3
52189,2024-07-05,5,12:41:00,16:04:00,3.3833333333333333,12,16,761.0,964.0,3,3
52189,2024-07-06,5,10:03:00,16:01:00,5.966666666666667,10,16,603.0,961.0,3,3
52189,2024-07-07,6,10:01:00,16:02:00,6.016666666666667,10,16,601.0,962.0,3,3
52189,2024-07-08,6,10:03:00,22:06:00,12.05,10,22,603.0,1326.0,0,0
52189,2024-07-09,0,01:59:00,16:03:00,14.066666666666666,1,16,119.0,963.0,4,4
52189,2024-07-10,0,10:00:00,16:01:00,6.016666666666667,10,16,600.0,961.0,3,3
52189,2024-07-11,1,10:01:00,16:00:00,5.983333333333333,10,16,601.0,960.0,3,3
52189,2024-07-12,1,12:52:00,16:03:00,3.183333333333333,12,16,772.0,963.0,3,3
52189,2024-07-13,2,10:02:00,16:01:00,5.983333333333333,10,16,602.0,961.0,3,3
52189,2024-07-14,2,10:04:00,16:02:00,5.966666666666667,10,16,604.0,962.0,3,3
52189,2024-07-15,3,10:01:00,16:03:00,6.033333333333333,10,16,601.0,963.0,3,3
52189,2024-07-16,3,10:03:00,16:05:00,6.033333333333333,10,16,603.0,965.0,3,3
52189,2024-07-17,4,10:01:00,16:01:00,6.0,10,16,601.0,961.0,3,3
52189,2024-07-18,4,10:03:00,16:02:00,5.983333333333333,10,16,603.0,962.0,3,3
52189,2024-07-19,0,12:46:00,16:04:00,3.3,12,16,766.0,964.0,3,3
52189,2024-07-20,0,10:00:00,16:01:00,6.016666666666667,10,16,600.0,961.0,3,3
52189,2024-07-21,1,10:02:00,16:01:00,5.983333333333333,10,16,602.0,961.0,3,3
52189,2024-07-22,1,10:02:00,16:02:00,6.0,10,16,602.0,962.0,3,3
52189,2024-07-23,2,10:03:00,16:02:00,5.983333333333333,10,16,603.0,962.0,3,3
52189,2024-07-24,2,10:01:00,16:02:00,6.016666666666667,10,16,601.0,962.0,3,3
52189,2024-07-25,3,10:02:00,16:01:00,5.983333333333333,10,16,602.0,961.0,3,3
52189,2024-07-26,3,12:44:00,16:01:00,3.283333333333333,12,16,764.0,961.0,3,3
52189,2024-07-27,4,10:02:00,16:01:00,5.983333333333333,10,16,602.0,961.0,3,3
52189,2024-07-28,4,10:01:00,18:59:00,8.966666666666667,10,18,601.0,1139.0,3,3
52189,2024-07-29,5,10:03:00,16:00:00,5.95,10,16,603.0,960.0,3,3
52189,2024-07-30,5,10:01:00,16:01:00,6.0,10,16,601.0,961.0,3,3
52189,2024-07-31,6,10:02:00,16:01:00,5.983333333333333,10,16,602.0,961.0,3,3
52189,2024-08-01,6,10:03:00,16:01:00,5.966666666666667,10,16,603.0,961.0,3,3
52189,2024-08-02,0,12:47:00,16:06:00,3.316666666666667,12,16,767.0,966.0,3,3
52190,2024-06-04,1,07:03:00,22:00:00,14.95,7,22,423.0,1320.0,0,0
52190,2024-06-05,1,07:00:00,22:01:00,15.016666666666667,7,22,420.0,1321.0,0,0
52190,2024-06-06,2,07:00:00,22:01:00,15.016666666666667,7,22,420.0,1321.0,0,0
52190,2024-06-07,2,16:02:00,22:01:00,5.983333333333333,16,22,962.0,1321.0,2,2
52190,2024-06-08,3,07:01:00,16:41:00,9.666666666666666,7,16,421.0,1001.0,3,3
52190,2024-06-09,3,07:01:00,22:00:00,14.983333333333333,7,22,421.0,1320.0,0,0
52190,2024-06-10,4,07:01:00,22:02:00,15.016666666666667,7,22,421.0,1322.0,0,0
52190,2024-06-11,4,07:03:00,22:01:00,14.966666666666669,7,22,423.0,1321.0,0,0
52190,2024-06-12,5,07:02:00,22:01:00,14.983333333333333,7,22,422.0,1321.0,0,0
52190,2024-06-13,5,06:59:00,22:00:00,15.016666666666667,6,22,419.0,1320.0,0,0
52190,2024-06-14,6,15:59:00,22:03:00,6.066666666666666,15,22,959.0,1323.0,2,2
52190,2024-06-15,6,07:15:00,23:00:00,15.75,7,23,435.0,1380.0,0,0
52190,2024-06-19,0,07:00:00,22:05:00,15.083333333333334,7,22,420.0,1325.0,0,0
52190,2024-06-20,0,07:00:00,22:00:00,15.0,7,22,420.0,1320.0,0,0
52190,2024-06-21,1,16:01:00,22:00:00,5.983333333333333,16,22,961.0,1320.0,2,2
52190,2024-06-22,1,06:58:00,22:03:00,15.083333333333334,6,22,418.0,1323.0,0,0
52190,2024-06-23,2,07:00:00,21:58:00,14.966666666666669,7,21,420.0,1318.0,0,0
52190,2024-06-24,2,07:02:00,22:00:00,14.966666666666669,7,22,422.0,1320.0,0,0
52190,2024-06-25,3,07:00:00,22:00:00,15.0,7,22,420.0,1320.0,0,0
52190,2024-06-26,3,07:02:00,22:00:00,14.966666666666669,7,22,422.0,1320.0,0,0
52190,2024-06-27,4,16:02:00,23:26:00,7.4,16,23,962.0,1406.0,2,2
52190,2024-06-28,4,16:01:00,22:23:00,6.366666666666666,16,22,961.0,1343.0,2,2
52190,2024-06-29,5,07:01:00,22:00:00,14.983333333333333,7,22,421.0,1320.0,0,0
52190,2024-06-30,5,15:54:00,21:56:00,6.033333333333333,15,21,954.0,1316.0,2,2
52190,2024-07-01,6,15:57:00,22:00:00,6.05,15,22,957.0,1320.0,2,2
52190,2024-07-02,6,07:00:00,22:00:00,15.0,7,22,420.0,1320.0,0,0
52190,2024-07-03,0,15:54:00,21:58:00,6.066666666666666,15,21,954.0,1318.0,2,2
52190,2024-07-04,0,15:56:00,22:00:00,6.066666666666666,15,22,956.0,1320.0,2,2
52190,2024-07-05,1,16:03:00,22:01:00,5.966666666666667,16,22,963.0,1321.0,2,2
52190,2024-07-06,1,07:02:00,22:02:00,15.0,7,22,422.0,1322.0,0,0
52190,2024-07-07,2,07:00:00,12:00:00,5.0,7,12,420.0,720.0,1,1
52190,2024-07-08,2,07:00:00,22:00:00,15.0,7,22,420.0,1320.0,0,0
52190,2024-07-09,3,07:02:00,22:00:00,14.966666666666669,7,22,422.0,1320.0,0,0
52190,2024-07-10,3,07:03:00,21:59:00,14.933333333333334,7,21,423.0,1319.0,0,0
52190,2024-07-11,4,07:05:00,22:00:00,14.916666666666666,7,22,425.0,1320.0,0,0
52190,2024-07-12,4,16:04:00,22:00:00,5.933333333333334,16,22,964.0,1320.0,2,2
52190,2024-07-13,5,07:01:00,22:01:00,15.0,7,22,421.0,1321.0,0,0
52190,2024-07-14,5,07:04:00,21:59:00,14.916666666666666,7,21,424.0,1319.0,0,0
52190,2024-07-15,6,07:04:00,22:01:00,14.95,7,22,424.0,1321.0,0,0
52190,2024-07-16,6,07:20:00,21:58:00,14.633333333333333,7,21,440.0,1318.0,0,0
52190,2024-07-17,0,07:05:00,22:00:00,14.916666666666666,7,22,425.0,1320.0,0,0
52190,2024-07-18,0,07:02:00,22:03:00,15.016666666666667,7,22,422.0,1323.0,0,0
52190,2024-07-19,1,16:00:00,22:00:00,6.0,16,22,960.0,1320.0,2,2
52190,2024-07-20,1,07:02:00,21:57:00,14.916666666666666,7,21,422.0,1317.0,0,0
52190,2024-07-21,2,07:09:00,21:59:00,14.833333333333334,7,21,429.0,1319.0,0,0
52190,2024-07-22,2,07:01:00,21:58:00,14.95,7,21,421.0,1318.0,0,0
52190,2024-07-23,3,07:01:00,22:00:00,14.983333333333333,7,22,421.0,1320.0,0,0
52190,2024-07-24,3,07:04:00,21:58:00,14.9,7,21,424.0,1318.0,0,0
52190,2024-07-25,4,07:04:00,21:57:00,14.883333333333333,7,21,424.0,1317.0,0,0
52190,2024-07-26,4,16:07:00,22:00:00,5.883333333333334,16,22,967.0,1320.0,2,2
52190,2024-07-27,0,07:04:00,21:58:00,14.9,7,21,424.0,1318.0,0,0
52190,2024-07-28,0,07:06:00,22:00:00,14.9,7,22,426.0,1320.0,0,0
52190,2024-07-29,1,07:04:00,21:59:00,14.916666666666666,7,21,424.0,1319.0,0,0
52190,2024-07-30,1,07:02:00,22:22:00,15.333333333333334,7,22,422.0,1342.0,0,0
52190,2024-07-31,2,07:06:00,22:00:00,14.9,7,22,426.0,1320.0,0,0
52190,2024-08-01,2,07:07:00,21:58:00,14.85,7,21,427.0,1318.0,0,0
52191,2024-06-04,3,08:22:00,16:08:00,7.766666666666667,8,16,502.0,968.0,3,3
52191,2024-06-05,4,09:26:00,16:12:00,6.766666666666667,9,16,566.0,972.0,3,3
52191,2024-06-06,4,08:38:00,16:07:00,7.483333333333333,8,16,518.0,967.0,3,3
52191,2024-06-08,5,08:38:00,15:58:00,7.333333333333333,8,15,518.0,958.0,3,3
52191,2024-06-09,5,08:49:00,16:08:00,7.316666666666666,8,16,529.0,968.0,3,3
52191,2024-06-10,6,08:35:00,16:12:00,7.616666666666666,8,16,515.0,972.0,3,3
52191,2024-06-11,6,08:52:00,16:17:00,7.416666666666667,8,16,532.0,977.0,3,3
52191,2024-06-12,0,09:15:00,12:48:00,3.55,9,12,555.0,768.0,1,1
52191,2024-06-14,0,14:27:00,21:39:00,7.2,14,21,867.0,1299.0,2,2
52191,2024-06-20,1,08:17:00,16:15:00,7.966666666666667,8,16,497.0,975.0,3,3
52191,2024-06-22,1,08:04:00,16:10:00,8.1,8,16,484.0,970.0,3,3
52191,2024-06-23,2,08:42:00,16:16:00,7.566666666666666,8,16,522.0,976.0,3,3
52191,2024-06-24,2,09:16:00,16:11:00,6.916666666666667,9,16,556.0,971.0,3,3
52191,2024-06-26,3,08:16:00,16:16:00,8.0,8,16,496.0,976.0,3,3
52191,2024-06-27,3,08:37:00,16:19:00,7.7,8,16,517.0,979.0,3,3
52191,2024-07-02,4,07:42:00,16:42:00,9.0,7,16,462.0,1002.0,3,3
52191,2024-07-03,4,08:35:00,16:44:00,8.15,8,16,515.0,1004.0,3,3
52191,2024-07-04,5,08:33:00,16:30:00,7.95,8,16,513.0,990.0,3,3
52191,2024-07-06,5,08:56:00,16:10:00,7.233333333333333,8,16,536.0,970.0,3,3
52191,2024-07-07,6,09:58:00,16:19:00,6.35,9,16,598.0,979.0,3,3
52191,2024-07-08,6,09:19:00,16:55:00,7.6,9,16,559.0,1015.0,3,3
52191,2024-07-09,0,09:00:00,16:26:00,7.433333333333334,9,16,540.0,986.0,3,3
52191,2024-07-11,1,08:54:00,16:20:00,7.433333333333334,8,16,534.0,980.0,3,3
52191,2024-07-14,1,08:24:00,16:40:00,8.266666666666667,8,16,504.0,1000.0,3,3
52191,2024-07-15,2,08:08:00,16:29:00,8.35,8,16,488.0,989.0,3,3
52191,2024-07-16,2,08:57:00,16:30:00,7.55,8,16,537.0,990.0,3,3
52191,2024-07-17,3,09:27:00,16:46:00,7.316666666666666,9,16,567.0,1006.0,3,3
52191,2024-07-18,3,08:23:00,16:27:00,8.066666666666666,8,16,503.0,987.0,3,3
52191,2024-07-20,4,09:51:00,16:44:00,6.883333333333334,9,16,591.0,1004.0,3,3
52191,2024-07-22,4,07:19:00,14:53:00,7.566666666666666,7,14,439.0,893.0,3,3
52191,2024-07-23,5,09:09:00,16:27:00,7.3,9,16,549.0,987.0,3,3
52191,2024-07-24,5,08:36:00,16:15:00,7.65,8,16,516.0,975.0,3,3
52191,2024-07-25,6,08:34:00,16:16:00,7.7,8,16,514.0,976.0,3,3
52191,2024-07-27,6,10:15:00,16:34:00,6.316666666666666,10,16,615.0,994.0,3,3
52191,2024-07-28,0,08:34:00,16:09:00,7.583333333333333,8,16,514.0,969.0,3,3
52191,2024-07-29,0,08:40:00,16:07:00,7.45,8,16,520.0,967.0,3,3
52191,2024-07-31,1,08:27:00,16:02:00,7.583333333333333,8,16,507.0,962.0,3,3
52191,2024-08-01,1,09:07:00,16:12:00,7.083333333333333,9,16,547.0,972.0,3,3
52192,2024-06-04,2,07:09:00,15:00:00,7.85,7,15,429.0,900.0,3,3
52192,2024-06-05,2,07:09:00,15:00:00,7.85,7,15,429.0,900.0,3,3
52192,2024-06-08,3,06:58:00,15:30:00,8.533333333333333,6,15,418.0,930.0,3,3
52192,2024-06-09,3,06:31:00,15:00:00,8.483333333333333,6,15,391.0,900.0,3,3
52192,2024-06-10,4,06:43:00,15:19:00,8.6,6,15,403.0,919.0,3,3
52192,2024-06-11,4,07:10:00,14:23:00,7.216666666666667,7,14,430.0,863.0,1,1
52192,2024-06-12,5,07:08:00,15:01:00,7.883333333333334,7,15,428.0,901.0,3,3
52192,2024-06-19,5,07:04:00,15:04:00,8.0,7,15,424.0,904.0,3,3
52192,2024-06-22,6,07:03:00,14:44:00,7.683333333333334,7,14,423.0,884.0,3,3
52192,2024-06-23,6,07:06:00,15:07:00,8.016666666666667,7,15,426.0,907.0,3,3
52192,2024-06-25,0,06:38:00,14:40:00,8.033333333333333,6,14,398.0,880.0,1,1
52192,2024-06-26,0,06:51:00,15:00:00,8.15,6,15,411.0,900.0,3,3
52192,2024-06-27,1,06:53:00,14:53:00,8.0,6,14,413.0,893.0,3,3
52192,2024-07-01,1,06:48:00,14:45:00,7.95,6,14,408.0,885.0,1,1
52192,2024-07-02,2,07:15:00,13:00:00,5.75,7,13,435.0,780.0,1,1
52192,2024-07-03,2,07:05:00,15:04:00,7.983333333333333,7,15,425.0,904.0,3,3
52192,2024-07-06,3,06:50:00,15:04:00,8.233333333333333,6,15,410.0,904.0,3,3
52192,2024-07-08,3,06:34:00,15:06:00,8.533333333333333,6,15,394.0,906.0,3,3
52192,2024-07-09,4,06:46:00,14:44:00,7.966666666666667,6,14,406.0,884.0,1,1
52192,2024-07-10,4,06:58:00,15:10:00,8.2,6,15,418.0,910.0,3,3
52192,2024-07-11,0,06:46:00,13:02:00,6.266666666666667,6,13,406.0,782.0,1,1
52192,2024-07-13,0,06:53:00,15:10:00,8.283333333333333,6,15,413.0,910.0,3,3
52192,2024-07-14,1,06:55:00,15:00:00,8.083333333333334,6,15,415.0,900.0,3,3
52192,2024-07-15,1,07:07:00,12:39:00,5.533333333333333,7,12,427.0,759.0,1,1
52192,2024-07-16,2,07:02:00,15:00:00,7.966666666666667,7,15,422.0,900.0,3,3
52192,2024-07-17,2,06:54:00,15:01:00,8.116666666666667,6,15,414.0,901.0,3,3
52192,2024-07-18,3,06:48:00,14:17:00,7.483333333333333,6,14,408.0,857.0,1,1
52192,2024-07-20,3,06:51:00,14:57:00,8.1,6,14,411.0,897.0,3,3
52192,2024-07-25,4,07:04:00,14:04:00,7.0,7,14,424.0,844.0,1,1
52192,2024-07-29,5,06:39:00,14:43:00,8.066666666666666,6,14,399.0,883.0,1,1
52192,2024-08-01,6,06:39:00,14:44:00,8.083333333333334,6,14,399.0,884.0,1,1
52193,2024-06-04,0,07:17:00,21:58:00,14.683333333333334,7,21,437.0,1318.0,0,0
52193,2024-06-05,1,07:13:00,22:01:00,14.8,7,22,433.0,1321.0,0,0
52193,2024-06-06,1,07:15:00,21:57:00,14.7,7,21,435.0,1317.0,0,0
52193,2024-06-07,2,16:08:00,21:59:00,5.85,16,21,968.0,1319.0,2,2
52193,2024-06-08,2,07:09:00,21:59:00,14.833333333333334,7,21,429.0,1319.0,0,0
52193,2024-06-09,3,16:01:00,21:58:00,5.95,16,21,961.0,1318.0,2,2
52193,2024-06-10,3,16:11:00,21:58:00,5.783333333333333,16,21,971.0,1318.0,2,2
52193,2024-06-11,4,07:11:00,22:00:00,14.816666666666666,7,22,431.0,1320.0,0,0
52193,2024-06-12,4,07:14:00,21:58:00,14.733333333333333,7,21,434.0,1318.0,0,0
52193,2024-06-13,5,07:14:00,22:09:00,14.916666666666666,7,22,434.0,1329.0,0,0
52193,2024-06-14,5,16:09:00,23:45:00,7.6,16,23,969.0,1425.0,2,2
52193,2024-06-15,6,07:19:00,23:22:00,16.05,7,23,439.0,1402.0,0,0
52193,2024-06-19,6,07:15:00,21:55:00,14.666666666666666,7,21,435.0,1315.0,0,0
52193,2024-06-20,1,07:14:00,21:57:00,14.716666666666669,7,21,434.0,1317.0,0,0
52193,2024-06-21,1,16:14:00,21:57:00,5.716666666666667,16,21,974.0,1317.0,2,2
52193,2024-06-22,2,07:18:00,21:56:00,14.633333333333333,7,21,438.0,1316.0,0,0
52193,2024-06-23,2,16:12:00,21:55:00,5.716666666666667,16,21,972.0,1315.0,2,2
52193,2024-06-24,3,07:17:00,21:57:00,14.666666666666666,7,21,437.0,1317.0,0,0
52193,2024-06-25,3,12:01:00,16:15:00,4.233333333333333,12,16,721.0,975.0,3,3
52193,2024-06-26,4,07:25:00,21:55:00,14.5,7,21,445.0,1315.0,0,0
52193,2024-06-27,4,07:23:00,12:01:00,4.633333333333334,7,12,443.0,721.0,1,1
52193,2024-06-28,5,16:03:00,22:10:00,6.116666666666666,16,22,963.0,1330.0,2,2
52193,2024-06-29,5,07:21:00,21:57:00,14.6,7,21,441.0,1317.0,0,0
52193,2024-06-30,6,07:30:00,21:57:00,14.45,7,21,450.0,1317.0,0,0
52193,2024-07-01,6,07:27:00,21:57:00,14.5,7,21,447.0,1317.0,0,0
52193,2024-07-02,0,07:22:00,21:59:00,14.616666666666667,7,21,442.0,1319.0,0,0
52193,2024-07-03,0,07:18:00,21:57:00,14.65,7,21,438.0,1317.0,0,0
52193,2024-07-04,1,07:21:00,21:56:00,14.583333333333334,7,21,441.0,1316.0,0,0
52193,2024-07-05,1,16:10:00,21:57:00,5.783333333333333,16,21,970.0,1317.0,2,2
52193,2024-07-06,2,07:21:00,21:58:00,14.616666666666667,7,21,441.0,1318.0,0,0
52193,2024-07-07,2,07:20:00,22:02:00,14.7,7,22,440.0,1322.0,0,0
52193,2024-07-08,3,07:21:00,21:59:00,14.633333333333333,7,21,441.0,1319.0,0,0
52193,2024-07-09,3,07:22:00,21:58:00,14.6,7,21,442.0,1318.0,0,0
52193,2024-07-10,4,07:28:00,21:57:00,14.483333333333333,7,21,448.0,1317.0,0,0
52193,2024-07-11,4,07:21:00,21:59:00,14.633333333333333,7,21,441.0,1319.0,0,0
52193,2024-07-13,5,07:19:00,21:58:00,14.65,7,21,439.0,1318.0,0,0
52193,2024-07-14,5,07:21:00,21:59:00,14.633333333333333,7,21,441.0,1319.0,0,0
52193,2024-07-15,6,07:21:00,21:58:00,14.616666666666667,7,21,441.0,1318.0,0,0
52193,2024-07-16,6,07:17:00,11:56:00,4.65,7,11,437.0,716.0,1,1
52193,2024-07-17,0,11:57:00,16:13:00,4.266666666666667,11,16,717.0,973.0,3,3
52193,2024-07-18,0,11:58:00,16:19:00,4.35,11,16,718.0,979.0,3,3
52193,2024-07-19,1,16:10:00,21:58:00,5.8,16,21,970.0,1318.0,2,2
52193,2024-07-20,1,07:19:00,21:59:00,14.666666666666666,7,21,439.0,1319.0,0,0
52193,2024-07-21,2,07:23:00,21:59:00,14.6,7,21,443.0,1319.0,0,0
52193,2024-07-22,2,07:19:00,21:56:00,14.616666666666667,7,21,439.0,1316.0,0,0
52193,2024-07-23,3,07:18:00,21:56:00,14.633333333333333,7,21,438.0,1316.0,0,0
52193,2024-07-24,3,07:18:00,21:56:00,14.633333333333333,7,21,438.0,1316.0,0,0
52193,2024-07-25,4,07:24:00,21:56:00,14.533333333333331,7,21,444.0,1316.0,0,0
52194,2024-06-05,6,07:03:00,22:00:00,14.95,7,22,423.0,1320.0,0,0
52194,2024-06-06,6,07:02:00,21:58:00,14.933333333333334,7,21,422.0,1318.0,0,0
52194,2024-06-07,0,16:07:00,22:00:00,5.883333333333334,16,22,967.0,1320.0,2,2
52194,2024-06-08,0,07:03:00,22:00:00,14.95,7,22,423.0,1320.0,0,0
52194,2024-06-09,1,07:02:00,22:03:00,15.016666666666667,7,22,422.0,1323.0,0,0
52194,2024-06-10,1,07:05:00,22:00:00,14.916666666666666,7,22,425.0,1320.0,0,0
52194,2024-06-11,2,07:03:00,22:00:00,14.95,7,22,423.0,1320.0,0,0
52194,2024-06-12,2,07:02:00,22:00:00,14.966666666666669,7,22,422.0,1320.0,0,0
52194,2024-06-13,3,07:03:00,21:58:00,14.916666666666666,7,21,423.0,1318.0,0,0
52194,2024-06-14,3,16:03:00,23:48:00,7.75,16,23,963.0,1428.0,2,2
52194,2024-06-15,4,07:06:00,22:53:00,15.783333333333331,7,22,426.0,1373.0,0,0
52194,2024-06-19,4,07:01:00,21:59:00,14.966666666666669,7,21,421.0,1319.0,0,0
52194,2024-06-20,5,07:01:00,22:01:00,15.0,7,22,421.0,1321.0,0,0
52194,2024-06-21,5,16:02:00,22:00:00,5.966666666666667,16,22,962.0,1320.0,2,2
52194,2024-06-22,6,07:00:00,21:59:00,14.983333333333333,7,21,420.0,1319.0,0,0
52194,2024-06-23,6,07:01:00,22:03:00,15.033333333333331,7,22,421.0,1323.0,0,0
52194,2024-06-24,0,07:05:00,22:04:00,14.983333333333333,7,22,425.0,1324.0,0,0
52194,2024-06-25,0,07:03:00,21:59:00,14.933333333333334,7,21,423.0,1319.0,0,0
52194,2024-06-26,1,07:03:00,22:03:00,15.0,7,22,423.0,1323.0,0,0
52194,2024-06-27,1,07:05:00,22:00:00,14.916666666666666,7,22,425.0,1320.0,0,0
52194,2024-06-28,2,16:06:00,22:11:00,6.083333333333333,16,22,966.0,1331.0,2,2
52194,2024-06-29,2,07:03:00,22:00:00,14.95,7,22,423.0,1320.0,0,0
52194,2024-06-30,3,07:04:00,22:05:00,15.016666666666667,7,22,424.0,1325.0,0,0
52194,2024-07-01,3,07:05:00,22:01:00,14.933333333333334,7,22,425.0,1321.0,0,0
52194,2024-07-02,4,07:07:00,22:03:00,14.933333333333334,7,22,427.0,1323.0,0,0
52194,2024-07-03,4,07:02:00,22:01:00,14.983333333333333,7,22,422.0,1321.0,0,0
52194,2024-07-04,5,07:04:00,21:59:00,14.916666666666666,7,21,424.0,1319.0,0,0
52194,2024-07-05,5,16:05:00,22:03:00,5.966666666666667,16,22,965.0,1323.0,2,2
52194,2024-07-06,6,07:03:00,22:18:00,15.25,7,22,423.0,1338.0,0,0
52194,2024-07-07,6,07:06:00,22:00:00,14.9,7,22,426.0,1320.0,0,0
52194,2024-07-08,0,07:03:00,22:01:00,14.966666666666669,7,22,423.0,1321.0,0,0
52194,2024-07-09,0,07:05:00,22:03:00,14.966666666666669,7,22,425.0,1323.0,0,0
52194,2024-07-10,1,07:02:00,22:00:00,14.966666666666669,7,22,422.0,1320.0,0,0
52194,2024-07-11,1,07:02:00,22:00:00,14.966666666666669,7,22,422.0,1320.0,0,0
52194,2024-07-12,2,16:03:00,22:00:00,5.95,16,22,963.0,1320.0,2,2
52194,2024-07-13,2,07:05:00,22:03:00,14.966666666666669,7,22,425.0,1323.0,0,0
52194,2024-07-14,3,07:05:00,22:01:00,14.933333333333334,7,22,425.0,1321.0,0,0
52194,2024-07-15,3,07:05:00,22:03:00,14.966666666666669,7,22,425.0,1323.0,0,0
52194,2024-07-16,4,07:03:00,22:04:00,15.016666666666667,7,22,423.0,1324.0,0,0
52194,2024-07-17,4,07:06:00,22:00:00,14.9,7,22,426.0,1320.0,0,0
52194,2024-07-18,5,07:24:00,22:07:00,14.716666666666669,7,22,444.0,1327.0,0,0
52194,2024-07-19,5,16:07:00,22:01:00,5.9,16,22,967.0,1321.0,2,2
52194,2024-07-20,6,07:56:00,21:57:00,14.016666666666667,7,21,476.0,1317.0,0,0
52194,2024-07-21,6,07:04:00,22:00:00,14.933333333333334,7,22,424.0,1320.0,0,0
52194,2024-07-22,0,07:05:00,22:01:00,14.933333333333334,7,22,425.0,1321.0,0,0
52194,2024-07-23,0,07:03:00,22:00:00,14.95,7,22,423.0,1320.0,0,0
52194,2024-07-24,1,07:05:00,22:01:00,14.933333333333334,7,22,425.0,1321.0,0,0
52194,2024-07-25,1,07:02:00,21:57:00,14.916666666666666,7,21,422.0,1317.0,0,0
52194,2024-07-26,2,16:03:00,22:00:00,5.95,16,22,963.0,1320.0,2,2
52194,2024-07-27,2,07:01:00,21:58:00,14.95,7,21,421.0,1318.0,0,0
52194,2024-07-28,3,07:04:00,21:56:00,14.866666666666667,7,21,424.0,1316.0,0,0
52194,2024-07-29,3,07:03:00,22:01:00,14.966666666666669,7,22,423.0,1321.0,0,0
52194,2024-07-30,4,07:08:00,21:59:00,14.85,7,21,428.0,1319.0,0,0
52194,2024-07-31,4,07:05:00,22:08:00,15.05,7,22,425.0,1328.0,0,0
52194,2024-08-01,2,07:07:00,22:41:00,15.566666666666666,7,22,427.0,1361.0,0,0
52195,2024-06-12,3,07:04:00,16:01:00,8.95,7,16,424.0,961.0,3,3
52195,2024-06-13,5,07:00:00,22:00:00,15.0,7,22,420.0,1320.0,0,0
52195,2024-06-14,5,16:00:00,22:00:00,6.0,16,22,960.0,1320.0,2,2
52195,2024-06-15,6,07:05:00,21:59:00,14.9,7,21,425.0,1319.0,0,0
52195,2024-06-19,6,07:01:00,22:01:00,15.0,7,22,421.0,1321.0,0,0
52195,2024-06-20,0,07:01:00,22:00:00,14.983333333333333,7,22,421.0,1320.0,0,0
52195,2024-06-21,0,16:01:00,22:00:00,5.983333333333333,16,22,961.0,1320.0,2,2
52195,2024-06-22,1,07:00:00,22:00:00,15.0,7,22,420.0,1320.0,0,0
52195,2024-06-23,1,07:02:00,22:02:00,15.0,7,22,422.0,1322.0,0,0
52195,2024-06-24,2,07:01:00,22:01:00,15.0,7,22,421.0,1321.0,0,0
52195,2024-06-25,2,07:03:00,21:58:00,14.916666666666666,7,21,423.0,1318.0,0,0
52195,2024-06-26,3,07:01:00,21:58:00,14.95,7,21,421.0,1318.0,0,0
52195,2024-06-27,3,07:02:00,21:59:00,14.95,7,21,422.0,1319.0,0,0
52195,2024-06-28,5,16:03:00,22:02:00,5.983333333333333,16,22,963.0,1322.0,2,2
52195,2024-06-29,5,07:06:00,21:59:00,14.883333333333333,7,21,426.0,1319.0,0,0
52195,2024-06-30,6,07:04:00,22:00:00,14.933333333333334,7,22,424.0,1320.0,0,0
52195,2024-07-01,6,07:04:00,21:58:00,14.9,7,21,424.0,1318.0,0,0
52195,2024-07-02,0,07:05:00,22:01:00,14.933333333333334,7,22,425.0,1321.0,0,0
52195,2024-07-03,0,07:04:00,21:58:00,14.9,7,21,424.0,1318.0,0,0
52195,2024-07-04,1,07:05:00,22:00:00,14.916666666666666,7,22,425.0,1320.0,0,0
52195,2024-07-05,1,16:04:00,22:02:00,5.966666666666667,16,22,964.0,1322.0,2,2
52195,2024-07-06,2,07:04:00,22:00:00,14.933333333333334,7,22,424.0,1320.0,0,0
52195,2024-07-07,2,07:04:00,22:01:00,14.95,7,22,424.0,1321.0,0,0
52195,2024-07-08,3,07:03:00,21:56:00,14.883333333333333,7,21,423.0,1316.0,0,0
52195,2024-07-09,3,07:02:00,22:02:00,15.0,7,22,422.0,1322.0,0,0
52195,2024-07-10,5,07:04:00,22:06:00,15.033333333333331,7,22,424.0,1326.0,0,0
52195,2024-07-11,5,07:08:00,22:02:00,14.9,7,22,428.0,1322.0,0,0
52195,2024-07-12,6,16:09:00,21:57:00,5.8,16,21,969.0,1317.0,2,2
52195,2024-07-13,6,07:02:00,22:00:00,14.966666666666669,7,22,422.0,1320.0,0,0
52195,2024-07-14,0,07:08:00,22:01:00,14.883333333333333,7,22,428.0,1321.0,0,0
52195,2024-07-15,0,07:06:00,12:01:00,4.916666666666667,7,12,426.0,721.0,1,1
52195,2024-07-16,1,07:04:00,22:01:00,14.95,7,22,424.0,1321.0,0,0
52195,2024-07-17,1,07:05:00,22:02:00,14.95,7,22,425.0,1322.0,0,0
52195,2024-07-18,2,07:06:00,22:01:00,14.916666666666666,7,22,426.0,1321.0,0,0
52195,2024-07-19,2,16:02:00,22:00:00,5.966666666666667,16,22,962.0,1320.0,2,2
52195,2024-07-20,3,07:08:00,22:00:00,14.866666666666667,7,22,428.0,1320.0,0,0
52195,2024-07-21,3,07:09:00,22:01:00,14.866666666666667,7,22,429.0,1321.0,0,0
52195,2024-07-22,5,07:06:00,22:06:00,15.0,7,22,426.0,1326.0,0,0
52195,2024-07-23,5,07:10:00,21:59:00,14.816666666666666,7,21,430.0,1319.0,0,0
52195,2024-07-24,6,07:09:00,22:01:00,14.866666666666667,7,22,429.0,1321.0,0,0
52195,2024-07-25,6,07:09:00,21:56:00,14.783333333333331,7,21,429.0,1316.0,0,0
52195,2024-07-26,0,16:02:00,22:01:00,5.983333333333333,16,22,962.0,1321.0,2,2
52195,2024-07-27,0,07:08:00,21:59:00,14.85,7,21,428.0,1319.0,0,0
52195,2024-07-28,1,07:08:00,22:00:00,14.866666666666667,7,22,428.0,1320.0,0,0
52195,2024-07-29,1,07:08:00,22:01:00,14.883333333333333,7,22,428.0,1321.0,0,0
52195,2024-07-30,2,07:10:00,22:01:00,14.85,7,22,430.0,1321.0,0,0
52195,2024-07-31,2,07:07:00,12:01:00,4.9,7,12,427.0,721.0,1,1
52195,2024-08-01,3,07:07:00,22:03:00,14.933333333333334,7,22,427.0,1323.0,0,0
52196,2024-06-04,5,07:43:00,23:00:00,15.283333333333331,7,23,463.0,1380.0,0,0
52196,2024-06-05,6,07:58:00,23:05:00,15.116666666666667,7,23,478.0,1385.0,0,0
52196,2024-06-06,6,07:58:00,23:13:00,15.25,7,23,478.0,1393.0,0,0
52196,2024-06-07,0,15:58:00,22:57:00,6.983333333333333,15,22,958.0,1377.0,2,2
52196,2024-06-08,0,08:01:00,23:00:00,14.983333333333333,8,23,481.0,1380.0,0,0
52196,2024-06-09,1,07:57:00,23:02:00,15.083333333333334,7,23,477.0,1382.0,0,0
52196,2024-06-10,1,08:00:00,23:03:00,15.05,8,23,480.0,1383.0,0,0
52196,2024-06-11,2,07:59:00,23:04:00,15.083333333333334,7,23,479.0,1384.0,0,0
52196,2024-06-12,2,07:59:00,23:00:00,15.016666666666667,7,23,479.0,1380.0,0,0
52196,2024-06-13,3,08:00:00,23:04:00,15.066666666666666,8,23,480.0,1384.0,0,0
52196,2024-06-14,3,16:00:00,23:00:00,7.0,16,23,960.0,1380.0,2,2
52196,2024-06-15,5,07:59:00,23:24:00,15.416666666666666,7,23,479.0,1404.0,0,0
52196,2024-06-19,5,07:56:00,23:19:00,15.383333333333333,7,23,476.0,1399.0,0,0
52196,2024-06-20,6,08:01:00,23:09:00,15.133333333333333,8,23,481.0,1389.0,0,0
52196,2024-06-21,6,16:02:00,22:54:00,6.866666666666666,16,22,962.0,1374.0,2,2
52196,2024-06-22,0,08:01:00,23:02:00,15.016666666666667,8,23,481.0,1382.0,0,0
52196,2024-06-23,0,08:02:00,23:00:00,14.966666666666669,8,23,482.0,1380.0,0,0
52196,2024-06-24,1,08:05:00,23:00:00,14.916666666666666,8,23,485.0,1380.0,0,0
52196,2024-06-25,1,07:57:00,22:56:00,14.983333333333333,7,22,477.0,1376.0,0,0
52196,2024-06-26,2,08:05:00,23:00:00,14.916666666666666,8,23,485.0,1380.0,0,0
52196,2024-06-27,2,08:02:00,22:58:00,14.933333333333334,8,22,482.0,1378.0,0,0
52196,2024-06-28,3,15:58:00,22:53:00,6.916666666666667,15,22,958.0,1373.0,2,2
52196,2024-06-29,3,07:58:00,23:08:00,15.166666666666666,7,23,478.0,1388.0,0,0
52196,2024-06-30,4,08:00:00,23:04:00,15.066666666666666,8,23,480.0,1384.0,0,0
52196,2024-07-01,4,08:02:00,23:13:00,15.183333333333334,8,23,482.0,1393.0,0,0
52196,2024-07-02,6,08:08:00,23:12:00,15.066666666666666,8,23,488.0,1392.0,0,0
52196,2024-07-03,6,08:03:00,23:21:00,15.3,8,23,483.0,1401.0,0,0
52196,2024-07-04,0,07:57:00,23:16:00,15.316666666666666,7,23,477.0,1396.0,0,0
52196,2024-07-05,0,16:03:00,22:54:00,6.85,16,22,963.0,1374.0,2,2
52196,2024-07-06,1,07:49:00,22:58:00,15.15,7,22,469.0,1378.0,0,0
52196,2024-07-07,1,07:18:00,22:58:00,15.666666666666666,7,22,438.0,1378.0,0,0
52196,2024-07-08,2,08:01:00,22:58:00,14.95,8,22,481.0,1378.0,0,0
52196,2024-07-09,2,07:59:00,23:02:00,15.05,7,23,479.0,1382.0,0,0
52196,2024-07-10,3,08:05:00,23:03:00,14.966666666666669,8,23,485.0,1383.0,0,0
52196,2024-07-11,3,08:12:00,23:10:00,14.966666666666669,8,23,492.0,1390.0,0,0
52196,2024-07-12,4,16:02:00,23:10:00,7.133333333333334,16,23,962.0,1390.0,2,2
52196,2024-07-13,4,08:06:00,23:02:00,14.933333333333334,8,23,486.0,1382.0,0,0
52196,2024-07-14,5,08:01:00,23:01:00,15.0,8,23,481.0,1381.0,0,0
52196,2024-07-15,5,08:00:00,23:02:00,15.033333333333331,8,23,480.0,1382.0,0,0
52196,2024-07-16,6,08:04:00,22:57:00,14.883333333333333,8,22,484.0,1377.0,0,0
52196,2024-07-17,6,08:05:00,23:01:00,14.933333333333334,8,23,485.0,1381.0,0,0
52196,2024-07-18,0,08:05:00,23:03:00,14.966666666666669,8,23,485.0,1383.0,0,0
52196,2024-07-19,0,16:04:00,23:04:00,7.0,16,23,964.0,1384.0,2,2
52196,2024-07-20,1,08:06:00,23:01:00,14.916666666666666,8,23,486.0,1381.0,0,0
52196,2024-07-21,1,07:52:00,22:56:00,15.066666666666666,7,22,472.0,1376.0,0,0
52196,2024-07-22,2,07:52:00,22:57:00,15.083333333333334,7,22,472.0,1377.0,0,0
52196,2024-07-23,2,08:04:00,22:54:00,14.833333333333334,8,22,484.0,1374.0,0,0
52196,2024-07-24,3,07:49:00,23:03:00,15.233333333333333,7,23,469.0,1383.0,0,0
52196,2024-07-25,3,07:57:00,23:13:00,15.266666666666667,7,23,477.0,1393.0,0,0
52196,2024-07-26,4,16:06:00,22:51:00,6.75,16,22,966.0,1371.0,2,2
52196,2024-07-27,4,08:01:00,22:53:00,14.866666666666667,8,22,481.0,1373.0,0,0
52196,2024-07-28,5,08:02:00,22:58:00,14.933333333333334,8,22,482.0,1378.0,0,0
52196,2024-07-29,5,08:01:00,23:01:00,15.0,8,23,481.0,1381.0,0,0
52196,2024-07-30,0,08:07:00,22:57:00,14.833333333333334,8,22,487.0,1377.0,0,0
52196,2024-07-31,0,08:10:00,23:06:00,14.933333333333334,8,23,490.0,1386.0,0,0
52196,2024-08-01,1,08:07:00,23:08:00,15.016666666666667,8,23,487.0,1388.0,0,0
52197,2024-06-05,2,06:33:00,15:51:00,9.3,6,15,393.0,951.0,3,3
52197,2024-06-06,3,06:35:00,16:11:00,9.6,6,16,395.0,971.0,3,3
52197,2024-06-07,3,07:10:00,16:09:00,8.983333333333333,7,16,430.0,969.0,3,3
52197,2024-06-08,4,06:33:00,14:58:00,8.416666666666666,6,14,393.0,898.0,3,3
52197,2024-06-09,4,06:37:00,16:08:00,9.516666666666667,6,16,397.0,968.0,3,3
52197,2024-06-11,5,06:29:00,16:13:00,9.733333333333333,6,16,389.0,973.0,3,3
52197,2024-06-12,6,06:33:00,16:19:00,9.766666666666667,6,16,393.0,979.0,3,3
52197,2024-06-13,6,06:31:00,16:08:00,9.616666666666667,6,16,391.0,968.0,3,3
52197,2024-06-14,0,06:40:00,15:33:00,8.883333333333333,6,15,400.0,933.0,3,3
52197,2024-06-19,1,06:33:00,16:21:00,9.8,6,16,393.0,981.0,3,3
52197,2024-06-20,1,06:34:00,16:04:00,9.5,6,16,394.0,964.0,3,3
52197,2024-06-21,2,07:06:00,16:14:00,9.133333333333333,7,16,426.0,974.0,3,3
52197,2024-06-22,2,06:58:00,16:07:00,9.15,6,16,418.0,967.0,3,3
52197,2024-06-23,3,06:47:00,16:10:00,9.383333333333333,6,16,407.0,970.0,3,3
52197,2024-06-24,3,06:40:00,16:11:00,9.516666666666667,6,16,400.0,971.0,3,3
52197,2024-06-25,5,06:38:00,16:13:00,9.583333333333334,6,16,398.0,973.0,3,3
52197,2024-06-27,5,06:34:00,16:12:00,9.633333333333333,6,16,394.0,972.0,3,3
52197,2024-06-28,6,06:59:00,16:16:00,9.283333333333331,6,16,419.0,976.0,3,3
52197,2024-06-29,6,06:38:00,16:10:00,9.533333333333331,6,16,398.0,970.0,3,3
52197,2024-06-30,0,06:39:00,16:09:00,9.5,6,16,399.0,969.0,3,3
52197,2024-07-01,0,06:38:00,14:33:00,7.916666666666667,6,14,398.0,873.0,1,1
52197,2024-07-03,1,06:43:00,15:22:00,8.65,6,15,403.0,922.0,3,3
52197,2024-07-04,1,06:43:00,16:05:00,9.366666666666667,6,16,403.0,965.0,3,3
52197,2024-07-06,2,06:39:00,15:52:00,9.216666666666669,6,15,399.0,952.0,3,3
52197,2024-07-08,2,06:34:00,15:46:00,9.2,6,15,394.0,946.0,3,3
52197,2024-07-10,3,06:32:00,15:54:00,9.366666666666667,6,15,392.0,954.0,3,3
52197,2024-07-12,5,06:38:00,15:32:00,8.9,6,15,398.0,932.0,3,3
52197,2024-07-13,6,06:39:00,15:47:00,9.133333333333333,6,15,399.0,947.0,3,3
52197,2024-07-15,0,06:36:00,15:40:00,9.066666666666666,6,15,396.0,940.0,3,3
52197,2024-07-20,1,06:32:00,15:42:00,9.166666666666666,6,15,392.0,942.0,3,3
52197,2024-07-21,2,06:40:00,15:47:00,9.116666666666667,6,15,400.0,947.0,3,3
52197,2024-07-22,2,06:36:00,15:55:00,9.316666666666666,6,15,396.0,955.0,3,3
52197,2024-07-23,3,06:30:00,15:55:00,9.416666666666666,6,15,390.0,955.0,3,3
52197,2024-07-24,3,06:29:00,14:22:00,7.883333333333334,6,14,389.0,862.0,1,1
52197,2024-07-26,4,06:49:00,14:58:00,8.15,6,14,409.0,898.0,3,3
52197,2024-07-27,4,06:32:00,15:56:00,9.4,6,15,392.0,956.0,3,3
52197,2024-07-28,5,06:26:00,16:05:00,9.65,6,16,386.0,965.0,3,3
52197,2024-07-29,5,06:22:00,15:27:00,9.083333333333334,6,15,382.0,927.0,3,3
52197,2024-07-31,1,06:30:00,14:58:00,8.466666666666667,6,14,390.0,898.0,3,3
52197,2024-08-01,2,06:34:00,15:35:00,9.016666666666667,6,15,394.0,935.0,3,3
52197,2024-08-02,2,06:36:00,15:50:00,9.233333333333333,6,15,396.0,950.0,3,3
52199,2024-06-04,5,07:08:00,22:00:00,14.866666666666667,7,22,428.0,1320.0,0,0
52199,2024-06-05,6,07:07:00,22:00:00,14.883333333333333,7,22,427.0,1320.0,0,0
52199,2024-06-06,6,07:08:00,22:00:00,14.866666666666667,7,22,428.0,1320.0,0,0
52199,2024-06-07,0,16:02:00,22:00:00,5.966666666666667,16,22,962.0,1320.0,2,2
52199,2024-06-08,0,07:04:00,22:00:00,14.933333333333334,7,22,424.0,1320.0,0,0
52199,2024-06-09,1,07:08:00,22:00:00,14.866666666666667,7,22,428.0,1320.0,0,0
52199,2024-06-10,1,07:31:00,22:03:00,14.533333333333331,7,22,451.0,1323.0,0,0
52199,2024-06-11,2,07:11:00,22:03:00,14.866666666666667,7,22,431.0,1323.0,0,0
52199,2024-06-12,2,07:04:00,22:00:00,14.933333333333334,7,22,424.0,1320.0,0,0
52199,2024-06-13,3,07:04:00,21:58:00,14.9,7,21,424.0,1318.0,0,0
52199,2024-06-14,3,16:01:00,21:59:00,5.966666666666667,16,21,961.0,1319.0,2,2
52199,2024-06-15,4,07:14:00,22:53:00,15.65,7,22,434.0,1373.0,0,0
52199,2024-06-19,4,07:01:00,22:00:00,14.983333333333333,7,22,421.0,1320.0,0,0
52199,2024-06-20,5,07:05:00,21:59:00,14.9,7,21,425.0,1319.0,0,0
52199,2024-06-21,5,16:00:00,22:01:00,6.016666666666667,16,22,960.0,1321.0,2,2
52199,2024-06-22,6,06:58:00,21:59:00,15.016666666666667,6,21,418.0,1319.0,0,0
52199,2024-06-23,6,07:08:00,22:00:00,14.866666666666667,7,22,428.0,1320.0,0,0
52199,2024-06-24,0,07:08:00,22:00:00,14.866666666666667,7,22,428.0,1320.0,0,0
52199,2024-06-25,0,07:00:00,22:00:00,15.0,7,22,420.0,1320.0,0,0
52199,2024-06-26,1,07:03:00,21:58:00,14.916666666666666,7,21,423.0,1318.0,0,0
52199,2024-06-27,1,07:01:00,22:00:00,14.983333333333333,7,22,421.0,1320.0,0,0
52199,2024-06-28,2,16:00:00,22:21:00,6.35,16,22,960.0,1341.0,2,2
52199,2024-06-29,2,07:14:00,22:00:00,14.766666666666667,7,22,434.0,1320.0,0,0
52199,2024-06-30,3,07:06:00,22:00:00,14.9,7,22,426.0,1320.0,0,0
52199,2024-07-01,3,07:06:00,22:00:00,14.9,7,22,426.0,1320.0,0,0
52199,2024-07-02,4,07:03:00,22:00:00,14.95,7,22,423.0,1320.0,0,0
52199,2024-07-03,4,07:01:00,21:59:00,14.966666666666669,7,21,421.0,1319.0,0,0
52199,2024-07-04,5,07:09:00,22:00:00,14.85,7,22,429.0,1320.0,0,0
52199,2024-07-05,5,16:04:00,22:00:00,5.933333333333334,16,22,964.0,1320.0,2,2
52199,2024-07-06,6,07:02:00,22:01:00,14.983333333333333,7,22,422.0,1321.0,0,0
52199,2024-07-07,6,07:01:00,21:59:00,14.966666666666669,7,21,421.0,1319.0,0,0
52199,2024-07-08,0,07:01:00,22:00:00,14.983333333333333,7,22,421.0,1320.0,0,0
52199,2024-07-09,0,07:06:00,22:00:00,14.9,7,22,426.0,1320.0,0,0
52199,2024-07-10,1,07:06:00,22:00:00,14.9,7,22,426.0,1320.0,0,0
52199,2024-07-11,1,07:12:00,21:59:00,14.783333333333331,7,21,432.0,1319.0,0,0
52199,2024-07-12,2,16:05:00,22:00:00,5.916666666666667,16,22,965.0,1320.0,2,2
52199,2024-07-13,2,07:01:00,22:01:00,15.0,7,22,421.0,1321.0,0,0
52199,2024-07-14,3,07:12:00,21:59:00,14.783333333333331,7,21,432.0,1319.0,0,0
52199,2024-07-15,3,07:07:00,22:03:00,14.933333333333334,7,22,427.0,1323.0,0,0
52199,2024-07-16,4,07:06:00,22:01:00,14.916666666666666,7,22,426.0,1321.0,0,0
52199,2024-07-17,4,07:09:00,22:00:00,14.85,7,22,429.0,1320.0,0,0
52199,2024-07-18,5,07:02:00,22:07:00,15.083333333333334,7,22,422.0,1327.0,0,0
52199,2024-07-19,5,16:02:00,22:00:00,5.966666666666667,16,22,962.0,1320.0,2,2
52199,2024-07-20,6,07:12:00,21:57:00,14.75,7,21,432.0,1317.0,0,0
52199,2024-07-21,6,07:10:00,21:59:00,14.816666666666666,7,21,430.0,1319.0,0,0
52199,2024-07-22,0,07:04:00,21:57:00,14.883333333333333,7,21,424.0,1317.0,0,0
52199,2024-07-23,0,07:13:00,22:00:00,14.783333333333331,7,22,433.0,1320.0,0,0
52199,2024-07-24,1,07:16:00,11:59:00,4.716666666666667,7,11,436.0,719.0,1,1
52199,2024-07-25,1,07:05:00,11:59:00,4.9,7,11,425.0,719.0,1,1
52200,2024-07-01,2,00:03:00,08:05:00,8.033333333333333,0,8,3.0,485.0,4,4
52200,2024-07-05,3,00:49:00,10:49:00,10.0,0,10,49.0,649.0,4,4
52200,2024-07-06,4,00:00:00,10:16:00,10.266666666666667,0,10,0.0,616.0,4,4
52200,2024-07-07,4,00:00:00,15:59:00,15.983333333333333,0,15,0.0,959.0,4,4
52200,2024-07-08,0,00:00:00,15:59:00,15.983333333333333,0,15,0.0,959.0,4,4
52200,2024-07-12,1,00:36:00,10:59:00,10.383333333333333,0,10,36.0,659.0,4,4
52200,2024-07-13,2,00:02:00,10:15:00,10.216666666666669,0,10,2.0,615.0,4,4
52200,2024-07-14,2,00:06:00,10:17:00,10.183333333333334,0,10,6.0,617.0,4,4
52200,2024-07-15,3,00:07:00,10:19:00,10.2,0,10,7.0,619.0,4,4
52200,2024-07-19,4,00:52:00,15:59:00,15.116666666666667,0,15,52.0,959.0,4,4
52200,2024-07-22,5,00:04:00,10:33:00,10.483333333333333,0,10,4.0,633.0,4,4
52200,2024-07-23,5,00:01:00,10:33:00,10.533333333333331,0,10,1.0,633.0,4,4
52200,2024-07-24,6,00:04:00,11:09:00,11.083333333333334,0,11,4.0,669.0,4,4
52200,2024-07-25,6,00:05:00,10:22:00,10.283333333333331,0,10,5.0,622.0,4,4
52200,2024-07-26,0,00:53:00,10:52:00,9.983333333333333,0,10,53.0,652.0,4,4
52200,2024-07-28,0,00:01:00,10:33:00,10.533333333333331,0,10,1.0,633.0,4,4
52200,2024-08-01,2,00:05:00,10:14:00,10.15,0,10,5.0,614.0,4,4
52201,2024-06-15,4,08:59:00,16:35:00,7.6,8,16,539.0,995.0,3,3
52201,2024-07-19,1,16:18:00,20:02:00,3.733333333333333,16,20,978.0,1202.0,2,2
52204,2024-07-01,2,10:08:00,16:04:00,5.933333333333334,10,16,608.0,964.0,3,3
52204,2024-07-02,2,09:59:00,16:00:00,6.016666666666667,9,16,599.0,960.0,3,3
52204,2024-07-03,3,10:00:00,16:00:00,6.0,10,16,600.0,960.0,3,3
52204,2024-07-04,3,02:01:00,16:00:00,13.983333333333333,2,16,121.0,960.0,4,4
52204,2024-07-06,4,09:57:00,16:02:00,6.083333333333333,9,16,597.0,962.0,3,3
52204,2024-07-07,4,09:57:00,16:00:00,6.05,9,16,597.0,960.0,3,3
52204,2024-07-08,5,00:00:00,23:59:00,23.98333333333333,0,23,0.0,1439.0,0,0
52204,2024-07-09,5,08:01:00,12:00:00,3.983333333333333,8,12,481.0,720.0,1,1
52204,2024-07-10,6,07:59:00,12:00:00,4.016666666666667,7,12,479.0,720.0,1,1
52204,2024-07-11,6,08:00:00,12:00:00,4.0,8,12,480.0,720.0,1,1
52204,2024-07-13,0,08:01:00,12:01:00,4.0,8,12,481.0,721.0,1,1
52204,2024-07-14,0,08:00:00,12:02:00,4.033333333333333,8,12,480.0,722.0,1,1
52204,2024-07-15,1,08:01:00,12:03:00,4.033333333333333,8,12,481.0,723.0,1,1
52204,2024-07-16,1,08:02:00,12:02:00,4.0,8,12,482.0,722.0,1,1
52204,2024-07-17,2,07:59:00,12:01:00,4.033333333333333,7,12,479.0,721.0,1,1
52204,2024-07-18,2,07:58:00,12:00:00,4.033333333333333,7,12,478.0,720.0,1,1
52204,2024-07-20,3,07:59:00,12:00:00,4.016666666666667,7,12,479.0,720.0,1,1
52204,2024-07-21,3,08:02:00,12:03:00,4.016666666666667,8,12,482.0,723.0,1,1
52204,2024-07-22,4,07:59:00,12:00:00,4.016666666666667,7,12,479.0,720.0,1,1
52204,2024-07-23,4,08:00:00,12:32:00,4.533333333333333,8,12,480.0,752.0,1,1
52204,2024-07-24,5,08:01:00,12:00:00,3.983333333333333,8,12,481.0,720.0,1,1
52204,2024-07-25,5,08:21:00,11:59:00,3.633333333333333,8,11,501.0,719.0,1,1
52204,2024-07-27,6,08:01:00,12:02:00,4.016666666666667,8,12,481.0,722.0,1,1
52204,2024-07-28,6,08:01:00,23:59:00,15.966666666666669,8,23,481.0,1439.0,0,0
52204,2024-07-29,0,08:01:00,12:29:00,4.466666666666667,8,12,481.0,749.0,1,1
52204,2024-07-30,0,08:00:00,12:02:00,4.033333333333333,8,12,480.0,722.0,1,1
52204,2024-07-31,1,08:02:00,12:04:00,4.033333333333333,8,12,482.0,724.0,1,1
52204,2024-08-01,1,08:02:00,12:00:00,3.966666666666667,8,12,482.0,720.0,1,1
52205,2024-06-02,2,12:07:00,15:55:00,3.8,12,15,727.0,955.0,3,3
52205,2024-06-03,2,07:57:00,21:28:00,13.516666666666667,7,21,477.0,1288.0,0,0
52205,2024-06-04,3,08:03:00,21:27:00,13.4,8,21,483.0,1287.0,0,0
52205,2024-06-05,3,07:55:00,18:20:00,10.416666666666666,7,18,475.0,1100.0,3,3
52205,2024-06-06,4,15:58:00,22:27:00,6.483333333333333,15,22,958.0,1347.0,2,2
52205,2024-06-07,4,15:55:00,20:25:00,4.5,15,20,955.0,1225.0,2,2
52205,2024-06-08,5,08:04:00,15:54:00,7.833333333333333,8,15,484.0,954.0,3,3
52205,2024-06-09,5,07:54:00,18:55:00,11.016666666666667,7,18,474.0,1135.0,3,3
52205,2024-06-10,6,08:05:00,20:44:00,12.65,8,20,485.0,1244.0,0,0
52205,2024-06-11,6,08:16:00,15:52:00,7.6,8,15,496.0,952.0,3,3
52205,2024-06-12,0,10:04:00,17:54:00,7.833333333333333,10,17,604.0,1074.0,3,3
52205,2024-06-13,0,07:57:00,21:52:00,13.916666666666666,7,21,477.0,1312.0,0,0
52205,2024-06-15,1,07:57:00,15:54:00,7.95,7,15,477.0,954.0,3,3
52205,2024-06-17,1,07:57:00,16:07:00,8.166666666666666,7,16,477.0,967.0,3,3
52205,2024-06-19,2,08:05:00,21:21:00,13.266666666666667,8,21,485.0,1281.0,0,0
52205,2024-06-20,2,08:04:00,11:53:00,3.816666666666667,8,11,484.0,713.0,1,1
52205,2024-06-22,3,08:41:00,16:47:00,8.1,8,16,521.0,1007.0,3,3
52205,2024-06-23,4,16:02:00,21:50:00,5.8,16,21,962.0,1310.0,2,2
52205,2024-06-24,4,08:07:00,21:43:00,13.6,8,21,487.0,1303.0,0,0
52205,2024-06-25,5,08:05:00,18:33:00,10.466666666666669,8,18,485.0,1113.0,3,3
52205,2024-06-26,5,08:05:00,11:51:00,3.7666666666666666,8,11,485.0,711.0,1,1
52205,2024-06-29,6,08:07:00,11:54:00,3.783333333333333,8,11,487.0,714.0,1,1
52205,2024-06-30,6,08:06:00,16:51:00,8.75,8,16,486.0,1011.0,3,3
52205,2024-07-01,0,08:05:00,21:31:00,13.433333333333334,8,21,485.0,1291.0,0,0
52205,2024-07-02,0,08:22:00,17:46:00,9.4,8,17,502.0,1066.0,3,3
52205,2024-07-03,1,08:29:00,17:08:00,8.65,8,17,509.0,1028.0,3,3
52205,2024-07-04,1,08:15:00,19:39:00,11.4,8,19,495.0,1179.0,0,0
52205,2024-07-06,2,08:05:00,20:08:00,12.05,8,20,485.0,1208.0,0,0
52205,2024-07-07,2,08:05:00,21:54:00,13.816666666666666,8,21,485.0,1314.0,0,0
52205,2024-07-08,3,08:07:00,21:52:00,13.75,8,21,487.0,1312.0,0,0
52205,2024-07-09,3,08:05:00,16:08:00,8.05,8,16,485.0,968.0,3,3
52205,2024-07-10,4,08:07:00,21:55:00,13.8,8,21,487.0,1315.0,0,0
52205,2024-07-11,4,08:12:00,16:08:00,7.933333333333334,8,16,492.0,968.0,3,3
52205,2024-07-13,5,07:55:00,21:36:00,13.683333333333334,7,21,475.0,1296.0,0,0
52205,2024-07-15,6,08:06:00,21:57:00,13.85,8,21,486.0,1317.0,0,0
52205,2024-07-16,0,07:55:00,21:06:00,13.183333333333334,7,21,475.0,1266.0,0,0
52205,2024-07-17,0,08:05:00,11:50:00,3.75,8,11,485.0,710.0,1,1
52205,2024-07-18,1,08:05:00,22:03:00,13.966666666666669,8,22,485.0,1323.0,0,0
52205,2024-07-20,1,08:05:00,21:07:00,13.033333333333331,8,21,485.0,1267.0,0,0
52205,2024-07-21,2,08:05:00,21:52:00,13.783333333333331,8,21,485.0,1312.0,0,0
52205,2024-07-22,2,08:05:00,21:51:00,13.766666666666667,8,21,485.0,1311.0,0,0
52205,2024-07-23,3,08:06:00,17:53:00,9.783333333333331,8,17,486.0,1073.0,3,3
52205,2024-07-24,3,08:15:00,21:50:00,13.583333333333334,8,21,495.0,1310.0,0,0
52205,2024-07-25,4,08:06:00,20:08:00,12.033333333333331,8,20,486.0,1208.0,0,0
52205,2024-07-27,4,08:06:00,21:53:00,13.783333333333331,8,21,486.0,1313.0,0,0
52205,2024-07-28,2,08:06:00,20:15:00,12.15,8,20,486.0,1215.0,0,0
52205,2024-07-29,2,08:05:00,19:08:00,11.05,8,19,485.0,1148.0,0,0
52205,2024-07-31,3,08:38:00,12:59:00,4.35,8,12,518.0,779.0,1,1
52205,2024-08-01,3,08:06:00,22:04:00,13.966666666666669,8,22,486.0,1324.0,0,0
52206,2024-07-01,4,00:03:00,10:06:00,10.05,0,10,3.0,606.0,4,4
52206,2024-07-04,5,00:00:00,10:04:00,10.066666666666666,0,10,0.0,604.0,4,4
52206,2024-07-05,5,00:50:00,10:46:00,9.933333333333334,0,10,50.0,646.0,4,4
52206,2024-07-06,6,00:01:00,10:01:00,10.0,0,10,1.0,601.0,4,4
52206,2024-07-07,6,00:00:00,10:00:00,10.0,0,10,0.0,600.0,4,4
52206,2024-07-08,0,00:00:00,15:59:00,15.983333333333333,0,15,0.0,959.0,4,4
52207,2024-07-01,5,08:04:00,11:59:00,3.9166666666666665,8,11,484.0,719.0,1,1
52207,2024-07-03,6,08:00:00,23:59:00,15.983333333333333,8,23,480.0,1439.0,0,0
52207,2024-07-04,0,08:01:00,23:58:00,15.95,8,23,481.0,1438.0,0,0
52207,2024-07-05,0,08:01:00,10:46:00,2.75,8,10,481.0,646.0,1,1
52207,2024-07-06,1,08:02:00,12:01:00,3.983333333333333,8,12,482.0,721.0,1,1
52207,2024-07-07,1,08:16:00,11:58:00,3.7,8,11,496.0,718.0,1,1
52207,2024-07-08,2,08:02:00,23:59:00,15.95,8,23,482.0,1439.0,0,0
52207,2024-07-09,2,08:02:00,12:00:00,3.966666666666667,8,12,482.0,720.0,1,1
52207,2024-07-10,4,08:00:00,22:03:00,14.05,8,22,480.0,1323.0,0,0
52207,2024-07-11,4,08:01:00,22:01:00,14.0,8,22,481.0,1321.0,0,0
52207,2024-07-12,5,08:04:00,16:00:00,7.933333333333334,8,16,484.0,960.0,3,3
52207,2024-07-13,5,08:16:00,12:00:00,3.733333333333333,8,12,496.0,720.0,1,1
52207,2024-07-14,6,08:01:00,12:02:00,4.016666666666667,8,12,481.0,722.0,1,1
52207,2024-07-15,6,15:56:00,22:00:00,6.066666666666666,15,22,956.0,1320.0,2,2
52207,2024-07-16,0,08:02:00,22:01:00,13.983333333333333,8,22,482.0,1321.0,0,0
52207,2024-07-17,0,08:13:00,22:00:00,13.783333333333331,8,22,493.0,1320.0,0,0
52207,2024-07-18,1,08:11:00,22:01:00,13.833333333333334,8,22,491.0,1321.0,0,0
52207,2024-07-19,1,08:02:00,22:01:00,13.983333333333333,8,22,482.0,1321.0,0,0
52207,2024-07-20,2,08:00:00,22:01:00,14.016666666666667,8,22,480.0,1321.0,0,0
52207,2024-07-21,2,08:03:00,22:01:00,13.966666666666669,8,22,483.0,1321.0,0,0
52207,2024-07-22,4,08:00:00,22:00:00,14.0,8,22,480.0,1320.0,0,0
52207,2024-07-23,4,08:00:00,21:58:00,13.966666666666669,8,21,480.0,1318.0,0,0
52207,2024-07-24,5,08:16:00,22:01:00,13.75,8,22,496.0,1321.0,0,0
52207,2024-07-25,5,08:04:00,22:00:00,13.933333333333334,8,22,484.0,1320.0,0,0
52207,2024-07-26,6,08:04:00,10:51:00,2.783333333333333,8,10,484.0,651.0,1,1
52207,2024-07-27,6,08:02:00,22:01:00,13.983333333333333,8,22,482.0,1321.0,0,0
52207,2024-07-28,0,08:02:00,12:01:00,3.983333333333333,8,12,482.0,721.0,1,1
52207,2024-07-29,0,08:02:00,23:13:00,15.183333333333334,8,23,482.0,1393.0,0,0
52207,2024-07-30,1,08:01:00,22:55:00,14.9,8,22,481.0,1375.0,0,0
52207,2024-07-31,1,08:03:00,22:50:00,14.783333333333331,8,22,483.0,1370.0,0,0
52207,2024-08-01,2,08:03:00,22:59:00,14.933333333333334,8,22,483.0,1379.0,0,0
52207,2024-08-02,2,08:04:00,10:46:00,2.7,8,10,484.0,646.0,1,1
52209,2024-06-04,5,07:59:00,22:12:00,14.216666666666669,7,22,479.0,1332.0,0,0
52209,2024-06-05,6,08:08:00,21:52:00,13.733333333333333,8,21,488.0,1312.0,0,0
52209,2024-06-06,6,08:05:00,12:04:00,3.983333333333333,8,12,485.0,724.0,1,1
52209,2024-06-08,0,07:59:00,22:08:00,14.15,7,22,479.0,1328.0,0,0
52209,2024-06-09,0,08:03:00,22:36:00,14.55,8,22,483.0,1356.0,0,0
52209,2024-06-10,1,08:08:00,21:56:00,13.8,8,21,488.0,1316.0,0,0
52209,2024-06-11,1,07:57:00,21:50:00,13.883333333333333,7,21,477.0,1310.0,0,0
52209,2024-06-12,2,07:51:00,22:09:00,14.3,7,22,471.0,1329.0,0,0
52209,2024-06-13,2,08:19:00,16:04:00,7.75,8,16,499.0,964.0,3,3
52209,2024-06-14,5,15:59:00,21:43:00,5.733333333333333,15,21,959.0,1303.0,2,2
52209,2024-06-15,5,08:00:00,21:10:00,13.166666666666666,8,21,480.0,1270.0,0,0
52209,2024-06-19,6,08:01:00,21:43:00,13.7,8,21,481.0,1303.0,0,0
52209,2024-06-20,6,08:01:00,21:49:00,13.8,8,21,481.0,1309.0,0,0
52209,2024-06-22,0,07:53:00,21:41:00,13.8,7,21,473.0,1301.0,0,0
52209,2024-06-23,1,07:57:00,22:04:00,14.116666666666667,7,22,477.0,1324.0,0,0
52209,2024-06-24,1,08:11:00,21:53:00,13.7,8,21,491.0,1313.0,0,0
52209,2024-06-25,2,08:09:00,22:09:00,14.0,8,22,489.0,1329.0,0,0
52209,2024-06-26,2,08:01:00,21:58:00,13.95,8,21,481.0,1318.0,0,0
52209,2024-06-27,1,08:19:00,21:59:00,13.666666666666666,8,21,499.0,1319.0,0,0
52209,2024-06-28,2,15:48:00,21:23:00,5.583333333333333,15,21,948.0,1283.0,2,2
52209,2024-06-29,2,07:57:00,21:53:00,13.933333333333334,7,21,477.0,1313.0,0,0
52209,2024-06-30,3,08:03:00,22:14:00,14.183333333333334,8,22,483.0,1334.0,0,0
52209,2024-07-01,3,08:09:00,22:14:00,14.083333333333334,8,22,489.0,1334.0,0,0
52209,2024-07-02,4,07:46:00,21:53:00,14.116666666666667,7,21,466.0,1313.0,0,0
52209,2024-07-03,4,07:45:00,21:54:00,14.15,7,21,465.0,1314.0,0,0
52209,2024-07-04,5,07:47:00,22:02:00,14.25,7,22,467.0,1322.0,0,0
52209,2024-07-05,5,15:45:00,21:29:00,5.733333333333333,15,21,945.0,1289.0,2,2
52209,2024-07-06,6,08:09:00,21:55:00,13.766666666666667,8,21,489.0,1315.0,0,0
52209,2024-07-07,0,07:57:00,22:06:00,14.15,7,22,477.0,1326.0,0,0
52209,2024-07-08,0,08:06:00,22:07:00,14.016666666666667,8,22,486.0,1327.0,0,0
52209,2024-07-09,1,08:00:00,21:57:00,13.95,8,21,480.0,1317.0,0,0
52209,2024-07-10,1,08:12:00,21:57:00,13.75,8,21,492.0,1317.0,0,0
52209,2024-07-11,2,08:01:00,21:46:00,13.75,8,21,481.0,1306.0,0,0
52209,2024-07-12,2,16:10:00,21:32:00,5.366666666666666,16,21,970.0,1292.0,2,2
52209,2024-07-13,3,07:53:00,22:07:00,14.233333333333333,7,22,473.0,1327.0,0,0
52209,2024-07-14,4,08:02:00,21:57:00,13.916666666666666,8,21,482.0,1317.0,0,0
52209,2024-07-15,4,08:02:00,22:09:00,14.116666666666667,8,22,482.0,1329.0,0,0
52209,2024-07-16,5,07:58:00,21:54:00,13.933333333333334,7,21,478.0,1314.0,0,0
52209,2024-07-17,1,08:04:00,21:58:00,13.9,8,21,484.0,1318.0,0,0
52209,2024-07-18,1,07:57:00,22:03:00,14.1,7,22,477.0,1323.0,0,0
52209,2024-07-19,2,16:12:00,21:44:00,5.533333333333333,16,21,972.0,1304.0,2,2
52209,2024-07-20,2,07:50:00,21:53:00,14.05,7,21,470.0,1313.0,0,0
52209,2024-07-21,3,07:59:00,22:03:00,14.066666666666666,7,22,479.0,1323.0,0,0
52209,2024-07-22,3,07:57:00,21:54:00,13.95,7,21,477.0,1314.0,0,0
52209,2024-07-23,4,07:49:00,22:02:00,14.216666666666669,7,22,469.0,1322.0,0,0
52209,2024-07-24,4,07:48:00,21:55:00,14.116666666666667,7,21,468.0,1315.0,0,0
52209,2024-07-25,5,08:04:00,21:52:00,13.8,8,21,484.0,1312.0,0,0
52209,2024-07-26,6,15:43:00,21:43:00,6.0,15,21,943.0,1303.0,2,2
52209,2024-07-27,6,08:01:00,21:53:00,13.866666666666667,8,21,481.0,1313.0,0,0
52209,2024-07-28,0,08:02:00,21:53:00,13.85,8,21,482.0,1313.0,0,0
52209,2024-07-29,1,08:03:00,16:04:00,8.016666666666667,8,16,483.0,964.0,3,3
52209,2024-07-30,1,07:57:00,21:55:00,13.966666666666669,7,21,477.0,1315.0,0,0
52209,2024-07-31,2,08:01:00,22:05:00,14.066666666666666,8,22,481.0,1325.0,0,0
52209,2024-08-01,2,08:10:00,22:13:00,14.05,8,22,490.0,1333.0,0,0
52210,2024-06-03,3,08:08:00,22:13:00,14.083333333333334,8,22,488.0,1333.0,0,0
52210,2024-06-04,4,08:05:00,16:09:00,8.066666666666666,8,16,485.0,969.0,3,3
52210,2024-06-05,4,08:05:00,22:06:00,14.016666666666667,8,22,485.0,1326.0,0,0
52210,2024-06-06,5,08:05:00,22:09:00,14.066666666666666,8,22,485.0,1329.0,0,0
52210,2024-06-07,5,08:06:00,22:05:00,13.983333333333333,8,22,486.0,1325.0,0,0
52210,2024-06-08,0,08:07:00,22:02:00,13.916666666666666,8,22,487.0,1322.0,0,0
52210,2024-06-09,0,08:05:00,22:05:00,14.0,8,22,485.0,1325.0,0,0
52210,2024-06-10,2,08:04:00,21:55:00,13.85,8,21,484.0,1315.0,0,0
52210,2024-06-12,3,08:08:00,22:09:00,14.016666666666667,8,22,488.0,1329.0,0,0
52210,2024-06-13,3,08:07:00,21:54:00,13.783333333333331,8,21,487.0,1314.0,0,0
52210,2024-06-14,4,08:02:00,11:00:00,2.966666666666667,8,11,482.0,660.0,1,1
52210,2024-06-15,6,08:07:00,22:10:00,14.05,8,22,487.0,1330.0,0,0
52210,2024-06-17,6,07:57:00,21:49:00,13.866666666666667,7,21,477.0,1309.0,0,0
52210,2024-06-18,0,07:57:00,21:53:00,13.933333333333334,7,21,477.0,1313.0,0,0
52210,2024-06-19,0,07:55:00,21:54:00,13.983333333333333,7,21,475.0,1314.0,0,0
52210,2024-06-20,1,07:55:00,21:53:00,13.966666666666669,7,21,475.0,1313.0,0,0
52210,2024-06-21,1,07:57:00,21:52:00,13.916666666666666,7,21,477.0,1312.0,0,0
52210,2024-06-22,2,07:57:00,21:53:00,13.933333333333334,7,21,477.0,1313.0,0,0
52210,2024-06-23,2,07:55:00,21:50:00,13.916666666666666,7,21,475.0,1310.0,0,0
52210,2024-06-24,3,15:55:00,21:52:00,5.95,15,21,955.0,1312.0,2,2
52210,2024-06-25,3,07:55:00,21:53:00,13.966666666666669,7,21,475.0,1313.0,0,0
52210,2024-06-26,4,07:55:00,21:50:00,13.916666666666666,7,21,475.0,1310.0,0,0
52210,2024-06-27,4,07:56:00,22:08:00,14.2,7,22,476.0,1328.0,0,0
52210,2024-06-28,5,07:55:00,21:51:00,13.933333333333334,7,21,475.0,1311.0,0,0
52210,2024-06-29,5,07:56:00,22:00:00,14.066666666666666,7,22,476.0,1320.0,0,0
52210,2024-06-30,6,07:55:00,21:57:00,14.033333333333331,7,21,475.0,1317.0,0,0
52210,2024-07-01,6,08:06:00,16:08:00,8.033333333333333,8,16,486.0,968.0,3,3
52210,2024-07-02,0,08:07:00,22:40:00,14.55,8,22,487.0,1360.0,0,0
52210,2024-07-03,0,08:06:00,22:13:00,14.116666666666667,8,22,486.0,1333.0,0,0
52210,2024-07-04,2,08:05:00,22:07:00,14.033333333333331,8,22,485.0,1327.0,0,0
52210,2024-07-05,2,08:06:00,22:07:00,14.016666666666667,8,22,486.0,1327.0,0,0
52210,2024-07-06,3,08:05:00,22:09:00,14.066666666666666,8,22,485.0,1329.0,0,0
52210,2024-07-07,3,08:05:00,22:10:00,14.083333333333334,8,22,485.0,1330.0,0,0
52210,2024-07-08,4,08:07:00,22:06:00,13.983333333333333,8,22,487.0,1326.0,0,0
52210,2024-07-09,4,08:05:00,22:12:00,14.116666666666667,8,22,485.0,1332.0,0,0
52210,2024-07-10,5,08:08:00,22:11:00,14.05,8,22,488.0,1331.0,0,0
52210,2024-07-11,5,08:05:00,21:53:00,13.8,8,21,485.0,1313.0,0,0
52210,2024-07-12,6,08:08:00,22:07:00,13.983333333333333,8,22,488.0,1327.0,0,0
52210,2024-07-13,6,08:05:00,22:07:00,14.033333333333331,8,22,485.0,1327.0,0,0
52210,2024-07-14,0,08:06:00,22:09:00,14.05,8,22,486.0,1329.0,0,0
52210,2024-07-15,0,08:06:00,22:10:00,14.066666666666666,8,22,486.0,1330.0,0,0
52210,2024-07-16,1,07:55:00,21:52:00,13.95,7,21,475.0,1312.0,0,0
52210,2024-07-17,1,07:55:00,21:55:00,14.0,7,21,475.0,1315.0,0,0
52210,2024-07-18,2,07:56:00,21:53:00,13.95,7,21,476.0,1313.0,0,0
52210,2024-07-19,2,15:55:00,18:37:00,2.7,15,18,955.0,1117.0,2,2
52210,2024-07-20,3,07:55:00,21:51:00,13.933333333333334,7,21,475.0,1311.0,0,0
52210,2024-07-21,3,11:52:00,15:57:00,4.083333333333333,11,15,712.0,957.0,3,3
52210,2024-07-22,4,08:06:00,21:51:00,13.75,8,21,486.0,1311.0,0,0
52210,2024-07-23,4,07:56:00,21:52:00,13.933333333333334,7,21,476.0,1312.0,0,0
52210,2024-07-24,5,07:56:00,21:50:00,13.9,7,21,476.0,1310.0,0,0
52210,2024-07-25,5,07:56:00,21:51:00,13.916666666666666,7,21,476.0,1311.0,0,0
52210,2024-07-26,6,07:56:00,21:51:00,13.916666666666666,7,21,476.0,1311.0,0,0
52210,2024-07-27,6,07:56:00,15:57:00,8.016666666666667,7,15,476.0,957.0,3,3
52210,2024-07-28,0,07:56:00,22:25:00,14.483333333333333,7,22,476.0,1345.0,0,0
52210,2024-07-29,0,07:54:00,22:19:00,14.416666666666666,7,22,474.0,1339.0,0,0
52210,2024-07-30,1,07:56:00,21:52:00,13.933333333333334,7,21,476.0,1312.0,0,0
52210,2024-07-31,1,07:55:00,21:52:00,13.95,7,21,475.0,1312.0,0,0
52210,2024-08-01,2,08:06:00,22:12:00,14.1,8,22,486.0,1332.0,0,0
52210,2024-08-02,2,08:06:00,11:02:00,2.933333333333333,8,11,486.0,662.0,1,1
52211,2024-06-05,4,16:41:00,23:10:00,6.483333333333333,16,23,1001.0,1390.0,2,2
52211,2024-06-23,5,17:56:00,22:15:00,4.316666666666666,17,22,1076.0,1335.0,2,2
52211,2024-07-17,3,01:35:00,03:59:00,2.4,1,3,95.0,239.0,4,4
52212,2024-06-02,3,12:03:00,16:06:00,4.05,12,16,723.0,966.0,3,3
52212,2024-06-03,5,08:01:00,21:59:00,13.966666666666669,8,21,481.0,1319.0,0,0
52212,2024-06-04,5,08:36:00,16:10:00,7.566666666666666,8,16,516.0,970.0,3,3
52212,2024-06-05,1,08:06:00,22:01:00,13.916666666666666,8,22,486.0,1321.0,0,0
52212,2024-06-06,1,09:04:00,22:04:00,13.0,9,22,544.0,1324.0,0,0
52212,2024-06-07,2,08:05:00,22:05:00,14.0,8,22,485.0,1325.0,0,0
52212,2024-06-08,2,08:08:00,22:01:00,13.883333333333333,8,22,488.0,1321.0,0,0
52212,2024-06-09,3,08:06:00,21:55:00,13.816666666666666,8,21,486.0,1315.0,0,0
52212,2024-06-10,3,08:00:00,22:00:00,14.0,8,22,480.0,1320.0,0,0
52212,2024-06-11,5,08:06:00,21:52:00,13.766666666666667,8,21,486.0,1312.0,0,0
52212,2024-06-12,5,07:58:00,21:57:00,13.983333333333333,7,21,478.0,1317.0,0,0
52212,2024-06-13,6,08:07:00,10:31:00,2.4,8,10,487.0,631.0,1,1
52212,2024-06-15,6,08:34:00,12:01:00,3.45,8,12,514.0,721.0,1,1
52212,2024-06-18,0,09:09:00,21:50:00,12.683333333333334,9,21,549.0,1310.0,0,0
52212,2024-06-19,0,07:55:00,21:55:00,14.0,7,21,475.0,1315.0,0,0
52212,2024-06-20,1,08:00:00,21:53:00,13.883333333333333,8,21,480.0,1313.0,0,0
52212,2024-06-21,1,07:57:00,15:57:00,8.0,7,15,477.0,957.0,3,3
52212,2024-06-22,2,07:58:00,11:54:00,3.933333333333333,7,11,478.0,714.0,1,1
52212,2024-06-23,2,07:56:00,21:41:00,13.75,7,21,476.0,1301.0,0,0
52212,2024-06-24,3,07:59:00,21:49:00,13.833333333333334,7,21,479.0,1309.0,0,0
52212,2024-06-25,3,07:54:00,22:06:00,14.2,7,22,474.0,1326.0,0,0
52212,2024-06-26,5,08:07:00,22:01:00,13.9,8,22,487.0,1321.0,0,0
52212,2024-06-27,5,07:56:00,11:51:00,3.9166666666666665,7,11,476.0,711.0,1,1
52212,2024-06-28,6,08:44:00,21:58:00,13.233333333333333,8,21,524.0,1318.0,0,0
52212,2024-06-29,6,07:57:00,22:07:00,14.166666666666666,7,22,477.0,1327.0,0,0
52212,2024-06-30,0,07:56:00,22:05:00,14.15,7,22,476.0,1325.0,0,0
52212,2024-07-01,0,08:06:00,22:01:00,13.916666666666666,8,22,486.0,1321.0,0,0
52212,2024-07-02,1,08:04:00,22:09:00,14.083333333333334,8,22,484.0,1329.0,0,0
52212,2024-07-03,1,07:35:00,22:14:00,14.65,7,22,455.0,1334.0,0,0
52212,2024-07-04,2,08:05:00,22:06:00,14.016666666666667,8,22,485.0,1326.0,0,0
52212,2024-07-05,2,08:05:00,16:13:00,8.133333333333333,8,16,485.0,973.0,3,3
52212,2024-07-06,3,08:05:00,22:09:00,14.066666666666666,8,22,485.0,1329.0,0,0
52212,2024-07-07,3,08:06:00,21:37:00,13.516666666666667,8,21,486.0,1297.0,0,0
52212,2024-07-08,0,08:11:00,21:53:00,13.7,8,21,491.0,1313.0,0,0
52212,2024-07-09,0,08:13:00,21:57:00,13.733333333333333,8,21,493.0,1317.0,0,0
52212,2024-07-10,1,08:14:00,21:52:00,13.633333333333333,8,21,494.0,1312.0,0,0
52212,2024-07-11,1,08:11:00,22:05:00,13.9,8,22,491.0,1325.0,0,0
52212,2024-07-12,2,10:57:00,16:06:00,5.15,10,16,657.0,966.0,3,3
52212,2024-07-13,2,08:07:00,22:15:00,14.133333333333333,8,22,487.0,1335.0,0,0
52212,2024-07-14,3,08:06:00,21:53:00,13.783333333333331,8,21,486.0,1313.0,0,0
52212,2024-07-15,3,08:11:00,21:54:00,13.716666666666669,8,21,491.0,1314.0,0,0
52212,2024-07-16,4,08:17:00,22:07:00,13.833333333333334,8,22,497.0,1327.0,0,0
52212,2024-07-17,4,08:06:00,22:01:00,13.916666666666666,8,22,486.0,1321.0,0,0
52212,2024-07-18,5,08:06:00,21:54:00,13.8,8,21,486.0,1314.0,0,0
52212,2024-07-19,5,08:53:00,21:53:00,13.0,8,21,533.0,1313.0,0,0
52212,2024-07-20,6,08:15:00,17:54:00,9.65,8,17,495.0,1074.0,3,3
52212,2024-07-21,6,08:03:00,21:53:00,13.833333333333334,8,21,483.0,1313.0,0,0
52212,2024-07-22,0,08:13:00,21:52:00,13.65,8,21,493.0,1312.0,0,0
52212,2024-07-23,0,08:06:00,21:54:00,13.8,8,21,486.0,1314.0,0,0
52212,2024-07-24,1,08:08:00,21:52:00,13.733333333333333,8,21,488.0,1312.0,0,0
52212,2024-07-25,1,08:06:00,21:52:00,13.766666666666667,8,21,486.0,1312.0,0,0
52212,2024-07-26,2,08:12:00,21:52:00,13.666666666666666,8,21,492.0,1312.0,0,0
52212,2024-07-27,2,08:18:00,21:53:00,13.583333333333334,8,21,498.0,1313.0,0,0
52212,2024-07-28,3,08:06:00,22:27:00,14.35,8,22,486.0,1347.0,0,0
52212,2024-07-29,3,08:10:00,22:19:00,14.15,8,22,490.0,1339.0,0,0
52212,2024-07-30,4,08:17:00,16:09:00,7.866666666666666,8,16,497.0,969.0,3,3
52212,2024-07-31,4,08:02:00,21:59:00,13.95,8,21,482.0,1319.0,0,0
52212,2024-08-01,5,08:13:00,21:16:00,13.05,8,21,493.0,1276.0,0,0
52213,2024-06-03,0,08:07:00,16:00:00,7.883333333333334,8,16,487.0,960.0,3,3
52213,2024-07-01,1,08:01:00,16:09:00,8.133333333333333,8,16,481.0,969.0,3,3
52213,2024-07-02,1,08:11:00,16:01:00,7.833333333333333,8,16,491.0,961.0,3,3
52213,2024-07-03,2,08:06:00,16:06:00,8.0,8,16,486.0,966.0,3,3
52213,2024-07-04,2,08:02:00,16:19:00,8.283333333333333,8,16,482.0,979.0,3,3
52213,2024-07-06,3,08:07:00,16:00:00,7.883333333333334,8,16,487.0,960.0,3,3
52213,2024-07-07,3,16:08:00,23:57:00,7.816666666666666,16,23,968.0,1437.0,2,2
52213,2024-07-08,4,08:11:00,16:02:00,7.85,8,16,491.0,962.0,3,3
52213,2024-07-09,4,08:14:00,16:03:00,7.816666666666666,8,16,494.0,963.0,3,3
52213,2024-07-14,6,09:13:00,17:00:00,7.783333333333333,9,17,553.0,1020.0,3,3
52213,2024-08-01,0,08:09:00,16:05:00,7.933333333333334,8,16,489.0,965.0,3,3
52216,2024-06-19,0,10:14:00,17:44:00,7.5,10,17,614.0,1064.0,3,3
52216,2024-06-30,3,18:59:00,23:20:00,4.35,18,23,1139.0,1400.0,2,2
52219,2024-06-03,0,11:52:00,16:09:00,4.283333333333333,11,16,712.0,969.0,3,3
52219,2024-06-05,1,08:05:00,22:09:00,14.066666666666666,8,22,485.0,1329.0,0,0
52219,2024-06-06,1,08:04:00,22:04:00,14.0,8,22,484.0,1324.0,0,0
52219,2024-06-07,2,08:05:00,22:05:00,14.0,8,22,485.0,1325.0,0,0
52219,2024-06-08,2,08:08:00,12:01:00,3.883333333333333,8,12,488.0,721.0,1,1
52219,2024-06-09,3,08:05:00,21:59:00,13.9,8,21,485.0,1319.0,0,0
52219,2024-06-10,3,08:05:00,15:56:00,7.85,8,15,485.0,956.0,3,3
52219,2024-06-11,4,08:05:00,22:12:00,14.116666666666667,8,22,485.0,1332.0,0,0
52219,2024-06-12,4,08:07:00,22:09:00,14.033333333333331,8,22,487.0,1329.0,0,0
52219,2024-06-13,5,08:07:00,22:09:00,14.033333333333331,8,22,487.0,1329.0,0,0
52219,2024-06-14,5,08:03:00,22:11:00,14.133333333333333,8,22,483.0,1331.0,0,0
52219,2024-06-15,6,08:07:00,21:52:00,13.75,8,21,487.0,1312.0,0,0
52219,2024-06-17,6,07:58:00,21:50:00,13.866666666666667,7,21,478.0,1310.0,0,0
52219,2024-06-18,0,07:57:00,21:53:00,13.933333333333334,7,21,477.0,1313.0,0,0
52219,2024-06-19,0,07:55:00,16:10:00,8.25,7,16,475.0,970.0,3,3
52219,2024-06-20,1,07:56:00,21:54:00,13.966666666666669,7,21,476.0,1314.0,0,0
52219,2024-06-21,1,07:57:00,10:59:00,3.033333333333333,7,10,477.0,659.0,1,1
52219,2024-06-22,2,07:57:00,22:09:00,14.2,7,22,477.0,1329.0,0,0
52219,2024-06-23,2,07:56:00,21:51:00,13.916666666666666,7,21,476.0,1311.0,0,0
52219,2024-06-24,3,07:57:00,22:04:00,14.116666666666667,7,22,477.0,1324.0,0,0
52219,2024-06-25,3,07:56:00,22:08:00,14.2,7,22,476.0,1328.0,0,0
52219,2024-06-26,4,07:56:00,21:52:00,13.933333333333334,7,21,476.0,1312.0,0,0
52219,2024-06-27,4,07:56:00,22:09:00,14.216666666666669,7,22,476.0,1329.0,0,0
52219,2024-06-28,5,07:55:00,21:58:00,14.05,7,21,475.0,1318.0,0,0
52219,2024-06-29,5,07:55:00,22:01:00,14.1,7,22,475.0,1321.0,0,0
52219,2024-06-30,6,07:56:00,21:57:00,14.016666666666667,7,21,476.0,1317.0,0,0
52219,2024-07-01,6,08:02:00,22:51:00,14.816666666666666,8,22,482.0,1371.0,0,0
52219,2024-07-02,0,08:08:00,22:41:00,14.55,8,22,488.0,1361.0,0,0
52219,2024-07-03,0,08:06:00,22:19:00,14.216666666666669,8,22,486.0,1339.0,0,0
52219,2024-07-04,2,08:05:00,16:07:00,8.033333333333333,8,16,485.0,967.0,3,3
52219,2024-07-06,2,07:55:00,22:09:00,14.233333333333333,7,22,475.0,1329.0,0,0
52219,2024-07-07,3,08:06:00,22:10:00,14.066666666666666,8,22,486.0,1330.0,0,0
52219,2024-07-08,3,08:07:00,22:07:00,14.0,8,22,487.0,1327.0,0,0
52219,2024-07-09,5,07:56:00,22:12:00,14.266666666666667,7,22,476.0,1332.0,0,0
52219,2024-07-10,5,08:08:00,22:12:00,14.066666666666666,8,22,488.0,1332.0,0,0
52219,2024-07-11,6,08:06:00,22:08:00,14.033333333333331,8,22,486.0,1328.0,0,0
52219,2024-07-12,6,07:58:00,22:05:00,14.116666666666667,7,22,478.0,1325.0,0,0
52219,2024-07-13,0,08:05:00,22:19:00,14.233333333333333,8,22,485.0,1339.0,0,0
52219,2024-07-14,0,08:06:00,22:09:00,14.05,8,22,486.0,1329.0,0,0
52219,2024-07-15,1,08:06:00,22:10:00,14.066666666666666,8,22,486.0,1330.0,0,0
52219,2024-07-16,1,08:05:00,22:02:00,13.95,8,22,485.0,1322.0,0,0
52219,2024-07-17,2,07:56:00,21:53:00,13.95,7,21,476.0,1313.0,0,0
52219,2024-07-18,2,07:56:00,21:52:00,13.933333333333334,7,21,476.0,1312.0,0,0
52219,2024-07-19,3,08:08:00,21:52:00,13.733333333333333,8,21,488.0,1312.0,0,0
52219,2024-07-20,3,07:56:00,21:51:00,13.916666666666666,7,21,476.0,1311.0,0,0
52219,2024-07-21,4,07:56:00,21:51:00,13.916666666666666,7,21,476.0,1311.0,0,0
52219,2024-07-22,4,08:06:00,21:52:00,13.766666666666667,8,21,486.0,1312.0,0,0
52219,2024-07-23,5,07:56:00,21:54:00,13.966666666666669,7,21,476.0,1314.0,0,0
52219,2024-07-24,5,07:56:00,21:51:00,13.916666666666666,7,21,476.0,1311.0,0,0
52219,2024-07-25,6,07:56:00,21:50:00,13.9,7,21,476.0,1310.0,0,0
52219,2024-07-26,6,07:56:00,21:52:00,13.933333333333334,7,21,476.0,1312.0,0,0
52219,2024-07-27,0,07:57:00,21:53:00,13.933333333333334,7,21,477.0,1313.0,0,0
52219,2024-07-28,0,07:56:00,17:56:00,10.0,7,17,476.0,1076.0,3,3
52219,2024-07-29,1,08:06:00,17:53:00,9.783333333333331,8,17,486.0,1073.0,3,3
52219,2024-07-30,1,07:56:00,17:54:00,9.966666666666669,7,17,476.0,1074.0,3,3
52219,2024-07-31,2,08:06:00,22:04:00,13.966666666666669,8,22,486.0,1324.0,0,0
52220,2024-06-02,4,16:07:00,22:15:00,6.133333333333334,16,22,967.0,1335.0,2,2
52220,2024-06-03,4,08:08:00,22:37:00,14.483333333333333,8,22,488.0,1357.0,0,0
52220,2024-06-04,5,08:05:00,22:52:00,14.783333333333331,8,22,485.0,1372.0,0,0
52220,2024-06-05,5,08:05:00,21:52:00,13.783333333333331,8,21,485.0,1312.0,0,0
52220,2024-06-06,6,08:06:00,21:52:00,13.766666666666667,8,21,486.0,1312.0,0,0
52220,2024-06-07,6,08:05:00,21:54:00,13.816666666666666,8,21,485.0,1314.0,0,0
52220,2024-06-08,0,08:08:00,21:52:00,13.733333333333333,8,21,488.0,1312.0,0,0
52220,2024-06-09,0,08:06:00,21:53:00,13.783333333333331,8,21,486.0,1313.0,0,0
52220,2024-06-10,1,08:05:00,21:52:00,13.783333333333331,8,21,485.0,1312.0,0,0
52220,2024-06-11,1,08:05:00,21:56:00,13.85,8,21,485.0,1316.0,0,0
52220,2024-06-12,2,08:07:00,22:08:00,14.016666666666667,8,22,487.0,1328.0,0,0
52220,2024-06-13,2,08:08:00,21:52:00,13.733333333333333,8,21,488.0,1312.0,0,0
52220,2024-06-14,3,08:03:00,21:54:00,13.85,8,21,483.0,1314.0,0,0
52220,2024-06-15,3,08:08:00,22:14:00,14.1,8,22,488.0,1334.0,0,0
52220,2024-06-17,4,08:07:00,21:49:00,13.7,8,21,487.0,1309.0,0,0
52220,2024-06-18,5,08:10:00,16:13:00,8.05,8,16,490.0,973.0,3,3
52220,2024-06-19,5,08:06:00,21:55:00,13.816666666666666,8,21,486.0,1315.0,0,0
52220,2024-06-20,6,08:05:00,21:53:00,13.8,8,21,485.0,1313.0,0,0
52220,2024-06-21,6,08:08:00,21:53:00,13.75,8,21,488.0,1313.0,0,0
52220,2024-06-22,0,08:08:00,21:53:00,13.75,8,21,488.0,1313.0,0,0
52220,2024-06-23,0,08:06:00,12:02:00,3.933333333333333,8,12,486.0,722.0,1,1
52220,2024-06-24,1,08:08:00,21:55:00,13.783333333333331,8,21,488.0,1315.0,0,0
52220,2024-06-25,1,08:05:00,21:53:00,13.8,8,21,485.0,1313.0,0,0
52220,2024-06-26,2,08:06:00,21:52:00,13.766666666666667,8,21,486.0,1312.0,0,0
52220,2024-06-27,2,08:06:00,22:08:00,14.033333333333331,8,22,486.0,1328.0,0,0
52220,2024-06-28,3,08:05:00,21:57:00,13.866666666666667,8,21,485.0,1317.0,0,0
52220,2024-06-29,3,08:08:00,22:01:00,13.883333333333333,8,22,488.0,1321.0,0,0
52220,2024-06-30,4,08:06:00,21:56:00,13.833333333333334,8,21,486.0,1316.0,0,0
52220,2024-07-01,4,08:01:00,22:35:00,14.566666666666666,8,22,481.0,1355.0,0,0
52220,2024-07-02,0,08:08:00,16:13:00,8.083333333333334,8,16,488.0,973.0,3,3
52220,2024-07-03,0,08:06:00,22:01:00,13.916666666666666,8,22,486.0,1321.0,0,0
52220,2024-07-04,1,08:06:00,21:52:00,13.766666666666667,8,21,486.0,1312.0,0,0
52220,2024-07-05,1,08:06:00,21:54:00,13.8,8,21,486.0,1314.0,0,0
52220,2024-07-06,2,08:06:00,21:54:00,13.8,8,21,486.0,1314.0,0,0
52220,2024-07-07,2,08:06:00,21:54:00,13.8,8,21,486.0,1314.0,0,0
52220,2024-07-08,3,08:08:00,21:54:00,13.766666666666667,8,21,488.0,1314.0,0,0
52220,2024-07-09,3,08:06:00,21:53:00,13.783333333333331,8,21,486.0,1313.0,0,0
52220,2024-07-10,4,08:08:00,21:55:00,13.783333333333331,8,21,488.0,1315.0,0,0
52220,2024-07-11,4,08:06:00,11:52:00,3.7666666666666666,8,11,486.0,712.0,1,1
52220,2024-07-12,5,08:09:00,21:51:00,13.7,8,21,489.0,1311.0,0,0
52220,2024-07-13,5,08:06:00,22:49:00,14.716666666666669,8,22,486.0,1369.0,0,0
52220,2024-07-14,6,08:06:00,21:55:00,13.816666666666666,8,21,486.0,1315.0,0,0
52220,2024-07-15,6,08:06:00,21:55:00,13.816666666666666,8,21,486.0,1315.0,0,0
52220,2024-07-16,0,08:05:00,21:53:00,13.8,8,21,485.0,1313.0,0,0
52220,2024-07-17,0,08:06:00,21:52:00,13.766666666666667,8,21,486.0,1312.0,0,0
52220,2024-07-18,1,08:06:00,21:53:00,13.783333333333331,8,21,486.0,1313.0,0,0
52220,2024-07-19,1,08:08:00,21:52:00,13.733333333333333,8,21,488.0,1312.0,0,0
52220,2024-07-20,2,08:06:00,16:06:00,8.0,8,16,486.0,966.0,3,3
52220,2024-07-21,2,08:06:00,21:52:00,13.766666666666667,8,21,486.0,1312.0,0,0
52220,2024-07-22,3,08:06:00,21:54:00,13.8,8,21,486.0,1314.0,0,0
52220,2024-07-23,3,11:51:00,16:14:00,4.383333333333334,11,16,711.0,974.0,3,3
52220,2024-07-24,4,08:09:00,21:51:00,13.7,8,21,489.0,1311.0,0,0
52220,2024-07-25,4,08:06:00,21:51:00,13.75,8,21,486.0,1311.0,0,0
52220,2024-07-26,5,08:06:00,21:52:00,13.766666666666667,8,21,486.0,1312.0,0,0
52220,2024-07-27,5,08:06:00,21:57:00,13.85,8,21,486.0,1317.0,0,0
52220,2024-07-28,0,11:52:00,16:09:00,4.283333333333333,11,16,712.0,969.0,3,3
52220,2024-07-29,0,08:06:00,21:50:00,13.733333333333333,8,21,486.0,1310.0,0,0
52220,2024-07-30,1,08:07:00,21:53:00,13.766666666666667,8,21,487.0,1313.0,0,0
52220,2024-07-31,1,08:07:00,21:52:00,13.75,8,21,487.0,1312.0,0,0
52220,2024-08-01,2,08:07:00,21:53:00,13.766666666666667,8,21,487.0,1313.0,0,0
52220,2024-08-02,2,08:06:00,11:04:00,2.966666666666667,8,11,486.0,664.0,1,1
52221,2024-07-01,3,07:59:00,22:00:00,14.016666666666667,7,22,479.0,1320.0,0,0
52221,2024-07-02,3,08:00:00,22:01:00,14.016666666666667,8,22,480.0,1321.0,0,0
52221,2024-07-03,4,07:59:00,21:58:00,13.983333333333333,7,21,479.0,1318.0,0,0
52221,2024-07-04,4,07:59:00,22:01:00,14.033333333333331,7,22,479.0,1321.0,0,0
52221,2024-07-05,5,07:58:00,22:01:00,14.05,7,22,478.0,1321.0,0,0
52221,2024-07-06,5,08:01:00,21:59:00,13.966666666666669,8,21,481.0,1319.0,0,0
52221,2024-07-07,6,08:00:00,22:00:00,14.0,8,22,480.0,1320.0,0,0
52221,2024-07-08,6,08:03:00,21:59:00,13.933333333333334,8,21,483.0,1319.0,0,0
52221,2024-07-09,0,08:05:00,22:03:00,13.966666666666669,8,22,485.0,1323.0,0,0
52221,2024-07-10,0,08:04:00,22:01:00,13.95,8,22,484.0,1321.0,0,0
52221,2024-07-11,1,08:02:00,21:59:00,13.95,8,21,482.0,1319.0,0,0
52221,2024-07-12,1,08:02:00,22:01:00,13.983333333333333,8,22,482.0,1321.0,0,0
52221,2024-07-13,2,08:03:00,22:01:00,13.966666666666669,8,22,483.0,1321.0,0,0
52221,2024-07-14,2,08:02:00,22:01:00,13.983333333333333,8,22,482.0,1321.0,0,0
52221,2024-07-15,3,08:02:00,21:59:00,13.95,8,21,482.0,1319.0,0,0
52221,2024-07-16,3,08:03:00,22:01:00,13.966666666666669,8,22,483.0,1321.0,0,0
52221,2024-07-17,4,08:03:00,22:00:00,13.95,8,22,483.0,1320.0,0,0
52221,2024-07-18,4,08:03:00,22:01:00,13.966666666666669,8,22,483.0,1321.0,0,0
52221,2024-07-19,5,08:08:00,22:01:00,13.883333333333333,8,22,488.0,1321.0,0,0
52221,2024-07-20,5,08:02:00,22:00:00,13.966666666666669,8,22,482.0,1320.0,0,0
52221,2024-07-21,6,08:05:00,22:01:00,13.933333333333334,8,22,485.0,1321.0,0,0
52221,2024-07-22,6,08:04:00,22:02:00,13.966666666666669,8,22,484.0,1322.0,0,0
52221,2024-07-23,0,08:03:00,22:00:00,13.95,8,22,483.0,1320.0,0,0
52221,2024-07-24,0,08:06:00,22:03:00,13.95,8,22,486.0,1323.0,0,0
52221,2024-07-25,1,08:03:00,22:03:00,14.0,8,22,483.0,1323.0,0,0
52221,2024-07-26,1,08:03:00,22:00:00,13.95,8,22,483.0,1320.0,0,0
52221,2024-07-27,2,08:07:00,22:00:00,13.883333333333333,8,22,487.0,1320.0,0,0
52221,2024-07-28,2,08:06:00,22:03:00,13.95,8,22,486.0,1323.0,0,0
52221,2024-07-29,3,08:06:00,21:59:00,13.883333333333333,8,21,486.0,1319.0,0,0
52221,2024-07-30,3,08:03:00,22:02:00,13.983333333333333,8,22,483.0,1322.0,0,0
52221,2024-07-31,4,08:04:00,22:00:00,13.933333333333334,8,22,484.0,1320.0,0,0
52221,2024-08-01,4,08:04:00,22:17:00,14.216666666666669,8,22,484.0,1337.0,0,0
52221,2024-08-02,5,08:08:00,10:57:00,2.816666666666667,8,10,488.0,657.0,1,1
52222,2024-06-12,2,18:02:00,19:10:00,1.1333333333333333,18,19,1082.0,1150.0,2,2
52224,2024-06-02,4,12:21:00,16:04:00,3.716666666666667,12,16,741.0,964.0,3,3
52224,2024-06-03,4,08:10:00,22:04:00,13.9,8,22,490.0,1324.0,0,0
52224,2024-06-04,5,08:04:00,22:48:00,14.733333333333333,8,22,484.0,1368.0,0,0
52224,2024-06-05,5,08:05:00,22:00:00,13.916666666666666,8,22,485.0,1320.0,0,0
52224,2024-06-06,6,08:18:00,22:04:00,13.766666666666667,8,22,498.0,1324.0,0,0
52224,2024-06-08,6,08:03:00,22:25:00,14.366666666666667,8,22,483.0,1345.0,0,0
52224,2024-06-09,0,08:04:00,22:01:00,13.95,8,22,484.0,1321.0,0,0
52224,2024-06-10,0,08:05:00,21:56:00,13.85,8,21,485.0,1316.0,0,0
52224,2024-06-11,1,08:04:00,12:03:00,3.983333333333333,8,12,484.0,723.0,1,1
52224,2024-06-12,1,08:07:00,21:59:00,13.866666666666667,8,21,487.0,1319.0,0,0
52224,2024-06-13,2,08:03:00,22:11:00,14.133333333333333,8,22,483.0,1331.0,0,0
52224,2024-06-15,2,08:05:00,22:05:00,14.0,8,22,485.0,1325.0,0,0
52224,2024-06-17,3,07:59:00,21:56:00,13.95,7,21,479.0,1316.0,0,0
52224,2024-06-18,3,08:04:00,22:15:00,14.183333333333334,8,22,484.0,1335.0,0,0
52224,2024-06-19,4,08:03:00,22:17:00,14.233333333333333,8,22,483.0,1337.0,0,0
52224,2024-06-20,4,08:06:00,22:00:00,13.9,8,22,486.0,1320.0,0,0
52224,2024-06-22,5,08:06:00,22:00:00,13.9,8,22,486.0,1320.0,0,0
52224,2024-06-23,5,08:06:00,22:03:00,13.95,8,22,486.0,1323.0,0,0
52224,2024-06-24,6,08:06:00,22:15:00,14.15,8,22,486.0,1335.0,0,0
52224,2024-06-25,6,08:06:00,22:07:00,14.016666666666667,8,22,486.0,1327.0,0,0
52224,2024-06-26,0,08:05:00,22:02:00,13.95,8,22,485.0,1322.0,0,0
52224,2024-06-27,0,08:00:00,22:02:00,14.033333333333331,8,22,480.0,1322.0,0,0
52224,2024-06-30,1,12:04:00,16:02:00,3.966666666666667,12,16,724.0,962.0,3,3
52224,2024-07-01,2,12:02:00,16:07:00,4.083333333333333,12,16,722.0,967.0,3,3
52224,2024-07-02,2,12:07:00,16:09:00,4.033333333333333,12,16,727.0,969.0,3,3
52224,2024-07-03,3,12:04:00,16:02:00,3.966666666666667,12,16,724.0,962.0,3,3
52224,2024-07-06,3,12:09:00,16:01:00,3.8666666666666663,12,16,729.0,961.0,3,3
52224,2024-07-07,4,12:04:00,16:00:00,3.933333333333333,12,16,724.0,960.0,3,3
52224,2024-07-08,4,12:04:00,16:09:00,4.083333333333333,12,16,724.0,969.0,3,3
52224,2024-07-09,5,02:07:00,16:01:00,13.9,2,16,127.0,961.0,4,4
52224,2024-07-10,5,12:02:00,16:00:00,3.966666666666667,12,16,722.0,960.0,3,3
52224,2024-07-13,6,12:05:00,16:00:00,3.9166666666666665,12,16,725.0,960.0,3,3
52224,2024-07-14,0,12:05:00,16:00:00,3.9166666666666665,12,16,725.0,960.0,3,3
52224,2024-07-15,0,12:08:00,16:01:00,3.883333333333333,12,16,728.0,961.0,3,3
52224,2024-07-16,1,12:05:00,16:00:00,3.9166666666666665,12,16,725.0,960.0,3,3
52224,2024-07-17,1,12:03:00,16:00:00,3.95,12,16,723.0,960.0,3,3
52224,2024-07-20,2,12:05:00,16:01:00,3.933333333333333,12,16,725.0,961.0,3,3
52224,2024-07-21,3,12:06:00,16:00:00,3.9,12,16,726.0,960.0,3,3
52224,2024-07-22,3,12:04:00,15:59:00,3.9166666666666665,12,15,724.0,959.0,3,3
52224,2024-07-23,4,12:09:00,15:59:00,3.8333333333333335,12,15,729.0,959.0,3,3
52224,2024-07-24,4,12:09:00,16:16:00,4.116666666666666,12,16,729.0,976.0,3,3
52224,2024-07-27,1,12:07:00,16:00:00,3.883333333333333,12,16,727.0,960.0,3,3
52224,2024-07-28,2,12:12:00,16:00:00,3.8,12,16,732.0,960.0,3,3
52224,2024-07-29,2,12:11:00,16:00:00,3.816666666666667,12,16,731.0,960.0,3,3
52224,2024-07-30,3,12:12:00,16:07:00,3.9166666666666665,12,16,732.0,967.0,3,3
52224,2024-07-31,3,12:10:00,16:00:00,3.8333333333333335,12,16,730.0,960.0,3,3
52226,2024-07-01,4,10:10:00,21:41:00,11.516666666666667,10,21,610.0,1301.0,0,0
52226,2024-07-02,5,10:00:00,20:08:00,10.133333333333333,10,20,600.0,1208.0,0,0
52226,2024-07-03,5,10:00:00,22:50:00,12.833333333333334,10,22,600.0,1370.0,0,0
52226,2024-07-05,6,13:53:00,23:40:00,9.783333333333331,13,23,833.0,1420.0,2,2
52226,2024-07-06,6,09:57:00,23:00:00,13.05,9,23,597.0,1380.0,0,0
52226,2024-07-07,0,09:58:00,21:11:00,11.216666666666669,9,21,598.0,1271.0,0,0
52226,2024-07-12,2,12:51:00,23:03:00,10.2,12,23,771.0,1383.0,2,2
52226,2024-07-16,3,10:04:00,21:54:00,11.833333333333334,10,21,604.0,1314.0,0,0
52226,2024-07-22,5,09:59:00,21:44:00,11.75,9,21,599.0,1304.0,0,0
52226,2024-07-23,5,09:54:00,19:57:00,10.05,9,19,594.0,1197.0,0,0
52226,2024-07-24,6,09:44:00,22:12:00,12.466666666666669,9,22,584.0,1332.0,0,0
52226,2024-07-27,0,09:09:00,21:48:00,12.65,9,21,549.0,1308.0,0,0
52227,2024-07-02,4,08:11:00,16:11:00,8.0,8,16,491.0,971.0,3,3
52227,2024-07-03,4,08:11:00,16:07:00,7.933333333333334,8,16,491.0,967.0,3,3
52227,2024-07-04,5,08:11:00,16:08:00,7.95,8,16,491.0,968.0,3,3
52227,2024-07-05,5,08:13:00,16:08:00,7.916666666666667,8,16,493.0,968.0,3,3
52227,2024-07-06,6,08:15:00,16:09:00,7.9,8,16,495.0,969.0,3,3
52227,2024-07-07,6,08:15:00,16:03:00,7.8,8,16,495.0,963.0,3,3
52227,2024-07-09,0,08:18:00,16:04:00,7.766666666666667,8,16,498.0,964.0,3,3
52227,2024-07-10,0,08:15:00,16:14:00,7.983333333333333,8,16,495.0,974.0,3,3
52227,2024-07-11,1,08:19:00,16:09:00,7.833333333333333,8,16,499.0,969.0,3,3
52227,2024-07-12,1,08:17:00,16:06:00,7.816666666666666,8,16,497.0,966.0,3,3
52227,2024-07-13,2,08:11:00,16:08:00,7.95,8,16,491.0,968.0,3,3
52227,2024-07-14,2,08:19:00,16:07:00,7.8,8,16,499.0,967.0,3,3
52227,2024-07-16,3,08:16:00,16:04:00,7.8,8,16,496.0,964.0,3,3
52227,2024-07-17,3,08:17:00,16:07:00,7.833333333333333,8,16,497.0,967.0,3,3
52227,2024-07-18,4,08:21:00,16:08:00,7.783333333333333,8,16,501.0,968.0,3,3
52227,2024-07-19,4,08:25:00,16:15:00,7.833333333333333,8,16,505.0,975.0,3,3
52227,2024-07-20,5,08:17:00,16:08:00,7.85,8,16,497.0,968.0,3,3
52227,2024-07-21,5,08:17:00,16:15:00,7.966666666666667,8,16,497.0,975.0,3,3
52227,2024-07-23,6,08:18:00,16:08:00,7.833333333333333,8,16,498.0,968.0,3,3
52227,2024-07-24,6,08:19:00,16:09:00,7.833333333333333,8,16,499.0,969.0,3,3
52227,2024-07-25,0,08:19:00,16:11:00,7.866666666666666,8,16,499.0,971.0,3,3
52227,2024-07-26,0,08:21:00,16:07:00,7.766666666666667,8,16,501.0,967.0,3,3
52227,2024-07-27,1,08:25:00,16:10:00,7.75,8,16,505.0,970.0,3,3
52227,2024-07-28,1,08:17:00,16:02:00,7.75,8,16,497.0,962.0,3,3
52227,2024-07-29,2,08:16:00,16:16:00,8.0,8,16,496.0,976.0,3,3
52227,2024-07-31,3,08:21:00,14:13:00,5.866666666666666,8,14,501.0,853.0,1,1
52227,2024-08-01,3,08:13:00,16:12:00,7.983333333333333,8,16,493.0,972.0,3,3
52228,2024-06-26,4,09:59:00,17:01:00,7.033333333333333,9,17,599.0,1021.0,3,3
52228,2024-06-27,4,09:15:00,17:04:00,7.816666666666666,9,17,555.0,1024.0,3,3
52228,2024-06-29,5,09:42:00,17:35:00,7.883333333333334,9,17,582.0,1055.0,3,3
52228,2024-06-30,5,09:34:00,17:17:00,7.716666666666667,9,17,574.0,1037.0,3,3
52228,2024-07-01,1,09:01:00,17:05:00,8.066666666666666,9,17,541.0,1025.0,3,3
52228,2024-07-02,1,09:32:00,17:00:00,7.466666666666667,9,17,572.0,1020.0,3,3
52228,2024-07-03,2,09:09:00,17:05:00,7.933333333333334,9,17,549.0,1025.0,3,3
52228,2024-07-06,2,09:24:00,17:02:00,7.633333333333334,9,17,564.0,1022.0,3,3
52228,2024-07-07,3,09:10:00,17:06:00,7.933333333333334,9,17,550.0,1026.0,3,3
52228,2024-07-08,3,09:22:00,17:14:00,7.866666666666666,9,17,562.0,1034.0,3,3
52228,2024-07-09,4,09:21:00,17:02:00,7.683333333333334,9,17,561.0,1022.0,3,3
52228,2024-07-10,4,09:06:00,17:14:00,8.133333333333333,9,17,546.0,1034.0,3,3
52228,2024-07-11,5,08:58:00,17:00:00,8.033333333333333,8,17,538.0,1020.0,3,3
52228,2024-07-13,5,09:04:00,17:01:00,7.95,9,17,544.0,1021.0,3,3
52228,2024-07-14,6,09:09:00,17:08:00,7.983333333333333,9,17,549.0,1028.0,3,3
52228,2024-07-15,6,09:10:00,17:16:00,8.1,9,17,550.0,1036.0,3,3
52228,2024-07-16,0,09:04:00,17:04:00,8.0,9,17,544.0,1024.0,3,3
52228,2024-07-17,0,09:16:00,17:00:00,7.733333333333333,9,17,556.0,1020.0,3,3
52228,2024-07-18,1,09:16:00,17:00:00,7.733333333333333,9,17,556.0,1020.0,3,3
52228,2024-07-20,1,09:10:00,17:03:00,7.883333333333334,9,17,550.0,1023.0,3,3
52228,2024-07-21,2,09:11:00,17:01:00,7.833333333333333,9,17,551.0,1021.0,3,3
52228,2024-07-22,2,09:03:00,17:11:00,8.133333333333333,9,17,543.0,1031.0,3,3
52228,2024-07-23,3,09:18:00,17:04:00,7.766666666666667,9,17,558.0,1024.0,3,3
52228,2024-07-24,3,09:06:00,17:21:00,8.25,9,17,546.0,1041.0,3,3
52228,2024-07-25,4,09:21:00,17:04:00,7.716666666666667,9,17,561.0,1024.0,3,3
52228,2024-07-27,4,10:40:00,17:00:00,6.333333333333333,10,17,640.0,1020.0,3,3
52228,2024-07-28,5,09:29:00,17:05:00,7.6,9,17,569.0,1025.0,3,3
52228,2024-07-29,5,09:37:00,17:04:00,7.45,9,17,577.0,1024.0,3,3
52228,2024-07-30,6,09:19:00,17:10:00,7.85,9,17,559.0,1030.0,3,3
52228,2024-07-31,6,09:15:00,17:08:00,7.883333333333334,9,17,555.0,1028.0,3,3
52229,2024-07-04,0,15:08:00,23:07:00,7.983333333333333,15,23,908.0,1387.0,2,2
52229,2024-07-05,0,15:21:00,22:54:00,7.55,15,22,921.0,1374.0,2,2
52229,2024-07-06,1,15:30:00,23:08:00,7.633333333333334,15,23,930.0,1388.0,2,2
52229,2024-07-08,1,15:26:00,23:03:00,7.616666666666666,15,23,926.0,1383.0,2,2
52229,2024-07-15,2,15:14:00,23:07:00,7.883333333333334,15,23,914.0,1387.0,2,2
52229,2024-07-17,3,15:37:00,23:05:00,7.466666666666667,15,23,937.0,1385.0,2,2
52229,2024-07-18,3,16:07:00,23:29:00,7.366666666666666,16,23,967.0,1409.0,2,2
52229,2024-07-19,4,15:42:00,23:09:00,7.45,15,23,942.0,1389.0,2,2
52229,2024-07-22,5,15:25:00,23:17:00,7.866666666666666,15,23,925.0,1397.0,2,2
52229,2024-07-24,5,15:16:00,22:57:00,7.683333333333334,15,22,916.0,1377.0,2,2
52229,2024-07-25,6,15:28:00,23:01:00,7.55,15,23,928.0,1381.0,2,2
52229,2024-07-26,6,15:26:00,23:08:00,7.7,15,23,926.0,1388.0,2,2
52229,2024-07-27,0,15:35:00,23:32:00,7.95,15,23,935.0,1412.0,2,2
52229,2024-07-28,0,15:21:00,23:43:00,8.366666666666667,15,23,921.0,1423.0,2,2
52229,2024-07-29,1,15:21:00,23:03:00,7.7,15,23,921.0,1383.0,2,2
52229,2024-07-30,1,15:26:00,23:03:00,7.616666666666666,15,23,926.0,1383.0,2,2
52229,2024-07-31,2,16:10:00,23:10:00,7.0,16,23,970.0,1390.0,2,2
52229,2024-08-01,2,15:33:00,23:05:00,7.533333333333333,15,23,933.0,1385.0,2,2
52230,2024-07-07,4,07:54:00,16:30:00,8.6,7,16,474.0,990.0,3,3
52231,2024-07-07,2,16:14:00,23:58:00,7.733333333333333,16,23,974.0,1438.0,2,2
52231,2024-08-02,6,00:16:00,03:59:00,3.716666666666667,0,3,16.0,239.0,4,4
52232,2024-07-04,6,15:21:00,23:19:00,7.966666666666667,15,23,921.0,1399.0,2,2
52232,2024-07-05,0,15:22:00,23:04:00,7.7,15,23,922.0,1384.0,2,2
52232,2024-07-06,0,15:20:00,23:17:00,7.95,15,23,920.0,1397.0,2,2
52232,2024-07-07,1,15:06:00,23:13:00,8.116666666666667,15,23,906.0,1393.0,2,2
52232,2024-07-08,1,15:54:00,23:18:00,7.4,15,23,954.0,1398.0,2,2
52232,2024-07-09,3,15:19:00,23:11:00,7.866666666666666,15,23,919.0,1391.0,2,2
52232,2024-07-11,3,15:28:00,23:05:00,7.616666666666666,15,23,928.0,1385.0,2,2
52232,2024-07-12,4,15:26:00,23:21:00,7.916666666666667,15,23,926.0,1401.0,2,2
52232,2024-07-13,4,15:19:00,23:04:00,7.75,15,23,919.0,1384.0,2,2
52232,2024-07-15,5,15:12:00,23:09:00,7.95,15,23,912.0,1389.0,2,2
52232,2024-07-16,5,15:16:00,23:08:00,7.866666666666666,15,23,916.0,1388.0,2,2
52232,2024-07-18,6,15:17:00,23:16:00,7.983333333333333,15,23,917.0,1396.0,2,2
52232,2024-07-19,6,15:24:00,23:01:00,7.616666666666666,15,23,924.0,1381.0,2,2
52232,2024-07-20,0,15:19:00,23:10:00,7.85,15,23,919.0,1390.0,2,2
52232,2024-07-21,0,04:00:00,23:11:00,19.183333333333334,4,23,240.0,1391.0,0,0
52232,2024-07-22,1,15:19:00,23:15:00,7.933333333333334,15,23,919.0,1395.0,2,2
52232,2024-07-23,1,15:45:00,23:26:00,7.683333333333334,15,23,945.0,1406.0,2,2
52232,2024-07-25,3,15:22:00,23:05:00,7.716666666666667,15,23,922.0,1385.0,2,2
52232,2024-07-26,3,15:34:00,23:08:00,7.566666666666666,15,23,934.0,1388.0,2,2
52232,2024-07-27,4,15:32:00,23:06:00,7.566666666666666,15,23,932.0,1386.0,2,2
52232,2024-07-28,4,15:11:00,23:25:00,8.233333333333333,15,23,911.0,1405.0,2,2
52232,2024-07-29,5,15:40:00,23:34:00,7.9,15,23,940.0,1414.0,2,2
52232,2024-08-01,5,14:14:00,22:29:00,8.25,14,22,854.0,1349.0,2,2
52232,2024-08-02,6,08:09:00,16:13:00,8.066666666666666,8,16,489.0,973.0,3,3
52233,2024-06-04,0,07:06:00,16:00:00,8.9,7,16,426.0,960.0,3,3
52233,2024-06-05,1,07:03:00,16:02:00,8.983333333333333,7,16,423.0,962.0,3,3
52233,2024-06-06,1,07:03:00,16:44:00,9.683333333333334,7,16,423.0,1004.0,3,3
52233,2024-06-08,2,07:52:00,16:05:00,8.216666666666667,7,16,472.0,965.0,3,3
52233,2024-06-09,2,07:04:00,16:03:00,8.983333333333333,7,16,424.0,963.0,3,3
52233,2024-06-10,3,08:01:00,15:55:00,7.9,8,15,481.0,955.0,3,3
52233,2024-06-11,3,08:17:00,16:08:00,7.85,8,16,497.0,968.0,3,3
52233,2024-06-12,4,08:34:00,16:09:00,7.583333333333333,8,16,514.0,969.0,3,3
52233,2024-06-13,4,07:34:00,16:08:00,8.566666666666666,7,16,454.0,968.0,3,3
52233,2024-06-15,5,08:47:00,16:15:00,7.466666666666667,8,16,527.0,975.0,3,3
52233,2024-06-16,5,08:38:00,16:31:00,7.883333333333334,8,16,518.0,991.0,3,3
52233,2024-06-18,6,08:31:00,16:07:00,7.6,8,16,511.0,967.0,3,3
52233,2024-06-19,0,08:32:00,16:01:00,7.483333333333333,8,16,512.0,961.0,3,3
52233,2024-06-22,1,08:37:00,16:11:00,7.566666666666666,8,16,517.0,971.0,3,3
52233,2024-06-23,1,08:19:00,15:55:00,7.6,8,15,499.0,955.0,3,3
52233,2024-06-25,2,08:14:00,16:12:00,7.966666666666667,8,16,494.0,972.0,3,3
52233,2024-06-26,3,07:56:00,14:07:00,6.183333333333334,7,14,476.0,847.0,1,1
52233,2024-06-27,3,07:28:00,16:00:00,8.533333333333333,7,16,448.0,960.0,3,3
52233,2024-06-30,4,08:35:00,16:09:00,7.566666666666666,8,16,515.0,969.0,3,3
52233,2024-07-01,4,08:09:00,16:11:00,8.033333333333333,8,16,489.0,971.0,3,3
52233,2024-07-02,5,08:57:00,16:01:00,7.066666666666666,8,16,537.0,961.0,3,3
52233,2024-07-04,5,07:48:00,11:13:00,3.4166666666666665,7,11,468.0,673.0,1,1
52233,2024-07-06,6,08:00:00,16:04:00,8.066666666666666,8,16,480.0,964.0,3,3
52233,2024-07-07,6,07:58:00,16:14:00,8.266666666666667,7,16,478.0,974.0,3,3
52233,2024-07-08,0,07:58:00,16:03:00,8.083333333333334,7,16,478.0,963.0,3,3
52233,2024-07-09,0,08:08:00,16:10:00,8.033333333333333,8,16,488.0,970.0,3,3
52233,2024-07-11,1,07:22:00,16:16:00,8.9,7,16,442.0,976.0,3,3
52233,2024-07-15,3,06:59:00,16:08:00,9.15,6,16,419.0,968.0,3,3
52233,2024-07-16,4,07:48:00,15:52:00,8.066666666666666,7,15,468.0,952.0,3,3
52233,2024-07-17,4,08:13:00,16:06:00,7.883333333333334,8,16,493.0,966.0,3,3
52233,2024-07-18,5,07:55:00,18:12:00,10.283333333333331,7,18,475.0,1092.0,3,3
52233,2024-07-19,5,08:24:00,10:49:00,2.4166666666666665,8,10,504.0,649.0,1,1
52233,2024-07-20,6,09:05:00,16:08:00,7.05,9,16,545.0,968.0,3,3
52233,2024-07-22,6,08:24:00,21:55:00,13.516666666666667,8,21,504.0,1315.0,0,0
52233,2024-07-23,0,08:04:00,16:05:00,8.016666666666667,8,16,484.0,965.0,3,3
52233,2024-07-24,0,07:57:00,22:01:00,14.066666666666666,7,22,477.0,1321.0,0,0
52233,2024-07-25,1,07:27:00,21:57:00,14.5,7,21,447.0,1317.0,0,0
52233,2024-07-26,1,15:56:00,21:57:00,6.016666666666667,15,21,956.0,1317.0,2,2
52233,2024-07-27,2,06:59:00,21:54:00,14.916666666666666,6,21,419.0,1314.0,0,0
52233,2024-07-28,2,07:37:00,21:54:00,14.283333333333331,7,21,457.0,1314.0,0,0
52233,2024-07-29,3,07:49:00,22:03:00,14.233333333333333,7,22,469.0,1323.0,0,0
52233,2024-07-30,3,07:19:00,21:59:00,14.666666666666666,7,21,439.0,1319.0,0,0
52233,2024-07-31,4,07:08:00,16:04:00,8.933333333333334,7,16,428.0,964.0,3,3
52233,2024-08-01,4,06:52:00,22:05:00,15.216666666666669,6,22,412.0,1325.0,0,0
52241,2024-06-02,5,12:01:00,16:07:00,4.1,12,16,721.0,967.0,3,3
52241,2024-06-03,5,08:08:00,22:13:00,14.083333333333334,8,22,488.0,1333.0,0,0
52241,2024-06-04,6,08:05:00,22:06:00,14.016666666666667,8,22,485.0,1326.0,0,0
52241,2024-06-05,6,08:05:00,22:09:00,14.066666666666666,8,22,485.0,1329.0,0,0
52241,2024-06-06,0,08:06:00,12:07:00,4.016666666666667,8,12,486.0,727.0,1,1
52241,2024-06-07,0,08:05:00,22:08:00,14.05,8,22,485.0,1328.0,0,0
52241,2024-06-08,1,08:08:00,22:06:00,13.966666666666669,8,22,488.0,1326.0,0,0
52241,2024-06-09,1,08:06:00,22:07:00,14.016666666666667,8,22,486.0,1327.0,0,0
52241,2024-06-10,2,08:05:00,22:10:00,14.083333333333334,8,22,485.0,1330.0,0,0
52241,2024-06-11,2,08:06:00,22:12:00,14.1,8,22,486.0,1332.0,0,0
52241,2024-06-12,3,08:08:00,22:09:00,14.016666666666667,8,22,488.0,1329.0,0,0
52241,2024-06-13,3,08:08:00,21:52:00,13.733333333333333,8,21,488.0,1312.0,0,0
52241,2024-06-14,4,08:03:00,22:08:00,14.083333333333334,8,22,483.0,1328.0,0,0
52241,2024-06-15,4,08:08:00,22:14:00,14.1,8,22,488.0,1334.0,0,0
52241,2024-06-17,5,07:58:00,21:49:00,13.85,7,21,478.0,1309.0,0,0
52241,2024-06-18,5,07:57:00,21:53:00,13.933333333333334,7,21,477.0,1313.0,0,0
52241,2024-06-19,6,08:05:00,21:54:00,13.816666666666666,8,21,485.0,1314.0,0,0
52241,2024-06-20,6,07:56:00,21:54:00,13.966666666666669,7,21,476.0,1314.0,0,0
52241,2024-06-21,0,07:57:00,21:52:00,13.916666666666666,7,21,477.0,1312.0,0,0
52241,2024-06-22,0,07:58:00,21:53:00,13.916666666666666,7,21,478.0,1313.0,0,0
52241,2024-06-23,1,07:56:00,21:51:00,13.916666666666666,7,21,476.0,1311.0,0,0
52241,2024-06-24,1,07:58:00,21:53:00,13.916666666666666,7,21,478.0,1313.0,0,0
52241,2024-06-25,2,07:56:00,21:52:00,13.933333333333334,7,21,476.0,1312.0,0,0
52241,2024-06-26,2,07:57:00,21:52:00,13.916666666666666,7,21,477.0,1312.0,0,0
52241,2024-06-27,3,07:56:00,22:08:00,14.2,7,22,476.0,1328.0,0,0
52241,2024-06-28,3,07:55:00,21:58:00,14.05,7,21,475.0,1318.0,0,0
52241,2024-06-29,4,08:34:00,11:54:00,3.333333333333333,8,11,514.0,714.0,1,1
52241,2024-06-30,4,07:56:00,21:57:00,14.016666666666667,7,21,476.0,1317.0,0,0
52241,2024-07-01,5,08:06:00,22:50:00,14.733333333333333,8,22,486.0,1370.0,0,0
52241,2024-07-02,5,08:08:00,22:40:00,14.533333333333331,8,22,488.0,1360.0,0,0
52241,2024-07-03,6,08:06:00,22:19:00,14.216666666666669,8,22,486.0,1339.0,0,0
52241,2024-07-04,6,08:06:00,22:08:00,14.033333333333331,8,22,486.0,1328.0,0,0
52241,2024-07-05,0,08:06:00,22:07:00,14.016666666666667,8,22,486.0,1327.0,0,0
52241,2024-07-06,0,08:06:00,22:09:00,14.05,8,22,486.0,1329.0,0,0
52241,2024-07-07,1,08:06:00,22:09:00,14.05,8,22,486.0,1329.0,0,0
52241,2024-07-08,1,08:08:00,22:06:00,13.966666666666669,8,22,488.0,1326.0,0,0
52241,2024-07-09,2,08:06:00,22:12:00,14.1,8,22,486.0,1332.0,0,0
52241,2024-07-10,2,08:08:00,22:12:00,14.066666666666666,8,22,488.0,1332.0,0,0
52241,2024-07-11,3,08:07:00,22:08:00,14.016666666666667,8,22,487.0,1328.0,0,0
52241,2024-07-12,3,08:08:00,22:07:00,13.983333333333333,8,22,488.0,1327.0,0,0
52241,2024-07-13,4,08:06:00,22:07:00,14.016666666666667,8,22,486.0,1327.0,0,0
52241,2024-07-14,4,08:07:00,22:09:00,14.033333333333331,8,22,487.0,1329.0,0,0
52241,2024-07-15,5,08:06:00,22:09:00,14.05,8,22,486.0,1329.0,0,0
52241,2024-07-16,5,07:55:00,21:53:00,13.966666666666669,7,21,475.0,1313.0,0,0
52241,2024-07-17,6,07:56:00,21:52:00,13.933333333333334,7,21,476.0,1312.0,0,0
52241,2024-07-18,6,07:57:00,21:53:00,13.933333333333334,7,21,477.0,1313.0,0,0
52241,2024-07-19,0,07:56:00,21:52:00,13.933333333333334,7,21,476.0,1312.0,0,0
52241,2024-07-20,0,07:56:00,21:52:00,13.933333333333334,7,21,476.0,1312.0,0,0
52241,2024-07-21,1,07:56:00,22:05:00,14.15,7,22,476.0,1325.0,0,0
52241,2024-07-22,1,07:56:00,21:51:00,13.916666666666666,7,21,476.0,1311.0,0,0
52241,2024-07-23,2,07:56:00,21:52:00,13.933333333333334,7,21,476.0,1312.0,0,0
52241,2024-07-24,2,07:57:00,21:51:00,13.9,7,21,477.0,1311.0,0,0
52241,2024-07-25,3,07:57:00,21:51:00,13.9,7,21,477.0,1311.0,0,0
52241,2024-07-26,3,07:57:00,21:51:00,13.9,7,21,477.0,1311.0,0,0
52241,2024-07-27,0,07:57:00,21:52:00,13.916666666666666,7,21,477.0,1312.0,0,0
52241,2024-07-28,0,07:57:00,22:26:00,14.483333333333333,7,22,477.0,1346.0,0,0
52241,2024-07-29,1,07:54:00,22:19:00,14.416666666666666,7,22,474.0,1339.0,0,0
52241,2024-07-30,1,07:57:00,21:53:00,13.933333333333334,7,21,477.0,1313.0,0,0
52241,2024-07-31,2,07:55:00,21:52:00,13.95,7,21,475.0,1312.0,0,0
52241,2024-08-01,2,08:07:00,22:12:00,14.083333333333334,8,22,487.0,1332.0,0,0
52241,2024-08-02,3,08:07:00,11:03:00,2.933333333333333,8,11,487.0,663.0,1,1
52744,2024-07-13,4,12:07:00,15:57:00,3.8333333333333335,12,15,727.0,957.0,3,3
52744,2024-07-14,4,07:53:00,21:58:00,14.083333333333334,7,21,473.0,1318.0,0,0
52744,2024-07-15,5,08:00:00,22:09:00,14.15,8,22,480.0,1329.0,0,0
52744,2024-07-16,5,08:04:00,22:08:00,14.066666666666666,8,22,484.0,1328.0,0,0
52744,2024-07-20,6,07:50:00,22:02:00,14.2,7,22,470.0,1322.0,0,0
52744,2024-07-21,6,08:04:00,22:03:00,13.983333333333333,8,22,484.0,1323.0,0,0
52744,2024-07-22,0,08:02:00,22:05:00,14.05,8,22,482.0,1325.0,0,0
52744,2024-07-23,0,08:05:00,22:03:00,13.966666666666669,8,22,485.0,1323.0,0,0
52744,2024-07-24,1,07:54:00,22:00:00,14.1,7,22,474.0,1320.0,0,0
52744,2024-07-25,1,07:58:00,21:52:00,13.9,7,21,478.0,1312.0,0,0
52744,2024-07-27,2,08:10:00,22:10:00,14.0,8,22,490.0,1330.0,0,0
52744,2024-07-28,2,08:05:00,21:55:00,13.833333333333334,8,21,485.0,1315.0,0,0
52744,2024-07-29,3,07:57:00,21:57:00,14.0,7,21,477.0,1317.0,0,0
52744,2024-07-30,3,08:06:00,22:01:00,13.916666666666666,8,22,486.0,1321.0,0,0
52744,2024-07-31,4,08:07:00,21:59:00,13.866666666666667,8,21,487.0,1319.0,0,0
52744,2024-08-01,4,08:07:00,22:00:00,13.883333333333333,8,22,487.0,1320.0,0,0
52745,2024-06-26,5,08:00:00,21:53:00,13.883333333333333,8,21,480.0,1313.0,0,0
52745,2024-06-27,5,07:56:00,21:58:00,14.033333333333331,7,21,476.0,1318.0,0,0
52745,2024-06-28,2,15:58:00,22:23:00,6.416666666666667,15,22,958.0,1343.0,2,2
52745,2024-06-29,2,07:58:00,21:58:00,14.0,7,21,478.0,1318.0,0,0
52745,2024-06-30,3,07:58:00,22:01:00,14.05,7,22,478.0,1321.0,0,0
52745,2024-07-01,3,07:58:00,22:01:00,14.05,7,22,478.0,1321.0,0,0
52745,2024-07-02,4,07:59:00,22:13:00,14.233333333333333,7,22,479.0,1333.0,0,0
52745,2024-07-03,4,07:59:00,21:56:00,13.95,7,21,479.0,1316.0,0,0
52745,2024-07-04,5,08:02:00,21:48:00,13.766666666666667,8,21,482.0,1308.0,0,0
52745,2024-07-05,5,16:07:00,21:54:00,5.783333333333333,16,21,967.0,1314.0,2,2
52745,2024-07-06,6,08:00:00,21:57:00,13.95,8,21,480.0,1317.0,0,0
52745,2024-07-07,6,07:55:00,21:55:00,14.0,7,21,475.0,1315.0,0,0
52745,2024-07-08,0,07:57:00,21:58:00,14.016666666666667,7,21,477.0,1318.0,0,0
52745,2024-07-09,0,08:02:00,21:59:00,13.95,8,21,482.0,1319.0,0,0
52745,2024-07-10,1,07:59:00,21:58:00,13.983333333333333,7,21,479.0,1318.0,0,0
52745,2024-07-11,1,07:56:00,22:03:00,14.116666666666667,7,22,476.0,1323.0,0,0
52745,2024-07-12,2,16:00:00,22:02:00,6.033333333333333,16,22,960.0,1322.0,2,2
52745,2024-07-13,2,07:57:00,16:09:00,8.2,7,16,477.0,969.0,3,3
52745,2024-07-14,3,08:01:00,21:55:00,13.9,8,21,481.0,1315.0,0,0
52745,2024-07-15,3,08:05:00,22:00:00,13.916666666666666,8,22,485.0,1320.0,0,0
52745,2024-07-16,4,08:07:00,22:03:00,13.933333333333334,8,22,487.0,1323.0,0,0
52745,2024-07-17,4,08:03:00,21:58:00,13.916666666666666,8,21,483.0,1318.0,0,0
52745,2024-07-18,5,08:01:00,21:58:00,13.95,8,21,481.0,1318.0,0,0
52745,2024-07-19,5,15:56:00,22:00:00,6.066666666666666,15,22,956.0,1320.0,2,2
52745,2024-07-20,6,07:59:00,22:03:00,14.066666666666666,7,22,479.0,1323.0,0,0
52745,2024-07-21,6,08:11:00,21:56:00,13.75,8,21,491.0,1316.0,0,0
52747,2024-06-26,0,14:39:00,21:48:00,7.15,14,21,879.0,1308.0,2,2
52747,2024-06-27,1,14:36:00,21:44:00,7.133333333333334,14,21,876.0,1304.0,2,2
52747,2024-06-29,1,14:26:00,21:41:00,7.25,14,21,866.0,1301.0,2,2
52747,2024-06-30,2,14:30:00,21:55:00,7.416666666666667,14,21,870.0,1315.0,2,2
52747,2024-07-01,2,14:36:00,21:49:00,7.216666666666667,14,21,876.0,1309.0,2,2
52747,2024-07-02,3,14:22:00,21:48:00,7.433333333333334,14,21,862.0,1308.0,2,2
52747,2024-07-04,3,14:26:00,21:01:00,6.583333333333333,14,21,866.0,1261.0,2,2
52747,2024-07-06,4,14:47:00,21:51:00,7.066666666666666,14,21,887.0,1311.0,2,2
52747,2024-07-07,4,14:14:00,21:42:00,7.466666666666667,14,21,854.0,1302.0,2,2
52747,2024-07-08,5,14:44:00,20:53:00,6.15,14,20,884.0,1253.0,2,2
52747,2024-07-09,5,14:49:00,21:57:00,7.133333333333334,14,21,889.0,1317.0,2,2
52747,2024-07-10,6,14:26:00,21:58:00,7.533333333333333,14,21,866.0,1318.0,2,2
52747,2024-07-11,6,14:07:00,21:57:00,7.833333333333333,14,21,847.0,1317.0,2,2
52747,2024-07-13,0,14:23:00,21:59:00,7.6,14,21,863.0,1319.0,2,2
52747,2024-07-14,0,14:40:00,22:01:00,7.35,14,22,880.0,1321.0,2,2
52747,2024-07-15,1,14:42:00,21:56:00,7.233333333333333,14,21,882.0,1316.0,2,2
52747,2024-07-16,1,14:37:00,21:37:00,7.0,14,21,877.0,1297.0,2,2
52747,2024-07-18,2,14:55:00,21:56:00,7.016666666666667,14,21,895.0,1316.0,2,2
52747,2024-07-20,3,15:00:00,21:55:00,6.916666666666667,15,21,900.0,1315.0,2,2
52747,2024-07-21,3,04:00:00,22:00:00,18.0,4,22,240.0,1320.0,0,0
52747,2024-07-22,4,14:54:00,21:50:00,6.933333333333334,14,21,894.0,1310.0,2,2
52747,2024-07-23,4,14:35:00,21:56:00,7.35,14,21,875.0,1316.0,2,2
52747,2024-07-24,5,14:47:00,21:47:00,7.0,14,21,887.0,1307.0,2,2
52747,2024-07-25,5,14:42:00,21:52:00,7.166666666666667,14,21,882.0,1312.0,2,2
52747,2024-07-27,6,14:48:00,21:47:00,6.983333333333333,14,21,888.0,1307.0,2,2
52747,2024-07-28,6,14:51:00,21:49:00,6.966666666666667,14,21,891.0,1309.0,2,2
52747,2024-07-29,0,14:38:00,21:59:00,7.35,14,21,878.0,1319.0,2,2
52747,2024-07-30,0,14:35:00,21:46:00,7.183333333333334,14,21,875.0,1306.0,2,2
52747,2024-07-31,1,14:25:00,21:46:00,7.35,14,21,865.0,1306.0,2,2
52747,2024-08-01,1,14:56:00,21:52:00,6.933333333333334,14,21,896.0,1312.0,2,2
52748,2024-06-26,2,16:25:00,23:59:00,7.566666666666666,16,23,985.0,1439.0,2,2
52748,2024-06-27,2,16:19:00,23:56:00,7.616666666666666,16,23,979.0,1436.0,2,2
52748,2024-06-29,3,16:25:00,23:49:00,7.4,16,23,985.0,1429.0,2,2
52748,2024-06-30,3,16:18:00,23:56:00,7.633333333333334,16,23,978.0,1436.0,2,2
52748,2024-07-01,5,16:34:00,23:55:00,7.35,16,23,994.0,1435.0,2,2
52748,2024-07-02,5,16:34:00,23:58:00,7.4,16,23,994.0,1438.0,2,2
52748,2024-07-03,6,16:22:00,23:56:00,7.566666666666666,16,23,982.0,1436.0,2,2
52748,2024-07-04,6,16:19:00,23:56:00,7.616666666666666,16,23,979.0,1436.0,2,2
52748,2024-07-07,0,16:30:00,23:56:00,7.433333333333334,16,23,990.0,1436.0,2,2
52748,2024-07-08,0,16:30:00,23:47:00,7.283333333333333,16,23,990.0,1427.0,2,2
52748,2024-07-10,1,16:33:00,23:51:00,7.3,16,23,993.0,1431.0,2,2
52748,2024-07-11,1,16:36:00,23:52:00,7.266666666666667,16,23,996.0,1432.0,2,2
52748,2024-07-13,2,16:23:00,23:56:00,7.55,16,23,983.0,1436.0,2,2
52748,2024-07-14,2,16:05:00,23:52:00,7.783333333333333,16,23,965.0,1432.0,2,2
52748,2024-07-15,3,16:26:00,23:55:00,7.483333333333333,16,23,986.0,1435.0,2,2
52748,2024-07-19,4,16:08:00,22:01:00,5.883333333333334,16,22,968.0,1321.0,2,2
52748,2024-07-20,5,16:35:00,21:55:00,5.333333333333333,16,21,995.0,1315.0,2,2
52748,2024-07-21,5,04:00:00,23:58:00,19.966666666666665,4,23,240.0,1438.0,0,0
52748,2024-07-23,6,16:08:00,23:56:00,7.8,16,23,968.0,1436.0,2,2
52748,2024-07-25,0,16:24:00,23:56:00,7.533333333333333,16,23,984.0,1436.0,2,2
52748,2024-07-28,0,16:28:00,23:57:00,7.483333333333333,16,23,988.0,1437.0,2,2
52748,2024-07-30,1,07:01:00,16:15:00,9.233333333333333,7,16,421.0,975.0,3,3
52748,2024-07-31,1,00:00:00,23:59:00,23.98333333333333,0,23,0.0,1439.0,0,0
52946,2024-06-30,3,17:00:00,22:57:00,5.95,17,22,1020.0,1377.0,2,2
52946,2024-07-13,0,15:59:00,22:30:00,6.516666666666667,15,22,959.0,1350.0,2,2
52946,2024-07-17,2,16:41:00,23:51:00,7.166666666666667,16,23,1001.0,1431.0,2,2
52946,2024-07-19,2,16:01:00,23:59:00,7.966666666666667,16,23,961.0,1439.0,2,2
52946,2024-07-23,4,16:15:00,23:59:00,7.733333333333333,16,23,975.0,1439.0,2,2
52946,2024-07-26,4,16:27:00,19:22:00,2.9166666666666665,16,19,987.0,1162.0,2,2
52946,2024-07-31,6,15:59:00,23:58:00,7.983333333333333,15,23,959.0,1438.0,2,2
52948,2024-06-26,0,02:15:00,16:05:00,13.833333333333334,2,16,135.0,965.0,4,4
52948,2024-07-26,3,12:49:00,16:12:00,3.3833333333333333,12,16,769.0,972.0,3,3
52949,2024-06-26,6,09:59:00,23:57:00,13.966666666666669,9,23,599.0,1437.0,0,0
52949,2024-06-27,0,09:57:00,15:55:00,5.966666666666667,9,15,597.0,955.0,3,3
52949,2024-06-28,0,12:58:00,15:57:00,2.9833333333333334,12,15,778.0,957.0,3,3
52949,2024-06-29,1,09:59:00,15:56:00,5.95,9,15,599.0,956.0,3,3
52949,2024-06-30,1,09:57:00,15:58:00,6.016666666666667,9,15,597.0,958.0,3,3
52949,2024-07-01,2,09:57:00,15:56:00,5.983333333333333,9,15,597.0,956.0,3,3
52949,2024-07-02,2,10:08:00,15:59:00,5.85,10,15,608.0,959.0,3,3
52949,2024-07-03,3,09:57:00,15:55:00,5.966666666666667,9,15,597.0,955.0,3,3
52949,2024-07-04,3,10:07:00,15:56:00,5.816666666666666,10,15,607.0,956.0,3,3
52949,2024-07-05,4,13:04:00,15:57:00,2.8833333333333333,13,15,784.0,957.0,3,3
52949,2024-07-06,4,09:57:00,15:53:00,5.933333333333334,9,15,597.0,953.0,3,3
52949,2024-07-07,5,09:57:00,15:54:00,5.95,9,15,597.0,954.0,3,3
52949,2024-07-08,5,10:04:00,15:57:00,5.883333333333334,10,15,604.0,957.0,3,3
52949,2024-07-09,6,09:57:00,23:58:00,14.016666666666667,9,23,597.0,1438.0,0,0
52949,2024-07-10,6,09:59:00,15:56:00,5.95,9,15,599.0,956.0,3,3
52949,2024-07-11,0,09:57:00,23:59:00,14.033333333333331,9,23,597.0,1439.0,0,0
52949,2024-07-12,0,12:51:00,15:55:00,3.066666666666667,12,15,771.0,955.0,3,3
52949,2024-07-13,1,09:57:00,23:59:00,14.033333333333331,9,23,597.0,1439.0,0,0
52949,2024-07-14,1,10:00:00,15:55:00,5.916666666666667,10,15,600.0,955.0,3,3
52949,2024-07-15,2,10:11:00,15:55:00,5.733333333333333,10,15,611.0,955.0,3,3
52949,2024-07-16,2,09:55:00,23:59:00,14.066666666666666,9,23,595.0,1439.0,0,0
52949,2024-07-17,3,09:57:00,15:55:00,5.966666666666667,9,15,597.0,955.0,3,3
52949,2024-07-18,3,09:58:00,15:56:00,5.966666666666667,9,15,598.0,956.0,3,3
52949,2024-07-19,4,12:56:00,15:56:00,3.0,12,15,776.0,956.0,3,3
52949,2024-07-20,4,10:09:00,23:59:00,13.833333333333334,10,23,609.0,1439.0,0,0
52949,2024-07-21,5,09:57:00,15:55:00,5.966666666666667,9,15,597.0,955.0,3,3
52949,2024-07-22,5,10:02:00,15:57:00,5.916666666666667,10,15,602.0,957.0,3,3
52949,2024-07-23,6,10:07:00,23:59:00,13.866666666666667,10,23,607.0,1439.0,0,0
52949,2024-07-24,6,09:57:00,15:53:00,5.933333333333334,9,15,597.0,953.0,3,3
52949,2024-07-25,0,09:58:00,15:55:00,5.95,9,15,598.0,955.0,3,3
52949,2024-07-26,0,15:56:00,19:57:00,4.016666666666667,15,19,956.0,1197.0,2,2
52949,2024-07-27,1,00:00:00,15:56:00,15.933333333333334,0,15,0.0,956.0,4,4
52949,2024-07-28,1,10:05:00,15:56:00,5.85,10,15,605.0,956.0,3,3
52949,2024-07-29,2,09:55:00,15:55:00,6.0,9,15,595.0,955.0,3,3
52949,2024-07-30,2,10:00:00,15:55:00,5.916666666666667,10,15,600.0,955.0,3,3
52949,2024-07-31,3,10:01:00,15:55:00,5.9,10,15,601.0,955.0,3,3
52949,2024-08-01,3,09:57:00,15:56:00,5.983333333333333,9,15,597.0,956.0,3,3
52949,2024-08-02,4,12:58:00,15:56:00,2.966666666666667,12,15,778.0,956.0,3,3
52950,2024-06-26,4,01:53:00,22:11:00,20.3,1,22,113.0,1331.0,0,0
52950,2024-07-06,2,02:07:00,15:53:00,13.766666666666667,2,15,127.0,953.0,4,4
52950,2024-07-07,3,02:02:00,15:55:00,13.883333333333333,2,15,122.0,955.0,4,4
52950,2024-07-08,3,02:02:00,15:59:00,13.95,2,15,122.0,959.0,4,4
52950,2024-07-09,4,02:03:00,15:59:00,13.933333333333334,2,15,123.0,959.0,4,4
52950,2024-07-12,5,02:08:00,15:56:00,13.8,2,15,128.0,956.0,4,4
52950,2024-07-13,6,02:08:00,15:59:00,13.85,2,15,128.0,959.0,4,4
52950,2024-07-14,6,02:03:00,15:56:00,13.883333333333333,2,15,123.0,956.0,4,4
52950,2024-07-15,0,02:05:00,15:56:00,13.85,2,15,125.0,956.0,4,4
52950,2024-07-16,0,01:57:00,15:54:00,13.95,1,15,117.0,954.0,4,4
52950,2024-07-17,1,02:05:00,15:56:00,13.85,2,15,125.0,956.0,4,4
52950,2024-07-18,1,02:08:00,15:57:00,13.816666666666666,2,15,128.0,957.0,4,4
52950,2024-07-19,2,01:59:00,15:56:00,13.95,1,15,119.0,956.0,4,4
52950,2024-07-20,2,02:03:00,15:59:00,13.933333333333334,2,15,123.0,959.0,4,4
52950,2024-07-21,3,02:04:00,15:57:00,13.883333333333333,2,15,124.0,957.0,4,4
52950,2024-07-22,3,01:58:00,15:59:00,14.016666666666667,1,15,118.0,959.0,4,4
52950,2024-07-25,1,01:56:00,15:56:00,14.0,1,15,116.0,956.0,4,4
52950,2024-07-26,1,01:55:00,15:56:00,14.016666666666667,1,15,115.0,956.0,4,4
52950,2024-07-27,2,01:53:00,15:57:00,14.066666666666666,1,15,113.0,957.0,4,4
52950,2024-07-28,2,01:56:00,15:56:00,14.0,1,15,116.0,956.0,4,4
52950,2024-07-29,3,02:19:00,15:56:00,13.616666666666667,2,15,139.0,956.0,4,4
52950,2024-07-30,3,01:59:00,15:57:00,13.966666666666669,1,15,119.0,957.0,4,4
52950,2024-07-31,4,01:58:00,15:57:00,13.983333333333333,1,15,118.0,957.0,4,4
52950,2024-08-01,4,01:56:00,15:57:00,14.016666666666667,1,15,116.0,957.0,4,4
52950,2024-08-02,5,02:01:00,15:56:00,13.916666666666666,2,15,121.0,956.0,4,4
52951,2024-06-26,5,01:11:00,20:43:00,19.53333333333333,1,20,71.0,1243.0,4,4
52951,2024-06-27,6,01:14:00,16:01:00,14.783333333333331,1,16,74.0,961.0,4,4
52951,2024-06-28,6,12:59:00,16:02:00,3.05,12,16,779.0,962.0,3,3
52951,2024-06-29,0,09:55:00,16:02:00,6.116666666666666,9,16,595.0,962.0,3,3
52951,2024-06-30,0,09:55:00,16:03:00,6.133333333333334,9,16,595.0,963.0,3,3
52951,2024-07-01,1,09:56:00,16:04:00,6.133333333333334,9,16,596.0,964.0,3,3
52951,2024-07-02,1,09:54:00,16:04:00,6.166666666666667,9,16,594.0,964.0,3,3
52951,2024-07-03,2,09:56:00,16:05:00,6.15,9,16,596.0,965.0,3,3
52951,2024-07-04,2,09:57:00,16:02:00,6.083333333333333,9,16,597.0,962.0,3,3
52951,2024-07-05,3,13:04:00,16:06:00,3.033333333333333,13,16,784.0,966.0,3,3
52951,2024-07-06,3,09:58:00,16:00:00,6.033333333333333,9,16,598.0,960.0,3,3
52951,2024-07-07,4,09:58:00,16:02:00,6.066666666666666,9,16,598.0,962.0,3,3
52951,2024-07-08,4,09:58:00,16:01:00,6.05,9,16,598.0,961.0,3,3
52951,2024-07-09,5,09:58:00,16:01:00,6.05,9,16,598.0,961.0,3,3
52951,2024-07-10,5,09:58:00,16:18:00,6.333333333333333,9,16,598.0,978.0,3,3
52951,2024-07-11,2,09:57:00,16:04:00,6.116666666666666,9,16,597.0,964.0,3,3
52951,2024-07-12,2,12:55:00,16:02:00,3.1166666666666667,12,16,775.0,962.0,3,3
52951,2024-07-13,3,09:58:00,16:02:00,6.066666666666666,9,16,598.0,962.0,3,3
52951,2024-07-14,3,09:58:00,16:01:00,6.05,9,16,598.0,961.0,3,3
52951,2024-07-15,4,09:54:00,16:10:00,6.266666666666667,9,16,594.0,970.0,3,3
52951,2024-07-16,4,09:57:00,16:02:00,6.083333333333333,9,16,597.0,962.0,3,3
52951,2024-07-17,5,09:47:00,16:13:00,6.433333333333334,9,16,587.0,973.0,3,3
52951,2024-07-18,5,09:58:00,16:00:00,6.033333333333333,9,16,598.0,960.0,3,3
52951,2024-07-19,6,13:05:00,16:07:00,3.033333333333333,13,16,785.0,967.0,3,3
52951,2024-07-20,6,09:57:00,16:04:00,6.116666666666666,9,16,597.0,964.0,3,3
52951,2024-07-21,0,09:57:00,16:02:00,6.083333333333333,9,16,597.0,962.0,3,3
52951,2024-07-22,0,09:57:00,15:59:00,6.033333333333333,9,15,597.0,959.0,3,3
52951,2024-07-23,1,09:57:00,16:02:00,6.083333333333333,9,16,597.0,962.0,3,3
52951,2024-07-24,1,09:55:00,16:03:00,6.133333333333334,9,16,595.0,963.0,3,3
52951,2024-07-25,2,09:56:00,16:00:00,6.066666666666666,9,16,596.0,960.0,3,3
52951,2024-07-26,2,13:14:00,16:08:00,2.9,13,16,794.0,968.0,3,3
52951,2024-07-27,3,09:58:00,16:00:00,6.033333333333333,9,16,598.0,960.0,3,3
52951,2024-07-28,3,09:32:00,16:00:00,6.466666666666667,9,16,572.0,960.0,3,3
52951,2024-07-29,5,10:00:00,16:01:00,6.016666666666667,10,16,600.0,961.0,3,3
52951,2024-07-30,5,09:51:00,16:03:00,6.2,9,16,591.0,963.0,3,3
52951,2024-07-31,6,09:52:00,16:00:00,6.133333333333334,9,16,592.0,960.0,3,3
52951,2024-08-01,6,09:54:00,16:03:00,6.15,9,16,594.0,963.0,3,3
52951,2024-08-02,0,13:07:00,16:04:00,2.95,13,16,787.0,964.0,3,3
52952,2024-06-26,0,01:53:00,15:55:00,14.033333333333331,1,15,113.0,955.0,4,4
52952,2024-07-11,3,09:57:00,15:56:00,5.983333333333333,9,15,597.0,956.0,3,3
52952,2024-07-12,3,12:52:00,15:55:00,3.05,12,15,772.0,955.0,3,3
52952,2024-07-13,4,09:58:00,23:59:00,14.016666666666667,9,23,598.0,1439.0,0,0
52952,2024-07-14,4,10:00:00,15:55:00,5.916666666666667,10,15,600.0,955.0,3,3
52952,2024-07-15,5,10:11:00,15:55:00,5.733333333333333,10,15,611.0,955.0,3,3
52952,2024-07-16,5,09:55:00,23:59:00,14.066666666666666,9,23,595.0,1439.0,0,0
52952,2024-07-17,6,09:57:00,15:56:00,5.983333333333333,9,15,597.0,956.0,3,3
52952,2024-07-18,6,09:58:00,15:56:00,5.966666666666667,9,15,598.0,956.0,3,3
52952,2024-07-19,0,12:56:00,15:56:00,3.0,12,15,776.0,956.0,3,3
52952,2024-07-20,0,10:09:00,23:59:00,13.833333333333334,10,23,609.0,1439.0,0,0
52952,2024-07-21,1,09:58:00,15:55:00,5.95,9,15,598.0,955.0,3,3
52952,2024-07-22,1,10:02:00,15:57:00,5.916666666666667,10,15,602.0,957.0,3,3
52952,2024-07-23,2,10:07:00,15:57:00,5.833333333333333,10,15,607.0,957.0,3,3
52952,2024-07-24,2,09:58:00,23:59:00,14.016666666666667,9,23,598.0,1439.0,0,0
52952,2024-07-25,3,09:58:00,15:55:00,5.95,9,15,598.0,955.0,3,3
52952,2024-07-26,3,15:55:00,19:57:00,4.033333333333333,15,19,955.0,1197.0,2,2
52952,2024-07-27,4,00:00:00,23:59:00,23.98333333333333,0,23,0.0,1439.0,0,0
52952,2024-07-28,4,10:03:00,15:55:00,5.866666666666666,10,15,603.0,955.0,3,3
52952,2024-07-29,5,09:55:00,15:55:00,6.0,9,15,595.0,955.0,3,3
52952,2024-07-30,5,10:00:00,15:55:00,5.916666666666667,10,15,600.0,955.0,3,3
52952,2024-07-31,6,10:01:00,15:55:00,5.9,10,15,601.0,955.0,3,3
52952,2024-08-01,6,09:57:00,15:56:00,5.983333333333333,9,15,597.0,956.0,3,3
52952,2024-08-02,0,12:55:00,15:56:00,3.0166666666666666,12,15,775.0,956.0,3,3
